file,class,type,cbo,wmc,rfc,lcom
D:\Project\Detection\Paint-master\Paint-master\src\window\AbstractApplicationWindow.java,window.AbstractApplicationWindow,class,0,7,10,0
D:\Project\Detection\Paint-master\Paint-master\src\view\LowerButtonPanel.java,view.LowerButtonPanel,class,8,2,5,1
D:\Project\Detection\Paint-master\Paint-master\src\window\SaveImageWindow.java,window.SaveImageWindow,class,7,18,27,33
D:\Project\Detection\Paint-master\Paint-master\src\controller\CreateNewColorListener.java,controller.CreateNewColorListener,class,3,2,3,0
D:\Project\Detection\Paint-master\Paint-master\src\window\PaintApplicationWindow.java,window.PaintApplicationWindow,class,3,1,2,0
D:\Project\Detection\Paint-master\Paint-master\src\view\PopupMenuButtonPanel.java,view.PopupMenuButtonPanel,class,5,4,8,1
D:\Project\Detection\Paint-master\Paint-master\src\controller\ChangeBackgroundColorListener.java,controller.ChangeBackgroundColorListener,class,1,2,1,0
D:\Project\Detection\Paint-master\Paint-master\src\util\MyUIManager.java,util.MyUIManager$UITypes,enum,0,2,0,0
D:\Project\Detection\Paint-master\Paint-master\src\view\BrushShapePopupMenu.java,view.BrushShapePopupMenu,class,3,1,0,0
D:\Project\Detection\Paint-master\Paint-master\src\controller\ClearButtonListener.java,controller.ClearButtonListener,class,1,2,1,0
D:\Project\Detection\Paint-master\Paint-master\src\model\Canvas.java,model.Canvas$ShowDialogBoxThread,innerclass,0,1,1,0
D:\Project\Detection\Paint-master\Paint-master\src\view\RadioButtonPanel.java,view.RadioButtonPanel,class,9,5,12,0
D:\Project\Detection\Paint-master\Paint-master\src\controller\CanvasListener.java,controller.CanvasListener,class,4,16,23,0
D:\Project\Detection\Paint-master\Paint-master\src\controller\OpenImageListener.java,controller.OpenImageListener,class,1,5,6,0
D:\Project\Detection\Paint-master\Paint-master\src\main\Main.java,main.Main,class,2,1,1,0
D:\Project\Detection\Paint-master\Paint-master\src\view\ColorButtonsPanel.java,view.ColorButtonsPanel$PopupPair,innerclass,1,1,0,0
D:\Project\Detection\Paint-master\Paint-master\src\util\Stroke.java,util.Stroke,class,1,4,0,2
D:\Project\Detection\Paint-master\Paint-master\src\view\MyPopupMenu.java,view.MyPopupMenu,class,4,8,9,0
D:\Project\Detection\Paint-master\Paint-master\src\window\CustomColorWindow.java,window.CustomColorWindow$ArrowButtonType,enum,0,3,0,0
D:\Project\Detection\Paint-master\Paint-master\src\view\ColorButtonsPanel.java,view.ColorButtonsPanel,class,8,6,22,0
D:\Project\Detection\Paint-master\Paint-master\src\util\ImageIconFactory.java,util.ImageIconFactory,class,1,1,3,0
D:\Project\Detection\Paint-master\Paint-master\src\util\ChangeBackgroundColorInterface.java,util.ChangeBackgroundColorInterface,interface,0,1,0,0
D:\Project\Detection\Paint-master\Paint-master\src\controller\DrawingModeListener.java,controller.DrawingModeListener,class,2,2,1,0
D:\Project\Detection\Paint-master\Paint-master\src\util\Shape.java,util.Shape,class,2,15,1,42
D:\Project\Detection\Paint-master\Paint-master\src\view\ImageIOButtonPanel.java,view.ImageIOButtonPanel,class,3,1,2,0
D:\Project\Detection\Paint-master\Paint-master\src\util\StrokeList.java,util.StrokeList,class,6,11,16,0
D:\Project\Detection\Paint-master\Paint-master\src\window\CustomColorWindow.java,window.CustomColorWindow$ChangeColorFrameComponentsThread,innerclass,1,3,3,0
D:\Project\Detection\Paint-master\Paint-master\src\controller\UndoButtonListener.java,controller.UndoButtonListener,class,1,3,2,0
D:\Project\Detection\Paint-master\Paint-master\src\view\ColorButtonsPanel.java,view.ColorButtonsPanel$Anonymous2,anonymous,0,1,1,0
D:\Project\Detection\Paint-master\Paint-master\src\util\Brush.java,util.Brush,class,2,4,3,2
D:\Project\Detection\Paint-master\Paint-master\src\view\RadioButtonWithImagePanel.java,view.RadioButtonWithImagePanel,class,3,5,8,0
D:\Project\Detection\Paint-master\Paint-master\src\window\SaveImageWindow.java,window.SaveImageWindow$CancelButtonListener,innerclass,1,1,1,0
D:\Project\Detection\Paint-master\Paint-master\src\view\ColorButtonsPanel.java,view.ColorButtonsPanel$Anonymous1,anonymous,1,1,2,0
D:\Project\Detection\Paint-master\Paint-master\src\window\CustomColorWindow.java,window.CustomColorWindow,class,7,14,18,8
D:\Project\Detection\Paint-master\Paint-master\src\view\CanvasButtonPanel.java,view.CanvasButtonPanel,class,3,1,2,0
D:\Project\Detection\Paint-master\Paint-master\src\view\DeleteDrawingButtonsPanel.java,view.DeleteDrawingButtonsPanel,class,3,1,3,0
D:\Project\Detection\Paint-master\Paint-master\src\enums\ImageType.java,enums.ImageType,enum,0,2,0,0
D:\Project\Detection\Paint-master\Paint-master\src\controller\SaveImageListener.java,controller.SaveImageListener,class,3,4,8,0
D:\Project\Detection\Paint-master\Paint-master\src\controller\ImageButtonListener.java,controller.ImageButtonListener,class,0,2,1,0
D:\Project\Detection\Paint-master\Paint-master\src\controller\ColorArrowButtonListener.java,controller.ColorArrowButtonListener,class,3,7,5,0
D:\Project\Detection\Paint-master\Paint-master\src\controller\PopupMenuItemListener.java,controller.PopupMenuItemListener,class,5,2,5,0
D:\Project\Detection\Paint-master\Paint-master\src\model\Canvas.java,model.Canvas,class,9,46,52,215
D:\Project\Detection\Paint-master\Paint-master\src\controller\OpenPopupMenuListener.java,controller.OpenPopupMenuListener,class,0,2,3,0
D:\Project\Detection\Paint-master\Paint-master\src\controller\OutputImageListener.java,controller.OutputImageListener,class,4,4,9,0
D:\Project\Detection\Paint-master\Paint-master\src\view\LinePopupMenu.java,view.LinePopupMenu,class,3,1,0,0
D:\Project\Detection\Paint-master\Paint-master\src\controller\OpenColorFrameListener.java,controller.OpenColorFrameListener,class,3,2,1,0
D:\Project\Detection\Paint-master\Paint-master\src\util\MyUIManager.java,util.MyUIManager,class,1,4,5,0
D:\Project\Detection\Paint-master\Paint-master\src\enums\RadioButtonType.java,enums.RadioButtonType,enum,1,6,0,0
D:\Project\Detection\Paint-master\Paint-master\src\enums\ShapeType.java,enums.ShapeType,enum,0,3,0,1
D:\Project\Detection\Paint-master\Paint-master\src\controller\FillModeListener.java,controller.FillModeListener,class,1,2,2,0
D:\Project\Detection\Paint-master\Paint-master\src\util\ImageFromCanvasFactory.java,util.ImageFromCanvasFactory,class,2,3,9,0
D:\Project\Detection\Paint-master\Paint-master\src\util\Brush.java,util.Brush$BrushColorInterface,interface,0,1,0,0
,,,2.538461538,4.75,5.711538462,5.865384615
