file,class,type,cbo,cboModified,fanin,fanout,wmc,dit,noc,rfc,lcom,lcom*,tcc,lcc,totalMethodsQty,staticMethodsQty,publicMethodsQty,privateMethodsQty,protectedMethodsQty,defaultMethodsQty,visibleMethodsQty,abstractMethodsQty,finalMethodsQty,synchronizedMethodsQty,totalFieldsQty,staticFieldsQty,publicFieldsQty,privateFieldsQty,protectedFieldsQty,defaultFieldsQty,finalFieldsQty,synchronizedFieldsQty,nosi,loc,returnQty,loopQty,comparisonsQty,tryCatchQty,parenthesizedExpsQty,stringLiteralsQty,numbersQty,assignmentsQty,mathOperationsQty,variablesQty,maxNestedBlocksQty,anonymousClassesQty,innerClassesQty,lambdasQty,uniqueWordsQty,modifiers,logStatementsQty
D:\Project\Detection\Paint-master\Paint-master\src\window\AbstractApplicationWindow.java,window.AbstractApplicationWindow,class,0,9,9,0,7,1,3,10,0,0.14285715,0.71428573,0.71428573,7,0,7,0,0,0,7,0,0,0,1,0,0,1,0,0,0,0,0,28,0,0,0,0,0,0,0,1,0,1,0,0,0,0,58,1025,0
D:\Project\Detection\Paint-master\Paint-master\src\view\LowerButtonPanel.java,view.LowerButtonPanel,class,8,10,2,8,2,5,0,5,1,0.5,NaN,NaN,2,0,1,1,0,0,1,0,0,0,2,2,0,2,0,0,2,0,2,17,0,0,0,0,0,2,2,3,0,3,0,0,0,0,30,1,0
D:\Project\Detection\Paint-master\Paint-master\src\window\SaveImageWindow.java,window.SaveImageWindow,class,7,10,3,7,18,2,0,27,33,0.82500005,0.2,0.3,10,0,5,5,0,0,5,0,0,0,7,3,0,7,0,0,7,0,6,103,12,4,0,0,0,5,14,28,2,28,2,0,1,0,96,1,0
D:\Project\Detection\Paint-master\Paint-master\src\controller\CreateNewColorListener.java,controller.CreateNewColorListener,class,3,4,1,3,2,1,0,3,0,0.0,1.0,1.0,2,0,2,0,0,0,2,0,0,0,2,0,0,2,0,0,2,0,0,12,0,0,0,0,0,0,0,2,0,2,0,0,0,0,18,1,0
D:\Project\Detection\Paint-master\Paint-master\src\window\PaintApplicationWindow.java,window.PaintApplicationWindow,class,3,4,1,3,1,2,0,2,0,0.0,NaN,NaN,1,0,1,0,0,0,1,0,0,0,2,2,0,2,0,0,2,0,0,12,0,0,0,0,0,1,2,5,0,5,0,0,0,0,37,1,0
D:\Project\Detection\Paint-master\Paint-master\src\view\PopupMenuButtonPanel.java,view.PopupMenuButtonPanel,class,5,7,2,5,4,5,0,8,1,0.0,NaN,NaN,2,0,1,1,0,0,1,0,0,0,0,0,0,0,0,0,0,0,0,23,0,1,0,1,0,3,1,6,0,5,1,0,0,0,46,1,0
D:\Project\Detection\Paint-master\Paint-master\src\controller\ChangeBackgroundColorListener.java,controller.ChangeBackgroundColorListener,class,1,2,1,1,2,1,0,1,0,0.0,1.0,1.0,2,0,2,0,0,0,2,0,0,0,2,0,0,2,0,0,0,0,0,11,0,0,0,0,0,0,0,2,0,2,0,0,0,0,30,1,0
D:\Project\Detection\Paint-master\Paint-master\src\util\MyUIManager.java,util.MyUIManager$UITypes,enum,0,0,0,0,2,1,0,0,0,0.0,NaN,NaN,2,0,1,1,0,0,1,0,0,0,1,0,0,1,0,0,1,0,0,8,1,0,0,0,0,5,0,1,0,1,0,0,0,0,13,1,0
D:\Project\Detection\Paint-master\Paint-master\src\view\BrushShapePopupMenu.java,view.BrushShapePopupMenu,class,3,4,1,3,1,6,0,0,0,0.0,NaN,NaN,1,0,1,0,0,0,1,0,0,0,5,5,0,5,0,0,5,0,0,10,0,0,0,0,0,1,4,5,0,5,0,0,0,0,39,1,0
D:\Project\Detection\Paint-master\Paint-master\src\controller\ClearButtonListener.java,controller.ClearButtonListener,class,1,2,1,1,2,1,0,1,0,0.0,1.0,1.0,2,0,2,0,0,0,2,0,0,0,1,0,0,1,0,0,1,0,0,9,0,0,0,0,0,0,0,1,0,1,0,0,0,0,23,1,0
D:\Project\Detection\Paint-master\Paint-master\src\model\Canvas.java,model.Canvas$ShowDialogBoxThread,innerclass,0,0,0,0,1,2,0,1,0,0.0,NaN,NaN,1,0,1,0,0,0,1,0,0,0,0,0,0,0,0,0,0,0,1,5,0,0,0,0,0,3,0,0,1,0,0,0,0,0,18,2,0
D:\Project\Detection\Paint-master\Paint-master\src\view\RadioButtonPanel.java,view.RadioButtonPanel,class,9,10,1,9,5,5,0,12,0,0.0,NaN,NaN,1,0,1,0,0,0,1,0,0,0,0,0,0,0,0,0,0,0,5,25,0,1,1,0,0,1,2,5,0,5,2,0,0,0,39,1,0
D:\Project\Detection\Paint-master\Paint-master\src\controller\CanvasListener.java,controller.CanvasListener,class,4,6,2,4,16,2,0,23,0,0.44444445,1.0,1.0,6,0,4,2,0,0,4,0,0,0,3,0,0,3,0,0,1,0,0,74,1,0,1,0,0,0,2,10,4,10,1,0,0,0,45,1,0
D:\Project\Detection\Paint-master\Paint-master\src\controller\OpenImageListener.java,controller.OpenImageListener,class,1,2,1,1,5,1,0,6,0,0.25,1.0,1.0,2,0,2,0,0,0,2,0,0,0,2,0,0,2,0,0,1,0,1,23,0,0,2,1,0,0,0,6,0,5,3,0,0,0,44,1,0
D:\Project\Detection\Paint-master\Paint-master\src\main\Main.java,main.Main,class,2,2,0,2,1,1,0,1,0,0.0,NaN,NaN,1,1,1,0,0,0,1,0,0,0,0,0,0,0,0,0,0,0,0,5,0,0,0,0,0,0,0,0,0,0,0,0,0,0,6,1,0
D:\Project\Detection\Paint-master\Paint-master\src\view\ColorButtonsPanel.java,view.ColorButtonsPanel$PopupPair,innerclass,1,1,0,1,1,1,0,0,0,0.0,NaN,NaN,1,0,1,0,0,0,1,0,0,0,2,0,0,0,0,2,0,0,0,8,0,0,0,0,0,0,0,2,0,2,0,0,0,0,10,10,0
D:\Project\Detection\Paint-master\Paint-master\src\util\Stroke.java,util.Stroke,class,1,4,3,1,4,1,1,0,2,0.5,0.33333334,0.33333334,4,0,4,0,0,0,4,0,0,0,2,0,0,2,0,0,0,0,0,16,2,0,0,0,0,0,0,2,0,2,0,0,0,0,9,1,0
D:\Project\Detection\Paint-master\Paint-master\src\view\MyPopupMenu.java,view.MyPopupMenu,class,4,8,4,4,8,5,2,9,0,0.0,1.0,1.0,2,0,2,0,0,0,2,0,0,0,1,0,0,1,0,0,0,0,1,25,0,4,0,0,1,2,6,7,2,6,2,0,0,0,50,1025,0
D:\Project\Detection\Paint-master\Paint-master\src\window\CustomColorWindow.java,window.CustomColorWindow$ArrowButtonType,enum,0,0,0,0,3,1,0,0,0,0.33333334,0.0,0.0,3,0,2,1,0,0,2,0,0,0,2,0,0,2,0,0,2,0,0,13,2,0,0,0,0,2,2,2,0,2,0,0,0,0,22,1,0
D:\Project\Detection\Paint-master\Paint-master\src\view\ColorButtonsPanel.java,view.ColorButtonsPanel,class,8,13,5,8,6,1,0,22,0,0.5,1.0,1.0,4,0,2,2,0,0,2,0,0,0,5,2,0,5,0,0,2,0,2,68,0,2,0,0,1,4,9,16,2,16,1,2,1,0,59,1,0
D:\Project\Detection\Paint-master\Paint-master\src\util\ImageIconFactory.java,util.ImageIconFactory,class,1,5,4,1,1,1,0,3,0,0.0,NaN,NaN,1,1,1,0,0,0,1,0,0,0,0,0,0,0,0,0,0,0,0,6,1,0,0,0,0,0,0,1,0,1,0,0,0,0,35,1,0
D:\Project\Detection\Paint-master\Paint-master\src\util\ChangeBackgroundColorInterface.java,util.ChangeBackgroundColorInterface,interface,0,3,3,0,1,1,0,0,0,0.0,NaN,NaN,1,0,1,0,0,0,1,0,0,0,0,0,0,0,0,0,0,0,0,3,0,0,0,0,0,0,0,0,0,0,0,0,0,0,6,1,0
D:\Project\Detection\Paint-master\Paint-master\src\controller\DrawingModeListener.java,controller.DrawingModeListener,class,2,3,1,2,2,1,0,1,0,0.0,1.0,1.0,2,0,2,0,0,0,2,0,0,0,2,0,0,2,0,0,2,0,0,11,0,0,0,0,0,0,0,2,0,2,0,0,0,0,32,1,0
D:\Project\Detection\Paint-master\Paint-master\src\util\Shape.java,util.Shape,class,2,3,1,2,15,1,0,1,42,0.825,0.18181819,1.0,12,0,12,0,0,0,12,0,0,0,7,0,0,7,0,0,7,0,1,54,11,0,3,0,0,0,0,10,0,10,0,0,0,0,84,1,0
D:\Project\Detection\Paint-master\Paint-master\src\view\ImageIOButtonPanel.java,view.ImageIOButtonPanel,class,3,4,1,3,1,5,0,2,0,0.0,NaN,NaN,1,0,1,0,0,0,1,0,0,0,0,0,0,0,0,0,0,0,0,10,0,0,0,0,0,3,0,2,0,2,0,0,0,0,30,1,0
D:\Project\Detection\Paint-master\Paint-master\src\util\StrokeList.java,util.StrokeList,class,6,9,3,6,11,1,0,16,0,0.42857143,0.7619048,1.0,7,0,7,0,0,0,7,0,0,0,2,0,0,2,0,0,0,0,1,44,6,1,0,0,1,0,2,6,0,6,2,0,0,2,39,1,0
D:\Project\Detection\Paint-master\Paint-master\src\window\CustomColorWindow.java,window.CustomColorWindow$ChangeColorFrameComponentsThread,innerclass,1,1,0,1,3,2,0,3,0,0.0,1.0,1.0,2,0,2,0,0,0,2,0,0,0,1,0,0,1,0,0,1,0,0,11,0,1,0,0,0,0,0,1,0,1,1,0,0,0,28,1,0
D:\Project\Detection\Paint-master\Paint-master\src\controller\UndoButtonListener.java,controller.UndoButtonListener,class,1,2,1,1,3,1,0,2,0,0.25,1.0,1.0,2,0,2,0,0,0,2,0,0,0,2,1,0,2,0,0,1,0,0,11,1,0,0,0,0,0,1,2,0,2,1,0,0,0,35,1,0
D:\Project\Detection\Paint-master\Paint-master\src\view\ColorButtonsPanel.java,view.ColorButtonsPanel$Anonymous2,anonymous,0,0,0,0,1,1,0,1,0,0.0,NaN,NaN,1,0,1,0,0,0,1,0,0,0,0,0,0,0,0,0,0,0,0,5,0,0,0,0,0,0,0,0,0,0,0,0,0,0,3,-1,0
D:\Project\Detection\Paint-master\Paint-master\src\util\Brush.java,util.Brush,class,2,4,2,2,4,2,0,3,2,0.5,0.33333334,0.33333334,4,0,4,0,0,0,4,0,0,0,2,0,0,2,0,0,2,0,0,19,2,0,0,0,0,0,0,2,0,2,0,0,1,0,20,1,0
D:\Project\Detection\Paint-master\Paint-master\src\view\RadioButtonWithImagePanel.java,view.RadioButtonWithImagePanel,class,3,6,3,3,5,5,0,8,0,0.5833333,0.33333334,0.33333334,4,0,3,1,0,0,3,0,0,0,4,2,0,4,0,0,4,0,1,28,1,0,1,0,0,1,4,8,0,8,1,0,0,0,51,1,0
D:\Project\Detection\Paint-master\Paint-master\src\window\SaveImageWindow.java,window.SaveImageWindow$CancelButtonListener,innerclass,1,1,0,1,1,1,0,1,0,0.0,NaN,NaN,1,0,1,0,0,0,1,0,0,0,0,0,0,0,0,0,0,0,0,5,0,0,0,0,0,0,0,0,0,0,0,0,0,0,9,2,0
D:\Project\Detection\Paint-master\Paint-master\src\view\ColorButtonsPanel.java,view.ColorButtonsPanel$Anonymous1,anonymous,1,1,0,1,1,1,0,2,0,0.0,NaN,NaN,1,0,1,0,0,0,1,0,0,0,0,0,0,0,0,0,0,0,0,6,0,0,0,0,0,0,0,0,0,0,0,0,0,0,3,-1,0
D:\Project\Detection\Paint-master\Paint-master\src\window\CustomColorWindow.java,window.CustomColorWindow,class,7,12,5,7,14,3,0,18,8,0.77777773,0.0,0.0,9,0,4,5,0,0,4,0,0,0,12,6,0,12,0,0,6,0,2,108,5,2,0,1,0,8,21,28,5,24,1,0,2,0,99,1,0
D:\Project\Detection\Paint-master\Paint-master\src\view\CanvasButtonPanel.java,view.CanvasButtonPanel,class,3,4,1,3,1,5,0,2,0,0.0,NaN,NaN,1,0,1,0,0,0,1,0,0,0,0,0,0,0,0,0,0,0,0,9,0,0,0,0,0,1,0,2,0,2,0,0,0,0,26,1,0
D:\Project\Detection\Paint-master\Paint-master\src\view\DeleteDrawingButtonsPanel.java,view.DeleteDrawingButtonsPanel,class,3,4,1,3,1,5,0,3,0,0.0,NaN,NaN,1,0,1,0,0,0,1,0,0,0,0,0,0,0,0,0,0,0,0,11,0,0,0,0,0,3,2,2,0,2,0,0,0,0,22,1,0
D:\Project\Detection\Paint-master\Paint-master\src\enums\ImageType.java,enums.ImageType,enum,0,3,3,0,2,1,0,0,0,0.0,NaN,NaN,2,0,1,1,0,0,1,0,0,0,1,0,0,1,0,0,1,0,0,8,1,0,0,0,0,4,0,1,1,1,0,0,0,0,21,1,0
D:\Project\Detection\Paint-master\Paint-master\src\controller\SaveImageListener.java,controller.SaveImageListener,class,3,4,1,3,4,1,0,8,0,0.0,1.0,1.0,2,0,2,0,0,0,2,0,0,0,2,0,0,2,0,0,1,0,0,18,0,0,2,0,0,2,0,3,0,3,2,0,0,0,34,1,0
D:\Project\Detection\Paint-master\Paint-master\src\controller\ImageButtonListener.java,controller.ImageButtonListener,class,0,1,1,0,2,1,0,1,0,0.0,1.0,1.0,2,0,2,0,0,0,2,0,0,0,1,0,0,1,0,0,1,0,0,9,0,0,0,0,0,0,0,1,0,1,0,0,0,0,29,1,0
D:\Project\Detection\Paint-master\Paint-master\src\controller\ColorArrowButtonListener.java,controller.ColorArrowButtonListener,class,3,4,1,3,7,2,0,5,0,0.33333334,0.6666667,1.0,3,0,3,0,0,0,3,0,0,0,4,0,0,4,0,0,2,0,0,25,0,0,3,0,0,0,0,5,0,4,1,0,0,0,39,1,0
D:\Project\Detection\Paint-master\Paint-master\src\controller\PopupMenuItemListener.java,controller.PopupMenuItemListener,class,5,6,1,5,2,1,0,5,0,0.0,1.0,1.0,2,0,2,0,0,0,2,0,0,0,6,0,0,6,0,0,0,0,0,22,0,0,0,0,0,0,0,6,0,6,0,0,0,0,24,1,0
D:\Project\Detection\Paint-master\Paint-master\src\model\Canvas.java,model.Canvas,class,9,33,24,9,46,6,0,52,215,0.84175086,0.20333333,0.92,27,0,25,2,0,0,25,0,0,1,8,0,0,8,0,0,1,0,2,170,12,3,3,1,4,1,17,45,19,27,3,0,1,0,130,1,0
D:\Project\Detection\Paint-master\Paint-master\src\controller\OpenPopupMenuListener.java,controller.OpenPopupMenuListener,class,0,2,2,0,2,2,0,3,0,0.0,1.0,1.0,2,0,2,0,0,0,2,0,0,0,2,0,0,2,0,0,0,0,0,11,0,0,0,0,0,0,0,2,0,2,0,0,0,0,22,1,0
D:\Project\Detection\Paint-master\Paint-master\src\controller\OutputImageListener.java,controller.OutputImageListener,class,4,5,1,4,4,1,0,9,0,0.0,1.0,1.0,2,0,2,0,0,0,2,0,0,0,1,0,0,1,0,0,0,0,2,20,2,0,2,0,0,5,0,3,1,3,1,0,0,0,42,1,0
D:\Project\Detection\Paint-master\Paint-master\src\view\LinePopupMenu.java,view.LinePopupMenu,class,3,4,1,3,1,6,0,0,0,0.0,NaN,NaN,1,0,1,0,0,0,1,0,0,0,5,5,0,5,0,0,5,0,0,10,0,0,0,0,0,1,4,5,0,5,0,0,0,0,26,1,0
D:\Project\Detection\Paint-master\Paint-master\src\controller\OpenColorFrameListener.java,controller.OpenColorFrameListener,class,3,4,1,3,2,1,0,1,0,0.0,1.0,1.0,2,0,2,0,0,0,2,0,0,0,1,0,0,1,0,0,0,0,0,9,0,0,0,0,0,0,0,1,0,1,0,0,0,0,33,1,0
D:\Project\Detection\Paint-master\Paint-master\src\util\MyUIManager.java,util.MyUIManager,class,1,4,3,1,4,1,0,5,0,0.0,1.0,1.0,2,2,2,0,0,0,2,0,0,0,1,1,0,1,0,0,0,0,3,28,0,0,0,2,0,0,0,1,0,1,1,0,1,0,50,1,0
D:\Project\Detection\Paint-master\Paint-master\src\enums\RadioButtonType.java,enums.RadioButtonType,enum,1,12,11,1,6,1,0,0,0,0.53333336,0.33333334,0.33333334,5,0,3,2,0,0,3,0,0,0,3,1,0,3,0,0,3,0,0,20,3,0,1,0,0,6,0,3,1,3,0,0,0,0,49,1,0
D:\Project\Detection\Paint-master\Paint-master\src\enums\ShapeType.java,enums.ShapeType,enum,0,7,7,0,3,1,0,0,1,0.33333334,NaN,NaN,3,0,1,2,0,0,1,0,0,0,1,0,0,1,0,0,1,0,0,11,1,0,0,0,0,0,0,1,0,1,0,0,0,0,21,1,0
D:\Project\Detection\Paint-master\Paint-master\src\controller\FillModeListener.java,controller.FillModeListener,class,1,2,1,1,2,1,0,2,0,0.0,1.0,1.0,2,0,2,0,0,0,2,0,0,0,1,0,0,1,0,0,1,0,0,9,0,0,0,0,0,0,0,1,0,1,0,0,0,0,22,1,0
D:\Project\Detection\Paint-master\Paint-master\src\util\ImageFromCanvasFactory.java,util.ImageFromCanvasFactory,class,2,3,1,2,3,1,0,9,0,0.0,1.0,1.0,2,0,2,0,0,0,2,0,0,0,5,0,0,5,0,0,5,0,1,29,0,0,0,1,0,0,2,8,1,8,1,0,0,0,40,1,0
D:\Project\Detection\Paint-master\Paint-master\src\util\Brush.java,util.Brush$BrushColorInterface,interface,0,0,0,0,1,1,0,0,0,0.0,NaN,NaN,1,0,1,0,0,0,1,0,0,0,0,0,0,0,0,0,0,0,0,3,0,0,0,0,0,0,0,0,0,0,0,0,0,0,10,9,0
