file,class,method,variable,usage
D:\Project\Detection\Paint-master\Paint-master\src\window\AbstractApplicationWindow.java,window.AbstractApplicationWindow,add/1[javax.swing.JComponent],comp,1
D:\Project\Detection\Paint-master\Paint-master\src\window\AbstractApplicationWindow.java,window.AbstractApplicationWindow,"AbstractApplicationWindow/4[java.lang.String,int,int,int]",windowHeight,1
D:\Project\Detection\Paint-master\Paint-master\src\window\AbstractApplicationWindow.java,window.AbstractApplicationWindow,"AbstractApplicationWindow/4[java.lang.String,int,int,int]",title,1
D:\Project\Detection\Paint-master\Paint-master\src\window\AbstractApplicationWindow.java,window.AbstractApplicationWindow,"AbstractApplicationWindow/4[java.lang.String,int,int,int]",operation,1
D:\Project\Detection\Paint-master\Paint-master\src\window\AbstractApplicationWindow.java,window.AbstractApplicationWindow,"AbstractApplicationWindow/4[java.lang.String,int,int,int]",windowWidth,1
D:\Project\Detection\Paint-master\Paint-master\src\window\AbstractApplicationWindow.java,window.AbstractApplicationWindow,"add/2[javax.swing.JComponent,java.lang.Object]",comp,1
D:\Project\Detection\Paint-master\Paint-master\src\window\AbstractApplicationWindow.java,window.AbstractApplicationWindow,"add/2[javax.swing.JComponent,java.lang.Object]",constraints,1
D:\Project\Detection\Paint-master\Paint-master\src\window\AbstractApplicationWindow.java,window.AbstractApplicationWindow,"AbstractApplicationWindow/5[java.lang.String,int,int,int,boolean]",resizable,1
D:\Project\Detection\Paint-master\Paint-master\src\window\AbstractApplicationWindow.java,window.AbstractApplicationWindow,"AbstractApplicationWindow/5[java.lang.String,int,int,int,boolean]",windowHeight,1
D:\Project\Detection\Paint-master\Paint-master\src\window\AbstractApplicationWindow.java,window.AbstractApplicationWindow,"AbstractApplicationWindow/5[java.lang.String,int,int,int,boolean]",title,1
D:\Project\Detection\Paint-master\Paint-master\src\window\AbstractApplicationWindow.java,window.AbstractApplicationWindow,"AbstractApplicationWindow/5[java.lang.String,int,int,int,boolean]",operation,1
D:\Project\Detection\Paint-master\Paint-master\src\window\AbstractApplicationWindow.java,window.AbstractApplicationWindow,"AbstractApplicationWindow/5[java.lang.String,int,int,int,boolean]",windowWidth,1
D:\Project\Detection\Paint-master\Paint-master\src\window\AbstractApplicationWindow.java,window.AbstractApplicationWindow,setLayout/1[java.awt.LayoutManager],layout,1
D:\Project\Detection\Paint-master\Paint-master\src\view\LowerButtonPanel.java,view.LowerButtonPanel,LowerButtonPanel/1[model.Canvas],fillPanel,1
D:\Project\Detection\Paint-master\Paint-master\src\view\LowerButtonPanel.java,view.LowerButtonPanel,LowerButtonPanel/1[model.Canvas],canvas,4
D:\Project\Detection\Paint-master\Paint-master\src\view\LowerButtonPanel.java,view.LowerButtonPanel,addColorButtons/1[model.Canvas],canvas,1
D:\Project\Detection\Paint-master\Paint-master\src\window\SaveImageWindow.java,window.SaveImageWindow,createRadioButtonPanel/0,radioButton,2
D:\Project\Detection\Paint-master\Paint-master\src\window\SaveImageWindow.java,window.SaveImageWindow,createRadioButtonPanel/0,recognizedImageTypes,2
D:\Project\Detection\Paint-master\Paint-master\src\window\SaveImageWindow.java,window.SaveImageWindow,createRadioButtonPanel/0,radioButtonPanel,4
D:\Project\Detection\Paint-master\Paint-master\src\window\SaveImageWindow.java,window.SaveImageWindow,createRadioButtonPanel/0,bl,1
D:\Project\Detection\Paint-master\Paint-master\src\window\SaveImageWindow.java,window.SaveImageWindow,createRadioButtonPanel/0,imageType,1
D:\Project\Detection\Paint-master\Paint-master\src\window\SaveImageWindow.java,window.SaveImageWindow,getSelectedType/0,b,1
D:\Project\Detection\Paint-master\Paint-master\src\window\SaveImageWindow.java,window.SaveImageWindow,getSelectedType/0,index,2
D:\Project\Detection\Paint-master\Paint-master\src\window\SaveImageWindow.java,window.SaveImageWindow,getSelectedType/0,radioButtonEnumeration,2
D:\Project\Detection\Paint-master\Paint-master\src\window\SaveImageWindow.java,window.SaveImageWindow,getEnteredName/0,returnString,2
D:\Project\Detection\Paint-master\Paint-master\src\window\SaveImageWindow.java,window.SaveImageWindow,getEnteredName/0,a,3
D:\Project\Detection\Paint-master\Paint-master\src\window\SaveImageWindow.java,window.SaveImageWindow,getEnteredName/0,c,2
D:\Project\Detection\Paint-master\Paint-master\src\window\SaveImageWindow.java,window.SaveImageWindow,getEnteredName/0,stringBuilder,2
D:\Project\Detection\Paint-master\Paint-master\src\window\SaveImageWindow.java,window.SaveImageWindow,getEnteredName/0,endIndex,4
D:\Project\Detection\Paint-master\Paint-master\src\window\SaveImageWindow.java,window.SaveImageWindow,getEnteredName/0,fileNameInput,3
D:\Project\Detection\Paint-master\Paint-master\src\window\SaveImageWindow.java,window.SaveImageWindow,createTextFieldPanel/0,radioButtonPanel,4
D:\Project\Detection\Paint-master\Paint-master\src\window\SaveImageWindow.java,window.SaveImageWindow,createTextFieldPanel/0,bl,1
D:\Project\Detection\Paint-master\Paint-master\src\window\SaveImageWindow.java,window.SaveImageWindow,createConfirmationButtonPanel/0,cancel,2
D:\Project\Detection\Paint-master\Paint-master\src\window\SaveImageWindow.java,window.SaveImageWindow,createConfirmationButtonPanel/0,confirmationButtonPanel,4
D:\Project\Detection\Paint-master\Paint-master\src\window\SaveImageWindow.java,window.SaveImageWindow,createConfirmationButtonPanel/0,ok,2
D:\Project\Detection\Paint-master\Paint-master\src\window\SaveImageWindow.java,window.SaveImageWindow,getWrapper/1[javax.swing.JPanel],wrapper,3
D:\Project\Detection\Paint-master\Paint-master\src\window\SaveImageWindow.java,window.SaveImageWindow,getWrapper/1[javax.swing.JPanel],content,1
D:\Project\Detection\Paint-master\Paint-master\src\window\SaveImageWindow.java,window.SaveImageWindow,"SaveImageWindow/2[model.Canvas,java.lang.String]",canvas,2
D:\Project\Detection\Paint-master\Paint-master\src\window\SaveImageWindow.java,window.SaveImageWindow,"SaveImageWindow/2[model.Canvas,java.lang.String]",filePath,2
D:\Project\Detection\Paint-master\Paint-master\src\window\SaveImageWindow.java,window.SaveImageWindow,createTopLabelPanel/0,wrapper,3
D:\Project\Detection\Paint-master\Paint-master\src\controller\CreateNewColorListener.java,controller.CreateNewColorListener,actionPerformed/1[java.awt.event.ActionEvent],e,0
D:\Project\Detection\Paint-master\Paint-master\src\controller\CreateNewColorListener.java,controller.CreateNewColorListener,"CreateNewColorListener/2[window.CustomColorWindow,view.ColorButtonsPanel]",cbp,2
D:\Project\Detection\Paint-master\Paint-master\src\controller\CreateNewColorListener.java,controller.CreateNewColorListener,"CreateNewColorListener/2[window.CustomColorWindow,view.ColorButtonsPanel]",colorFrame,2
D:\Project\Detection\Paint-master\Paint-master\src\window\PaintApplicationWindow.java,window.PaintApplicationWindow,PaintApplicationWindow/0,canvasButtonPanel,1
D:\Project\Detection\Paint-master\Paint-master\src\window\PaintApplicationWindow.java,window.PaintApplicationWindow,PaintApplicationWindow/0,canvas,2
D:\Project\Detection\Paint-master\Paint-master\src\view\PopupMenuButtonPanel.java,view.PopupMenuButtonPanel,"PopupMenuButtonPanel/3[model.Canvas,java.lang.Class<? extends view.MyPopupMenu>,enums.RadioButtonType]",button,3
D:\Project\Detection\Paint-master\Paint-master\src\view\PopupMenuButtonPanel.java,view.PopupMenuButtonPanel,"PopupMenuButtonPanel/3[model.Canvas,java.lang.Class<? extends view.MyPopupMenu>,enums.RadioButtonType]",canvas,2
D:\Project\Detection\Paint-master\Paint-master\src\view\PopupMenuButtonPanel.java,view.PopupMenuButtonPanel,"PopupMenuButtonPanel/3[model.Canvas,java.lang.Class<? extends view.MyPopupMenu>,enums.RadioButtonType]",c,1
D:\Project\Detection\Paint-master\Paint-master\src\view\PopupMenuButtonPanel.java,view.PopupMenuButtonPanel,"PopupMenuButtonPanel/3[model.Canvas,java.lang.Class<? extends view.MyPopupMenu>,enums.RadioButtonType]",e,1
D:\Project\Detection\Paint-master\Paint-master\src\view\PopupMenuButtonPanel.java,view.PopupMenuButtonPanel,"PopupMenuButtonPanel/3[model.Canvas,java.lang.Class<? extends view.MyPopupMenu>,enums.RadioButtonType]",popupMenu,1
D:\Project\Detection\Paint-master\Paint-master\src\view\PopupMenuButtonPanel.java,view.PopupMenuButtonPanel,"PopupMenuButtonPanel/3[model.Canvas,java.lang.Class<? extends view.MyPopupMenu>,enums.RadioButtonType]",type,2
D:\Project\Detection\Paint-master\Paint-master\src\view\PopupMenuButtonPanel.java,view.PopupMenuButtonPanel,addPaddingToPanel/0,a,5
D:\Project\Detection\Paint-master\Paint-master\src\view\PopupMenuButtonPanel.java,view.PopupMenuButtonPanel,addPaddingToPanel/0,borderLayoutConstants,2
D:\Project\Detection\Paint-master\Paint-master\src\view\PopupMenuButtonPanel.java,view.PopupMenuButtonPanel,addPaddingToPanel/0,fillers,3
D:\Project\Detection\Paint-master\Paint-master\src\controller\ChangeBackgroundColorListener.java,controller.ChangeBackgroundColorListener,"ChangeBackgroundColorListener/2[java.awt.Color,util.ChangeBackgroundColorInterface]",color,2
D:\Project\Detection\Paint-master\Paint-master\src\controller\ChangeBackgroundColorListener.java,controller.ChangeBackgroundColorListener,"ChangeBackgroundColorListener/2[java.awt.Color,util.ChangeBackgroundColorInterface]",i,1
D:\Project\Detection\Paint-master\Paint-master\src\controller\ChangeBackgroundColorListener.java,controller.ChangeBackgroundColorListener,actionPerformed/1[java.awt.event.ActionEvent],e,0
D:\Project\Detection\Paint-master\Paint-master\src\util\MyUIManager.java,util.MyUIManager$UITypes,UITypes/1[java.lang.String],className,2
D:\Project\Detection\Paint-master\Paint-master\src\view\BrushShapePopupMenu.java,view.BrushShapePopupMenu,"BrushShapePopupMenu/2[model.Canvas,enums.RadioButtonType]",brush,1
D:\Project\Detection\Paint-master\Paint-master\src\view\BrushShapePopupMenu.java,view.BrushShapePopupMenu,"BrushShapePopupMenu/2[model.Canvas,enums.RadioButtonType]",canvas,1
D:\Project\Detection\Paint-master\Paint-master\src\controller\ClearButtonListener.java,controller.ClearButtonListener,ClearButtonListener/1[model.Canvas],canvas,2
D:\Project\Detection\Paint-master\Paint-master\src\controller\ClearButtonListener.java,controller.ClearButtonListener,actionPerformed/1[java.awt.event.ActionEvent],e,0
D:\Project\Detection\Paint-master\Paint-master\src\view\RadioButtonPanel.java,view.RadioButtonPanel,RadioButtonPanel/1[model.Canvas],a,9
D:\Project\Detection\Paint-master\Paint-master\src\view\RadioButtonPanel.java,view.RadioButtonPanel,RadioButtonPanel/1[model.Canvas],canvas,4
D:\Project\Detection\Paint-master\Paint-master\src\view\RadioButtonPanel.java,view.RadioButtonPanel,RadioButtonPanel/1[model.Canvas],wrapper,5
D:\Project\Detection\Paint-master\Paint-master\src\view\RadioButtonPanel.java,view.RadioButtonPanel,RadioButtonPanel/1[model.Canvas],allTypes,9
D:\Project\Detection\Paint-master\Paint-master\src\view\RadioButtonPanel.java,view.RadioButtonPanel,RadioButtonPanel/1[model.Canvas],radioButtonWithImagePanel,2
D:\Project\Detection\Paint-master\Paint-master\src\view\RadioButtonPanel.java,view.RadioButtonPanel,RadioButtonPanel/1[model.Canvas],group,1
D:\Project\Detection\Paint-master\Paint-master\src\controller\CanvasListener.java,controller.CanvasListener,mousePressed/1[java.awt.event.MouseEvent],e,2
D:\Project\Detection\Paint-master\Paint-master\src\controller\CanvasListener.java,controller.CanvasListener,mousePressed/1[java.awt.event.MouseEvent],x,2
D:\Project\Detection\Paint-master\Paint-master\src\controller\CanvasListener.java,controller.CanvasListener,mousePressed/1[java.awt.event.MouseEvent],y,2
D:\Project\Detection\Paint-master\Paint-master\src\controller\CanvasListener.java,controller.CanvasListener,mousePressed/1[java.awt.event.MouseEvent],type,2
D:\Project\Detection\Paint-master\Paint-master\src\controller\CanvasListener.java,controller.CanvasListener,mouseReleased/1[java.awt.event.MouseEvent],arg0,0
D:\Project\Detection\Paint-master\Paint-master\src\controller\CanvasListener.java,controller.CanvasListener,"setDataForNonBrushShape/3[enums.RadioButtonType,int,int]",x,3
D:\Project\Detection\Paint-master\Paint-master\src\controller\CanvasListener.java,controller.CanvasListener,"setDataForNonBrushShape/3[enums.RadioButtonType,int,int]",y,3
D:\Project\Detection\Paint-master\Paint-master\src\controller\CanvasListener.java,controller.CanvasListener,"setDataForNonBrushShape/3[enums.RadioButtonType,int,int]",type,1
D:\Project\Detection\Paint-master\Paint-master\src\controller\CanvasListener.java,controller.CanvasListener,"setEndPointsOfShape/2[int,int]",x,8
D:\Project\Detection\Paint-master\Paint-master\src\controller\CanvasListener.java,controller.CanvasListener,"setEndPointsOfShape/2[int,int]",y,8
D:\Project\Detection\Paint-master\Paint-master\src\controller\CanvasListener.java,controller.CanvasListener,mouseDragged/1[java.awt.event.MouseEvent],a,2
D:\Project\Detection\Paint-master\Paint-master\src\controller\CanvasListener.java,controller.CanvasListener,mouseDragged/1[java.awt.event.MouseEvent],brushSize,2
D:\Project\Detection\Paint-master\Paint-master\src\controller\CanvasListener.java,controller.CanvasListener,mouseDragged/1[java.awt.event.MouseEvent],x,2
D:\Project\Detection\Paint-master\Paint-master\src\controller\CanvasListener.java,controller.CanvasListener,mouseDragged/1[java.awt.event.MouseEvent],y,2
D:\Project\Detection\Paint-master\Paint-master\src\controller\CanvasListener.java,controller.CanvasListener,mouseDragged/1[java.awt.event.MouseEvent],type,3
D:\Project\Detection\Paint-master\Paint-master\src\controller\CanvasListener.java,controller.CanvasListener,CanvasListener/1[model.Canvas],canvas,2
D:\Project\Detection\Paint-master\Paint-master\src\controller\OpenImageListener.java,controller.OpenImageListener,OpenImageListener/1[model.Canvas],canvas,2
D:\Project\Detection\Paint-master\Paint-master\src\controller\OpenImageListener.java,controller.OpenImageListener,actionPerformed/1[java.awt.event.ActionEvent],a,1
D:\Project\Detection\Paint-master\Paint-master\src\controller\OpenImageListener.java,controller.OpenImageListener,actionPerformed/1[java.awt.event.ActionEvent],image,2
D:\Project\Detection\Paint-master\Paint-master\src\controller\OpenImageListener.java,controller.OpenImageListener,actionPerformed/1[java.awt.event.ActionEvent],e,1
D:\Project\Detection\Paint-master\Paint-master\src\controller\OpenImageListener.java,controller.OpenImageListener,actionPerformed/1[java.awt.event.ActionEvent],arg0,0
D:\Project\Detection\Paint-master\Paint-master\src\controller\OpenImageListener.java,controller.OpenImageListener,actionPerformed/1[java.awt.event.ActionEvent],inFile,1
D:\Project\Detection\Paint-master\Paint-master\src\main\Main.java,main.Main,main/1[java.lang.String[]],args,0
D:\Project\Detection\Paint-master\Paint-master\src\view\ColorButtonsPanel.java,view.ColorButtonsPanel$PopupPair,"PopupPair/2[javax.swing.JPopupMenu,util.ChangeBackgroundColorInterface]",popupMenu,2
D:\Project\Detection\Paint-master\Paint-master\src\view\ColorButtonsPanel.java,view.ColorButtonsPanel$PopupPair,"PopupPair/2[javax.swing.JPopupMenu,util.ChangeBackgroundColorInterface]",changeBackground,2
D:\Project\Detection\Paint-master\Paint-master\src\util\Stroke.java,util.Stroke,setShapeType/1[enums.ShapeType],brushShape,1
D:\Project\Detection\Paint-master\Paint-master\src\util\Stroke.java,util.Stroke,setSize/1[int],brushSize,1
D:\Project\Detection\Paint-master\Paint-master\src\view\MyPopupMenu.java,view.MyPopupMenu,resetMenuItems/0,a,3
D:\Project\Detection\Paint-master\Paint-master\src\view\MyPopupMenu.java,view.MyPopupMenu,resetMenuItems/0,b,3
D:\Project\Detection\Paint-master\Paint-master\src\view\MyPopupMenu.java,view.MyPopupMenu,"MyPopupMenu/7[enums.RadioButtonType[],int,int,int,int,model.Canvas,enums.RadioButtonType]",brush,1
D:\Project\Detection\Paint-master\Paint-master\src\view\MyPopupMenu.java,view.MyPopupMenu,"MyPopupMenu/7[enums.RadioButtonType[],int,int,int,int,model.Canvas,enums.RadioButtonType]",a,8
D:\Project\Detection\Paint-master\Paint-master\src\view\MyPopupMenu.java,view.MyPopupMenu,"MyPopupMenu/7[enums.RadioButtonType[],int,int,int,int,model.Canvas,enums.RadioButtonType]",canvas,1
D:\Project\Detection\Paint-master\Paint-master\src\view\MyPopupMenu.java,view.MyPopupMenu,"MyPopupMenu/7[enums.RadioButtonType[],int,int,int,int,model.Canvas,enums.RadioButtonType]",b,9
D:\Project\Detection\Paint-master\Paint-master\src\view\MyPopupMenu.java,view.MyPopupMenu,"MyPopupMenu/7[enums.RadioButtonType[],int,int,int,int,model.Canvas,enums.RadioButtonType]",DEFAULT_SIZE_INDEX,2
D:\Project\Detection\Paint-master\Paint-master\src\view\MyPopupMenu.java,view.MyPopupMenu,"MyPopupMenu/7[enums.RadioButtonType[],int,int,int,int,model.Canvas,enums.RadioButtonType]",imageDimension,3
D:\Project\Detection\Paint-master\Paint-master\src\view\MyPopupMenu.java,view.MyPopupMenu,"MyPopupMenu/7[enums.RadioButtonType[],int,int,int,int,model.Canvas,enums.RadioButtonType]",TOTAL_SIZES,4
D:\Project\Detection\Paint-master\Paint-master\src\view\MyPopupMenu.java,view.MyPopupMenu,"MyPopupMenu/7[enums.RadioButtonType[],int,int,int,int,model.Canvas,enums.RadioButtonType]",TOTAL_SHAPES,6
D:\Project\Detection\Paint-master\Paint-master\src\view\MyPopupMenu.java,view.MyPopupMenu,"MyPopupMenu/7[enums.RadioButtonType[],int,int,int,int,model.Canvas,enums.RadioButtonType]",DEFAULT_SHAPE_INDEX,2
D:\Project\Detection\Paint-master\Paint-master\src\view\MyPopupMenu.java,view.MyPopupMenu,"MyPopupMenu/7[enums.RadioButtonType[],int,int,int,int,model.Canvas,enums.RadioButtonType]",DIMENSION_DELTA,1
D:\Project\Detection\Paint-master\Paint-master\src\window\CustomColorWindow.java,window.CustomColorWindow$ArrowButtonType,"ArrowButtonType/2[java.lang.String,int]",stringValue,2
D:\Project\Detection\Paint-master\Paint-master\src\window\CustomColorWindow.java,window.CustomColorWindow$ArrowButtonType,"ArrowButtonType/2[java.lang.String,int]",i,1
D:\Project\Detection\Paint-master\Paint-master\src\view\ColorButtonsPanel.java,view.ColorButtonsPanel,addColorToPopups/1[java.awt.Color],c,1
D:\Project\Detection\Paint-master\Paint-master\src\view\ColorButtonsPanel.java,view.ColorButtonsPanel,addColorToPopups/1[java.awt.Color],menu,1
D:\Project\Detection\Paint-master\Paint-master\src\view\ColorButtonsPanel.java,view.ColorButtonsPanel,"ColorButtonsPanel/2[javax.swing.JPanel,model.Canvas]",container,2
D:\Project\Detection\Paint-master\Paint-master\src\view\ColorButtonsPanel.java,view.ColorButtonsPanel,"ColorButtonsPanel/2[javax.swing.JPanel,model.Canvas]",colorB,0
D:\Project\Detection\Paint-master\Paint-master\src\view\ColorButtonsPanel.java,view.ColorButtonsPanel,"ColorButtonsPanel/2[javax.swing.JPanel,model.Canvas]",canvas,0
D:\Project\Detection\Paint-master\Paint-master\src\view\ColorButtonsPanel.java,view.ColorButtonsPanel,"ColorButtonsPanel/2[javax.swing.JPanel,model.Canvas]",colorPanel,4
D:\Project\Detection\Paint-master\Paint-master\src\view\ColorButtonsPanel.java,view.ColorButtonsPanel,"ColorButtonsPanel/2[javax.swing.JPanel,model.Canvas]",makeNewColorB,2
D:\Project\Detection\Paint-master\Paint-master\src\view\ColorButtonsPanel.java,view.ColorButtonsPanel,"ColorButtonsPanel/2[javax.swing.JPanel,model.Canvas]",setBackgroundColor,3
D:\Project\Detection\Paint-master\Paint-master\src\view\ColorButtonsPanel.java,view.ColorButtonsPanel,"ColorButtonsPanel/2[javax.swing.JPanel,model.Canvas]",pm2,2
D:\Project\Detection\Paint-master\Paint-master\src\view\ColorButtonsPanel.java,view.ColorButtonsPanel,"ColorButtonsPanel/2[javax.swing.JPanel,model.Canvas]",pm1,2
D:\Project\Detection\Paint-master\Paint-master\src\view\ColorButtonsPanel.java,view.ColorButtonsPanel,refreshColorMenus/0,iterator,3
D:\Project\Detection\Paint-master\Paint-master\src\view\ColorButtonsPanel.java,view.ColorButtonsPanel,rePopulatePopupMenu/1[view.ColorButtonsPanel.PopupPair],pp,4
D:\Project\Detection\Paint-master\Paint-master\src\view\ColorButtonsPanel.java,view.ColorButtonsPanel,rePopulatePopupMenu/1[view.ColorButtonsPanel.PopupPair],iterator,3
D:\Project\Detection\Paint-master\Paint-master\src\view\ColorButtonsPanel.java,view.ColorButtonsPanel,rePopulatePopupMenu/1[view.ColorButtonsPanel.PopupPair],colorButton,3
D:\Project\Detection\Paint-master\Paint-master\src\view\ColorButtonsPanel.java,view.ColorButtonsPanel,rePopulatePopupMenu/1[view.ColorButtonsPanel.PopupPair],c,2
D:\Project\Detection\Paint-master\Paint-master\src\util\ImageIconFactory.java,util.ImageIconFactory,"createScaledIcon/3[java.lang.String,int,int]",targetHeight,1
D:\Project\Detection\Paint-master\Paint-master\src\util\ImageIconFactory.java,util.ImageIconFactory,"createScaledIcon/3[java.lang.String,int,int]",resourcePath,1
D:\Project\Detection\Paint-master\Paint-master\src\util\ImageIconFactory.java,util.ImageIconFactory,"createScaledIcon/3[java.lang.String,int,int]",imageFilePath,1
D:\Project\Detection\Paint-master\Paint-master\src\util\ImageIconFactory.java,util.ImageIconFactory,"createScaledIcon/3[java.lang.String,int,int]",targetWidth,1
D:\Project\Detection\Paint-master\Paint-master\src\util\ChangeBackgroundColorInterface.java,util.ChangeBackgroundColorInterface,setColor/1[java.awt.Color],c,0
D:\Project\Detection\Paint-master\Paint-master\src\controller\DrawingModeListener.java,controller.DrawingModeListener,actionPerformed/1[java.awt.event.ActionEvent],e,0
D:\Project\Detection\Paint-master\Paint-master\src\controller\DrawingModeListener.java,controller.DrawingModeListener,"DrawingModeListener/2[model.Canvas,enums.RadioButtonType]",canvas,2
D:\Project\Detection\Paint-master\Paint-master\src\controller\DrawingModeListener.java,controller.DrawingModeListener,"DrawingModeListener/2[model.Canvas,enums.RadioButtonType]",type,2
D:\Project\Detection\Paint-master\Paint-master\src\util\Shape.java,util.Shape,"Shape/9[enums.RadioButtonType,java.awt.Color,boolean,enums.ShapeType,int,int,int,int,int]",colorOfShape,2
D:\Project\Detection\Paint-master\Paint-master\src\util\Shape.java,util.Shape,"Shape/9[enums.RadioButtonType,java.awt.Color,boolean,enums.ShapeType,int,int,int,int,int]",shapeType,1
D:\Project\Detection\Paint-master\Paint-master\src\util\Shape.java,util.Shape,"Shape/9[enums.RadioButtonType,java.awt.Color,boolean,enums.ShapeType,int,int,int,int,int]",thickness,2
D:\Project\Detection\Paint-master\Paint-master\src\util\Shape.java,util.Shape,"Shape/9[enums.RadioButtonType,java.awt.Color,boolean,enums.ShapeType,int,int,int,int,int]",buttonSelectedType,2
D:\Project\Detection\Paint-master\Paint-master\src\util\Shape.java,util.Shape,"Shape/9[enums.RadioButtonType,java.awt.Color,boolean,enums.ShapeType,int,int,int,int,int]",x,2
D:\Project\Detection\Paint-master\Paint-master\src\util\Shape.java,util.Shape,"Shape/9[enums.RadioButtonType,java.awt.Color,boolean,enums.ShapeType,int,int,int,int,int]",width,2
D:\Project\Detection\Paint-master\Paint-master\src\util\Shape.java,util.Shape,"Shape/9[enums.RadioButtonType,java.awt.Color,boolean,enums.ShapeType,int,int,int,int,int]",y,2
D:\Project\Detection\Paint-master\Paint-master\src\util\Shape.java,util.Shape,"Shape/9[enums.RadioButtonType,java.awt.Color,boolean,enums.ShapeType,int,int,int,int,int]",fill,2
D:\Project\Detection\Paint-master\Paint-master\src\util\Shape.java,util.Shape,"Shape/9[enums.RadioButtonType,java.awt.Color,boolean,enums.ShapeType,int,int,int,int,int]",height,2
D:\Project\Detection\Paint-master\Paint-master\src\view\ImageIOButtonPanel.java,view.ImageIOButtonPanel,ImageIOButtonPanel/1[model.Canvas],openImage,2
D:\Project\Detection\Paint-master\Paint-master\src\view\ImageIOButtonPanel.java,view.ImageIOButtonPanel,ImageIOButtonPanel/1[model.Canvas],canvas,2
D:\Project\Detection\Paint-master\Paint-master\src\view\ImageIOButtonPanel.java,view.ImageIOButtonPanel,ImageIOButtonPanel/1[model.Canvas],saveImage,2
D:\Project\Detection\Paint-master\Paint-master\src\util\StrokeList.java,util.StrokeList,getStrokeShape/1[enums.RadioButtonType],brush,1
D:\Project\Detection\Paint-master\Paint-master\src\util\StrokeList.java,util.StrokeList,"setStrokeShape/2[enums.RadioButtonType,enums.ShapeType]",brush,1
D:\Project\Detection\Paint-master\Paint-master\src\util\StrokeList.java,util.StrokeList,"setStrokeShape/2[enums.RadioButtonType,enums.ShapeType]",shapeType,1
D:\Project\Detection\Paint-master\Paint-master\src\util\StrokeList.java,util.StrokeList,"setStrokeSize/2[enums.RadioButtonType,int]",brush,1
D:\Project\Detection\Paint-master\Paint-master\src\util\StrokeList.java,util.StrokeList,"setStrokeSize/2[enums.RadioButtonType,int]",size,1
D:\Project\Detection\Paint-master\Paint-master\src\util\StrokeList.java,util.StrokeList,StrokeList/1[model.Canvas],canvas,2
D:\Project\Detection\Paint-master\Paint-master\src\util\StrokeList.java,util.StrokeList,StrokeList/1[model.Canvas],s,1
D:\Project\Detection\Paint-master\Paint-master\src\util\StrokeList.java,util.StrokeList,StrokeList/1[model.Canvas],newBrush,2
D:\Project\Detection\Paint-master\Paint-master\src\util\StrokeList.java,util.StrokeList,StrokeList/1[model.Canvas],colorMethods,1
D:\Project\Detection\Paint-master\Paint-master\src\util\StrokeList.java,util.StrokeList,StrokeList/1[model.Canvas],i,1
D:\Project\Detection\Paint-master\Paint-master\src\util\StrokeList.java,util.StrokeList,StrokeList/1[model.Canvas],type,4
D:\Project\Detection\Paint-master\Paint-master\src\util\StrokeList.java,util.StrokeList,"putIntoBrushMap/2[enums.RadioButtonType,boolean]",b,1
D:\Project\Detection\Paint-master\Paint-master\src\util\StrokeList.java,util.StrokeList,"putIntoBrushMap/2[enums.RadioButtonType,boolean]",type,1
D:\Project\Detection\Paint-master\Paint-master\src\util\StrokeList.java,util.StrokeList,getStrokeSize/1[enums.RadioButtonType],brush,2
D:\Project\Detection\Paint-master\Paint-master\src\controller\UndoButtonListener.java,controller.UndoButtonListener,actionPerformed/1[java.awt.event.ActionEvent],e,0
D:\Project\Detection\Paint-master\Paint-master\src\controller\UndoButtonListener.java,controller.UndoButtonListener,UndoButtonListener/1[model.Canvas],canvas,2
D:\Project\Detection\Paint-master\Paint-master\src\view\ColorButtonsPanel.java,view.ColorButtonsPanel$Anonymous2,setColor/1[java.awt.Color],c,1
D:\Project\Detection\Paint-master\Paint-master\src\util\Brush.java,util.Brush,setDrawOnCanvas/1[boolean],b,1
D:\Project\Detection\Paint-master\Paint-master\src\util\Brush.java,util.Brush,Brush/1[util.Brush.BrushColorInterface],brushColorInterface,2
D:\Project\Detection\Paint-master\Paint-master\src\view\RadioButtonWithImagePanel.java,view.RadioButtonWithImagePanel,"RadioButtonWithImagePanel/3[javax.swing.ButtonGroup,java.awt.event.ActionListener,java.lang.String]",imageFilePath,1
D:\Project\Detection\Paint-master\Paint-master\src\view\RadioButtonWithImagePanel.java,view.RadioButtonWithImagePanel,"RadioButtonWithImagePanel/3[javax.swing.ButtonGroup,java.awt.event.ActionListener,java.lang.String]",group,1
D:\Project\Detection\Paint-master\Paint-master\src\view\RadioButtonWithImagePanel.java,view.RadioButtonWithImagePanel,"RadioButtonWithImagePanel/3[javax.swing.ButtonGroup,java.awt.event.ActionListener,java.lang.String]",onclickListener,1
D:\Project\Detection\Paint-master\Paint-master\src\view\RadioButtonWithImagePanel.java,view.RadioButtonWithImagePanel,createCoolImageButton/1[java.lang.String],imagePath,1
D:\Project\Detection\Paint-master\Paint-master\src\view\RadioButtonWithImagePanel.java,view.RadioButtonWithImagePanel,createCoolImageButton/1[java.lang.String],imageButton,3
D:\Project\Detection\Paint-master\Paint-master\src\view\RadioButtonWithImagePanel.java,view.RadioButtonWithImagePanel,createCoolImageButton/1[java.lang.String],newIcon,1
D:\Project\Detection\Paint-master\Paint-master\src\view\RadioButtonWithImagePanel.java,view.RadioButtonWithImagePanel,"RadioButtonWithImagePanel/5[javax.swing.ButtonGroup,java.awt.event.ActionListener,java.lang.String,int,int]",imageWidth,2
D:\Project\Detection\Paint-master\Paint-master\src\view\RadioButtonWithImagePanel.java,view.RadioButtonWithImagePanel,"RadioButtonWithImagePanel/5[javax.swing.ButtonGroup,java.awt.event.ActionListener,java.lang.String,int,int]",imageFilePath,1
D:\Project\Detection\Paint-master\Paint-master\src\view\RadioButtonWithImagePanel.java,view.RadioButtonWithImagePanel,"RadioButtonWithImagePanel/5[javax.swing.ButtonGroup,java.awt.event.ActionListener,java.lang.String,int,int]",imageHeight,2
D:\Project\Detection\Paint-master\Paint-master\src\view\RadioButtonWithImagePanel.java,view.RadioButtonWithImagePanel,"RadioButtonWithImagePanel/5[javax.swing.ButtonGroup,java.awt.event.ActionListener,java.lang.String,int,int]",group,2
D:\Project\Detection\Paint-master\Paint-master\src\view\RadioButtonWithImagePanel.java,view.RadioButtonWithImagePanel,"RadioButtonWithImagePanel/5[javax.swing.ButtonGroup,java.awt.event.ActionListener,java.lang.String,int,int]",onclickListener,1
D:\Project\Detection\Paint-master\Paint-master\src\window\SaveImageWindow.java,window.SaveImageWindow$CancelButtonListener,actionPerformed/1[java.awt.event.ActionEvent],e,0
D:\Project\Detection\Paint-master\Paint-master\src\view\ColorButtonsPanel.java,view.ColorButtonsPanel$Anonymous1,setColor/1[java.awt.Color],c,2
D:\Project\Detection\Paint-master\Paint-master\src\window\CustomColorWindow.java,window.CustomColorWindow,createArrowGroupsPanel/0,colorComponentIndex,3
D:\Project\Detection\Paint-master\Paint-master\src\window\CustomColorWindow.java,window.CustomColorWindow,createArrowGroupsPanel/0,content,2
D:\Project\Detection\Paint-master\Paint-master\src\window\CustomColorWindow.java,window.CustomColorWindow,changeBackGround/0,delta,2
D:\Project\Detection\Paint-master\Paint-master\src\window\CustomColorWindow.java,window.CustomColorWindow,CustomColorWindow/1[view.ColorButtonsPanel],cbp,1
D:\Project\Detection\Paint-master\Paint-master\src\window\CustomColorWindow.java,window.CustomColorWindow,CustomColorWindow/1[view.ColorButtonsPanel],addColorButton,2
D:\Project\Detection\Paint-master\Paint-master\src\window\CustomColorWindow.java,window.CustomColorWindow,CustomColorWindow/1[view.ColorButtonsPanel],arrowGroups,2
D:\Project\Detection\Paint-master\Paint-master\src\window\CustomColorWindow.java,window.CustomColorWindow,CustomColorWindow/1[view.ColorButtonsPanel],buttonsAtBottom,3
D:\Project\Detection\Paint-master\Paint-master\src\window\CustomColorWindow.java,window.CustomColorWindow,"rangeCheckAndAlter/2[int,int]",delta,3
D:\Project\Detection\Paint-master\Paint-master\src\window\CustomColorWindow.java,window.CustomColorWindow,"rangeCheckAndAlter/2[int,int]",i,4
D:\Project\Detection\Paint-master\Paint-master\src\window\CustomColorWindow.java,window.CustomColorWindow,sleep/0,e,1
D:\Project\Detection\Paint-master\Paint-master\src\window\CustomColorWindow.java,window.CustomColorWindow,setColorComponentIndex/1[int],colorComponentIndex,2
D:\Project\Detection\Paint-master\Paint-master\src\window\CustomColorWindow.java,window.CustomColorWindow,setCurrentArrowButtonType/1[window.CustomColorWindow.ArrowButtonType],currentArrowButtonType,2
D:\Project\Detection\Paint-master\Paint-master\src\window\CustomColorWindow.java,window.CustomColorWindow,createArrowGroupWithLabel/1[int],d,4
D:\Project\Detection\Paint-master\Paint-master\src\window\CustomColorWindow.java,window.CustomColorWindow,createArrowGroupWithLabel/1[int],colorComponentIndex,5
D:\Project\Detection\Paint-master\Paint-master\src\window\CustomColorWindow.java,window.CustomColorWindow,createArrowGroupWithLabel/1[int],arrowButtons,3
D:\Project\Detection\Paint-master\Paint-master\src\window\CustomColorWindow.java,window.CustomColorWindow,createArrowGroupWithLabel/1[int],content,4
D:\Project\Detection\Paint-master\Paint-master\src\window\CustomColorWindow.java,window.CustomColorWindow,createArrowGroupWithLabel/1[int],buttonTypes,4
D:\Project\Detection\Paint-master\Paint-master\src\window\CustomColorWindow.java,window.CustomColorWindow,createArrowGroupWithLabel/1[int],arrowButton,2
D:\Project\Detection\Paint-master\Paint-master\src\view\CanvasButtonPanel.java,view.CanvasButtonPanel,CanvasButtonPanel/1[model.Canvas],canvas,2
D:\Project\Detection\Paint-master\Paint-master\src\view\CanvasButtonPanel.java,view.CanvasButtonPanel,CanvasButtonPanel/1[model.Canvas],upperPortion,1
D:\Project\Detection\Paint-master\Paint-master\src\view\CanvasButtonPanel.java,view.CanvasButtonPanel,CanvasButtonPanel/1[model.Canvas],lowerPortion,1
D:\Project\Detection\Paint-master\Paint-master\src\view\DeleteDrawingButtonsPanel.java,view.DeleteDrawingButtonsPanel,DeleteDrawingButtonsPanel/1[model.Canvas],canvas,2
D:\Project\Detection\Paint-master\Paint-master\src\view\DeleteDrawingButtonsPanel.java,view.DeleteDrawingButtonsPanel,DeleteDrawingButtonsPanel/1[model.Canvas],undo,2
D:\Project\Detection\Paint-master\Paint-master\src\view\DeleteDrawingButtonsPanel.java,view.DeleteDrawingButtonsPanel,DeleteDrawingButtonsPanel/1[model.Canvas],clear,2
D:\Project\Detection\Paint-master\Paint-master\src\enums\ImageType.java,enums.ImageType,ImageType/1[java.lang.String],extension,2
D:\Project\Detection\Paint-master\Paint-master\src\controller\SaveImageListener.java,controller.SaveImageListener,SaveImageListener/1[model.Canvas],canvas,2
D:\Project\Detection\Paint-master\Paint-master\src\controller\SaveImageListener.java,controller.SaveImageListener,actionPerformed/1[java.awt.event.ActionEvent],a,1
D:\Project\Detection\Paint-master\Paint-master\src\controller\SaveImageListener.java,controller.SaveImageListener,actionPerformed/1[java.awt.event.ActionEvent],arg0,0
D:\Project\Detection\Paint-master\Paint-master\src\controller\ImageButtonListener.java,controller.ImageButtonListener,actionPerformed/1[java.awt.event.ActionEvent],e,0
D:\Project\Detection\Paint-master\Paint-master\src\controller\ImageButtonListener.java,controller.ImageButtonListener,ImageButtonListener/1[javax.swing.JRadioButton],radioButton,2
D:\Project\Detection\Paint-master\Paint-master\src\controller\ColorArrowButtonListener.java,controller.ColorArrowButtonListener,mouseReleased/1[java.awt.event.MouseEvent],arg0,0
D:\Project\Detection\Paint-master\Paint-master\src\controller\ColorArrowButtonListener.java,controller.ColorArrowButtonListener,"ColorArrowButtonListener/3[window.CustomColorWindow,int,window.CustomColorWindow.ArrowButtonType]",colorComponentIndex,2
D:\Project\Detection\Paint-master\Paint-master\src\controller\ColorArrowButtonListener.java,controller.ColorArrowButtonListener,"ColorArrowButtonListener/3[window.CustomColorWindow,int,window.CustomColorWindow.ArrowButtonType]",arrowType,2
D:\Project\Detection\Paint-master\Paint-master\src\controller\ColorArrowButtonListener.java,controller.ColorArrowButtonListener,"ColorArrowButtonListener/3[window.CustomColorWindow,int,window.CustomColorWindow.ArrowButtonType]",customColorWindow,2
D:\Project\Detection\Paint-master\Paint-master\src\controller\ColorArrowButtonListener.java,controller.ColorArrowButtonListener,mousePressed/1[java.awt.event.MouseEvent],arg0,0
D:\Project\Detection\Paint-master\Paint-master\src\controller\PopupMenuItemListener.java,controller.PopupMenuItemListener,"PopupMenuItemListener/6[view.MyPopupMenu,javax.swing.JButton,enums.RadioButtonType,int,model.Canvas,enums.ShapeType]",button,2
D:\Project\Detection\Paint-master\Paint-master\src\controller\PopupMenuItemListener.java,controller.PopupMenuItemListener,"PopupMenuItemListener/6[view.MyPopupMenu,javax.swing.JButton,enums.RadioButtonType,int,model.Canvas,enums.ShapeType]",brush,2
D:\Project\Detection\Paint-master\Paint-master\src\controller\PopupMenuItemListener.java,controller.PopupMenuItemListener,"PopupMenuItemListener/6[view.MyPopupMenu,javax.swing.JButton,enums.RadioButtonType,int,model.Canvas,enums.ShapeType]",shapeType,2
D:\Project\Detection\Paint-master\Paint-master\src\controller\PopupMenuItemListener.java,controller.PopupMenuItemListener,"PopupMenuItemListener/6[view.MyPopupMenu,javax.swing.JButton,enums.RadioButtonType,int,model.Canvas,enums.ShapeType]",canvas,2
D:\Project\Detection\Paint-master\Paint-master\src\controller\PopupMenuItemListener.java,controller.PopupMenuItemListener,"PopupMenuItemListener/6[view.MyPopupMenu,javax.swing.JButton,enums.RadioButtonType,int,model.Canvas,enums.ShapeType]",size,2
D:\Project\Detection\Paint-master\Paint-master\src\controller\PopupMenuItemListener.java,controller.PopupMenuItemListener,"PopupMenuItemListener/6[view.MyPopupMenu,javax.swing.JButton,enums.RadioButtonType,int,model.Canvas,enums.ShapeType]",popupMenu,2
D:\Project\Detection\Paint-master\Paint-master\src\controller\PopupMenuItemListener.java,controller.PopupMenuItemListener,actionPerformed/1[java.awt.event.ActionEvent],e,0
D:\Project\Detection\Paint-master\Paint-master\src\model\Canvas.java,model.Canvas,set_X/1[int],x2,1
D:\Project\Detection\Paint-master\Paint-master\src\model\Canvas.java,model.Canvas,setFill/1[boolean],s,1
D:\Project\Detection\Paint-master\Paint-master\src\model\Canvas.java,model.Canvas,"drawShape/9[java.awt.Graphics2D,enums.ShapeType,java.awt.Color,boolean,int,int,int,int,int]",color,1
D:\Project\Detection\Paint-master\Paint-master\src\model\Canvas.java,model.Canvas,"drawShape/9[java.awt.Graphics2D,enums.ShapeType,java.awt.Color,boolean,int,int,int,int,int]",thickness,2
D:\Project\Detection\Paint-master\Paint-master\src\model\Canvas.java,model.Canvas,"drawShape/9[java.awt.Graphics2D,enums.ShapeType,java.awt.Color,boolean,int,int,int,int,int]",g,8
D:\Project\Detection\Paint-master\Paint-master\src\model\Canvas.java,model.Canvas,"drawShape/9[java.awt.Graphics2D,enums.ShapeType,java.awt.Color,boolean,int,int,int,int,int]",x,7
D:\Project\Detection\Paint-master\Paint-master\src\model\Canvas.java,model.Canvas,"drawShape/9[java.awt.Graphics2D,enums.ShapeType,java.awt.Color,boolean,int,int,int,int,int]",width,7
D:\Project\Detection\Paint-master\Paint-master\src\model\Canvas.java,model.Canvas,"drawShape/9[java.awt.Graphics2D,enums.ShapeType,java.awt.Color,boolean,int,int,int,int,int]",y,7
D:\Project\Detection\Paint-master\Paint-master\src\model\Canvas.java,model.Canvas,"drawShape/9[java.awt.Graphics2D,enums.ShapeType,java.awt.Color,boolean,int,int,int,int,int]",filled,2
D:\Project\Detection\Paint-master\Paint-master\src\model\Canvas.java,model.Canvas,"drawShape/9[java.awt.Graphics2D,enums.ShapeType,java.awt.Color,boolean,int,int,int,int,int]",type,2
D:\Project\Detection\Paint-master\Paint-master\src\model\Canvas.java,model.Canvas,"drawShape/9[java.awt.Graphics2D,enums.ShapeType,java.awt.Color,boolean,int,int,int,int,int]",theta,2
D:\Project\Detection\Paint-master\Paint-master\src\model\Canvas.java,model.Canvas,"drawShape/9[java.awt.Graphics2D,enums.ShapeType,java.awt.Color,boolean,int,int,int,int,int]",height,7
D:\Project\Detection\Paint-master\Paint-master\src\model\Canvas.java,model.Canvas,setColor/1[java.awt.Color],color,1
D:\Project\Detection\Paint-master\Paint-master\src\model\Canvas.java,model.Canvas,set_Y/1[int],y2,1
D:\Project\Detection\Paint-master\Paint-master\src\model\Canvas.java,model.Canvas,deleteDrawings/1[int],b,2
D:\Project\Detection\Paint-master\Paint-master\src\model\Canvas.java,model.Canvas,deleteDrawings/1[int],timeInterval,1
D:\Project\Detection\Paint-master\Paint-master\src\model\Canvas.java,model.Canvas,deleteDrawings/1[int],i,3
D:\Project\Detection\Paint-master\Paint-master\src\model\Canvas.java,model.Canvas,deleteDrawings/1[int],time,1
D:\Project\Detection\Paint-master\Paint-master\src\model\Canvas.java,model.Canvas,setCurrentlySelectedRadioButtonType/1[enums.RadioButtonType],currentlySelectedRadioButtonType,2
D:\Project\Detection\Paint-master\Paint-master\src\model\Canvas.java,model.Canvas,setBackgroundImage/1[java.awt.image.BufferedImage],image,1
D:\Project\Detection\Paint-master\Paint-master\src\model\Canvas.java,model.Canvas,setItem/1[enums.ShapeType],shapeType,1
D:\Project\Detection\Paint-master\Paint-master\src\model\Canvas.java,model.Canvas,Canvas/0,canvasListener,2
D:\Project\Detection\Paint-master\Paint-master\src\model\Canvas.java,model.Canvas,set_X2/1[int],x2,2
D:\Project\Detection\Paint-master\Paint-master\src\model\Canvas.java,model.Canvas,drawShapes/1[java.awt.Graphics2D],iterator,3
D:\Project\Detection\Paint-master\Paint-master\src\model\Canvas.java,model.Canvas,drawShapes/1[java.awt.Graphics2D],color,2
D:\Project\Detection\Paint-master\Paint-master\src\model\Canvas.java,model.Canvas,drawShapes/1[java.awt.Graphics2D],g,2
D:\Project\Detection\Paint-master\Paint-master\src\model\Canvas.java,model.Canvas,drawShapes/1[java.awt.Graphics2D],currentShape,9
D:\Project\Detection\Paint-master\Paint-master\src\model\Canvas.java,model.Canvas,"calculateRotation/2[int,int]",d,2
D:\Project\Detection\Paint-master\Paint-master\src\model\Canvas.java,model.Canvas,"calculateRotation/2[int,int]",width,3
D:\Project\Detection\Paint-master\Paint-master\src\model\Canvas.java,model.Canvas,"calculateRotation/2[int,int]",radians,4
D:\Project\Detection\Paint-master\Paint-master\src\model\Canvas.java,model.Canvas,"calculateRotation/2[int,int]",height,2
D:\Project\Detection\Paint-master\Paint-master\src\model\Canvas.java,model.Canvas,set_Y2/1[int],y2,2
D:\Project\Detection\Paint-master\Paint-master\src\model\Canvas.java,model.Canvas,paint/1[java.awt.Graphics],brush,6
D:\Project\Detection\Paint-master\Paint-master\src\model\Canvas.java,model.Canvas,paint/1[java.awt.Graphics],a,1
D:\Project\Detection\Paint-master\Paint-master\src\model\Canvas.java,model.Canvas,paint/1[java.awt.Graphics],brushIterator,2
D:\Project\Detection\Paint-master\Paint-master\src\model\Canvas.java,model.Canvas,paint/1[java.awt.Graphics],g,4
D:\Project\Detection\Paint-master\Paint-master\src\model\Canvas.java,model.Canvas,paint/1[java.awt.Graphics],width,1
D:\Project\Detection\Paint-master\Paint-master\src\model\Canvas.java,model.Canvas,paint/1[java.awt.Graphics],height,1
D:\Project\Detection\Paint-master\Paint-master\src\model\Canvas.java,model.Canvas,"addDrawing/8[java.awt.Color,enums.ShapeType,boolean,int,int,int,int,int]",colorOfShape,1
D:\Project\Detection\Paint-master\Paint-master\src\model\Canvas.java,model.Canvas,"addDrawing/8[java.awt.Color,enums.ShapeType,boolean,int,int,int,int,int]",shapeType,1
D:\Project\Detection\Paint-master\Paint-master\src\model\Canvas.java,model.Canvas,"addDrawing/8[java.awt.Color,enums.ShapeType,boolean,int,int,int,int,int]",shape,1
D:\Project\Detection\Paint-master\Paint-master\src\model\Canvas.java,model.Canvas,"addDrawing/8[java.awt.Color,enums.ShapeType,boolean,int,int,int,int,int]",thickness,1
D:\Project\Detection\Paint-master\Paint-master\src\model\Canvas.java,model.Canvas,"addDrawing/8[java.awt.Color,enums.ShapeType,boolean,int,int,int,int,int]",e,0
D:\Project\Detection\Paint-master\Paint-master\src\model\Canvas.java,model.Canvas,"addDrawing/8[java.awt.Color,enums.ShapeType,boolean,int,int,int,int,int]",x,2
D:\Project\Detection\Paint-master\Paint-master\src\model\Canvas.java,model.Canvas,"addDrawing/8[java.awt.Color,enums.ShapeType,boolean,int,int,int,int,int]",y,2
D:\Project\Detection\Paint-master\Paint-master\src\model\Canvas.java,model.Canvas,"addDrawing/8[java.awt.Color,enums.ShapeType,boolean,int,int,int,int,int]",y2,1
D:\Project\Detection\Paint-master\Paint-master\src\model\Canvas.java,model.Canvas,"addDrawing/8[java.awt.Color,enums.ShapeType,boolean,int,int,int,int,int]",filled,1
D:\Project\Detection\Paint-master\Paint-master\src\model\Canvas.java,model.Canvas,"addDrawing/8[java.awt.Color,enums.ShapeType,boolean,int,int,int,int,int]",x2,1
D:\Project\Detection\Paint-master\Paint-master\src\controller\OpenPopupMenuListener.java,controller.OpenPopupMenuListener,"OpenPopupMenuListener/2[javax.swing.JPopupMenu,javax.swing.JButton]",button,2
D:\Project\Detection\Paint-master\Paint-master\src\controller\OpenPopupMenuListener.java,controller.OpenPopupMenuListener,"OpenPopupMenuListener/2[javax.swing.JPopupMenu,javax.swing.JButton]",popupMenu,2
D:\Project\Detection\Paint-master\Paint-master\src\controller\OpenPopupMenuListener.java,controller.OpenPopupMenuListener,mouseClicked/1[java.awt.event.MouseEvent],e,2
D:\Project\Detection\Paint-master\Paint-master\src\controller\OutputImageListener.java,controller.OutputImageListener,OutputImageListener/1[window.SaveImageWindow],saveImageWindow,2
D:\Project\Detection\Paint-master\Paint-master\src\controller\OutputImageListener.java,controller.OutputImageListener,actionPerformed/1[java.awt.event.ActionEvent],fileName,2
D:\Project\Detection\Paint-master\Paint-master\src\controller\OutputImageListener.java,controller.OutputImageListener,actionPerformed/1[java.awt.event.ActionEvent],e,0
D:\Project\Detection\Paint-master\Paint-master\src\controller\OutputImageListener.java,controller.OutputImageListener,actionPerformed/1[java.awt.event.ActionEvent],imageType,2
D:\Project\Detection\Paint-master\Paint-master\src\view\LinePopupMenu.java,view.LinePopupMenu,"LinePopupMenu/2[model.Canvas,enums.RadioButtonType]",brush,1
D:\Project\Detection\Paint-master\Paint-master\src\view\LinePopupMenu.java,view.LinePopupMenu,"LinePopupMenu/2[model.Canvas,enums.RadioButtonType]",canvas,1
D:\Project\Detection\Paint-master\Paint-master\src\controller\OpenColorFrameListener.java,controller.OpenColorFrameListener,actionPerformed/1[java.awt.event.ActionEvent],e,0
D:\Project\Detection\Paint-master\Paint-master\src\controller\OpenColorFrameListener.java,controller.OpenColorFrameListener,OpenColorFrameListener/1[view.ColorButtonsPanel],cbp,2
D:\Project\Detection\Paint-master\Paint-master\src\util\MyUIManager.java,util.MyUIManager,revertLookAndFeel/0,e,1
D:\Project\Detection\Paint-master\Paint-master\src\util\MyUIManager.java,util.MyUIManager,changeLookAndFeel/1[util.MyUIManager.UITypes],e,1
D:\Project\Detection\Paint-master\Paint-master\src\util\MyUIManager.java,util.MyUIManager,changeLookAndFeel/1[util.MyUIManager.UITypes],lookAndFeelType,1
D:\Project\Detection\Paint-master\Paint-master\src\enums\RadioButtonType.java,enums.RadioButtonType,"RadioButtonType/2[enums.ShapeType,java.lang.String]",shapeType,2
D:\Project\Detection\Paint-master\Paint-master\src\enums\RadioButtonType.java,enums.RadioButtonType,"RadioButtonType/2[enums.ShapeType,java.lang.String]",fileName,2
D:\Project\Detection\Paint-master\Paint-master\src\enums\RadioButtonType.java,enums.RadioButtonType,RadioButtonType/1[java.lang.String],fileName,1
D:\Project\Detection\Paint-master\Paint-master\src\enums\ShapeType.java,enums.ShapeType,ShapeType/1[boolean],b,1
D:\Project\Detection\Paint-master\Paint-master\src\controller\FillModeListener.java,controller.FillModeListener,FillModeListener/1[model.Canvas],canvas,2
D:\Project\Detection\Paint-master\Paint-master\src\controller\FillModeListener.java,controller.FillModeListener,actionPerformed/1[java.awt.event.ActionEvent],arg0,0
D:\Project\Detection\Paint-master\Paint-master\src\util\ImageFromCanvasFactory.java,util.ImageFromCanvasFactory,outputImageToFile/0,file,1
D:\Project\Detection\Paint-master\Paint-master\src\util\ImageFromCanvasFactory.java,util.ImageFromCanvasFactory,outputImageToFile/0,e,1
D:\Project\Detection\Paint-master\Paint-master\src\util\ImageFromCanvasFactory.java,util.ImageFromCanvasFactory,outputImageToFile/0,graphicsContext,4
D:\Project\Detection\Paint-master\Paint-master\src\util\ImageFromCanvasFactory.java,util.ImageFromCanvasFactory,outputImageToFile/0,bufferedImage,2
D:\Project\Detection\Paint-master\Paint-master\src\util\ImageFromCanvasFactory.java,util.ImageFromCanvasFactory,"ImageFromCanvasFactory/5[java.lang.String,enums.ImageType,int,int,model.Canvas]",canvas,1
D:\Project\Detection\Paint-master\Paint-master\src\util\ImageFromCanvasFactory.java,util.ImageFromCanvasFactory,"ImageFromCanvasFactory/5[java.lang.String,enums.ImageType,int,int,model.Canvas]",name,2
D:\Project\Detection\Paint-master\Paint-master\src\util\ImageFromCanvasFactory.java,util.ImageFromCanvasFactory,"ImageFromCanvasFactory/5[java.lang.String,enums.ImageType,int,int,model.Canvas]",width,2
D:\Project\Detection\Paint-master\Paint-master\src\util\ImageFromCanvasFactory.java,util.ImageFromCanvasFactory,"ImageFromCanvasFactory/5[java.lang.String,enums.ImageType,int,int,model.Canvas]",type,2
D:\Project\Detection\Paint-master\Paint-master\src\util\ImageFromCanvasFactory.java,util.ImageFromCanvasFactory,"ImageFromCanvasFactory/5[java.lang.String,enums.ImageType,int,int,model.Canvas]",height,2
