file,class,type,cbo,cboModified,fanin,fanout,wmc,dit,noc,rfc,lcom,lcom*,tcc,lcc,totalMethodsQty,staticMethodsQty,publicMethodsQty,privateMethodsQty,protectedMethodsQty,defaultMethodsQty,visibleMethodsQty,abstractMethodsQty,finalMethodsQty,synchronizedMethodsQty,totalFieldsQty,staticFieldsQty,publicFieldsQty,privateFieldsQty,protectedFieldsQty,defaultFieldsQty,finalFieldsQty,synchronizedFieldsQty,nosi,loc,returnQty,loopQty,comparisonsQty,tryCatchQty,parenthesizedExpsQty,stringLiteralsQty,numbersQty,assignmentsQty,mathOperationsQty,variablesQty,maxNestedBlocksQty,anonymousClassesQty,innerClassesQty,lambdasQty,uniqueWordsQty,modifiers,logStatementsQty
D:\Project\laplaceDeteccaoDeBordas-master\laplaceDeteccaoDeBordas-master\Arquivos\openCVLibrary343\src\main\java\org\opencv\core\Algorithm.java,org.opencv.core.Algorithm,class,1,17,16,1,13,1,15,5,0,0.07692308,0.75,0.75,13,6,6,5,2,0,8,0,0,0,1,0,0,0,1,0,1,0,5,36,6,0,0,0,0,0,0,3,0,3,0,0,0,0,23,1,0
D:\Project\laplaceDeteccaoDeBordas-master\laplaceDeteccaoDeBordas-master\Arquivos\openCVLibrary343\src\main\java\org\opencv\imgcodecs\Imgcodecs.java,org.opencv.imgcodecs.Imgcodecs,class,5,7,2,5,18,1,0,11,153,1.0,0.0,0.0,18,18,9,9,0,0,9,0,0,0,1,1,1,0,0,0,1,0,11,58,9,0,0,0,1,0,76,89,2,89,0,0,0,0,53,1,0
D:\Project\laplaceDeteccaoDeBordas-master\laplaceDeteccaoDeBordas-master\Arquivos\openCVLibrary343\src\main\java\org\opencv\core\Rect.java,org.opencv.core.Rect,class,4,15,11,4,37,1,0,2,0,0.25,0.625,0.65,16,0,16,0,0,0,16,0,0,0,1,0,1,0,0,0,0,0,4,82,12,0,6,0,13,5,28,27,20,8,1,0,0,0,33,1,0
D:\Project\laplaceDeteccaoDeBordas-master\laplaceDeteccaoDeBordas-master\Arquivos\openCVLibrary343\src\main\java\org\opencv\ml\RTrees.java,org.opencv.ml.RTrees,class,5,6,1,5,26,4,0,13,325,0.0,0.0,0.0,26,16,12,12,2,0,14,0,0,0,0,0,0,0,0,0,0,0,15,67,12,0,0,0,0,0,0,7,0,7,0,0,0,0,36,1,0
D:\Project\laplaceDeteccaoDeBordas-master\laplaceDeteccaoDeBordas-master\Arquivos\openCVLibrary343\src\main\java\org\opencv\android\JavaCamera2View.java,org.opencv.android.JavaCamera2View$Anonymous1,anonymous,2,2,0,2,3,1,0,2,3,0.0,0.0,0.0,3,0,3,0,0,0,3,0,0,0,0,0,0,0,0,0,0,0,0,14,0,0,0,0,0,0,0,3,0,0,0,0,0,0,13,-1,0
D:\Project\laplaceDeteccaoDeBordas-master\laplaceDeteccaoDeBordas-master\Arquivos\openCVLibrary343\src\main\java\org\opencv\android\JavaCamera2View.java,org.opencv.android.JavaCamera2View$Anonymous2,anonymous,5,5,0,5,7,1,0,8,0,0.0,NaN,NaN,1,0,1,0,0,0,1,0,0,0,0,0,0,0,0,0,0,0,0,20,1,0,6,0,5,0,11,7,2,7,1,0,0,0,27,-1,0
D:\Project\laplaceDeteccaoDeBordas-master\laplaceDeteccaoDeBordas-master\Arquivos\openCVLibrary343\src\main\java\org\opencv\photo\CalibrateCRF.java,org.opencv.photo.CalibrateCRF,class,4,7,3,4,6,2,2,3,15,0.0,0.0,0.0,6,3,2,2,2,0,4,0,0,0,0,0,0,0,0,0,0,0,3,18,2,0,0,0,0,0,0,1,0,1,0,0,0,0,21,1,0
D:\Project\laplaceDeteccaoDeBordas-master\laplaceDeteccaoDeBordas-master\Arquivos\openCVLibrary343\src\main\java\org\opencv\core\Point3.java,org.opencv.core.Point3,class,3,7,4,3,20,1,0,2,0,0.18181819,0.6545454,0.6545454,11,0,11,0,0,0,11,0,0,0,1,0,1,0,0,0,0,0,3,62,8,0,5,0,7,4,21,21,24,7,1,0,0,0,25,1,0
D:\Project\laplaceDeteccaoDeBordas-master\laplaceDeteccaoDeBordas-master\Arquivos\openCVLibrary343\src\main\java\org\opencv\osgi\OpenCVNativeLoader.java,org.opencv.osgi.OpenCVNativeLoader,class,1,1,0,1,1,1,0,3,0,0.0,NaN,NaN,1,0,1,0,0,0,1,0,0,0,0,0,0,0,0,0,0,0,2,6,0,0,0,0,0,3,0,0,0,0,0,0,0,0,37,1,0
D:\Project\laplaceDeteccaoDeBordas-master\laplaceDeteccaoDeBordas-master\Arquivos\openCVLibrary343\src\main\java\org\opencv\android\CameraRenderer.java,org.opencv.android.CameraRenderer,class,6,8,2,6,41,2,0,24,0,0.33333334,0.5,0.5,4,0,1,0,2,1,4,0,0,3,3,1,1,2,0,0,1,0,1,144,2,4,12,4,0,31,14,36,13,19,5,0,0,0,74,1,0
D:\Project\laplaceDeteccaoDeBordas-master\laplaceDeteccaoDeBordas-master\Arquivos\openCVLibrary343\src\main\java\org\opencv\android\OpenCVLoader.java,org.opencv.android.OpenCVLoader,class,4,5,1,4,3,1,0,2,3,1.0,0.0,0.0,3,3,3,0,0,0,3,0,0,0,18,18,18,0,0,0,18,0,3,29,3,0,0,0,0,18,0,18,0,18,0,0,0,0,74,1,0
D:\Project\laplaceDeteccaoDeBordas-master\laplaceDeteccaoDeBordas-master\Arquivos\openCVLibrary343\src\main\java\org\opencv\core\TermCriteria.java,org.opencv.core.TermCriteria,class,2,15,13,2,17,1,0,2,0,0.625,0.53571427,0.53571427,8,0,8,0,0,0,8,0,0,0,6,3,6,0,0,0,3,0,3,55,6,0,5,0,7,4,22,21,10,10,1,0,0,0,60,1,0
D:\Project\laplaceDeteccaoDeBordas-master\laplaceDeteccaoDeBordas-master\Arquivos\openCVLibrary343\src\main\java\org\opencv\android\JavaCameraView.java,org.opencv.android.JavaCameraView$JavaCameraFrame,innerclass,3,3,0,3,6,1,0,3,6,0.75,0.8333333,1.0,4,0,4,0,0,0,4,0,0,0,4,0,0,4,0,0,0,0,2,25,2,0,2,0,0,1,4,4,0,4,2,0,0,0,28,2,0
D:\Project\laplaceDeteccaoDeBordas-master\laplaceDeteccaoDeBordas-master\Arquivos\openCVLibrary343\src\main\java\org\opencv\core\CvException.java,org.opencv.core.CvException,class,0,1,1,0,2,4,0,1,1,1.0,0.0,0.0,2,0,2,0,0,0,2,0,0,0,1,1,0,1,0,0,1,0,0,9,1,0,0,0,0,2,1,1,1,1,0,0,0,0,13,1,0
D:\Project\laplaceDeteccaoDeBordas-master\laplaceDeteccaoDeBordas-master\Arquivos\openCVLibrary343\src\main\java\org\opencv\ml\ANN_MLP_ANNEAL.java,org.opencv.ml.ANN_MLP_ANNEAL,class,2,3,1,2,20,4,0,9,190,0.0,0.0,0.0,20,10,9,9,2,0,11,0,0,0,0,0,0,0,0,0,0,0,9,52,9,0,0,0,0,0,0,4,0,4,0,0,0,0,31,1,0
D:\Project\laplaceDeteccaoDeBordas-master\laplaceDeteccaoDeBordas-master\Arquivos\openCVLibrary343\src\main\java\org\opencv\features2d\AKAZE.java,org.opencv.features2d.AKAZE,class,2,3,1,2,50,3,0,25,1225,0.98,0.0,0.0,50,33,24,24,2,0,26,0,0,0,1,1,1,0,0,0,1,0,32,128,24,0,0,0,0,0,4,20,0,20,0,0,0,0,67,1,0
D:\Project\laplaceDeteccaoDeBordas-master\laplaceDeteccaoDeBordas-master\Arquivos\openCVLibrary343\src\main\java\org\opencv\ml\EM.java,org.opencv.ml.EM,class,6,7,1,6,64,3,0,34,2016,0.984375,0.0,0.0,64,35,31,31,2,0,33,0,0,0,1,1,1,0,0,0,1,0,35,166,31,0,0,0,0,0,8,36,0,36,0,0,0,0,75,1,0
D:\Project\laplaceDeteccaoDeBordas-master\laplaceDeteccaoDeBordas-master\Arquivos\openCVLibrary343\build\generated\aidl_source_output_dir\debug\compileDebugAidl\out\org\opencv\engine\OpenCVEngineInterface.java,org.opencv.engine.OpenCVEngineInterface$Default,innerclass,2,2,0,2,5,1,0,0,10,0.0,0.0,0.0,5,0,5,0,0,0,5,0,0,0,0,0,0,0,0,0,0,0,0,17,5,0,0,0,0,0,1,0,0,0,0,0,0,0,53,9,0
D:\Project\laplaceDeteccaoDeBordas-master\laplaceDeteccaoDeBordas-master\Arquivos\openCVLibrary343\src\main\java\org\opencv\photo\MergeDebevec.java,org.opencv.photo.MergeDebevec,class,4,6,2,4,8,3,0,4,28,0.0,0.0,0.0,8,4,3,3,2,0,5,0,0,0,0,0,0,0,0,0,0,0,5,24,3,0,0,0,0,0,0,2,0,2,0,0,0,0,21,1,0
D:\Project\laplaceDeteccaoDeBordas-master\laplaceDeteccaoDeBordas-master\Arquivos\openCVLibrary343\src\main\java\org\opencv\ml\ParamGrid.java,org.opencv.ml.ParamGrid,class,1,3,2,1,25,1,0,12,60,0.36,0.3956044,0.3956044,25,16,12,11,2,0,14,0,0,0,1,0,0,0,1,0,1,0,15,66,12,0,0,0,0,0,0,8,0,8,0,0,0,0,28,1,0
D:\Project\laplaceDeteccaoDeBordas-master\laplaceDeteccaoDeBordas-master\Arquivos\openCVLibrary343\src\main\java\org\opencv\videoio\VideoWriter.java,org.opencv.videoio.VideoWriter,class,3,4,1,3,35,1,0,16,0,0.22857143,0.79532164,0.79532164,35,18,17,16,2,0,19,0,0,0,1,0,0,0,1,0,1,0,16,91,17,0,0,0,0,0,0,14,0,9,0,0,0,0,39,1,0
D:\Project\laplaceDeteccaoDeBordas-master\laplaceDeteccaoDeBordas-master\Arquivos\openCVLibrary343\src\main\java\org\opencv\core\Size.java,org.opencv.core.Size,class,3,22,19,3,20,1,0,2,0,0.18181819,0.6545454,0.6545454,11,0,11,0,0,0,11,0,0,0,1,0,1,0,0,0,0,0,2,55,8,0,4,0,5,1,16,15,8,6,1,0,0,0,24,1,0
D:\Project\laplaceDeteccaoDeBordas-master\laplaceDeteccaoDeBordas-master\Arquivos\openCVLibrary343\src\main\java\org\opencv\features2d\DescriptorMatcher.java,org.opencv.features2d.DescriptorMatcher,class,5,8,3,5,60,2,2,34,1770,0.9833334,0.0,0.0,60,32,29,29,2,0,31,0,0,0,1,1,1,0,0,0,1,0,52,201,29,0,0,0,0,0,6,36,0,36,0,0,0,0,76,1,0
D:\Project\laplaceDeteccaoDeBordas-master\laplaceDeteccaoDeBordas-master\Arquivos\openCVLibrary343\src\main\java\org\opencv\imgproc\LineSegmentDetector.java,org.opencv.imgproc.LineSegmentDetector,class,4,6,2,4,18,2,0,8,153,0.0,0.0,0.0,18,9,8,8,2,0,10,0,0,0,0,0,0,0,0,0,0,0,8,47,8,0,0,0,0,0,0,2,0,2,0,0,0,0,33,1,0
D:\Project\laplaceDeteccaoDeBordas-master\laplaceDeteccaoDeBordas-master\Arquivos\openCVLibrary343\build\generated\source\buildConfig\debug\org\opencv\BuildConfig.java,org.opencv.BuildConfig,class,0,0,0,0,0,1,0,1,0,NaN,-1.0,-1.0,0,0,0,0,0,0,0,0,0,0,7,7,7,0,0,0,7,0,1,9,0,0,0,0,0,6,1,7,0,7,0,0,0,0,31,17,0
D:\Project\laplaceDeteccaoDeBordas-master\laplaceDeteccaoDeBordas-master\Arquivos\app\src\main\java\com\example\laplacedeteccaodebordas\Main2Activity.java,com.example.laplacedeteccaodebordas.Main2Activity,class,15,17,2,15,5,2,0,28,3,0.6666667,0.0,0.0,3,0,2,0,1,0,3,0,0,0,2,0,0,2,0,0,0,0,7,56,1,0,1,1,1,1,13,24,4,22,2,0,0,0,60,1,0
D:\Project\laplaceDeteccaoDeBordas-master\laplaceDeteccaoDeBordas-master\Arquivos\openCVLibrary343\src\main\java\org\opencv\core\Core.java,org.opencv.core.Core,class,9,14,5,9,392,1,0,202,76245,0.99744236,0.0,0.0,391,391,193,198,0,0,193,0,0,0,8,8,7,1,0,0,8,0,205,1027,199,0,1,0,0,3,241,225,5,218,1,0,1,0,340,1,0
D:\Project\laplaceDeteccaoDeBordas-master\laplaceDeteccaoDeBordas-master\Arquivos\openCVLibrary343\src\main\java\org\opencv\video\SparsePyrLKOpticalFlow.java,org.opencv.video.SparsePyrLKOpticalFlow,class,5,6,1,5,36,3,0,18,630,0.0,0.0,0.0,36,24,17,17,2,0,19,0,0,0,0,0,0,0,0,0,0,0,23,92,17,0,0,0,0,0,0,11,0,11,0,0,0,0,44,1,0
D:\Project\laplaceDeteccaoDeBordas-master\laplaceDeteccaoDeBordas-master\Arquivos\openCVLibrary343\src\main\java\org\opencv\android\CameraBridgeViewBase.java,org.opencv.android.CameraBridgeViewBase$CvCameraViewListener,interface,1,1,0,1,3,1,0,0,3,0.0,0.0,0.0,3,0,3,0,0,0,3,0,0,0,0,0,0,0,0,0,0,0,0,5,0,0,0,0,0,0,0,0,0,0,0,0,0,0,61,1,0
D:\Project\laplaceDeteccaoDeBordas-master\laplaceDeteccaoDeBordas-master\Arquivos\openCVLibrary343\src\main\java\org\opencv\android\Utils.java,org.opencv.android.Utils,class,7,10,3,7,17,1,0,26,45,0.0,0.0,0.0,10,10,8,2,0,0,8,0,0,0,0,0,0,0,0,0,0,0,7,64,4,2,6,1,2,8,11,14,2,14,2,0,0,0,112,1,0
D:\Project\laplaceDeteccaoDeBordas-master\laplaceDeteccaoDeBordas-master\Arquivos\openCVLibrary343\src\main\java\org\opencv\core\MatOfRotatedRect.java,org.opencv.core.MatOfRotatedRect,class,8,9,1,8,20,2,0,13,25,0.6,0.22222222,0.22222222,10,1,9,0,1,0,10,0,0,0,2,2,0,2,0,0,2,0,3,59,5,2,3,0,0,2,23,18,11,12,1,0,0,0,36,1,0
D:\Project\laplaceDeteccaoDeBordas-master\laplaceDeteccaoDeBordas-master\Arquivos\openCVLibrary343\src\main\java\org\opencv\features2d\ORB.java,org.opencv.features2d.ORB,class,2,3,1,2,62,3,0,31,1891,0.983871,0.0,0.0,62,41,30,30,2,0,32,0,0,0,1,1,1,0,0,0,1,0,40,158,30,0,0,0,0,0,3,23,0,23,0,0,0,0,69,1,0
D:\Project\laplaceDeteccaoDeBordas-master\laplaceDeteccaoDeBordas-master\Arquivos\openCVLibrary343\src\main\java\org\opencv\photo\AlignExposures.java,org.opencv.photo.AlignExposures,class,4,6,2,4,6,2,1,3,15,0.0,0.0,0.0,6,3,2,2,2,0,4,0,0,0,0,0,0,0,0,0,0,0,4,19,2,0,0,0,0,0,0,2,0,2,0,0,0,0,20,1,0
D:\Project\laplaceDeteccaoDeBordas-master\laplaceDeteccaoDeBordas-master\Arquivos\openCVLibrary343\src\main\java\org\opencv\android\CameraGLSurfaceView.java,org.opencv.android.CameraGLSurfaceView,class,10,14,4,10,13,2,0,20,8,0.6666667,0.33333334,0.33333334,12,0,12,0,0,0,12,0,0,0,3,1,0,3,0,0,1,0,0,60,1,0,0,0,0,3,3,7,0,5,1,0,1,0,51,1,0
D:\Project\laplaceDeteccaoDeBordas-master\laplaceDeteccaoDeBordas-master\Arquivos\openCVLibrary343\src\main\java\org\opencv\core\Point.java,org.opencv.core.Point,class,3,21,18,3,17,1,0,3,3,0.3,0.46666667,0.46666667,10,0,10,0,0,0,10,0,0,0,1,0,1,0,0,0,0,0,2,52,8,0,4,0,5,3,14,13,10,6,1,0,0,0,25,1,0
D:\Project\laplaceDeteccaoDeBordas-master\laplaceDeteccaoDeBordas-master\Arquivos\openCVLibrary343\src\main\java\org\opencv\features2d\FlannBasedMatcher.java,org.opencv.features2d.FlannBasedMatcher,class,2,3,1,2,8,3,0,4,28,0.0,0.0,0.0,8,5,3,3,2,0,5,0,0,0,0,0,0,0,0,0,0,0,4,22,3,0,0,0,0,0,0,1,0,1,0,0,0,0,18,1,0
D:\Project\laplaceDeteccaoDeBordas-master\laplaceDeteccaoDeBordas-master\Arquivos\openCVLibrary343\src\main\java\org\opencv\core\MatOfFloat.java,org.opencv.core.MatOfFloat,class,5,12,7,5,23,2,0,14,25,0.55,0.22222222,0.22222222,10,1,9,0,1,0,10,0,0,0,2,2,0,2,0,0,2,0,3,52,6,2,5,0,0,3,16,13,3,11,1,0,0,0,36,1,0
D:\Project\laplaceDeteccaoDeBordas-master\laplaceDeteccaoDeBordas-master\Arquivos\openCVLibrary343\src\main\java\org\opencv\android\CameraBridgeViewBase.java,org.opencv.android.CameraBridgeViewBase$ListItemAccessor,interface,0,0,0,0,2,1,0,0,1,0.0,0.0,0.0,2,0,2,0,0,0,2,0,0,0,0,0,0,0,0,0,0,0,0,4,0,0,0,0,0,0,0,0,0,0,0,0,0,0,8,1,0
D:\Project\laplaceDeteccaoDeBordas-master\laplaceDeteccaoDeBordas-master\Arquivos\openCVLibrary343\src\main\java\org\opencv\dnn\Net.java,org.opencv.dnn.Net,class,10,12,2,10,83,1,0,42,0,0.051948052,0.9012821,0.9012821,77,39,38,37,2,0,40,0,0,0,1,0,0,0,1,0,1,0,42,222,38,0,6,0,0,0,22,38,0,31,1,0,0,0,93,1,0
D:\Project\laplaceDeteccaoDeBordas-master\laplaceDeteccaoDeBordas-master\Arquivos\openCVLibrary343\src\main\java\org\opencv\android\CameraBridgeViewBase.java,org.opencv.android.CameraBridgeViewBase$CvCameraViewFrame,interface,1,1,0,1,2,1,0,0,1,0.0,0.0,0.0,2,0,2,0,0,0,2,0,0,0,0,0,0,0,0,0,0,0,0,4,0,0,0,0,0,0,0,0,0,0,0,0,0,0,32,1,0
D:\Project\laplaceDeteccaoDeBordas-master\laplaceDeteccaoDeBordas-master\Arquivos\openCVLibrary343\src\main\java\org\opencv\core\Rect2d.java,org.opencv.core.Rect2d,class,4,7,3,4,37,1,0,2,0,0.25,0.625,0.65,16,0,16,0,0,0,16,0,0,0,1,0,1,0,0,0,0,0,4,82,12,0,6,0,13,5,28,27,20,8,1,0,0,0,33,1,0
D:\Project\laplaceDeteccaoDeBordas-master\laplaceDeteccaoDeBordas-master\Arquivos\openCVLibrary343\src\main\java\org\opencv\ml\ANN_MLP.java,org.opencv.ml.ANN_MLP,class,5,7,2,5,76,3,1,38,2850,0.9868421,0.0,0.0,76,40,37,37,2,0,39,0,0,0,1,1,1,0,0,0,1,0,39,193,37,0,0,0,0,0,11,28,0,28,0,0,0,0,80,1,0
D:\Project\laplaceDeteccaoDeBordas-master\laplaceDeteccaoDeBordas-master\Arquivos\openCVLibrary343\src\main\java\org\opencv\video\BackgroundSubtractor.java,org.opencv.video.BackgroundSubtractor,class,3,6,3,3,10,2,2,4,45,0.0,0.0,0.0,10,5,4,4,2,0,6,0,0,0,0,0,0,0,0,0,0,0,4,27,4,0,0,0,0,0,0,0,0,0,0,0,0,0,23,1,0
D:\Project\laplaceDeteccaoDeBordas-master\laplaceDeteccaoDeBordas-master\Arquivos\openCVLibrary343\src\main\java\org\opencv\ml\Ml.java,org.opencv.ml.Ml,class,0,0,0,0,0,1,0,0,0,NaN,-1.0,-1.0,0,0,0,0,0,0,0,0,0,0,1,1,1,0,0,0,1,0,0,3,0,0,0,0,0,0,7,7,0,7,0,0,0,0,19,1,0
D:\Project\laplaceDeteccaoDeBordas-master\laplaceDeteccaoDeBordas-master\Arquivos\openCVLibrary343\src\main\java\org\opencv\ml\StatModel.java,org.opencv.ml.StatModel,class,4,13,9,4,26,2,8,13,325,0.96153843,0.0,0.0,26,13,12,12,2,0,14,0,0,0,1,1,1,0,0,0,1,0,12,68,12,0,0,0,0,0,4,15,0,15,0,0,0,0,52,1,0
D:\Project\laplaceDeteccaoDeBordas-master\laplaceDeteccaoDeBordas-master\Arquivos\openCVLibrary343\src\main\java\org\opencv\core\MatOfInt4.java,org.opencv.core.MatOfInt4,class,5,7,2,5,23,2,0,14,25,0.55,0.22222222,0.22222222,10,1,9,0,1,0,10,0,0,0,2,2,0,2,0,0,2,0,3,52,6,2,5,0,0,3,16,13,3,11,1,0,0,0,37,1,0
D:\Project\laplaceDeteccaoDeBordas-master\laplaceDeteccaoDeBordas-master\Arquivos\openCVLibrary343\src\main\java\org\opencv\android\Camera2Renderer.java,org.opencv.android.Camera2Renderer,class,16,19,3,16,56,2,0,32,0,0.69,0.71428573,0.71428573,10,0,0,3,5,2,7,0,0,0,10,0,0,9,1,0,2,0,2,243,11,2,19,6,0,40,16,36,9,25,4,2,0,0,89,1,0
D:\Project\laplaceDeteccaoDeBordas-master\laplaceDeteccaoDeBordas-master\Arquivos\openCVLibrary343\build\generated\aidl_source_output_dir\debug\compileDebugAidl\out\org\opencv\engine\OpenCVEngineInterface.java,org.opencv.engine.OpenCVEngineInterface$Stub$Proxy,innerclass,4,4,0,4,16,1,0,13,0,0.5,0.71428573,0.71428573,7,0,6,0,0,1,7,0,0,0,2,1,1,1,0,0,0,0,8,92,10,0,5,4,1,0,5,17,0,18,2,0,0,0,71,10,0
D:\Project\laplaceDeteccaoDeBordas-master\laplaceDeteccaoDeBordas-master\Arquivos\openCVLibrary343\src\main\java\org\opencv\core\Range.java,org.opencv.core.Range,class,2,20,18,2,22,1,0,5,0,0.23076923,0.5769231,0.5769231,13,1,13,0,0,0,13,0,0,0,1,0,1,0,0,0,0,0,5,62,11,0,4,0,5,3,15,15,10,7,1,0,0,0,30,1,0
D:\Project\laplaceDeteccaoDeBordas-master\laplaceDeteccaoDeBordas-master\Arquivos\app\src\main\java\com\example\laplacedeteccaodebordas\MainActivity.java,com.example.laplacedeteccaodebordas.MainActivity,class,7,7,0,7,5,2,0,11,3,0.6666667,0.0,0.0,3,0,1,0,2,0,3,0,0,0,1,0,0,1,0,0,0,0,0,31,0,0,2,0,0,1,1,4,0,4,2,1,0,0,34,1,0
D:\Project\laplaceDeteccaoDeBordas-master\laplaceDeteccaoDeBordas-master\Arquivos\openCVLibrary343\src\main\java\org\opencv\calib3d\StereoBM.java,org.opencv.calib3d.StereoBM,class,4,5,1,4,42,3,0,21,861,0.97619045,0.0,0.0,42,24,20,20,2,0,22,0,0,0,1,1,1,0,0,0,1,0,23,108,20,0,0,0,0,0,2,13,0,13,0,0,0,0,59,1,0
D:\Project\laplaceDeteccaoDeBordas-master\laplaceDeteccaoDeBordas-master\Arquivos\openCVLibrary343\src\main\java\org\opencv\core\MatOfPoint2f.java,org.opencv.core.MatOfPoint2f,class,6,12,6,6,20,2,0,13,25,0.6,0.22222222,0.22222222,10,1,9,0,1,0,10,0,0,0,2,2,0,2,0,0,2,0,3,54,5,2,3,0,0,2,17,15,9,12,1,0,0,0,33,1,0
D:\Project\laplaceDeteccaoDeBordas-master\laplaceDeteccaoDeBordas-master\Arquivos\openCVLibrary343\src\main\java\org\opencv\features2d\KAZE.java,org.opencv.features2d.KAZE,class,2,3,1,2,44,3,0,22,946,0.97727275,0.0,0.0,44,29,21,21,2,0,23,0,0,0,1,1,1,0,0,0,1,0,28,113,21,0,0,0,0,0,4,18,0,18,0,0,0,0,59,1,0
D:\Project\laplaceDeteccaoDeBordas-master\laplaceDeteccaoDeBordas-master\Arquivos\openCVLibrary343\src\main\java\org\opencv\photo\Tonemap.java,org.opencv.photo.Tonemap,class,3,9,6,3,10,2,4,4,45,0.0,0.0,0.0,10,5,4,4,2,0,6,0,0,0,0,0,0,0,0,0,0,0,4,27,4,0,0,0,0,0,0,1,0,1,0,0,0,0,22,1,0
D:\Project\laplaceDeteccaoDeBordas-master\laplaceDeteccaoDeBordas-master\Arquivos\openCVLibrary343\src\main\java\org\opencv\photo\TonemapReinhard.java,org.opencv.photo.TonemapReinhard,class,2,4,2,2,16,3,0,7,120,0.0,0.0,0.0,16,8,7,7,2,0,9,0,0,0,0,0,0,0,0,0,0,0,7,42,7,0,0,0,0,0,0,3,0,3,0,0,0,0,25,1,0
D:\Project\laplaceDeteccaoDeBordas-master\laplaceDeteccaoDeBordas-master\Arquivos\openCVLibrary343\src\main\java\org\opencv\android\BaseLoaderCallback.java,org.opencv.android.BaseLoaderCallback$Anonymous7,anonymous,2,2,0,2,1,1,0,1,0,0.0,NaN,NaN,1,0,1,0,0,0,1,0,0,0,0,0,0,0,0,0,0,0,0,5,0,0,0,0,0,0,0,0,0,0,0,0,0,0,5,-1,0
D:\Project\laplaceDeteccaoDeBordas-master\laplaceDeteccaoDeBordas-master\Arquivos\openCVLibrary343\src\main\java\org\opencv\android\BaseLoaderCallback.java,org.opencv.android.BaseLoaderCallback$Anonymous6,anonymous,2,2,0,2,1,1,0,1,0,0.0,NaN,NaN,1,0,1,0,0,0,1,0,0,0,0,0,0,0,0,0,0,0,0,5,0,0,0,0,0,0,0,0,0,0,0,0,0,0,5,-1,0
D:\Project\laplaceDeteccaoDeBordas-master\laplaceDeteccaoDeBordas-master\Arquivos\openCVLibrary343\src\main\java\org\opencv\features2d\BOWTrainer.java,org.opencv.features2d.BOWTrainer,class,3,5,2,3,17,1,1,8,0,0.05882353,0.8,0.8,17,8,8,7,2,0,10,0,0,0,1,0,0,0,1,0,1,0,8,48,8,0,0,0,0,0,0,6,0,6,0,0,0,0,28,1,0
D:\Project\laplaceDeteccaoDeBordas-master\laplaceDeteccaoDeBordas-master\Arquivos\openCVLibrary343\src\main\java\org\opencv\android\BaseLoaderCallback.java,org.opencv.android.BaseLoaderCallback$Anonymous5,anonymous,2,2,0,2,1,1,0,1,0,0.0,NaN,NaN,1,0,1,0,0,0,1,0,0,0,0,0,0,0,0,0,0,0,0,5,0,0,0,0,0,0,0,0,0,0,0,0,0,0,5,-1,0
D:\Project\laplaceDeteccaoDeBordas-master\laplaceDeteccaoDeBordas-master\Arquivos\openCVLibrary343\src\main\java\org\opencv\android\BaseLoaderCallback.java,org.opencv.android.BaseLoaderCallback$Anonymous4,anonymous,2,2,0,2,1,1,0,1,0,0.0,NaN,NaN,1,0,1,0,0,0,1,0,0,0,0,0,0,0,0,0,0,0,0,5,0,0,0,0,0,0,0,0,0,0,0,0,0,0,5,-1,0
D:\Project\laplaceDeteccaoDeBordas-master\laplaceDeteccaoDeBordas-master\Arquivos\openCVLibrary343\src\main\java\org\opencv\features2d\BRISK.java,org.opencv.features2d.BRISK,class,5,6,1,5,30,3,0,15,435,0.0,0.0,0.0,30,27,14,14,2,0,16,0,0,0,0,0,0,0,0,0,0,0,26,95,14,0,0,0,0,0,0,31,0,31,0,0,0,0,52,1,0
D:\Project\laplaceDeteccaoDeBordas-master\laplaceDeteccaoDeBordas-master\Arquivos\openCVLibrary343\src\main\java\org\opencv\android\BaseLoaderCallback.java,org.opencv.android.BaseLoaderCallback$Anonymous3,anonymous,2,2,0,2,1,1,0,1,0,0.0,NaN,NaN,1,0,1,0,0,0,1,0,0,0,0,0,0,0,0,0,0,0,0,5,0,0,0,0,0,0,0,0,0,0,0,0,0,0,6,-1,0
D:\Project\laplaceDeteccaoDeBordas-master\laplaceDeteccaoDeBordas-master\Arquivos\openCVLibrary343\src\main\java\org\opencv\video\FarnebackOpticalFlow.java,org.opencv.video.FarnebackOpticalFlow,class,2,3,1,2,54,3,0,27,1431,0.0,0.0,0.0,54,36,26,26,2,0,28,0,0,0,0,0,0,0,0,0,0,0,35,137,26,0,0,0,0,0,0,17,0,17,0,0,0,0,47,1,0
D:\Project\laplaceDeteccaoDeBordas-master\laplaceDeteccaoDeBordas-master\Arquivos\app\src\test\java\com\example\laplacedeteccaodebordas\ExampleUnitTest.java,com.example.laplacedeteccaodebordas.ExampleUnitTest,class,1,1,0,1,1,1,0,1,0,0.0,NaN,NaN,1,0,1,0,0,0,1,0,0,0,0,0,0,0,0,0,0,0,0,5,0,0,0,0,0,0,3,0,1,0,0,0,0,0,22,1,0
D:\Project\laplaceDeteccaoDeBordas-master\laplaceDeteccaoDeBordas-master\Arquivos\openCVLibrary343\src\main\java\org\opencv\android\BaseLoaderCallback.java,org.opencv.android.BaseLoaderCallback$Anonymous2,anonymous,2,2,0,2,1,1,0,1,0,0.0,NaN,NaN,1,0,1,0,0,0,1,0,0,0,0,0,0,0,0,0,0,0,0,5,0,0,0,0,0,0,0,0,0,0,0,0,0,0,6,-1,0
D:\Project\laplaceDeteccaoDeBordas-master\laplaceDeteccaoDeBordas-master\Arquivos\openCVLibrary343\src\main\java\org\opencv\core\RotatedRect.java,org.opencv.core.RotatedRect,class,5,9,4,5,19,1,0,13,0,0.2,0.62222224,0.62222224,10,0,10,0,0,0,10,0,0,0,3,0,3,0,0,0,0,0,23,80,7,0,3,0,11,4,62,40,46,12,1,0,0,0,31,1,0
D:\Project\laplaceDeteccaoDeBordas-master\laplaceDeteccaoDeBordas-master\Arquivos\openCVLibrary343\src\main\java\org\opencv\android\BaseLoaderCallback.java,org.opencv.android.BaseLoaderCallback$Anonymous1,anonymous,2,2,0,2,1,1,0,1,0,0.0,NaN,NaN,1,0,1,0,0,0,1,0,0,0,0,0,0,0,0,0,0,0,0,5,0,0,0,0,0,0,0,0,0,0,0,0,0,0,6,-1,0
D:\Project\laplaceDeteccaoDeBordas-master\laplaceDeteccaoDeBordas-master\Arquivos\openCVLibrary343\src\main\java\org\opencv\photo\MergeRobertson.java,org.opencv.photo.MergeRobertson,class,4,6,2,4,8,3,0,4,28,0.0,0.0,0.0,8,4,3,3,2,0,5,0,0,0,0,0,0,0,0,0,0,0,5,24,3,0,0,0,0,0,0,2,0,2,0,0,0,0,21,1,0
D:\Project\laplaceDeteccaoDeBordas-master\laplaceDeteccaoDeBordas-master\Arquivos\openCVLibrary343\src\main\java\org\opencv\videoio\Videoio.java,org.opencv.videoio.Videoio,class,0,0,0,0,0,1,0,0,0,NaN,-1.0,-1.0,0,0,0,0,0,0,0,0,0,0,1,1,1,0,0,0,1,0,0,3,0,0,0,0,0,0,648,665,30,665,0,0,0,0,70,1,0
D:\Project\laplaceDeteccaoDeBordas-master\laplaceDeteccaoDeBordas-master\Arquivos\openCVLibrary343\src\main\java\org\opencv\ml\LogisticRegression.java,org.opencv.ml.LogisticRegression,class,5,6,1,5,42,3,0,21,861,0.97619045,0.0,0.0,42,24,20,20,2,0,22,0,0,0,1,1,1,0,0,0,1,0,23,108,20,0,0,0,0,0,5,18,0,18,0,0,0,0,62,1,0
D:\Project\laplaceDeteccaoDeBordas-master\laplaceDeteccaoDeBordas-master\Arquivos\openCVLibrary343\src\main\java\org\opencv\android\CameraGLRendererBase.java,org.opencv.android.CameraGLRendererBase,class,10,14,4,10,50,1,2,75,91,0.8965144,0.39215687,0.59477127,27,2,11,9,7,0,18,3,0,4,23,0,0,11,12,0,7,0,11,304,6,0,15,0,0,69,126,76,20,46,3,0,0,0,123,1025,0
D:\Project\laplaceDeteccaoDeBordas-master\laplaceDeteccaoDeBordas-master\Arquivos\openCVLibrary343\src\main\java\org\opencv\features2d\MSER.java,org.opencv.features2d.MSER,class,6,7,1,6,44,3,0,24,946,0.0,0.0,0.0,44,32,21,21,2,0,23,0,0,0,0,0,0,0,0,0,0,0,32,116,21,0,0,0,0,0,0,17,0,17,0,0,0,0,64,1,0
D:\Project\laplaceDeteccaoDeBordas-master\laplaceDeteccaoDeBordas-master\Arquivos\openCVLibrary343\src\main\java\org\opencv\video\SparseOpticalFlow.java,org.opencv.video.SparseOpticalFlow,class,3,5,2,3,8,2,1,3,28,0.0,0.0,0.0,8,4,3,3,2,0,5,0,0,0,0,0,0,0,0,0,0,0,3,22,3,0,0,0,0,0,0,0,0,0,0,0,0,0,20,1,0
D:\Project\laplaceDeteccaoDeBordas-master\laplaceDeteccaoDeBordas-master\Arquivos\openCVLibrary343\src\main\java\org\opencv\android\StaticHelper.java,org.opencv.android.StaticHelper,class,2,4,2,2,12,1,0,14,6,0.75,NaN,NaN,4,4,1,3,0,0,1,0,0,0,1,1,0,1,0,0,1,0,14,66,3,2,2,2,2,26,1,12,4,7,2,0,0,0,39,0,0
D:\Project\laplaceDeteccaoDeBordas-master\laplaceDeteccaoDeBordas-master\Arquivos\openCVLibrary343\src\main\java\org\opencv\videoio\VideoCapture.java,org.opencv.videoio.VideoCapture,class,2,3,1,2,37,1,0,17,0,0.13513513,0.9,0.9,37,18,18,17,2,0,20,0,0,0,1,0,0,0,1,0,1,0,17,96,18,0,0,0,0,0,0,16,0,12,0,0,0,0,39,1,0
D:\Project\laplaceDeteccaoDeBordas-master\laplaceDeteccaoDeBordas-master\Arquivos\openCVLibrary343\src\main\java\org\opencv\core\MatOfByte.java,org.opencv.core.MatOfByte,class,5,11,6,5,30,2,0,17,36,0.5833334,0.22727273,0.22727273,12,1,11,0,1,0,12,0,0,0,2,2,0,2,0,0,2,0,4,65,7,2,7,0,0,5,21,14,6,12,1,0,0,0,40,1,0
D:\Project\laplaceDeteccaoDeBordas-master\laplaceDeteccaoDeBordas-master\Arquivos\openCVLibrary343\src\main\java\org\opencv\video\DenseOpticalFlow.java,org.opencv.video.DenseOpticalFlow,class,3,6,3,3,8,2,2,3,28,0.0,0.0,0.0,8,4,3,3,2,0,5,0,0,0,0,0,0,0,0,0,0,0,3,22,3,0,0,0,0,0,0,0,0,0,0,0,0,0,20,1,0
D:\Project\laplaceDeteccaoDeBordas-master\laplaceDeteccaoDeBordas-master\Arquivos\openCVLibrary343\src\main\java\org\opencv\ml\SVM.java,org.opencv.ml.SVM,class,6,7,1,6,74,3,0,39,2701,0.98648655,0.0,0.0,74,40,36,36,2,0,38,0,0,0,1,1,1,0,0,0,1,0,39,188,36,0,0,0,0,0,18,43,0,43,0,0,0,0,86,1,0
D:\Project\laplaceDeteccaoDeBordas-master\laplaceDeteccaoDeBordas-master\Arquivos\openCVLibrary343\src\main\java\org\opencv\core\MatOfInt.java,org.opencv.core.MatOfInt,class,5,15,10,5,23,2,0,14,25,0.55,0.22222222,0.22222222,10,1,9,0,1,0,10,0,0,0,2,2,0,2,0,0,2,0,3,52,6,2,5,0,0,3,16,13,3,11,1,0,0,0,37,1,0
D:\Project\laplaceDeteccaoDeBordas-master\laplaceDeteccaoDeBordas-master\Arquivos\openCVLibrary343\src\main\java\org\opencv\android\BaseLoaderCallback.java,org.opencv.android.BaseLoaderCallback,class,7,11,4,7,10,1,0,11,6,0.75,1.0,1.0,4,0,3,0,0,1,4,0,0,0,2,1,0,1,1,0,1,0,0,118,0,0,0,0,1,22,0,7,1,7,1,7,0,0,67,1025,0
D:\Project\laplaceDeteccaoDeBordas-master\laplaceDeteccaoDeBordas-master\Arquivos\openCVLibrary343\src\main\java\org\opencv\core\MatOfPoint3f.java,org.opencv.core.MatOfPoint3f,class,6,9,3,6,20,2,0,13,25,0.6,0.22222222,0.22222222,10,1,9,0,1,0,10,0,0,0,2,2,0,2,0,0,2,0,3,55,5,2,3,0,0,2,19,16,13,12,1,0,0,0,33,1,0
D:\Project\laplaceDeteccaoDeBordas-master\laplaceDeteccaoDeBordas-master\Arquivos\openCVLibrary343\src\main\java\org\opencv\ml\TrainData.java,org.opencv.ml.TrainData,class,2,4,2,2,101,1,0,50,0,0.07920792,0.71342385,0.71342385,101,57,50,49,2,0,52,0,0,0,1,0,0,0,1,0,1,0,54,256,50,0,0,0,0,0,0,41,0,41,0,0,0,0,70,1,0
D:\Project\laplaceDeteccaoDeBordas-master\laplaceDeteccaoDeBordas-master\Arquivos\openCVLibrary343\src\main\java\org\opencv\objdetect\CascadeClassifier.java,org.opencv.objdetect.CascadeClassifier,class,7,8,1,7,59,1,0,28,0,0.084745765,0.8731183,0.8731183,59,30,29,28,2,0,31,0,0,0,1,0,0,0,1,0,1,0,28,190,29,0,0,0,0,0,0,48,0,46,0,0,0,0,64,1,0
D:\Project\laplaceDeteccaoDeBordas-master\laplaceDeteccaoDeBordas-master\Arquivos\openCVLibrary343\src\main\java\org\opencv\core\TickMeter.java,org.opencv.core.TickMeter,class,1,2,1,1,23,1,0,10,0,0.08695652,0.84615386,0.84615386,23,11,11,10,2,0,13,0,0,0,1,0,0,0,1,0,1,0,10,61,11,0,0,0,0,0,0,7,0,6,0,0,0,0,27,1,0
D:\Project\laplaceDeteccaoDeBordas-master\laplaceDeteccaoDeBordas-master\Arquivos\openCVLibrary343\src\main\java\org\opencv\ml\Boost.java,org.opencv.ml.Boost,class,2,3,1,2,22,4,0,11,231,0.95454544,0.0,0.0,22,14,10,10,2,0,12,0,0,0,1,1,1,0,0,0,1,0,13,58,10,0,0,0,0,0,4,10,0,10,0,0,0,0,42,1,0
D:\Project\laplaceDeteccaoDeBordas-master\laplaceDeteccaoDeBordas-master\Arquivos\openCVLibrary343\src\main\java\org\opencv\core\MatOfKeyPoint.java,org.opencv.core.MatOfKeyPoint,class,6,13,7,6,20,2,0,13,25,0.6,0.22222222,0.22222222,10,1,9,0,1,0,10,0,0,0,2,2,0,2,0,0,2,0,3,59,5,2,3,0,0,2,28,20,30,12,1,0,0,0,33,1,0
D:\Project\laplaceDeteccaoDeBordas-master\laplaceDeteccaoDeBordas-master\Arquivos\openCVLibrary343\src\main\java\org\opencv\android\JavaCamera2View.java,org.opencv.android.JavaCamera2View,class,19,21,2,19,49,3,0,33,0,0.71717167,0.4,0.4,9,0,2,3,3,1,6,0,0,0,11,1,0,11,0,0,2,0,3,283,12,2,21,6,8,33,16,42,11,28,4,3,1,0,131,1,0
D:\Project\laplaceDeteccaoDeBordas-master\laplaceDeteccaoDeBordas-master\Arquivos\openCVLibrary343\src\main\java\org\opencv\calib3d\Calib3d.java,org.opencv.calib3d.Calib3d,class,11,12,1,11,338,1,0,168,51681,1.0,0.0,0.0,322,322,161,161,0,0,161,0,0,0,1,1,1,0,0,0,1,0,239,1062,161,0,16,0,6,0,128,351,13,317,1,0,0,0,263,1,0
D:\Project\laplaceDeteccaoDeBordas-master\laplaceDeteccaoDeBordas-master\Arquivos\openCVLibrary343\src\main\java\org\opencv\core\MatOfRect2d.java,org.opencv.core.MatOfRect2d,class,6,7,1,6,20,2,0,13,25,0.6,0.22222222,0.22222222,10,1,9,0,1,0,10,0,0,0,2,2,0,2,0,0,2,0,3,56,5,2,3,0,0,2,21,17,17,12,1,0,0,0,33,1,0
D:\Project\laplaceDeteccaoDeBordas-master\laplaceDeteccaoDeBordas-master\Arquivos\openCVLibrary343\src\main\java\org\opencv\features2d\FastFeatureDetector.java,org.opencv.features2d.FastFeatureDetector,class,2,3,1,2,26,3,0,13,325,0.9615384,0.0,0.0,26,17,12,12,2,0,14,0,0,0,1,1,1,0,0,0,1,0,16,68,12,0,0,0,0,0,6,14,0,14,0,0,0,0,56,1,0
D:\Project\laplaceDeteccaoDeBordas-master\laplaceDeteccaoDeBordas-master\Arquivos\openCVLibrary343\src\main\java\org\opencv\features2d\GFTTDetector.java,org.opencv.features2d.GFTTDetector,class,2,3,1,2,50,3,0,25,1225,0.0,0.0,0.0,50,35,24,24,2,0,26,0,0,0,0,0,0,0,0,0,0,0,34,127,24,0,0,0,0,0,0,17,0,17,0,0,0,0,53,1,0
D:\Project\laplaceDeteccaoDeBordas-master\laplaceDeteccaoDeBordas-master\Arquivos\openCVLibrary343\src\main\java\org\opencv\android\JavaCameraView.java,org.opencv.android.JavaCameraView,class,17,18,1,17,52,3,0,46,1,0.6904762,0.3809524,0.47619048,7,0,3,0,4,0,7,0,0,0,12,2,0,10,2,0,2,0,5,264,4,3,19,5,7,36,23,50,16,25,6,0,3,0,136,1,0
D:\Project\laplaceDeteccaoDeBordas-master\laplaceDeteccaoDeBordas-master\Arquivos\openCVLibrary343\src\main\java\org\opencv\imgproc\CLAHE.java,org.opencv.imgproc.CLAHE,class,5,7,2,5,16,2,0,7,120,0.0,0.0,0.0,16,8,7,7,2,0,9,0,0,0,0,0,0,0,0,0,0,0,7,42,7,0,0,0,0,0,0,2,0,2,0,0,0,0,34,1,0
D:\Project\laplaceDeteccaoDeBordas-master\laplaceDeteccaoDeBordas-master\Arquivos\openCVLibrary343\src\main\java\org\opencv\android\CameraBridgeViewBase.java,org.opencv.android.CameraBridgeViewBase$CvCameraViewListenerAdapter,innerclass,4,4,0,4,7,1,0,6,10,0.8,0.7,1.0,5,0,5,0,0,0,5,0,0,0,2,0,0,2,0,0,0,0,0,31,1,0,0,0,0,1,0,6,0,3,1,0,0,0,35,4,0
D:\Project\laplaceDeteccaoDeBordas-master\laplaceDeteccaoDeBordas-master\Arquivos\openCVLibrary343\src\main\java\org\opencv\android\AsyncServiceHelper.java,org.opencv.android.AsyncServiceHelper,class,7,12,5,7,15,1,0,15,3,0.7666667,0.0,0.0,6,3,1,2,3,0,4,0,0,0,10,5,0,0,10,0,3,0,2,298,6,1,4,2,4,16,3,24,5,21,3,3,0,0,76,0,0
D:\Project\laplaceDeteccaoDeBordas-master\laplaceDeteccaoDeBordas-master\Arquivos\openCVLibrary343\src\main\java\org\opencv\android\AsyncServiceHelper.java,org.opencv.android.AsyncServiceHelper$Anonymous2,anonymous,2,2,0,2,4,1,0,4,6,0.75,0.0,0.0,4,0,4,0,0,0,4,0,0,0,1,0,0,1,0,0,0,0,1,20,1,0,0,0,0,5,0,3,1,2,0,0,0,0,33,-1,0
D:\Project\laplaceDeteccaoDeBordas-master\laplaceDeteccaoDeBordas-master\Arquivos\openCVLibrary343\src\main\java\org\opencv\android\AsyncServiceHelper.java,org.opencv.android.AsyncServiceHelper$Anonymous3,anonymous,8,8,0,8,10,1,0,16,1,0.0,0.0,0.0,2,0,2,0,0,0,2,0,0,0,0,0,0,0,0,0,0,0,4,155,2,1,3,1,2,19,1,11,4,6,5,2,0,0,62,-1,0
D:\Project\laplaceDeteccaoDeBordas-master\laplaceDeteccaoDeBordas-master\Arquivos\openCVLibrary343\src\main\java\org\opencv\imgproc\Imgproc.java,org.opencv.imgproc.Imgproc,class,20,24,4,20,635,1,0,312,185745,1.0,0.0,0.0,610,610,305,305,0,0,305,0,0,0,2,2,1,1,0,0,2,0,336,1652,305,0,25,0,15,1,664,592,6,568,1,0,0,0,435,1,0
D:\Project\laplaceDeteccaoDeBordas-master\laplaceDeteccaoDeBordas-master\Arquivos\openCVLibrary343\src\main\java\org\opencv\photo\AlignMTB.java,org.opencv.photo.AlignMTB,class,6,8,2,6,26,3,0,13,325,0.0,0.0,0.0,26,13,12,12,2,0,14,0,0,0,0,0,0,0,0,0,0,0,16,71,12,0,0,0,0,0,0,8,0,8,0,0,0,0,46,1,0
D:\Project\laplaceDeteccaoDeBordas-master\laplaceDeteccaoDeBordas-master\Arquivos\openCVLibrary343\src\main\java\org\opencv\core\DMatch.java,org.opencv.core.DMatch,class,1,4,3,1,6,1,0,0,0,0.35,0.6,0.6,5,0,5,0,0,0,5,0,0,0,4,0,4,0,0,0,0,0,0,27,2,0,0,0,0,5,3,8,1,4,0,0,0,0,24,1,0
D:\Project\laplaceDeteccaoDeBordas-master\laplaceDeteccaoDeBordas-master\Arquivos\openCVLibrary343\src\main\java\org\opencv\android\AsyncServiceHelper.java,org.opencv.android.AsyncServiceHelper$Anonymous1,anonymous,2,2,0,2,5,1,0,4,4,0.5,0.16666667,0.16666667,4,0,4,0,0,0,4,0,0,0,1,0,0,1,0,0,0,0,1,32,1,0,0,0,0,11,0,5,2,4,1,0,0,0,40,-1,0
D:\Project\laplaceDeteccaoDeBordas-master\laplaceDeteccaoDeBordas-master\Arquivos\openCVLibrary343\src\main\java\org\opencv\core\MatOfRect.java,org.opencv.core.MatOfRect,class,6,12,6,6,20,2,0,13,25,0.6,0.22222222,0.22222222,10,1,9,0,1,0,10,0,0,0,2,2,0,2,0,0,2,0,3,56,5,2,3,0,0,2,21,17,17,12,1,0,0,0,33,1,0
D:\Project\laplaceDeteccaoDeBordas-master\laplaceDeteccaoDeBordas-master\Arquivos\openCVLibrary343\src\main\java\org\opencv\features2d\BOWImgDescriptorExtractor.java,org.opencv.features2d.BOWImgDescriptorExtractor,class,3,4,1,3,15,1,0,6,0,0.06666667,0.7777778,0.7777778,15,7,7,6,2,0,9,0,0,0,1,0,0,0,1,0,1,0,6,42,7,0,0,0,0,0,0,5,0,5,0,0,0,0,36,1,0
D:\Project\laplaceDeteccaoDeBordas-master\laplaceDeteccaoDeBordas-master\Arquivos\openCVLibrary343\src\main\java\org\opencv\core\MatOfPoint.java,org.opencv.core.MatOfPoint,class,6,11,5,6,20,2,0,13,25,0.6,0.22222222,0.22222222,10,1,9,0,1,0,10,0,0,0,2,2,0,2,0,0,2,0,3,54,5,2,3,0,0,2,17,15,9,12,1,0,0,0,32,1,0
D:\Project\laplaceDeteccaoDeBordas-master\laplaceDeteccaoDeBordas-master\Arquivos\openCVLibrary343\src\main\java\org\opencv\photo\TonemapDrago.java,org.opencv.photo.TonemapDrago,class,2,4,2,2,12,3,0,5,66,0.0,0.0,0.0,12,6,5,5,2,0,7,0,0,0,0,0,0,0,0,0,0,0,5,32,5,0,0,0,0,0,0,2,0,2,0,0,0,0,21,1,0
D:\Project\laplaceDeteccaoDeBordas-master\laplaceDeteccaoDeBordas-master\Arquivos\openCVLibrary343\src\main\java\org\opencv\imgproc\Subdiv2D.java,org.opencv.imgproc.Subdiv2D,class,11,12,1,11,55,1,0,25,0,0.91399413,0.9230769,0.9230769,49,24,24,23,2,0,26,0,0,0,2,1,1,0,1,0,2,0,24,157,24,0,6,0,0,0,31,52,0,41,1,0,0,0,84,1,0
D:\Project\laplaceDeteccaoDeBordas-master\laplaceDeteccaoDeBordas-master\Arquivos\openCVLibrary343\src\main\java\org\opencv\dnn\Layer.java,org.opencv.dnn.Layer,class,4,6,2,4,22,2,0,13,231,0.0,0.0,0.0,22,11,10,10,2,0,12,0,0,0,0,0,0,0,0,0,0,0,20,74,10,0,0,0,0,0,0,15,0,15,0,0,0,0,33,1,0
D:\Project\laplaceDeteccaoDeBordas-master\laplaceDeteccaoDeBordas-master\Arquivos\openCVLibrary343\src\main\java\org\opencv\calib3d\StereoMatcher.java,org.opencv.calib3d.StereoMatcher,class,3,6,3,3,30,2,2,14,435,0.96666664,0.0,0.0,30,15,14,14,2,0,16,0,0,0,1,1,1,0,0,0,1,0,14,78,14,0,0,0,1,0,2,8,1,8,0,0,0,0,49,1,0
D:\Project\laplaceDeteccaoDeBordas-master\laplaceDeteccaoDeBordas-master\Arquivos\openCVLibrary343\src\main\java\org\opencv\android\InstallCallbackInterface.java,org.opencv.android.InstallCallbackInterface,interface,0,8,8,0,4,1,0,0,6,1.0,0.0,0.0,4,0,4,0,0,0,4,0,0,0,2,2,0,0,0,2,2,0,0,8,0,0,0,0,0,0,2,2,0,2,0,0,0,0,33,1,0
D:\Project\laplaceDeteccaoDeBordas-master\laplaceDeteccaoDeBordas-master\Arquivos\openCVLibrary343\src\main\java\org\opencv\video\BackgroundSubtractorKNN.java,org.opencv.video.BackgroundSubtractorKNN,class,2,4,2,2,32,3,0,15,496,0.0,0.0,0.0,32,16,15,15,2,0,17,0,0,0,0,0,0,0,0,0,0,0,15,82,15,0,0,0,0,0,0,7,0,7,0,0,0,0,36,1,0
D:\Project\laplaceDeteccaoDeBordas-master\laplaceDeteccaoDeBordas-master\Arquivos\openCVLibrary343\src\main\java\org\opencv\android\JavaCamera2View.java,org.opencv.android.JavaCamera2View$JavaCamera2Frame,innerclass,3,3,0,3,8,1,0,4,10,0.8,0.9,1.0,5,0,5,0,0,0,5,0,0,0,5,0,0,5,0,0,0,0,3,39,2,0,4,0,1,1,4,10,0,5,3,0,0,0,34,2,0
D:\Project\laplaceDeteccaoDeBordas-master\laplaceDeteccaoDeBordas-master\Arquivos\openCVLibrary343\build\generated\source\buildConfig\androidTest\debug\org\opencv\test\BuildConfig.java,org.opencv.test.BuildConfig,class,0,0,0,0,0,1,0,1,0,NaN,-1.0,-1.0,0,0,0,0,0,0,0,0,0,0,6,6,6,0,0,0,6,0,1,8,0,0,0,0,0,5,1,6,0,6,0,0,0,0,22,17,0
D:\Project\laplaceDeteccaoDeBordas-master\laplaceDeteccaoDeBordas-master\Arquivos\openCVLibrary343\src\main\java\org\opencv\objdetect\Objdetect.java,org.opencv.objdetect.Objdetect,class,4,5,1,4,4,1,0,2,6,1.0,0.0,0.0,4,4,2,2,0,0,2,0,0,0,1,1,1,0,0,0,1,0,2,17,2,0,0,0,0,0,4,8,0,8,0,0,0,0,36,1,0
D:\Project\laplaceDeteccaoDeBordas-master\laplaceDeteccaoDeBordas-master\Arquivos\openCVLibrary343\src\main\java\org\opencv\android\LoaderCallbackInterface.java,org.opencv.android.LoaderCallbackInterface,interface,1,9,8,1,2,1,0,0,1,1.0,0.0,0.0,2,0,2,0,0,0,2,0,0,0,5,5,0,0,0,5,5,0,0,9,0,0,0,0,0,0,5,5,0,5,0,0,0,0,68,1,0
D:\Project\laplaceDeteccaoDeBordas-master\laplaceDeteccaoDeBordas-master\Arquivos\openCVLibrary343\src\main\java\org\opencv\core\KeyPoint.java,org.opencv.core.KeyPoint,class,1,3,2,1,7,1,0,0,19,0.7142858,0.04761905,0.04761905,7,0,7,0,0,0,7,0,0,0,6,0,6,0,0,0,0,0,0,34,1,0,0,0,0,7,17,6,1,6,0,0,0,0,53,1,0
D:\Project\laplaceDeteccaoDeBordas-master\laplaceDeteccaoDeBordas-master\Arquivos\openCVLibrary343\src\main\java\org\opencv\ml\NormalBayesClassifier.java,org.opencv.ml.NormalBayesClassifier,class,3,4,1,3,14,3,0,7,91,0.0,0.0,0.0,14,10,6,6,2,0,8,0,0,0,0,0,0,0,0,0,0,0,9,37,6,0,0,0,0,0,0,5,0,5,0,0,0,0,30,1,0
D:\Project\laplaceDeteccaoDeBordas-master\laplaceDeteccaoDeBordas-master\Arquivos\openCVLibrary343\src\main\java\org\opencv\photo\MergeExposures.java,org.opencv.photo.MergeExposures,class,4,8,4,4,6,2,3,3,15,0.0,0.0,0.0,6,3,2,2,2,0,4,0,0,0,0,0,0,0,0,0,0,0,3,18,2,0,0,0,0,0,0,1,0,1,0,0,0,0,19,1,0
D:\Project\laplaceDeteccaoDeBordas-master\laplaceDeteccaoDeBordas-master\Arquivos\openCVLibrary343\build\generated\aidl_source_output_dir\debug\compileDebugAidl\out\org\opencv\engine\OpenCVEngineInterface.java,org.opencv.engine.OpenCVEngineInterface$Stub,innerclass,8,8,0,8,17,2,0,12,9,0.7666666,0.2,0.2,6,3,6,0,0,0,6,0,0,0,5,5,0,1,0,4,5,0,0,177,13,0,4,0,13,1,6,15,4,14,1,0,1,0,100,1033,0
D:\Project\laplaceDeteccaoDeBordas-master\laplaceDeteccaoDeBordas-master\Arquivos\openCVLibrary343\src\main\java\org\opencv\core\MatOfFloat4.java,org.opencv.core.MatOfFloat4,class,5,7,2,5,23,2,0,14,25,0.55,0.22222222,0.22222222,10,1,9,0,1,0,10,0,0,0,2,2,0,2,0,0,2,0,3,52,6,2,5,0,0,3,16,13,3,11,1,0,0,0,37,1,0
D:\Project\laplaceDeteccaoDeBordas-master\laplaceDeteccaoDeBordas-master\Arquivos\openCVLibrary343\src\main\java\org\opencv\core\MatOfFloat6.java,org.opencv.core.MatOfFloat6,class,5,7,2,5,23,2,0,14,25,0.55,0.22222222,0.22222222,10,1,9,0,1,0,10,0,0,0,2,2,0,2,0,0,2,0,3,52,6,2,5,0,0,3,16,13,3,11,1,0,0,0,37,1,0
D:\Project\laplaceDeteccaoDeBordas-master\laplaceDeteccaoDeBordas-master\Arquivos\openCVLibrary343\src\main\java\org\opencv\core\MatOfPoint3.java,org.opencv.core.MatOfPoint3,class,6,7,1,6,20,2,0,13,25,0.6,0.22222222,0.22222222,10,1,9,0,1,0,10,0,0,0,2,2,0,2,0,0,2,0,3,55,5,2,3,0,0,2,19,16,13,12,1,0,0,0,32,1,0
D:\Project\laplaceDeteccaoDeBordas-master\laplaceDeteccaoDeBordas-master\Arquivos\openCVLibrary343\src\main\java\org\opencv\core\Mat.java,org.opencv.core.Mat,class,12,95,83,12,225,1,16,93,0,0.20689656,0.8129479,0.8129479,174,89,91,82,1,0,92,0,0,0,1,0,1,0,0,0,1,0,127,498,90,0,51,0,11,52,46,79,35,66,1,0,0,0,128,1,0
D:\Project\laplaceDeteccaoDeBordas-master\laplaceDeteccaoDeBordas-master\Arquivos\openCVLibrary343\src\main\java\org\opencv\photo\Photo.java,org.opencv.photo.Photo,class,16,17,1,16,190,1,0,107,17955,1.0,0.0,0.0,190,190,95,95,0,0,95,0,0,0,2,2,1,1,0,0,2,0,149,503,95,0,0,0,0,0,10,72,0,72,0,0,0,0,130,1,0
D:\Project\laplaceDeteccaoDeBordas-master\laplaceDeteccaoDeBordas-master\Arquivos\openCVLibrary343\src\main\java\org\opencv\features2d\Params.java,org.opencv.features2d.Params,class,1,2,1,1,79,1,0,38,0,0.025316456,0.9512195,0.9512195,79,39,39,38,2,0,41,0,0,0,1,0,0,0,1,0,1,0,38,201,39,0,0,0,0,0,0,20,0,19,0,0,0,0,35,1,0
D:\Project\laplaceDeteccaoDeBordas-master\laplaceDeteccaoDeBordas-master\Arquivos\openCVLibrary343\src\main\java\org\opencv\ml\DTrees.java,org.opencv.ml.DTrees,class,3,6,3,3,46,3,2,23,1035,0.9782609,0.0,0.0,46,26,22,22,2,0,24,0,0,0,1,1,1,0,0,0,1,0,25,118,22,0,0,0,3,0,7,16,3,16,0,0,0,0,58,1,0
D:\Project\laplaceDeteccaoDeBordas-master\laplaceDeteccaoDeBordas-master\Arquivos\app\src\androidTest\java\com\example\laplacedeteccaodebordas\ExampleInstrumentedTest.java,com.example.laplacedeteccaodebordas.ExampleInstrumentedTest,class,4,4,0,4,1,1,0,4,0,0.0,NaN,NaN,1,0,1,0,0,0,1,0,0,0,0,0,0,0,0,0,0,0,0,6,0,0,0,0,0,1,0,1,0,1,0,0,0,0,19,1,0
D:\Project\laplaceDeteccaoDeBordas-master\laplaceDeteccaoDeBordas-master\Arquivos\openCVLibrary343\src\main\java\org\opencv\video\KalmanFilter.java,org.opencv.video.KalmanFilter,class,2,3,1,2,59,1,0,28,0,0.084745765,0.9354839,0.9354839,59,29,29,28,2,0,31,0,0,0,1,0,0,0,1,0,1,0,28,151,29,0,0,0,0,0,0,18,0,14,0,0,0,0,40,1,0
D:\Project\laplaceDeteccaoDeBordas-master\laplaceDeteccaoDeBordas-master\Arquivos\openCVLibrary343\src\main\java\org\opencv\android\AsyncServiceHelper.java,org.opencv.android.AsyncServiceHelper$Anonymous3$Anonymous5,anonymous,2,2,0,2,6,1,0,6,6,0.0,0.0,0.0,4,0,4,0,0,0,4,0,0,0,0,0,0,0,0,0,0,0,0,41,1,0,0,1,0,15,0,1,3,0,2,0,0,0,33,-1,0
D:\Project\laplaceDeteccaoDeBordas-master\laplaceDeteccaoDeBordas-master\Arquivos\openCVLibrary343\src\main\java\org\opencv\android\JavaCameraView.java,org.opencv.android.JavaCameraView$JavaCameraSizeAccessor,innerclass,2,2,0,2,2,1,0,0,1,0.0,0.0,0.0,2,0,2,0,0,0,2,0,0,0,0,0,0,0,0,0,0,0,0,10,2,0,0,0,0,0,0,2,0,2,0,0,0,0,12,9,0
D:\Project\laplaceDeteccaoDeBordas-master\laplaceDeteccaoDeBordas-master\Arquivos\openCVLibrary343\src\main\java\org\opencv\android\AsyncServiceHelper.java,org.opencv.android.AsyncServiceHelper$Anonymous3$Anonymous4,anonymous,2,2,0,2,6,1,0,6,6,0.0,0.0,0.0,4,0,4,0,0,0,4,0,0,0,0,0,0,0,0,0,0,0,0,44,1,0,0,1,0,16,0,1,3,0,2,0,0,0,36,-1,0
D:\Project\laplaceDeteccaoDeBordas-master\laplaceDeteccaoDeBordas-master\Arquivos\openCVLibrary343\src\main\java\org\opencv\objdetect\BaseCascadeClassifier.java,org.opencv.objdetect.BaseCascadeClassifier,class,2,3,1,2,4,2,0,1,6,0.0,0.0,0.0,4,2,1,1,2,0,3,0,0,0,0,0,0,0,0,0,0,0,1,12,1,0,0,0,0,0,0,0,0,0,0,0,0,0,14,1,0
D:\Project\laplaceDeteccaoDeBordas-master\laplaceDeteccaoDeBordas-master\Arquivos\openCVLibrary343\src\main\java\org\opencv\video\BackgroundSubtractorMOG2.java,org.opencv.video.BackgroundSubtractorMOG2,class,3,5,2,3,56,3,0,27,1540,0.0,0.0,0.0,56,28,27,27,2,0,29,0,0,0,0,0,0,0,0,0,0,0,27,142,27,0,0,0,0,0,0,12,0,12,0,0,0,0,50,1,0
D:\Project\laplaceDeteccaoDeBordas-master\laplaceDeteccaoDeBordas-master\Arquivos\openCVLibrary343\src\main\java\org\opencv\ml\SVMSGD.java,org.opencv.ml.SVMSGD,class,5,6,1,5,44,3,0,22,946,0.97727275,0.0,0.0,44,25,21,21,2,0,23,0,0,0,1,1,1,0,0,0,1,0,24,113,21,0,0,0,0,0,4,15,0,15,0,0,0,0,58,1,0
D:\Project\laplaceDeteccaoDeBordas-master\laplaceDeteccaoDeBordas-master\Arquivos\openCVLibrary343\src\main\java\org\opencv\utils\Converters.java,org.opencv.utils.Converters,class,19,45,26,19,185,1,0,77,1081,0.0,0.0,0.0,47,47,47,0,0,0,47,0,0,0,0,0,0,0,0,0,0,0,26,643,24,44,70,0,24,40,310,206,160,143,3,0,0,0,81,1,0
D:\Project\laplaceDeteccaoDeBordas-master\laplaceDeteccaoDeBordas-master\Arquivos\openCVLibrary343\src\main\java\org\opencv\features2d\DescriptorExtractor.java,org.opencv.features2d.DescriptorExtractor,class,4,5,1,4,22,1,0,16,0,0.9017858,0.6818182,0.6818182,21,11,10,9,2,0,12,0,0,0,3,2,1,1,1,0,3,0,14,67,10,0,1,0,1,0,9,25,7,25,0,0,0,0,56,1,0
D:\Project\laplaceDeteccaoDeBordas-master\laplaceDeteccaoDeBordas-master\Arquivos\openCVLibrary343\src\main\java\org\opencv\android\CameraBridgeViewBase.java,org.opencv.android.CameraBridgeViewBase$Anonymous1,anonymous,2,2,0,2,1,1,0,3,0,0.0,NaN,NaN,1,0,1,0,0,0,1,0,0,0,0,0,0,0,0,0,0,0,0,6,0,0,0,0,1,0,0,0,0,0,0,0,0,0,8,-1,0
D:\Project\laplaceDeteccaoDeBordas-master\laplaceDeteccaoDeBordas-master\Arquivos\openCVLibrary343\src\main\java\org\opencv\dnn\DictValue.java,org.opencv.dnn.DictValue,class,1,3,2,1,29,1,0,13,0,0.13793103,0.875,0.875,29,14,14,13,2,0,16,0,0,0,1,0,0,0,1,0,1,0,13,76,14,0,0,0,0,0,0,13,0,10,0,0,0,0,28,1,0
D:\Project\laplaceDeteccaoDeBordas-master\laplaceDeteccaoDeBordas-master\Arquivos\openCVLibrary343\src\main\java\org\opencv\features2d\BFMatcher.java,org.opencv.features2d.BFMatcher,class,2,3,1,2,16,3,0,8,120,0.0,0.0,0.0,16,11,7,7,2,0,9,0,0,0,0,0,0,0,0,0,0,0,10,42,7,0,0,0,0,0,0,3,0,3,0,0,0,0,24,1,0
D:\Project\laplaceDeteccaoDeBordas-master\laplaceDeteccaoDeBordas-master\Arquivos\openCVLibrary343\src\main\java\org\opencv\objdetect\HOGDescriptor.java,org.opencv.objdetect.HOGDescriptor,class,8,9,1,8,109,1,0,54,0,0.70642203,0.8948052,0.8948052,109,56,54,53,2,0,56,0,0,0,2,1,1,0,1,0,2,0,56,307,54,0,0,0,0,0,2,63,0,53,0,0,0,0,110,1,0
D:\Project\laplaceDeteccaoDeBordas-master\laplaceDeteccaoDeBordas-master\Arquivos\app\src\main\java\com\example\laplacedeteccaodebordas\MainActivity.java,com.example.laplacedeteccaodebordas.MainActivity$Anonymous1,anonymous,2,2,0,2,1,1,0,2,0,0.0,NaN,NaN,1,0,1,0,0,0,1,0,0,0,0,0,0,0,0,0,0,0,0,6,0,0,0,0,0,1,1,1,0,1,0,0,0,0,11,-1,0
D:\Project\laplaceDeteccaoDeBordas-master\laplaceDeteccaoDeBordas-master\Arquivos\openCVLibrary343\src\main\java\org\opencv\dnn\Dnn.java,org.opencv.dnn.Dnn,class,10,11,1,10,84,1,0,45,3486,1.0,0.0,0.0,84,84,42,42,0,0,42,0,0,0,1,1,1,0,0,0,1,0,50,244,42,0,0,0,0,0,40,73,0,73,0,0,0,0,94,1,0
D:\Project\laplaceDeteccaoDeBordas-master\laplaceDeteccaoDeBordas-master\Arquivos\openCVLibrary343\src\main\java\org\opencv\android\JavaCameraView.java,org.opencv.android.JavaCameraView$CameraWorker,innerclass,2,2,0,2,9,1,0,5,0,0.0,NaN,NaN,1,0,1,0,0,0,1,0,0,0,0,0,0,0,0,0,0,0,0,27,0,2,0,1,0,1,3,4,3,1,4,0,0,0,21,2,0
D:\Project\laplaceDeteccaoDeBordas-master\laplaceDeteccaoDeBordas-master\Arquivos\openCVLibrary343\src\main\java\org\opencv\photo\TonemapDurand.java,org.opencv.photo.TonemapDurand,class,2,4,2,2,20,3,0,9,190,0.0,0.0,0.0,20,10,9,9,2,0,11,0,0,0,0,0,0,0,0,0,0,0,9,52,9,0,0,0,0,0,0,4,0,4,0,0,0,0,27,1,0
D:\Project\laplaceDeteccaoDeBordas-master\laplaceDeteccaoDeBordas-master\Arquivos\openCVLibrary343\src\main\java\org\opencv\core\Scalar.java,org.opencv.core.Scalar,class,2,9,7,2,28,1,0,5,0,0.13333334,0.74285716,0.74285716,15,1,15,0,0,0,15,0,0,0,1,0,1,0,0,0,0,0,2,65,12,0,7,0,1,5,54,18,7,4,2,0,0,0,29,1,0
D:\Project\laplaceDeteccaoDeBordas-master\laplaceDeteccaoDeBordas-master\Arquivos\openCVLibrary343\src\main\java\org\opencv\ml\KNearest.java,org.opencv.ml.KNearest,class,3,4,1,3,28,3,0,14,378,0.96428573,0.0,0.0,28,15,13,13,2,0,15,0,0,0,1,1,1,0,0,0,1,0,14,73,13,0,0,0,0,0,2,10,0,10,0,0,0,0,44,1,0
D:\Project\laplaceDeteccaoDeBordas-master\laplaceDeteccaoDeBordas-master\Arquivos\openCVLibrary343\src\main\java\org\opencv\photo\TonemapMantiuk.java,org.opencv.photo.TonemapMantiuk,class,2,4,2,2,12,3,0,5,66,0.0,0.0,0.0,12,6,5,5,2,0,7,0,0,0,0,0,0,0,0,0,0,0,5,32,5,0,0,0,0,0,0,2,0,2,0,0,0,0,21,1,0
D:\Project\laplaceDeteccaoDeBordas-master\laplaceDeteccaoDeBordas-master\Arquivos\openCVLibrary343\src\main\java\org\opencv\features2d\Feature2D.java,org.opencv.features2d.Feature2D,class,5,14,9,5,35,2,8,22,561,0.0,0.0,0.0,34,17,16,16,2,0,18,0,0,0,0,0,0,0,0,0,0,0,25,109,16,0,1,0,1,0,1,19,0,19,0,0,0,0,50,1,0
D:\Project\laplaceDeteccaoDeBordas-master\laplaceDeteccaoDeBordas-master\Arquivos\openCVLibrary343\src\main\java\org\opencv\android\Camera2Renderer.java,org.opencv.android.Camera2Renderer$Anonymous2,anonymous,1,1,0,1,3,1,0,6,1,0.0,0.0,0.0,2,0,2,0,0,0,2,0,0,0,0,0,0,0,0,0,0,0,0,19,0,0,0,1,0,3,0,1,0,0,1,0,0,0,14,-1,0
D:\Project\laplaceDeteccaoDeBordas-master\laplaceDeteccaoDeBordas-master\Arquivos\openCVLibrary343\src\main\java\org\opencv\android\FpsMeter.java,org.opencv.android.FpsMeter,class,4,7,3,4,8,1,0,10,0,0.54545456,0.6666667,1.0,4,0,4,0,0,0,4,0,0,0,11,3,0,7,0,4,3,0,5,47,0,0,3,0,1,6,8,19,6,13,3,0,0,0,41,1,0
D:\Project\laplaceDeteccaoDeBordas-master\laplaceDeteccaoDeBordas-master\Arquivos\openCVLibrary343\src\main\java\org\opencv\features2d\BOWKMeansTrainer.java,org.opencv.features2d.BOWKMeansTrainer,class,4,5,1,4,16,2,0,7,120,0.0,0.0,0.0,16,8,7,7,2,0,9,0,0,0,0,0,0,0,0,0,0,0,7,42,7,0,0,0,0,0,0,2,0,2,0,0,0,0,32,1,0
D:\Project\laplaceDeteccaoDeBordas-master\laplaceDeteccaoDeBordas-master\Arquivos\openCVLibrary343\src\main\java\org\opencv\photo\CalibrateRobertson.java,org.opencv.photo.CalibrateRobertson,class,3,5,2,3,14,3,0,6,91,0.0,0.0,0.0,14,7,6,6,2,0,8,0,0,0,0,0,0,0,0,0,0,0,6,37,6,0,0,0,0,0,0,3,0,3,0,0,0,0,28,1,0
D:\Project\laplaceDeteccaoDeBordas-master\laplaceDeteccaoDeBordas-master\Arquivos\openCVLibrary343\src\main\java\org\opencv\android\Camera2Renderer.java,org.opencv.android.Camera2Renderer$Anonymous1,anonymous,2,2,0,2,3,1,0,3,3,0.0,0.0,0.0,3,0,3,0,0,0,3,0,0,0,0,0,0,0,0,0,0,0,0,17,0,0,0,0,0,0,0,3,0,0,0,0,0,0,13,-1,0
D:\Project\laplaceDeteccaoDeBordas-master\laplaceDeteccaoDeBordas-master\Arquivos\openCVLibrary343\src\main\java\org\opencv\features2d\FeatureDetector.java,org.opencv.features2d.FeatureDetector,class,4,5,1,4,21,1,0,13,0,0.9368133,0.6818182,0.6818182,21,11,10,9,2,0,12,0,0,0,3,2,1,1,1,0,3,0,15,69,10,0,0,0,0,0,15,61,36,61,0,0,0,0,60,1,0
D:\Project\laplaceDeteccaoDeBordas-master\laplaceDeteccaoDeBordas-master\Arquivos\openCVLibrary343\src\main\java\org\opencv\imgproc\Moments.java,org.opencv.imgproc.Moments,class,2,4,2,2,66,1,0,4,1043,0.8996916,0.13556953,0.9266247,54,0,53,0,1,0,54,0,0,0,24,0,24,0,0,0,0,0,3,263,25,0,1,0,4,58,71,95,42,33,1,0,0,0,39,1,0
D:\Project\laplaceDeteccaoDeBordas-master\laplaceDeteccaoDeBordas-master\Arquivos\openCVLibrary343\src\main\java\org\opencv\photo\MergeMertens.java,org.opencv.photo.MergeMertens,class,4,6,2,4,20,3,0,10,190,0.0,0.0,0.0,20,10,9,9,2,0,11,0,0,0,0,0,0,0,0,0,0,0,11,54,9,0,0,0,0,0,0,5,0,5,0,0,0,0,34,1,0
D:\Project\laplaceDeteccaoDeBordas-master\laplaceDeteccaoDeBordas-master\Arquivos\openCVLibrary343\src\main\java\org\opencv\video\Video.java,org.opencv.video.Video,class,14,15,1,14,60,1,0,34,1653,1.0,0.0,0.0,58,58,29,29,0,0,29,0,0,0,2,2,1,1,0,0,2,0,43,202,29,0,2,0,0,0,19,70,0,62,1,0,0,0,109,1,0
D:\Project\laplaceDeteccaoDeBordas-master\laplaceDeteccaoDeBordas-master\Arquivos\openCVLibrary343\src\main\java\org\opencv\photo\CalibrateDebevec.java,org.opencv.photo.CalibrateDebevec,class,2,4,2,2,16,3,0,7,120,0.0,0.0,0.0,16,8,7,7,2,0,9,0,0,0,0,0,0,0,0,0,0,0,7,42,7,0,0,0,0,0,0,3,0,3,0,0,0,0,26,1,0
D:\Project\laplaceDeteccaoDeBordas-master\laplaceDeteccaoDeBordas-master\Arquivos\openCVLibrary343\src\main\java\org\opencv\features2d\Features2d.java,org.opencv.features2d.Features2d,class,7,8,1,7,50,1,0,22,630,1.0,0.0,0.0,36,36,18,18,0,0,18,0,0,0,1,1,1,0,0,0,1,0,32,161,18,0,14,0,14,0,109,71,0,71,0,0,0,0,59,1,0
D:\Project\laplaceDeteccaoDeBordas-master\laplaceDeteccaoDeBordas-master\Arquivos\openCVLibrary343\src\main\java\org\opencv\android\CameraBridgeViewBase.java,org.opencv.android.CameraBridgeViewBase$CvCameraViewListener2,interface,2,2,0,2,3,1,0,0,3,0.0,0.0,0.0,3,0,3,0,0,0,3,0,0,0,0,0,0,0,0,0,0,0,0,5,0,0,0,0,0,0,0,0,0,0,0,0,0,0,61,1,0
D:\Project\laplaceDeteccaoDeBordas-master\laplaceDeteccaoDeBordas-master\Arquivos\openCVLibrary343\src\main\java\org\opencv\android\JavaCamera2View.java,org.opencv.android.JavaCamera2View$Anonymous3,anonymous,1,1,0,1,4,1,0,5,1,0.0,0.0,0.0,2,0,2,0,0,0,2,0,0,0,0,0,0,0,0,0,0,0,0,21,1,0,1,1,0,4,0,1,0,0,1,0,0,0,15,-1,0
D:\Project\laplaceDeteccaoDeBordas-master\laplaceDeteccaoDeBordas-master\Arquivos\openCVLibrary343\src\main\java\org\opencv\android\CameraBridgeViewBase.java,org.opencv.android.CameraBridgeViewBase,class,21,26,5,21,60,2,2,46,213,0.9030099,0.16374269,0.7017544,26,0,14,7,5,0,19,2,0,0,23,9,5,9,9,0,10,0,2,291,1,1,14,1,14,14,28,57,33,38,3,1,5,0,264,1025,0
D:\Project\laplaceDeteccaoDeBordas-master\laplaceDeteccaoDeBordas-master\Arquivos\openCVLibrary343\src\main\java\org\opencv\core\MatOfDouble.java,org.opencv.core.MatOfDouble,class,5,11,6,5,23,2,0,14,25,0.55,0.22222222,0.22222222,10,1,9,0,1,0,10,0,0,0,2,2,0,2,0,0,2,0,3,52,6,2,5,0,0,3,16,13,3,11,1,0,0,0,36,1,0
D:\Project\laplaceDeteccaoDeBordas-master\laplaceDeteccaoDeBordas-master\Arquivos\openCVLibrary343\build\generated\aidl_source_output_dir\debug\compileDebugAidl\out\org\opencv\engine\OpenCVEngineInterface.java,org.opencv.engine.OpenCVEngineInterface,interface,3,11,8,3,4,2,0,0,6,0.0,0.0,0.0,4,0,4,0,0,0,4,0,0,0,0,0,0,0,0,0,0,0,0,200,0,0,0,0,0,0,0,0,0,0,0,0,2,0,54,1,0
D:\Project\laplaceDeteccaoDeBordas-master\laplaceDeteccaoDeBordas-master\Arquivos\openCVLibrary343\src\main\java\org\opencv\calib3d\StereoSGBM.java,org.opencv.calib3d.StereoSGBM,class,2,3,1,2,48,3,0,24,1128,0.9791667,0.0,0.0,48,36,23,23,2,0,25,0,0,0,1,1,1,0,0,0,1,0,35,123,23,0,0,0,0,0,4,21,0,21,0,0,0,0,64,1,0
D:\Project\laplaceDeteccaoDeBordas-master\laplaceDeteccaoDeBordas-master\Arquivos\openCVLibrary343\src\main\java\org\opencv\core\CvType.java,org.opencv.core.CvType,class,1,20,19,1,34,1,0,10,38,0.9447731,0.25641027,0.61538464,13,13,13,0,0,0,13,0,13,0,3,3,2,1,0,0,3,0,43,95,17,0,0,0,9,15,51,48,19,41,1,0,0,0,44,17,0
D:\Project\laplaceDeteccaoDeBordas-master\laplaceDeteccaoDeBordas-master\Arquivos\openCVLibrary343\src\main\java\org\opencv\android\CameraGLSurfaceView.java,org.opencv.android.CameraGLSurfaceView$CameraTextureListener,interface,0,0,0,0,3,1,0,0,3,0.0,0.0,0.0,3,0,3,0,0,0,3,0,0,0,0,0,0,0,0,0,0,0,0,5,0,0,0,0,0,0,0,0,0,0,0,0,0,0,63,1,0
D:\Project\laplaceDeteccaoDeBordas-master\laplaceDeteccaoDeBordas-master\Arquivos\openCVLibrary343\src\main\java\org\opencv\video\DualTVL1OpticalFlow.java,org.opencv.video.DualTVL1OpticalFlow,class,2,4,2,2,78,3,0,39,3003,0.0,0.0,0.0,78,52,38,38,2,0,40,0,0,0,0,0,0,0,0,0,0,0,51,197,38,0,0,0,0,0,0,25,0,25,0,0,0,0,65,1,0
D:\Project\laplaceDeteccaoDeBordas-master\laplaceDeteccaoDeBordas-master\Arquivos\openCVLibrary343\src\main\java\org\opencv\core\MatOfDMatch.java,org.opencv.core.MatOfDMatch,class,6,10,4,6,20,2,0,14,25,0.6,0.22222222,0.22222222,10,1,9,0,1,0,10,0,0,0,2,2,0,2,0,0,2,0,3,56,5,2,3,0,0,2,22,17,20,12,1,0,0,0,34,1,0
D:\Project\laplaceDeteccaoDeBordas-master\laplaceDeteccaoDeBordas-master\Arquivos\openCVLibrary343\src\main\java\org\opencv\osgi\OpenCVInterface.java,org.opencv.osgi.OpenCVInterface,interface,0,1,1,0,0,1,0,0,0,0.0,-1.0,-1.0,0,0,0,0,0,0,0,0,0,0,0,0,0,0,0,0,0,0,0,2,0,0,0,0,0,0,0,0,0,0,0,0,0,0,14,1,0
D:\Project\laplaceDeteccaoDeBordas-master\laplaceDeteccaoDeBordas-master\Arquivos\openCVLibrary343\src\main\java\org\opencv\features2d\AgastFeatureDetector.java,org.opencv.features2d.AgastFeatureDetector,class,2,3,1,2,26,3,0,13,325,0.9615384,0.0,0.0,26,17,12,12,2,0,14,0,0,0,1,1,1,0,0,0,1,0,16,68,12,0,0,0,0,0,6,14,0,14,0,0,0,0,56,1,0
D:\Project\laplaceDeteccaoDeBordas-master\laplaceDeteccaoDeBordas-master\Arquivos\openCVLibrary343\src\main\java\org\opencv\core\Core.java,org.opencv.core.Core$MinMaxLocResult,innerclass,1,1,0,1,1,1,0,0,0,0.0,NaN,NaN,1,0,1,0,0,0,1,0,0,0,4,0,4,0,0,0,0,0,0,12,0,0,0,0,0,0,2,4,0,4,0,0,0,0,8,9,0
