file,class,type,cbo,wmc,rfc,lcom
D:\Project\Common-PRML-master\Common-PRML-master\HW2\FeatureSelection\src\libsvm\svm.java,libsvm.QMatrix,class,2,3,0,3
D:\Project\Common-PRML-master\Common-PRML-master\HW2\FeatureSelection\src\libsvm\svm_problem.java,libsvm.svm_problem,class,2,0,0,0
D:\Project\Common-PRML-master\Common-PRML-master\HW2\FeatureSelection\src\select\FileIO.java,select.FileIO,class,6,44,30,43
D:\Project\Common-PRML-master\Common-PRML-master\HW2\FeatureSelection\src\svmapp\svm_train.java,svmapp.svm_train,class,9,51,33,12
D:\Project\Common-PRML-master\Common-PRML-master\HW2\FeatureSelection\src\libsvm\svm.java,libsvm.Cache$head_t,innerclass,2,0,0,0
D:\Project\Common-PRML-master\Common-PRML-master\HW2\FeatureSelection\src\libsvm\svm_print_interface.java,libsvm.svm_print_interface,interface,0,1,0,0
D:\Project\Common-PRML-master\Common-PRML-master\HW2\FeatureSelection\src\svmapp\svm_toy.java,svmapp.AppletFrame,class,0,1,7,0
D:\Project\Common-PRML-master\Common-PRML-master\HW2\FeatureSelection\src\libsvm\svm_model.java,libsvm.svm_model,class,4,0,0,0
D:\Project\Common-PRML-master\Common-PRML-master\HW2\FeatureSelection\src\libsvm\svm.java,libsvm.SVC_Q,class,7,9,5,0
D:\Project\Common-PRML-master\Common-PRML-master\HW2\FeatureSelection\src\svmapp\svm_toy.java,svmapp.AppletFrame$Anonymous7,anonymous,0,1,1,0
D:\Project\Common-PRML-master\Common-PRML-master\HW2\FeatureSelection\src\libsvm\svm.java,libsvm.Kernel,class,6,35,5,8
D:\Project\Common-PRML-master\Common-PRML-master\HW2\FeatureSelection\src\select\TrainAndTestByLibSVM.java,select.TrainAndTestByLibSVM,class,4,12,9,9
D:\Project\Common-PRML-master\Common-PRML-master\HW2\FeatureSelection\src\libsvm\svm.java,libsvm.Solver,class,8,126,21,0
D:\Project\Common-PRML-master\Common-PRML-master\HW2\FeatureSelection\src\libsvm\svm.java,libsvm.svm$decision_function,innerclass,1,0,0,0
D:\Project\Common-PRML-master\Common-PRML-master\HW2\FeatureSelection\src\svmapp\svm_scale.java,svmapp.svm_scale,class,2,55,27,15
D:\Project\Common-PRML-master\Common-PRML-master\HW2\FeatureSelection\src\libsvm\svm.java,libsvm.svm$Anonymous1,anonymous,0,1,2,0
D:\Project\Common-PRML-master\Common-PRML-master\HW2\FeatureSelection\src\libsvm\svm_parameter.java,libsvm.svm_parameter,class,2,2,1,0
D:\Project\Common-PRML-master\Common-PRML-master\HW2\FeatureSelection\src\select\SelectMethod.java,select.SelectMethod,class,6,78,28,66
D:\Project\Common-PRML-master\Common-PRML-master\HW2\FeatureSelection\src\libsvm\svm.java,libsvm.SVR_Q,class,8,11,2,0
D:\Project\Common-PRML-master\Common-PRML-master\HW2\FeatureSelection\src\select\Feature.java,select.Feature,class,8,74,42,0
D:\Project\Common-PRML-master\Common-PRML-master\HW2\FeatureSelection\src\svmapp\svm_toy.java,svmapp.svm_toy,class,10,68,54,52
D:\Project\Common-PRML-master\Common-PRML-master\HW2\FeatureSelection\src\svmapp\svm_train.java,svmapp.svm_train$Anonymous1,anonymous,0,1,0,0
D:\Project\Common-PRML-master\Common-PRML-master\HW2\FeatureSelection\src\libsvm\svm.java,libsvm.svm,class,18,332,52,518
D:\Project\Common-PRML-master\Common-PRML-master\HW2\FeatureSelection\src\select\Feature.java,select.Feature$AttriData,innerclass,0,1,0,0
D:\Project\Common-PRML-master\Common-PRML-master\HW2\FeatureSelection\src\svmapp\svm_predict.java,svmapp.svm_predict$Anonymous1,anonymous,0,1,0,0
D:\Project\Common-PRML-master\Common-PRML-master\HW2\FeatureSelection\src\select\ExtractMethod.java,select.ExtractMethod,class,8,22,28,4
D:\Project\Common-PRML-master\Common-PRML-master\HW2\FeatureSelection\src\svmapp\svm_predict.java,svmapp.svm_predict$Anonymous2,anonymous,0,1,1,0
D:\Project\Common-PRML-master\Common-PRML-master\HW2\FeatureSelection\src\svmapp\svm_predict.java,svmapp.svm_predict,class,7,31,27,11
D:\Project\Common-PRML-master\Common-PRML-master\HW3\Cluster\src\cluster\HierCluster.java,cluster.HierCluster,class,5,21,18,5
D:\Project\Common-PRML-master\Common-PRML-master\HW3\Cluster\src\file\PersonEntry.java,file.PersonEntry,class,2,8,2,0
D:\Project\Common-PRML-master\Common-PRML-master\HW2\FeatureSelection\src\libsvm\svm_node.java,libsvm.svm_node,class,0,0,0,0
D:\Project\Common-PRML-master\Common-PRML-master\HW2\FeatureSelection\src\libsvm\svm.java,libsvm.Cache,class,3,24,4,0
D:\Project\Common-PRML-master\Common-PRML-master\HW2\FeatureSelection\src\select\SelectMethod.java,select.SelectMethod$MaxInfo,innerclass,0,1,1,0
D:\Project\Common-PRML-master\Common-PRML-master\HW2\FeatureSelection\src\svmapp\svm_toy.java,svmapp.svm_toy$Anonymous2,anonymous,1,1,2,0
D:\Project\Common-PRML-master\Common-PRML-master\HW3\Cluster\src\file\FileIO.java,file.FileIO,class,5,28,23,7
D:\Project\Common-PRML-master\Common-PRML-master\HW2\FeatureSelection\src\svmapp\svm_toy.java,svmapp.svm_toy$Anonymous1,anonymous,1,1,2,0
D:\Project\Common-PRML-master\Common-PRML-master\HW2\FeatureSelection\src\select\Feature.java,select.Feature$Anonymous1,anonymous,1,2,1,0
D:\Project\Common-PRML-master\Common-PRML-master\HW3\Cluster\src\cluster\Cmeans.java,cluster.Cmeans,class,5,39,13,9
D:\Project\Common-PRML-master\Common-PRML-master\HW2\FeatureSelection\src\svmapp\svm_toy.java,svmapp.svm_toy$Anonymous6,anonymous,1,1,2,0
D:\Project\Common-PRML-master\Common-PRML-master\HW2\FeatureSelection\src\libsvm\svm.java,libsvm.Solver_NU,class,8,55,9,8
D:\Project\Common-PRML-master\Common-PRML-master\HW2\FeatureSelection\src\libsvm\svm.java,libsvm.ONE_CLASS_Q,class,6,8,4,0
D:\Project\Common-PRML-master\Common-PRML-master\HW2\FeatureSelection\src\svmapp\svm_toy.java,svmapp.svm_toy$Anonymous5,anonymous,1,1,1,0
D:\Project\Common-PRML-master\Common-PRML-master\HW2\FeatureSelection\src\svmapp\svm_toy.java,svmapp.svm_toy$Anonymous4,anonymous,1,1,2,0
D:\Project\Common-PRML-master\Common-PRML-master\HW2\FeatureSelection\src\libsvm\svm.java,libsvm.Solver$SolutionInfo,innerclass,0,0,0,0
D:\Project\Common-PRML-master\Common-PRML-master\HW2\FeatureSelection\src\svmapp\svm_toy.java,svmapp.svm_toy$Anonymous3,anonymous,1,1,1,0
D:\Project\Common-PRML-master\Common-PRML-master\HW2\FeatureSelection\src\svmapp\svm_toy.java,svmapp.svm_toy$point,innerclass,0,1,0,0
D:\Project\Common-PRML-master\Common-PRML-master\HW3\Cluster\src\cluster\Cluster.java,cluster.Cluster,class,2,12,4,0
,,,3.468085106,24.80851064,9.872340426,16.38297872
