file,class,method,variable,usage
D:\Project\Common-PRML-master\Common-PRML-master\HW2\FeatureSelection\src\select\FileIO.java,select.FileIO,"writeExtractTrainAttriForSVM/2[select.Matrix,int[]]",trainData,3
D:\Project\Common-PRML-master\Common-PRML-master\HW2\FeatureSelection\src\select\FileIO.java,select.FileIO,"writeExtractTrainAttriForSVM/2[select.Matrix,int[]]",trainExport,1
D:\Project\Common-PRML-master\Common-PRML-master\HW2\FeatureSelection\src\select\FileIO.java,select.FileIO,writeTrainAttriForSVM/0,attriNum,1
D:\Project\Common-PRML-master\Common-PRML-master\HW2\FeatureSelection\src\select\FileIO.java,select.FileIO,writeTrainAttriForSVM/0,trainData,3
D:\Project\Common-PRML-master\Common-PRML-master\HW2\FeatureSelection\src\select\FileIO.java,select.FileIO,writeTrainAttriForSVM/0,beUsed,1
D:\Project\Common-PRML-master\Common-PRML-master\HW2\FeatureSelection\src\select\FileIO.java,select.FileIO,writeTrainAttriForSVM/0,trainExport,1
D:\Project\Common-PRML-master\Common-PRML-master\HW2\FeatureSelection\src\select\FileIO.java,select.FileIO,FileIO/0,attriNum,1
D:\Project\Common-PRML-master\Common-PRML-master\HW2\FeatureSelection\src\select\FileIO.java,select.FileIO,FileIO/0,beUsed,1
D:\Project\Common-PRML-master\Common-PRML-master\HW2\FeatureSelection\src\select\FileIO.java,select.FileIO,setAllUsed/1[boolean],attriNum,1
D:\Project\Common-PRML-master\Common-PRML-master\HW2\FeatureSelection\src\select\FileIO.java,select.FileIO,setAllUsed/1[boolean],beUsed,1
D:\Project\Common-PRML-master\Common-PRML-master\HW2\FeatureSelection\src\select\FileIO.java,select.FileIO,readTrainFile/0,trainData,2
D:\Project\Common-PRML-master\Common-PRML-master\HW2\FeatureSelection\src\select\FileIO.java,select.FileIO,readTrainFile/0,trainTxt,1
D:\Project\Common-PRML-master\Common-PRML-master\HW2\FeatureSelection\src\select\FileIO.java,select.FileIO,"writeExtractTestAttriForSVM/2[select.Matrix,int[]]",testData,3
D:\Project\Common-PRML-master\Common-PRML-master\HW2\FeatureSelection\src\select\FileIO.java,select.FileIO,"writeExtractTestAttriForSVM/2[select.Matrix,int[]]",testExport,1
D:\Project\Common-PRML-master\Common-PRML-master\HW2\FeatureSelection\src\select\FileIO.java,select.FileIO,countUsed/0,fileIO,2
D:\Project\Common-PRML-master\Common-PRML-master\HW2\FeatureSelection\src\select\FileIO.java,select.FileIO,readTestFile/0,testData,2
D:\Project\Common-PRML-master\Common-PRML-master\HW2\FeatureSelection\src\select\FileIO.java,select.FileIO,readTestFile/0,testTxt,1
D:\Project\Common-PRML-master\Common-PRML-master\HW2\FeatureSelection\src\select\FileIO.java,select.FileIO,getInstance/0,fileIO,3
D:\Project\Common-PRML-master\Common-PRML-master\HW2\FeatureSelection\src\select\FileIO.java,select.FileIO,writeTestAttriForSVM/0,attriNum,1
D:\Project\Common-PRML-master\Common-PRML-master\HW2\FeatureSelection\src\select\FileIO.java,select.FileIO,writeTestAttriForSVM/0,testData,3
D:\Project\Common-PRML-master\Common-PRML-master\HW2\FeatureSelection\src\select\FileIO.java,select.FileIO,writeTestAttriForSVM/0,beUsed,1
D:\Project\Common-PRML-master\Common-PRML-master\HW2\FeatureSelection\src\select\FileIO.java,select.FileIO,writeTestAttriForSVM/0,testExport,1
D:\Project\Common-PRML-master\Common-PRML-master\HW2\FeatureSelection\src\svmapp\svm_train.java,svmapp.svm_train,main/1[java.lang.String[]],model_file_name,1
D:\Project\Common-PRML-master\Common-PRML-master\HW2\FeatureSelection\src\svmapp\svm_train.java,svmapp.svm_train,parse_command_line/1[java.lang.String[]],input_file_name,1
D:\Project\Common-PRML-master\Common-PRML-master\HW2\FeatureSelection\src\svmapp\svm_train.java,svmapp.svm_train,parse_command_line/1[java.lang.String[]],svm_print_null,1
D:\Project\Common-PRML-master\Common-PRML-master\HW2\FeatureSelection\src\svmapp\svm_train.java,svmapp.svm_train,parse_command_line/1[java.lang.String[]],param,1
D:\Project\Common-PRML-master\Common-PRML-master\HW2\FeatureSelection\src\svmapp\svm_train.java,svmapp.svm_train,parse_command_line/1[java.lang.String[]],model_file_name,2
D:\Project\Common-PRML-master\Common-PRML-master\HW2\FeatureSelection\src\svmapp\svm_train.java,svmapp.svm_train,parse_command_line/1[java.lang.String[]],nr_fold,2
D:\Project\Common-PRML-master\Common-PRML-master\HW2\FeatureSelection\src\svmapp\svm_train.java,svmapp.svm_train,parse_command_line/1[java.lang.String[]],cross_validation,2
D:\Project\Common-PRML-master\Common-PRML-master\HW2\FeatureSelection\src\svmapp\svm_train.java,svmapp.svm_train,do_cross_validation/0,prob,1
D:\Project\Common-PRML-master\Common-PRML-master\HW2\FeatureSelection\src\svmapp\svm_train.java,svmapp.svm_train,do_cross_validation/0,param,1
D:\Project\Common-PRML-master\Common-PRML-master\HW2\FeatureSelection\src\svmapp\svm_train.java,svmapp.svm_train,do_cross_validation/0,nr_fold,1
D:\Project\Common-PRML-master\Common-PRML-master\HW2\FeatureSelection\src\svmapp\svm_train.java,svmapp.svm_train,run/1[java.lang.String[]],prob,2
D:\Project\Common-PRML-master\Common-PRML-master\HW2\FeatureSelection\src\svmapp\svm_train.java,svmapp.svm_train,run/1[java.lang.String[]],error_msg,3
D:\Project\Common-PRML-master\Common-PRML-master\HW2\FeatureSelection\src\svmapp\svm_train.java,svmapp.svm_train,run/1[java.lang.String[]],param,2
D:\Project\Common-PRML-master\Common-PRML-master\HW2\FeatureSelection\src\svmapp\svm_train.java,svmapp.svm_train,run/1[java.lang.String[]],model_file_name,1
D:\Project\Common-PRML-master\Common-PRML-master\HW2\FeatureSelection\src\svmapp\svm_train.java,svmapp.svm_train,run/1[java.lang.String[]],model,2
D:\Project\Common-PRML-master\Common-PRML-master\HW2\FeatureSelection\src\svmapp\svm_train.java,svmapp.svm_train,run/1[java.lang.String[]],cross_validation,1
D:\Project\Common-PRML-master\Common-PRML-master\HW2\FeatureSelection\src\svmapp\svm_train.java,svmapp.svm_train,read_problem/0,input_file_name,1
D:\Project\Common-PRML-master\Common-PRML-master\HW2\FeatureSelection\src\svmapp\svm_train.java,svmapp.svm_train,read_problem/0,prob,1
D:\Project\Common-PRML-master\Common-PRML-master\HW2\FeatureSelection\src\libsvm\svm.java,libsvm.SVC_Q,"SVC_Q/3[libsvm.svm_problem,libsvm.svm_parameter,byte[]]",cache,1
D:\Project\Common-PRML-master\Common-PRML-master\HW2\FeatureSelection\src\libsvm\svm.java,libsvm.SVC_Q,"SVC_Q/3[libsvm.svm_problem,libsvm.svm_parameter,byte[]]",QD,2
D:\Project\Common-PRML-master\Common-PRML-master\HW2\FeatureSelection\src\libsvm\svm.java,libsvm.SVC_Q,"SVC_Q/3[libsvm.svm_problem,libsvm.svm_parameter,byte[]]",y,1
D:\Project\Common-PRML-master\Common-PRML-master\HW2\FeatureSelection\src\libsvm\svm.java,libsvm.SVC_Q,"swap_index/2[int,int]",cache,1
D:\Project\Common-PRML-master\Common-PRML-master\HW2\FeatureSelection\src\libsvm\svm.java,libsvm.SVC_Q,"swap_index/2[int,int]",QD,4
D:\Project\Common-PRML-master\Common-PRML-master\HW2\FeatureSelection\src\libsvm\svm.java,libsvm.SVC_Q,"swap_index/2[int,int]",y,4
D:\Project\Common-PRML-master\Common-PRML-master\HW2\FeatureSelection\src\libsvm\svm.java,libsvm.SVC_Q,"get_Q/2[int,int]",cache,1
D:\Project\Common-PRML-master\Common-PRML-master\HW2\FeatureSelection\src\libsvm\svm.java,libsvm.SVC_Q,"get_Q/2[int,int]",y,2
D:\Project\Common-PRML-master\Common-PRML-master\HW2\FeatureSelection\src\libsvm\svm.java,libsvm.SVC_Q,get_QD/0,QD,1
D:\Project\Common-PRML-master\Common-PRML-master\HW2\FeatureSelection\src\libsvm\svm.java,libsvm.Kernel,"dot/2[libsvm.svm_node[],libsvm.svm_node[]]",x,4
D:\Project\Common-PRML-master\Common-PRML-master\HW2\FeatureSelection\src\libsvm\svm.java,libsvm.Kernel,"Kernel/3[int,libsvm.svm_node[][],libsvm.svm_parameter]",kernel_type,2
D:\Project\Common-PRML-master\Common-PRML-master\HW2\FeatureSelection\src\libsvm\svm.java,libsvm.Kernel,"Kernel/3[int,libsvm.svm_node[][],libsvm.svm_parameter]",coef0,1
D:\Project\Common-PRML-master\Common-PRML-master\HW2\FeatureSelection\src\libsvm\svm.java,libsvm.Kernel,"Kernel/3[int,libsvm.svm_node[][],libsvm.svm_parameter]",degree,1
D:\Project\Common-PRML-master\Common-PRML-master\HW2\FeatureSelection\src\libsvm\svm.java,libsvm.Kernel,"Kernel/3[int,libsvm.svm_node[][],libsvm.svm_parameter]",x,3
D:\Project\Common-PRML-master\Common-PRML-master\HW2\FeatureSelection\src\libsvm\svm.java,libsvm.Kernel,"Kernel/3[int,libsvm.svm_node[][],libsvm.svm_parameter]",x_square,3
D:\Project\Common-PRML-master\Common-PRML-master\HW2\FeatureSelection\src\libsvm\svm.java,libsvm.Kernel,"Kernel/3[int,libsvm.svm_node[][],libsvm.svm_parameter]",gamma,1
D:\Project\Common-PRML-master\Common-PRML-master\HW2\FeatureSelection\src\libsvm\svm.java,libsvm.Kernel,"k_function/3[libsvm.svm_node[],libsvm.svm_node[],libsvm.svm_parameter]",x,12
D:\Project\Common-PRML-master\Common-PRML-master\HW2\FeatureSelection\src\libsvm\svm.java,libsvm.Kernel,"swap_index/2[int,int]",x,4
D:\Project\Common-PRML-master\Common-PRML-master\HW2\FeatureSelection\src\libsvm\svm.java,libsvm.Kernel,"swap_index/2[int,int]",x_square,5
D:\Project\Common-PRML-master\Common-PRML-master\HW2\FeatureSelection\src\libsvm\svm.java,libsvm.Kernel,"kernel_function/2[int,int]",kernel_type,1
D:\Project\Common-PRML-master\Common-PRML-master\HW2\FeatureSelection\src\libsvm\svm.java,libsvm.Kernel,"kernel_function/2[int,int]",coef0,2
D:\Project\Common-PRML-master\Common-PRML-master\HW2\FeatureSelection\src\libsvm\svm.java,libsvm.Kernel,"kernel_function/2[int,int]",x,10
D:\Project\Common-PRML-master\Common-PRML-master\HW2\FeatureSelection\src\libsvm\svm.java,libsvm.Kernel,"kernel_function/2[int,int]",degree,1
D:\Project\Common-PRML-master\Common-PRML-master\HW2\FeatureSelection\src\libsvm\svm.java,libsvm.Kernel,"kernel_function/2[int,int]",x_square,2
D:\Project\Common-PRML-master\Common-PRML-master\HW2\FeatureSelection\src\libsvm\svm.java,libsvm.Kernel,"kernel_function/2[int,int]",gamma,3
D:\Project\Common-PRML-master\Common-PRML-master\HW2\FeatureSelection\src\select\TrainAndTestByLibSVM.java,select.TrainAndTestByLibSVM,trainByLibSVM/1[java.lang.String],str_model,2
D:\Project\Common-PRML-master\Common-PRML-master\HW2\FeatureSelection\src\select\TrainAndTestByLibSVM.java,select.TrainAndTestByLibSVM,trainByLibSVM/1[java.lang.String],str_result,3
D:\Project\Common-PRML-master\Common-PRML-master\HW2\FeatureSelection\src\select\TrainAndTestByLibSVM.java,select.TrainAndTestByLibSVM,trainByLibSVM/1[java.lang.String],str_trained,3
D:\Project\Common-PRML-master\Common-PRML-master\HW2\FeatureSelection\src\select\TrainAndTestByLibSVM.java,select.TrainAndTestByLibSVM,tellByLibSVM/0,str_model,1
D:\Project\Common-PRML-master\Common-PRML-master\HW2\FeatureSelection\src\select\TrainAndTestByLibSVM.java,select.TrainAndTestByLibSVM,tellByLibSVM/0,str_result,2
D:\Project\Common-PRML-master\Common-PRML-master\HW2\FeatureSelection\src\select\TrainAndTestByLibSVM.java,select.TrainAndTestByLibSVM,getInstance/0,libSVM,3
D:\Project\Common-PRML-master\Common-PRML-master\HW2\FeatureSelection\src\select\TrainAndTestByLibSVM.java,select.TrainAndTestByLibSVM,tellByLibSVM/1[java.lang.String],str_model,1
D:\Project\Common-PRML-master\Common-PRML-master\HW2\FeatureSelection\src\select\TrainAndTestByLibSVM.java,select.TrainAndTestByLibSVM,tellByLibSVM/1[java.lang.String],str_result,3
D:\Project\Common-PRML-master\Common-PRML-master\HW2\FeatureSelection\src\select\TrainAndTestByLibSVM.java,select.TrainAndTestByLibSVM,trainByLibSVM/0,str_model,1
D:\Project\Common-PRML-master\Common-PRML-master\HW2\FeatureSelection\src\select\TrainAndTestByLibSVM.java,select.TrainAndTestByLibSVM,trainByLibSVM/0,str_trained,1
D:\Project\Common-PRML-master\Common-PRML-master\HW2\FeatureSelection\src\libsvm\svm.java,libsvm.Solver,update_alpha_status/1[int],LOWER_BOUND,1
D:\Project\Common-PRML-master\Common-PRML-master\HW2\FeatureSelection\src\libsvm\svm.java,libsvm.Solver,update_alpha_status/1[int],alpha,2
D:\Project\Common-PRML-master\Common-PRML-master\HW2\FeatureSelection\src\libsvm\svm.java,libsvm.Solver,update_alpha_status/1[int],UPPER_BOUND,1
D:\Project\Common-PRML-master\Common-PRML-master\HW2\FeatureSelection\src\libsvm\svm.java,libsvm.Solver,update_alpha_status/1[int],alpha_status,3
D:\Project\Common-PRML-master\Common-PRML-master\HW2\FeatureSelection\src\libsvm\svm.java,libsvm.Solver,update_alpha_status/1[int],FREE,1
D:\Project\Common-PRML-master\Common-PRML-master\HW2\FeatureSelection\src\libsvm\svm.java,libsvm.Solver,"Solve/10[int,libsvm.QMatrix,double[],byte[],double[],double,double,double,libsvm.Solver.SolutionInfo,int]",unshrink,1
D:\Project\Common-PRML-master\Common-PRML-master\HW2\FeatureSelection\src\libsvm\svm.java,libsvm.Solver,"Solve/10[int,libsvm.QMatrix,double[],byte[],double[],double,double,double,libsvm.Solver.SolutionInfo,int]",G,9
D:\Project\Common-PRML-master\Common-PRML-master\HW2\FeatureSelection\src\libsvm\svm.java,libsvm.Solver,"Solve/10[int,libsvm.QMatrix,double[],byte[],double[],double,double,double,libsvm.Solver.SolutionInfo,int]",eps,3
D:\Project\Common-PRML-master\Common-PRML-master\HW2\FeatureSelection\src\libsvm\svm.java,libsvm.Solver,"Solve/10[int,libsvm.QMatrix,double[],byte[],double[],double,double,double,libsvm.Solver.SolutionInfo,int]",Cn,4
D:\Project\Common-PRML-master\Common-PRML-master\HW2\FeatureSelection\src\libsvm\svm.java,libsvm.Solver,"Solve/10[int,libsvm.QMatrix,double[],byte[],double[],double,double,double,libsvm.Solver.SolutionInfo,int]",l,30
D:\Project\Common-PRML-master\Common-PRML-master\HW2\FeatureSelection\src\libsvm\svm.java,libsvm.Solver,"Solve/10[int,libsvm.QMatrix,double[],byte[],double[],double,double,double,libsvm.Solver.SolutionInfo,int]",Cp,4
D:\Project\Common-PRML-master\Common-PRML-master\HW2\FeatureSelection\src\libsvm\svm.java,libsvm.Solver,"Solve/10[int,libsvm.QMatrix,double[],byte[],double[],double,double,double,libsvm.Solver.SolutionInfo,int]",G_bar,7
D:\Project\Common-PRML-master\Common-PRML-master\HW2\FeatureSelection\src\libsvm\svm.java,libsvm.Solver,"Solve/10[int,libsvm.QMatrix,double[],byte[],double[],double,double,double,libsvm.Solver.SolutionInfo,int]",active_size,7
D:\Project\Common-PRML-master\Common-PRML-master\HW2\FeatureSelection\src\libsvm\svm.java,libsvm.Solver,"Solve/10[int,libsvm.QMatrix,double[],byte[],double[],double,double,double,libsvm.Solver.SolutionInfo,int]",p,3
D:\Project\Common-PRML-master\Common-PRML-master\HW2\FeatureSelection\src\libsvm\svm.java,libsvm.Solver,"Solve/10[int,libsvm.QMatrix,double[],byte[],double[],double,double,double,libsvm.Solver.SolutionInfo,int]",active_set,3
D:\Project\Common-PRML-master\Common-PRML-master\HW2\FeatureSelection\src\libsvm\svm.java,libsvm.Solver,"Solve/10[int,libsvm.QMatrix,double[],byte[],double[],double,double,double,libsvm.Solver.SolutionInfo,int]",Q,9
D:\Project\Common-PRML-master\Common-PRML-master\HW2\FeatureSelection\src\libsvm\svm.java,libsvm.Solver,"Solve/10[int,libsvm.QMatrix,double[],byte[],double[],double,double,double,libsvm.Solver.SolutionInfo,int]",QD,5
D:\Project\Common-PRML-master\Common-PRML-master\HW2\FeatureSelection\src\libsvm\svm.java,libsvm.Solver,"Solve/10[int,libsvm.QMatrix,double[],byte[],double[],double,double,double,libsvm.Solver.SolutionInfo,int]",alpha,40
D:\Project\Common-PRML-master\Common-PRML-master\HW2\FeatureSelection\src\libsvm\svm.java,libsvm.Solver,"Solve/10[int,libsvm.QMatrix,double[],byte[],double[],double,double,double,libsvm.Solver.SolutionInfo,int]",y,3
D:\Project\Common-PRML-master\Common-PRML-master\HW2\FeatureSelection\src\libsvm\svm.java,libsvm.Solver,"Solve/10[int,libsvm.QMatrix,double[],byte[],double[],double,double,double,libsvm.Solver.SolutionInfo,int]",alpha_status,1
D:\Project\Common-PRML-master\Common-PRML-master\HW2\FeatureSelection\src\libsvm\svm.java,libsvm.Solver,"swap_index/2[int,int]",p,4
D:\Project\Common-PRML-master\Common-PRML-master\HW2\FeatureSelection\src\libsvm\svm.java,libsvm.Solver,"swap_index/2[int,int]",active_set,4
D:\Project\Common-PRML-master\Common-PRML-master\HW2\FeatureSelection\src\libsvm\svm.java,libsvm.Solver,"swap_index/2[int,int]",Q,1
D:\Project\Common-PRML-master\Common-PRML-master\HW2\FeatureSelection\src\libsvm\svm.java,libsvm.Solver,"swap_index/2[int,int]",G,4
D:\Project\Common-PRML-master\Common-PRML-master\HW2\FeatureSelection\src\libsvm\svm.java,libsvm.Solver,"swap_index/2[int,int]",alpha,4
D:\Project\Common-PRML-master\Common-PRML-master\HW2\FeatureSelection\src\libsvm\svm.java,libsvm.Solver,"swap_index/2[int,int]",y,4
D:\Project\Common-PRML-master\Common-PRML-master\HW2\FeatureSelection\src\libsvm\svm.java,libsvm.Solver,"swap_index/2[int,int]",alpha_status,4
D:\Project\Common-PRML-master\Common-PRML-master\HW2\FeatureSelection\src\libsvm\svm.java,libsvm.Solver,"swap_index/2[int,int]",G_bar,4
D:\Project\Common-PRML-master\Common-PRML-master\HW2\FeatureSelection\src\libsvm\svm.java,libsvm.Solver,calculate_rho/0,INF,2
D:\Project\Common-PRML-master\Common-PRML-master\HW2\FeatureSelection\src\libsvm\svm.java,libsvm.Solver,calculate_rho/0,G,1
D:\Project\Common-PRML-master\Common-PRML-master\HW2\FeatureSelection\src\libsvm\svm.java,libsvm.Solver,calculate_rho/0,y,3
D:\Project\Common-PRML-master\Common-PRML-master\HW2\FeatureSelection\src\libsvm\svm.java,libsvm.Solver,calculate_rho/0,active_size,1
D:\Project\Common-PRML-master\Common-PRML-master\HW2\FeatureSelection\src\libsvm\svm.java,libsvm.Solver,is_lower_bound/1[int],LOWER_BOUND,1
D:\Project\Common-PRML-master\Common-PRML-master\HW2\FeatureSelection\src\libsvm\svm.java,libsvm.Solver,is_lower_bound/1[int],alpha_status,1
D:\Project\Common-PRML-master\Common-PRML-master\HW2\FeatureSelection\src\libsvm\svm.java,libsvm.Solver,do_shrinking/0,INF,2
D:\Project\Common-PRML-master\Common-PRML-master\HW2\FeatureSelection\src\libsvm\svm.java,libsvm.Solver,do_shrinking/0,unshrink,2
D:\Project\Common-PRML-master\Common-PRML-master\HW2\FeatureSelection\src\libsvm\svm.java,libsvm.Solver,do_shrinking/0,G,8
D:\Project\Common-PRML-master\Common-PRML-master\HW2\FeatureSelection\src\libsvm\svm.java,libsvm.Solver,do_shrinking/0,y,1
D:\Project\Common-PRML-master\Common-PRML-master\HW2\FeatureSelection\src\libsvm\svm.java,libsvm.Solver,do_shrinking/0,eps,1
D:\Project\Common-PRML-master\Common-PRML-master\HW2\FeatureSelection\src\libsvm\svm.java,libsvm.Solver,do_shrinking/0,l,1
D:\Project\Common-PRML-master\Common-PRML-master\HW2\FeatureSelection\src\libsvm\svm.java,libsvm.Solver,do_shrinking/0,active_size,8
D:\Project\Common-PRML-master\Common-PRML-master\HW2\FeatureSelection\src\libsvm\svm.java,libsvm.Solver,reconstruct_gradient/0,p,1
D:\Project\Common-PRML-master\Common-PRML-master\HW2\FeatureSelection\src\libsvm\svm.java,libsvm.Solver,reconstruct_gradient/0,Q,2
D:\Project\Common-PRML-master\Common-PRML-master\HW2\FeatureSelection\src\libsvm\svm.java,libsvm.Solver,reconstruct_gradient/0,G,3
D:\Project\Common-PRML-master\Common-PRML-master\HW2\FeatureSelection\src\libsvm\svm.java,libsvm.Solver,reconstruct_gradient/0,alpha,2
D:\Project\Common-PRML-master\Common-PRML-master\HW2\FeatureSelection\src\libsvm\svm.java,libsvm.Solver,reconstruct_gradient/0,l,7
D:\Project\Common-PRML-master\Common-PRML-master\HW2\FeatureSelection\src\libsvm\svm.java,libsvm.Solver,reconstruct_gradient/0,G_bar,1
D:\Project\Common-PRML-master\Common-PRML-master\HW2\FeatureSelection\src\libsvm\svm.java,libsvm.Solver,reconstruct_gradient/0,active_size,11
D:\Project\Common-PRML-master\Common-PRML-master\HW2\FeatureSelection\src\libsvm\svm.java,libsvm.Solver,"be_shrunk/3[int,double,double]",G,4
D:\Project\Common-PRML-master\Common-PRML-master\HW2\FeatureSelection\src\libsvm\svm.java,libsvm.Solver,"be_shrunk/3[int,double,double]",y,2
D:\Project\Common-PRML-master\Common-PRML-master\HW2\FeatureSelection\src\libsvm\svm.java,libsvm.Solver,is_free/1[int],alpha_status,1
D:\Project\Common-PRML-master\Common-PRML-master\HW2\FeatureSelection\src\libsvm\svm.java,libsvm.Solver,is_free/1[int],FREE,1
D:\Project\Common-PRML-master\Common-PRML-master\HW2\FeatureSelection\src\libsvm\svm.java,libsvm.Solver,is_upper_bound/1[int],UPPER_BOUND,1
D:\Project\Common-PRML-master\Common-PRML-master\HW2\FeatureSelection\src\libsvm\svm.java,libsvm.Solver,is_upper_bound/1[int],alpha_status,1
D:\Project\Common-PRML-master\Common-PRML-master\HW2\FeatureSelection\src\libsvm\svm.java,libsvm.Solver,select_working_set/1[int[]],INF,3
D:\Project\Common-PRML-master\Common-PRML-master\HW2\FeatureSelection\src\libsvm\svm.java,libsvm.Solver,select_working_set/1[int[]],Q,1
D:\Project\Common-PRML-master\Common-PRML-master\HW2\FeatureSelection\src\libsvm\svm.java,libsvm.Solver,select_working_set/1[int[]],QD,4
D:\Project\Common-PRML-master\Common-PRML-master\HW2\FeatureSelection\src\libsvm\svm.java,libsvm.Solver,select_working_set/1[int[]],G,10
D:\Project\Common-PRML-master\Common-PRML-master\HW2\FeatureSelection\src\libsvm\svm.java,libsvm.Solver,select_working_set/1[int[]],y,4
D:\Project\Common-PRML-master\Common-PRML-master\HW2\FeatureSelection\src\libsvm\svm.java,libsvm.Solver,select_working_set/1[int[]],eps,1
D:\Project\Common-PRML-master\Common-PRML-master\HW2\FeatureSelection\src\libsvm\svm.java,libsvm.Solver,select_working_set/1[int[]],active_size,3
D:\Project\Common-PRML-master\Common-PRML-master\HW2\FeatureSelection\src\libsvm\svm.java,libsvm.Solver,get_C/1[int],y,1
D:\Project\Common-PRML-master\Common-PRML-master\HW2\FeatureSelection\src\libsvm\svm.java,libsvm.Solver,get_C/1[int],Cn,1
D:\Project\Common-PRML-master\Common-PRML-master\HW2\FeatureSelection\src\libsvm\svm.java,libsvm.Solver,get_C/1[int],Cp,1
D:\Project\Common-PRML-master\Common-PRML-master\HW2\FeatureSelection\src\svmapp\svm_scale.java,svmapp.svm_scale,run/1[java.lang.String[]],num_nonzeros,3
D:\Project\Common-PRML-master\Common-PRML-master\HW2\FeatureSelection\src\svmapp\svm_scale.java,svmapp.svm_scale,run/1[java.lang.String[]],feature_min,11
D:\Project\Common-PRML-master\Common-PRML-master\HW2\FeatureSelection\src\svmapp\svm_scale.java,svmapp.svm_scale,run/1[java.lang.String[]],line,3
D:\Project\Common-PRML-master\Common-PRML-master\HW2\FeatureSelection\src\svmapp\svm_scale.java,svmapp.svm_scale,run/1[java.lang.String[]],lower,4
D:\Project\Common-PRML-master\Common-PRML-master\HW2\FeatureSelection\src\svmapp\svm_scale.java,svmapp.svm_scale,run/1[java.lang.String[]],upper,4
D:\Project\Common-PRML-master\Common-PRML-master\HW2\FeatureSelection\src\svmapp\svm_scale.java,svmapp.svm_scale,run/1[java.lang.String[]],y_max,4
D:\Project\Common-PRML-master\Common-PRML-master\HW2\FeatureSelection\src\svmapp\svm_scale.java,svmapp.svm_scale,run/1[java.lang.String[]],y_lower,4
D:\Project\Common-PRML-master\Common-PRML-master\HW2\FeatureSelection\src\svmapp\svm_scale.java,svmapp.svm_scale,run/1[java.lang.String[]],y_upper,4
D:\Project\Common-PRML-master\Common-PRML-master\HW2\FeatureSelection\src\svmapp\svm_scale.java,svmapp.svm_scale,run/1[java.lang.String[]],y_scaling,4
D:\Project\Common-PRML-master\Common-PRML-master\HW2\FeatureSelection\src\svmapp\svm_scale.java,svmapp.svm_scale,run/1[java.lang.String[]],max_index,12
D:\Project\Common-PRML-master\Common-PRML-master\HW2\FeatureSelection\src\svmapp\svm_scale.java,svmapp.svm_scale,run/1[java.lang.String[]],feature_max,11
D:\Project\Common-PRML-master\Common-PRML-master\HW2\FeatureSelection\src\svmapp\svm_scale.java,svmapp.svm_scale,run/1[java.lang.String[]],y_min,4
D:\Project\Common-PRML-master\Common-PRML-master\HW2\FeatureSelection\src\svmapp\svm_scale.java,svmapp.svm_scale,run/1[java.lang.String[]],new_num_nonzeros,2
D:\Project\Common-PRML-master\Common-PRML-master\HW2\FeatureSelection\src\svmapp\svm_scale.java,svmapp.svm_scale,"output/2[int,double]",feature_min,4
D:\Project\Common-PRML-master\Common-PRML-master\HW2\FeatureSelection\src\svmapp\svm_scale.java,svmapp.svm_scale,"output/2[int,double]",feature_max,3
D:\Project\Common-PRML-master\Common-PRML-master\HW2\FeatureSelection\src\svmapp\svm_scale.java,svmapp.svm_scale,"output/2[int,double]",lower,3
D:\Project\Common-PRML-master\Common-PRML-master\HW2\FeatureSelection\src\svmapp\svm_scale.java,svmapp.svm_scale,"output/2[int,double]",upper,2
D:\Project\Common-PRML-master\Common-PRML-master\HW2\FeatureSelection\src\svmapp\svm_scale.java,svmapp.svm_scale,"output/2[int,double]",new_num_nonzeros,1
D:\Project\Common-PRML-master\Common-PRML-master\HW2\FeatureSelection\src\svmapp\svm_scale.java,svmapp.svm_scale,output_target/1[double],y_min,3
D:\Project\Common-PRML-master\Common-PRML-master\HW2\FeatureSelection\src\svmapp\svm_scale.java,svmapp.svm_scale,output_target/1[double],y_max,2
D:\Project\Common-PRML-master\Common-PRML-master\HW2\FeatureSelection\src\svmapp\svm_scale.java,svmapp.svm_scale,output_target/1[double],y_scaling,1
D:\Project\Common-PRML-master\Common-PRML-master\HW2\FeatureSelection\src\svmapp\svm_scale.java,svmapp.svm_scale,output_target/1[double],y_lower,3
D:\Project\Common-PRML-master\Common-PRML-master\HW2\FeatureSelection\src\svmapp\svm_scale.java,svmapp.svm_scale,output_target/1[double],y_upper,2
D:\Project\Common-PRML-master\Common-PRML-master\HW2\FeatureSelection\src\svmapp\svm_scale.java,svmapp.svm_scale,readline/1[java.io.BufferedReader],line,2
D:\Project\Common-PRML-master\Common-PRML-master\HW2\FeatureSelection\src\libsvm\svm.java,libsvm.SVR_Q,"SVR_Q/2[libsvm.svm_problem,libsvm.svm_parameter]",cache,1
D:\Project\Common-PRML-master\Common-PRML-master\HW2\FeatureSelection\src\libsvm\svm.java,libsvm.SVR_Q,"SVR_Q/2[libsvm.svm_problem,libsvm.svm_parameter]",QD,4
D:\Project\Common-PRML-master\Common-PRML-master\HW2\FeatureSelection\src\libsvm\svm.java,libsvm.SVR_Q,"SVR_Q/2[libsvm.svm_problem,libsvm.svm_parameter]",sign,3
D:\Project\Common-PRML-master\Common-PRML-master\HW2\FeatureSelection\src\libsvm\svm.java,libsvm.SVR_Q,"SVR_Q/2[libsvm.svm_problem,libsvm.svm_parameter]",index,3
D:\Project\Common-PRML-master\Common-PRML-master\HW2\FeatureSelection\src\libsvm\svm.java,libsvm.SVR_Q,"SVR_Q/2[libsvm.svm_problem,libsvm.svm_parameter]",next_buffer,1
D:\Project\Common-PRML-master\Common-PRML-master\HW2\FeatureSelection\src\libsvm\svm.java,libsvm.SVR_Q,"SVR_Q/2[libsvm.svm_problem,libsvm.svm_parameter]",buffer,1
D:\Project\Common-PRML-master\Common-PRML-master\HW2\FeatureSelection\src\libsvm\svm.java,libsvm.SVR_Q,"SVR_Q/2[libsvm.svm_problem,libsvm.svm_parameter]",l,10
D:\Project\Common-PRML-master\Common-PRML-master\HW2\FeatureSelection\src\libsvm\svm.java,libsvm.SVR_Q,"swap_index/2[int,int]",QD,4
D:\Project\Common-PRML-master\Common-PRML-master\HW2\FeatureSelection\src\libsvm\svm.java,libsvm.SVR_Q,"swap_index/2[int,int]",sign,4
D:\Project\Common-PRML-master\Common-PRML-master\HW2\FeatureSelection\src\libsvm\svm.java,libsvm.SVR_Q,"swap_index/2[int,int]",index,4
D:\Project\Common-PRML-master\Common-PRML-master\HW2\FeatureSelection\src\libsvm\svm.java,libsvm.SVR_Q,"get_Q/2[int,int]",cache,1
D:\Project\Common-PRML-master\Common-PRML-master\HW2\FeatureSelection\src\libsvm\svm.java,libsvm.SVR_Q,"get_Q/2[int,int]",sign,2
D:\Project\Common-PRML-master\Common-PRML-master\HW2\FeatureSelection\src\libsvm\svm.java,libsvm.SVR_Q,"get_Q/2[int,int]",index,2
D:\Project\Common-PRML-master\Common-PRML-master\HW2\FeatureSelection\src\libsvm\svm.java,libsvm.SVR_Q,"get_Q/2[int,int]",next_buffer,3
D:\Project\Common-PRML-master\Common-PRML-master\HW2\FeatureSelection\src\libsvm\svm.java,libsvm.SVR_Q,"get_Q/2[int,int]",buffer,1
D:\Project\Common-PRML-master\Common-PRML-master\HW2\FeatureSelection\src\libsvm\svm.java,libsvm.SVR_Q,"get_Q/2[int,int]",l,3
D:\Project\Common-PRML-master\Common-PRML-master\HW2\FeatureSelection\src\libsvm\svm.java,libsvm.SVR_Q,get_QD/0,QD,1
D:\Project\Common-PRML-master\Common-PRML-master\HW2\FeatureSelection\src\select\Feature.java,select.Feature,initFeature/0,attriNum,9
D:\Project\Common-PRML-master\Common-PRML-master\HW2\FeatureSelection\src\select\Feature.java,select.Feature,initFeature/0,sigma,4
D:\Project\Common-PRML-master\Common-PRML-master\HW2\FeatureSelection\src\select\Feature.java,select.Feature,initFeature/0,feature,14
D:\Project\Common-PRML-master\Common-PRML-master\HW2\FeatureSelection\src\select\Feature.java,select.Feature,initFeature/0,Sw,1
D:\Project\Common-PRML-master\Common-PRML-master\HW2\FeatureSelection\src\select\Feature.java,select.Feature,initFeature/0,count,9
D:\Project\Common-PRML-master\Common-PRML-master\HW2\FeatureSelection\src\select\Feature.java,select.Feature,initFeature/0,mu,10
D:\Project\Common-PRML-master\Common-PRML-master\HW2\FeatureSelection\src\select\Feature.java,select.Feature,initFeature/0,Mu,5
D:\Project\Common-PRML-master\Common-PRML-master\HW2\FeatureSelection\src\select\Feature.java,select.Feature,initFeature/0,Sb,1
D:\Project\Common-PRML-master\Common-PRML-master\HW2\FeatureSelection\src\select\Feature.java,select.Feature,getTDistribution/1[int],sigma,2
D:\Project\Common-PRML-master\Common-PRML-master\HW2\FeatureSelection\src\select\Feature.java,select.Feature,getTDistribution/1[int],feature,4
D:\Project\Common-PRML-master\Common-PRML-master\HW2\FeatureSelection\src\select\Feature.java,select.Feature,getTDistribution/1[int],mu,2
D:\Project\Common-PRML-master\Common-PRML-master\HW2\FeatureSelection\src\select\Feature.java,select.Feature,getTDistribution/1[int],count,4
D:\Project\Common-PRML-master\Common-PRML-master\HW2\FeatureSelection\src\select\Feature.java,select.Feature,getRankDistribution/1[int],count,7
D:\Project\Common-PRML-master\Common-PRML-master\HW2\FeatureSelection\src\select\Feature.java,select.Feature,getForMuMinus/0,attriNum,1
D:\Project\Common-PRML-master\Common-PRML-master\HW2\FeatureSelection\src\select\Feature.java,select.Feature,getForMuMinus/0,feature,2
D:\Project\Common-PRML-master\Common-PRML-master\HW2\FeatureSelection\src\select\Feature.java,select.Feature,getForMuMinus/0,mu,2
D:\Project\Common-PRML-master\Common-PRML-master\HW2\FeatureSelection\src\select\Feature.java,select.Feature,"getRij/2[select.Matrix,double[]]",attriNum,4
D:\Project\Common-PRML-master\Common-PRML-master\HW2\FeatureSelection\src\select\Feature.java,select.Feature,"getRij/2[select.Matrix,double[]]",rij,2
D:\Project\Common-PRML-master\Common-PRML-master\HW2\FeatureSelection\src\select\Feature.java,select.Feature,"getRij/2[select.Matrix,double[]]",count,5
D:\Project\Common-PRML-master\Common-PRML-master\HW2\FeatureSelection\src\select\Feature.java,select.Feature,getForSw/0,attriNum,1
D:\Project\Common-PRML-master\Common-PRML-master\HW2\FeatureSelection\src\select\Feature.java,select.Feature,getForSw/0,Sw,1
D:\Project\Common-PRML-master\Common-PRML-master\HW2\FeatureSelection\src\select\Feature.java,select.Feature,getForSb/0,attriNum,1
D:\Project\Common-PRML-master\Common-PRML-master\HW2\FeatureSelection\src\select\Feature.java,select.Feature,getForSb/0,Sb,1
D:\Project\Common-PRML-master\Common-PRML-master\HW2\FeatureSelection\src\select\Feature.java,select.Feature,initMatrix/0,attriNum,4
D:\Project\Common-PRML-master\Common-PRML-master\HW2\FeatureSelection\src\select\Feature.java,select.Feature,initMatrix/0,sigma,1
D:\Project\Common-PRML-master\Common-PRML-master\HW2\FeatureSelection\src\select\Feature.java,select.Feature,initMatrix/0,feature,2
D:\Project\Common-PRML-master\Common-PRML-master\HW2\FeatureSelection\src\select\Feature.java,select.Feature,initMatrix/0,mu,1
D:\Project\Common-PRML-master\Common-PRML-master\HW2\FeatureSelection\src\select\Feature.java,select.Feature,getForSigma/1[int],attriNum,1
D:\Project\Common-PRML-master\Common-PRML-master\HW2\FeatureSelection\src\select\Feature.java,select.Feature,getForSigma/1[int],sigma,1
D:\Project\Common-PRML-master\Common-PRML-master\HW2\FeatureSelection\src\select\Feature.java,select.Feature,getForSigma/1[int],feature,1
D:\Project\Common-PRML-master\Common-PRML-master\HW2\FeatureSelection\src\select\Feature.java,select.Feature,Feature/0,attriNum,3
D:\Project\Common-PRML-master\Common-PRML-master\HW2\FeatureSelection\src\select\Feature.java,select.Feature,Feature/0,sigma,1
D:\Project\Common-PRML-master\Common-PRML-master\HW2\FeatureSelection\src\select\Feature.java,select.Feature,Feature/0,mu,1
D:\Project\Common-PRML-master\Common-PRML-master\HW2\FeatureSelection\src\select\Feature.java,select.Feature,getInstance/0,attriNum,5
D:\Project\Common-PRML-master\Common-PRML-master\HW2\FeatureSelection\src\select\Feature.java,select.Feature,getInstance/0,feature,2
D:\Project\Common-PRML-master\Common-PRML-master\HW2\FeatureSelection\src\select\Feature.java,select.Feature,getInstance/0,Sw,1
D:\Project\Common-PRML-master\Common-PRML-master\HW2\FeatureSelection\src\select\Feature.java,select.Feature,getInstance/0,Mu,1
D:\Project\Common-PRML-master\Common-PRML-master\HW2\FeatureSelection\src\select\Feature.java,select.Feature,getInstance/0,Sb,1
D:\Project\Common-PRML-master\Common-PRML-master\HW2\FeatureSelection\src\select\Feature.java,select.Feature,trace/1[double[][]],attriNum,1
D:\Project\Common-PRML-master\Common-PRML-master\HW2\FeatureSelection\src\svmapp\svm_toy.java,svmapp.svm_toy,init/0,DEFAULT_PARAM,1
D:\Project\Common-PRML-master\Common-PRML-master\HW2\FeatureSelection\src\svmapp\svm_toy.java,svmapp.svm_toy,init/0,colors,1
D:\Project\Common-PRML-master\Common-PRML-master\HW2\FeatureSelection\src\svmapp\svm_toy.java,svmapp.svm_toy,init/0,current_value,1
D:\Project\Common-PRML-master\Common-PRML-master\HW2\FeatureSelection\src\svmapp\svm_toy.java,svmapp.svm_toy,draw_point/1[svmapp.svm_toy.point],buffer_gc,2
D:\Project\Common-PRML-master\Common-PRML-master\HW2\FeatureSelection\src\svmapp\svm_toy.java,svmapp.svm_toy,draw_point/1[svmapp.svm_toy.point],XLEN,2
D:\Project\Common-PRML-master\Common-PRML-master\HW2\FeatureSelection\src\svmapp\svm_toy.java,svmapp.svm_toy,draw_point/1[svmapp.svm_toy.point],YLEN,2
D:\Project\Common-PRML-master\Common-PRML-master\HW2\FeatureSelection\src\svmapp\svm_toy.java,svmapp.svm_toy,draw_point/1[svmapp.svm_toy.point],colors,1
D:\Project\Common-PRML-master\Common-PRML-master\HW2\FeatureSelection\src\svmapp\svm_toy.java,svmapp.svm_toy,clear_all/0,buffer_gc,2
D:\Project\Common-PRML-master\Common-PRML-master\HW2\FeatureSelection\src\svmapp\svm_toy.java,svmapp.svm_toy,clear_all/0,XLEN,1
D:\Project\Common-PRML-master\Common-PRML-master\HW2\FeatureSelection\src\svmapp\svm_toy.java,svmapp.svm_toy,clear_all/0,YLEN,1
D:\Project\Common-PRML-master\Common-PRML-master\HW2\FeatureSelection\src\svmapp\svm_toy.java,svmapp.svm_toy,clear_all/0,point_list,1
D:\Project\Common-PRML-master\Common-PRML-master\HW2\FeatureSelection\src\svmapp\svm_toy.java,svmapp.svm_toy,clear_all/0,buffer,1
D:\Project\Common-PRML-master\Common-PRML-master\HW2\FeatureSelection\src\svmapp\svm_toy.java,svmapp.svm_toy,clear_all/0,colors,1
D:\Project\Common-PRML-master\Common-PRML-master\HW2\FeatureSelection\src\svmapp\svm_toy.java,svmapp.svm_toy,button_load_clicked/0,point_list,2
D:\Project\Common-PRML-master\Common-PRML-master\HW2\FeatureSelection\src\svmapp\svm_toy.java,svmapp.svm_toy,button_load_clicked/0,current_value,1
D:\Project\Common-PRML-master\Common-PRML-master\HW2\FeatureSelection\src\svmapp\svm_toy.java,svmapp.svm_toy,"setSize/2[int,int]",XLEN,1
D:\Project\Common-PRML-master\Common-PRML-master\HW2\FeatureSelection\src\svmapp\svm_toy.java,svmapp.svm_toy,"setSize/2[int,int]",YLEN,1
D:\Project\Common-PRML-master\Common-PRML-master\HW2\FeatureSelection\src\svmapp\svm_toy.java,svmapp.svm_toy,button_run_clicked/1[java.lang.String],buffer_gc,12
D:\Project\Common-PRML-master\Common-PRML-master\HW2\FeatureSelection\src\svmapp\svm_toy.java,svmapp.svm_toy,button_run_clicked/1[java.lang.String],XLEN,6
D:\Project\Common-PRML-master\Common-PRML-master\HW2\FeatureSelection\src\svmapp\svm_toy.java,svmapp.svm_toy,button_run_clicked/1[java.lang.String],YLEN,8
D:\Project\Common-PRML-master\Common-PRML-master\HW2\FeatureSelection\src\svmapp\svm_toy.java,svmapp.svm_toy,button_run_clicked/1[java.lang.String],point_list,4
D:\Project\Common-PRML-master\Common-PRML-master\HW2\FeatureSelection\src\svmapp\svm_toy.java,svmapp.svm_toy,button_run_clicked/1[java.lang.String],colors,12
D:\Project\Common-PRML-master\Common-PRML-master\HW2\FeatureSelection\src\svmapp\svm_toy.java,svmapp.svm_toy,getPreferredSize/0,XLEN,1
D:\Project\Common-PRML-master\Common-PRML-master\HW2\FeatureSelection\src\svmapp\svm_toy.java,svmapp.svm_toy,getPreferredSize/0,YLEN,1
D:\Project\Common-PRML-master\Common-PRML-master\HW2\FeatureSelection\src\svmapp\svm_toy.java,svmapp.svm_toy,button_change_clicked/0,current_value,3
D:\Project\Common-PRML-master\Common-PRML-master\HW2\FeatureSelection\src\svmapp\svm_toy.java,svmapp.svm_toy,button_save_clicked/1[java.lang.String],point_list,3
D:\Project\Common-PRML-master\Common-PRML-master\HW2\FeatureSelection\src\svmapp\svm_toy.java,svmapp.svm_toy,processMouseEvent/1[java.awt.event.MouseEvent],XLEN,2
D:\Project\Common-PRML-master\Common-PRML-master\HW2\FeatureSelection\src\svmapp\svm_toy.java,svmapp.svm_toy,processMouseEvent/1[java.awt.event.MouseEvent],YLEN,2
D:\Project\Common-PRML-master\Common-PRML-master\HW2\FeatureSelection\src\svmapp\svm_toy.java,svmapp.svm_toy,processMouseEvent/1[java.awt.event.MouseEvent],point_list,1
D:\Project\Common-PRML-master\Common-PRML-master\HW2\FeatureSelection\src\svmapp\svm_toy.java,svmapp.svm_toy,processMouseEvent/1[java.awt.event.MouseEvent],current_value,1
D:\Project\Common-PRML-master\Common-PRML-master\HW2\FeatureSelection\src\svmapp\svm_toy.java,svmapp.svm_toy,paint/1[java.awt.Graphics],buffer_gc,3
D:\Project\Common-PRML-master\Common-PRML-master\HW2\FeatureSelection\src\svmapp\svm_toy.java,svmapp.svm_toy,paint/1[java.awt.Graphics],XLEN,2
D:\Project\Common-PRML-master\Common-PRML-master\HW2\FeatureSelection\src\svmapp\svm_toy.java,svmapp.svm_toy,paint/1[java.awt.Graphics],YLEN,2
D:\Project\Common-PRML-master\Common-PRML-master\HW2\FeatureSelection\src\svmapp\svm_toy.java,svmapp.svm_toy,paint/1[java.awt.Graphics],buffer,4
D:\Project\Common-PRML-master\Common-PRML-master\HW2\FeatureSelection\src\svmapp\svm_toy.java,svmapp.svm_toy,paint/1[java.awt.Graphics],colors,1
D:\Project\Common-PRML-master\Common-PRML-master\HW2\FeatureSelection\src\svmapp\svm_toy.java,svmapp.svm_toy,draw_all_points/0,point_list,2
D:\Project\Common-PRML-master\Common-PRML-master\HW2\FeatureSelection\src\libsvm\svm.java,libsvm.svm,"svm_binary_svc_probability/5[libsvm.svm_problem,libsvm.svm_parameter,double,double,double[]]",rand,1
D:\Project\Common-PRML-master\Common-PRML-master\HW2\FeatureSelection\src\libsvm\svm.java,libsvm.svm,svm_set_print_string_function/1[libsvm.svm_print_interface],svm_print_string,2
D:\Project\Common-PRML-master\Common-PRML-master\HW2\FeatureSelection\src\libsvm\svm.java,libsvm.svm,svm_set_print_string_function/1[libsvm.svm_print_interface],svm_print_stdout,1
D:\Project\Common-PRML-master\Common-PRML-master\HW2\FeatureSelection\src\libsvm\svm.java,libsvm.svm,"svm_save_model/2[java.lang.String,libsvm.svm_model]",svm_type_table,1
D:\Project\Common-PRML-master\Common-PRML-master\HW2\FeatureSelection\src\libsvm\svm.java,libsvm.svm,"svm_save_model/2[java.lang.String,libsvm.svm_model]",kernel_type_table,1
D:\Project\Common-PRML-master\Common-PRML-master\HW2\FeatureSelection\src\libsvm\svm.java,libsvm.svm,"svm_cross_validation/4[libsvm.svm_problem,libsvm.svm_parameter,int,double[]]",rand,2
D:\Project\Common-PRML-master\Common-PRML-master\HW2\FeatureSelection\src\libsvm\svm.java,libsvm.svm,info/1[java.lang.String],svm_print_string,1
D:\Project\Common-PRML-master\Common-PRML-master\HW2\FeatureSelection\src\libsvm\svm.java,libsvm.svm,"read_model_header/2[java.io.BufferedReader,libsvm.svm_model]",svm_type_table,1
D:\Project\Common-PRML-master\Common-PRML-master\HW2\FeatureSelection\src\libsvm\svm.java,libsvm.svm,"read_model_header/2[java.io.BufferedReader,libsvm.svm_model]",kernel_type_table,1
D:\Project\Common-PRML-master\Common-PRML-master\HW2\FeatureSelection\src\select\Feature.java,select.Feature$AttriData,"AttriData/2[int,double]",label,3
D:\Project\Common-PRML-master\Common-PRML-master\HW2\FeatureSelection\src\select\Feature.java,select.Feature$AttriData,"AttriData/2[int,double]",value,3
D:\Project\Common-PRML-master\Common-PRML-master\HW2\FeatureSelection\src\select\ExtractMethod.java,select.ExtractMethod,classAverageVectorBestPress/0,attriNum,6
D:\Project\Common-PRML-master\Common-PRML-master\HW2\FeatureSelection\src\select\ExtractMethod.java,select.ExtractMethod,classCentralEigenvectorExtract/0,attriNum,1
D:\Project\Common-PRML-master\Common-PRML-master\HW2\FeatureSelection\src\select\ExtractMethod.java,select.ExtractMethod,classCentralEigenvectorExtract/0,extractNum,3
D:\Project\Common-PRML-master\Common-PRML-master\HW2\FeatureSelection\src\select\ExtractMethod.java,select.ExtractMethod,basedOnClassAverage/0,attriNum,2
D:\Project\Common-PRML-master\Common-PRML-master\HW2\FeatureSelection\src\select\ExtractMethod.java,select.ExtractMethod,basedOnClassAverage/0,extractNum,3
D:\Project\Common-PRML-master\Common-PRML-master\HW2\FeatureSelection\src\svmapp\svm_predict.java,svmapp.svm_predict,info/1[java.lang.String],svm_print_string,1
D:\Project\Common-PRML-master\Common-PRML-master\HW2\FeatureSelection\src\svmapp\svm_predict.java,svmapp.svm_predict,main/1[java.lang.String[]],svm_print_null,1
D:\Project\Common-PRML-master\Common-PRML-master\HW2\FeatureSelection\src\svmapp\svm_predict.java,svmapp.svm_predict,main/1[java.lang.String[]],svm_print_string,2
D:\Project\Common-PRML-master\Common-PRML-master\HW2\FeatureSelection\src\svmapp\svm_predict.java,svmapp.svm_predict,main/1[java.lang.String[]],svm_print_stdout,1
D:\Project\Common-PRML-master\Common-PRML-master\HW3\Cluster\src\cluster\HierCluster.java,cluster.HierCluster,HierCluster/1[java.util.ArrayList<file.PersonEntry>],sampleSize,2
D:\Project\Common-PRML-master\Common-PRML-master\HW3\Cluster\src\cluster\HierCluster.java,cluster.HierCluster,HierCluster/1[java.util.ArrayList<file.PersonEntry>],mergeDist,1
D:\Project\Common-PRML-master\Common-PRML-master\HW3\Cluster\src\cluster\HierCluster.java,cluster.HierCluster,HierCluster/1[java.util.ArrayList<file.PersonEntry>],clusters,1
D:\Project\Common-PRML-master\Common-PRML-master\HW3\Cluster\src\cluster\HierCluster.java,cluster.HierCluster,"mergeCluster/2[int,int]",mergeDist,1
D:\Project\Common-PRML-master\Common-PRML-master\HW3\Cluster\src\cluster\HierCluster.java,cluster.HierCluster,"mergeCluster/2[int,int]",clusters,10
D:\Project\Common-PRML-master\Common-PRML-master\HW3\Cluster\src\cluster\HierCluster.java,cluster.HierCluster,outputCluster/1[java.lang.String],clusters,2
D:\Project\Common-PRML-master\Common-PRML-master\HW3\Cluster\src\cluster\HierCluster.java,cluster.HierCluster,outputDistanceCurve/1[java.lang.String],sampleSize,2
D:\Project\Common-PRML-master\Common-PRML-master\HW3\Cluster\src\cluster\HierCluster.java,cluster.HierCluster,outputDistanceCurve/1[java.lang.String],mergeDist,1
D:\Project\Common-PRML-master\Common-PRML-master\HW3\Cluster\src\file\PersonEntry.java,file.PersonEntry,getDistance/1[file.PersonEntry],attriNum,2
D:\Project\Common-PRML-master\Common-PRML-master\HW3\Cluster\src\file\PersonEntry.java,file.PersonEntry,getDistance/1[file.PersonEntry],attris,1
D:\Project\Common-PRML-master\Common-PRML-master\HW3\Cluster\src\file\PersonEntry.java,file.PersonEntry,toString/0,attriNum,1
D:\Project\Common-PRML-master\Common-PRML-master\HW3\Cluster\src\file\PersonEntry.java,file.PersonEntry,toString/0,cluster,1
D:\Project\Common-PRML-master\Common-PRML-master\HW3\Cluster\src\file\PersonEntry.java,file.PersonEntry,toString/0,attris,1
D:\Project\Common-PRML-master\Common-PRML-master\HW3\Cluster\src\file\PersonEntry.java,file.PersonEntry,PersonEntry/1[int],attriNum,4
D:\Project\Common-PRML-master\Common-PRML-master\HW3\Cluster\src\file\PersonEntry.java,file.PersonEntry,PersonEntry/1[int],cluster,1
D:\Project\Common-PRML-master\Common-PRML-master\HW3\Cluster\src\file\PersonEntry.java,file.PersonEntry,PersonEntry/1[int],attris,1
D:\Project\Common-PRML-master\Common-PRML-master\HW3\Cluster\src\file\PersonEntry.java,file.PersonEntry,getDistance/1[double[]],attriNum,1
D:\Project\Common-PRML-master\Common-PRML-master\HW3\Cluster\src\file\PersonEntry.java,file.PersonEntry,getDistance/1[double[]],attris,1
D:\Project\Common-PRML-master\Common-PRML-master\HW2\FeatureSelection\src\libsvm\svm.java,libsvm.Cache,"Cache/2[int,long]",head,2
D:\Project\Common-PRML-master\Common-PRML-master\HW2\FeatureSelection\src\libsvm\svm.java,libsvm.Cache,"Cache/2[int,long]",size,5
D:\Project\Common-PRML-master\Common-PRML-master\HW2\FeatureSelection\src\libsvm\svm.java,libsvm.Cache,"Cache/2[int,long]",lru_head,2
D:\Project\Common-PRML-master\Common-PRML-master\HW2\FeatureSelection\src\libsvm\svm.java,libsvm.Cache,"Cache/2[int,long]",l,5
D:\Project\Common-PRML-master\Common-PRML-master\HW2\FeatureSelection\src\libsvm\svm.java,libsvm.Cache,"swap_index/2[int,int]",head,16
D:\Project\Common-PRML-master\Common-PRML-master\HW2\FeatureSelection\src\libsvm\svm.java,libsvm.Cache,"swap_index/2[int,int]",size,1
D:\Project\Common-PRML-master\Common-PRML-master\HW2\FeatureSelection\src\libsvm\svm.java,libsvm.Cache,"swap_index/2[int,int]",lru_head,1
D:\Project\Common-PRML-master\Common-PRML-master\HW2\FeatureSelection\src\libsvm\svm.java,libsvm.Cache,"get_data/3[int,float[][],int]",head,1
D:\Project\Common-PRML-master\Common-PRML-master\HW2\FeatureSelection\src\libsvm\svm.java,libsvm.Cache,"get_data/3[int,float[][],int]",size,3
D:\Project\Common-PRML-master\Common-PRML-master\HW2\FeatureSelection\src\libsvm\svm.java,libsvm.Cache,lru_insert/1[libsvm.Cache.head_t],lru_head,1
D:\Project\Common-PRML-master\Common-PRML-master\HW2\FeatureSelection\src\select\SelectMethod.java,select.SelectMethod$MaxInfo,print/0,count7,1
D:\Project\Common-PRML-master\Common-PRML-master\HW2\FeatureSelection\src\select\SelectMethod.java,select.SelectMethod$MaxInfo,print/0,countX,1
D:\Project\Common-PRML-master\Common-PRML-master\HW2\FeatureSelection\src\select\SelectMethod.java,select.SelectMethod$MaxInfo,print/0,countCal,1
D:\Project\Common-PRML-master\Common-PRML-master\HW3\Cluster\src\file\FileIO.java,file.FileIO,doPCA/0,sigma,1
D:\Project\Common-PRML-master\Common-PRML-master\HW3\Cluster\src\file\FileIO.java,file.FileIO,doPCA/0,attriNumInital,6
D:\Project\Common-PRML-master\Common-PRML-master\HW3\Cluster\src\file\FileIO.java,file.FileIO,doPCA/0,personPCA,5
D:\Project\Common-PRML-master\Common-PRML-master\HW3\Cluster\src\file\FileIO.java,file.FileIO,doPCA/0,attriNumPCA,6
D:\Project\Common-PRML-master\Common-PRML-master\HW3\Cluster\src\file\FileIO.java,file.FileIO,doPCA/0,personInital,2
D:\Project\Common-PRML-master\Common-PRML-master\HW3\Cluster\src\file\FileIO.java,file.FileIO,doPCA/0,needWrittenEigenValue,1
D:\Project\Common-PRML-master\Common-PRML-master\HW3\Cluster\src\file\FileIO.java,file.FileIO,FileIO/0,sigma,1
D:\Project\Common-PRML-master\Common-PRML-master\HW3\Cluster\src\file\FileIO.java,file.FileIO,FileIO/0,attriNumInital,5
D:\Project\Common-PRML-master\Common-PRML-master\HW3\Cluster\src\file\FileIO.java,file.FileIO,FileIO/0,personInital,2
D:\Project\Common-PRML-master\Common-PRML-master\HW3\Cluster\src\file\FileIO.java,file.FileIO,FileIO/0,mu,1
D:\Project\Common-PRML-master\Common-PRML-master\HW3\Cluster\src\file\FileIO.java,file.FileIO,getInstance/0,file,3
D:\Project\Common-PRML-master\Common-PRML-master\HW3\Cluster\src\file\FileIO.java,file.FileIO,calculateSigma/0,sigma,1
D:\Project\Common-PRML-master\Common-PRML-master\HW3\Cluster\src\file\FileIO.java,file.FileIO,calculateSigma/0,attriNumInital,3
D:\Project\Common-PRML-master\Common-PRML-master\HW3\Cluster\src\file\FileIO.java,file.FileIO,calculateSigma/0,personInital,4
D:\Project\Common-PRML-master\Common-PRML-master\HW3\Cluster\src\file\FileIO.java,file.FileIO,calculateSigma/0,mu,5
D:\Project\Common-PRML-master\Common-PRML-master\HW3\Cluster\src\cluster\Cmeans.java,cluster.Cmeans,"doCmeans/2[java.util.ArrayList<file.PersonEntry>,int]",SPLIT_NUM,2
D:\Project\Common-PRML-master\Common-PRML-master\HW3\Cluster\src\cluster\Cmeans.java,cluster.Cmeans,"doCmeans/2[java.util.ArrayList<file.PersonEntry>,int]",clusterTotalVectors,4
D:\Project\Common-PRML-master\Common-PRML-master\HW3\Cluster\src\cluster\Cmeans.java,cluster.Cmeans,"doCmeans/2[java.util.ArrayList<file.PersonEntry>,int]",needWritten,1
D:\Project\Common-PRML-master\Common-PRML-master\HW3\Cluster\src\cluster\Cmeans.java,cluster.Cmeans,"doCmeans/2[java.util.ArrayList<file.PersonEntry>,int]",matrixJe,1
D:\Project\Common-PRML-master\Common-PRML-master\HW3\Cluster\src\cluster\Cmeans.java,cluster.Cmeans,"doCmeans/2[java.util.ArrayList<file.PersonEntry>,int]",clusterNumber,9
D:\Project\Common-PRML-master\Common-PRML-master\HW3\Cluster\src\cluster\Cmeans.java,cluster.Cmeans,"doCmeans/2[java.util.ArrayList<file.PersonEntry>,int]",clusterMVectors,4
D:\Project\Common-PRML-master\Common-PRML-master\HW3\Cluster\src\cluster\Cmeans.java,cluster.Cmeans,"initTotalVector/2[java.util.ArrayList<file.PersonEntry>,int]",clusterTotalVectors,3
D:\Project\Common-PRML-master\Common-PRML-master\HW3\Cluster\src\cluster\Cmeans.java,cluster.Cmeans,"initTotalVector/2[java.util.ArrayList<file.PersonEntry>,int]",clusterMVectors,2
D:\Project\Common-PRML-master\Common-PRML-master\HW3\Cluster\src\cluster\Cmeans.java,cluster.Cmeans,"initTotalVector/2[java.util.ArrayList<file.PersonEntry>,int]",clusterNumber,3
D:\Project\Common-PRML-master\Common-PRML-master\HW3\Cluster\src\cluster\Cmeans.java,cluster.Cmeans,"writtenJeCurve/2[java.lang.String,java.util.ArrayList<file.PersonEntry>]",matrixColumn,2
D:\Project\Common-PRML-master\Common-PRML-master\HW3\Cluster\src\cluster\Cmeans.java,cluster.Cmeans,"writtenJeCurve/2[java.lang.String,java.util.ArrayList<file.PersonEntry>]",needWritten,2
D:\Project\Common-PRML-master\Common-PRML-master\HW3\Cluster\src\cluster\Cmeans.java,cluster.Cmeans,"writtenJeCurve/2[java.lang.String,java.util.ArrayList<file.PersonEntry>]",matrixJe,2
D:\Project\Common-PRML-master\Common-PRML-master\HW3\Cluster\src\cluster\Cmeans.java,cluster.Cmeans,"getJe/2[java.util.ArrayList<file.PersonEntry>,int]",clusterMVectors,1
D:\Project\Common-PRML-master\Common-PRML-master\HW3\Cluster\src\cluster\Cmeans.java,cluster.Cmeans,Cmeans/0,matrixColumn,2
D:\Project\Common-PRML-master\Common-PRML-master\HW3\Cluster\src\cluster\Cmeans.java,cluster.Cmeans,Cmeans/0,MAX_ITER,1
D:\Project\Common-PRML-master\Common-PRML-master\HW3\Cluster\src\cluster\Cmeans.java,cluster.Cmeans,Cmeans/0,SPLIT_NUM,1
D:\Project\Common-PRML-master\Common-PRML-master\HW3\Cluster\src\cluster\Cmeans.java,cluster.Cmeans,Cmeans/0,matrixJe,1
D:\Project\Common-PRML-master\Common-PRML-master\HW2\FeatureSelection\src\libsvm\svm.java,libsvm.Solver_NU,"Solve/10[int,libsvm.QMatrix,double[],byte[],double[],double,double,double,libsvm.Solver.SolutionInfo,int]",si,4
D:\Project\Common-PRML-master\Common-PRML-master\HW2\FeatureSelection\src\libsvm\svm.java,libsvm.ONE_CLASS_Q,"get_Q/2[int,int]",cache,1
D:\Project\Common-PRML-master\Common-PRML-master\HW2\FeatureSelection\src\libsvm\svm.java,libsvm.ONE_CLASS_Q,get_QD/0,QD,1
D:\Project\Common-PRML-master\Common-PRML-master\HW2\FeatureSelection\src\libsvm\svm.java,libsvm.ONE_CLASS_Q,"ONE_CLASS_Q/2[libsvm.svm_problem,libsvm.svm_parameter]",cache,1
D:\Project\Common-PRML-master\Common-PRML-master\HW2\FeatureSelection\src\libsvm\svm.java,libsvm.ONE_CLASS_Q,"ONE_CLASS_Q/2[libsvm.svm_problem,libsvm.svm_parameter]",QD,2
D:\Project\Common-PRML-master\Common-PRML-master\HW2\FeatureSelection\src\libsvm\svm.java,libsvm.ONE_CLASS_Q,"swap_index/2[int,int]",cache,1
D:\Project\Common-PRML-master\Common-PRML-master\HW2\FeatureSelection\src\libsvm\svm.java,libsvm.ONE_CLASS_Q,"swap_index/2[int,int]",QD,4
D:\Project\Common-PRML-master\Common-PRML-master\HW2\FeatureSelection\src\svmapp\svm_toy.java,svmapp.svm_toy$point,"point/3[double,double,byte]",x,3
D:\Project\Common-PRML-master\Common-PRML-master\HW2\FeatureSelection\src\svmapp\svm_toy.java,svmapp.svm_toy$point,"point/3[double,double,byte]",y,3
D:\Project\Common-PRML-master\Common-PRML-master\HW2\FeatureSelection\src\svmapp\svm_toy.java,svmapp.svm_toy$point,"point/3[double,double,byte]",value,3
D:\Project\Common-PRML-master\Common-PRML-master\HW3\Cluster\src\cluster\Cluster.java,cluster.Cluster,getSingleLink/1[cluster.Cluster],peopleCluster,1
D:\Project\Common-PRML-master\Common-PRML-master\HW3\Cluster\src\cluster\Cluster.java,cluster.Cluster,getAveragePerson/0,peopleCluster,3
D:\Project\Common-PRML-master\Common-PRML-master\HW3\Cluster\src\cluster\Cluster.java,cluster.Cluster,getCompleteLink/1[cluster.Cluster],peopleCluster,1
