file,class,method,constructor,line,cbo,cboModified,fanin,fanout,wmc,rfc,loc,returnsQty,variablesQty,parametersQty,methodsInvokedQty,methodsInvokedLocalQty,methodsInvokedIndirectLocalQty,loopQty,comparisonsQty,tryCatchQty,parenthesizedExpsQty,stringLiteralsQty,numbersQty,assignmentsQty,mathOperationsQty,maxNestedBlocksQty,anonymousClassesQty,innerClassesQty,lambdasQty,uniqueWordsQty,modifiers,logStatementsQty,hasJavaDoc
D:\Project\Common-PRML-master\Common-PRML-master\HW2\FeatureSelection\src\libsvm\svm.java,libsvm.QMatrix,"get_Q/2[int,int]",false,131,1,4,4,0,1,0,1,0,0,2,0,0,0,0,0,0,0,0,0,0,0,0,0,0,0,4,1024,0,false
D:\Project\Common-PRML-master\Common-PRML-master\HW2\FeatureSelection\src\libsvm\svm.java,libsvm.QMatrix,"swap_index/2[int,int]",false,133,0,1,1,0,1,0,1,0,0,2,0,0,0,0,0,0,0,0,0,0,0,0,0,0,0,3,1024,0,false
D:\Project\Common-PRML-master\Common-PRML-master\HW2\FeatureSelection\src\libsvm\svm.java,libsvm.QMatrix,get_QD/0,false,132,1,1,1,0,1,0,1,0,0,0,0,0,0,0,0,0,0,0,0,0,0,0,0,0,0,4,1024,0,false
D:\Project\Common-PRML-master\Common-PRML-master\HW2\FeatureSelection\src\select\FileIO.java,select.FileIO,"writeExtractTrainAttriForSVM/2[select.Matrix,int[]]",false,160,4,2,1,1,6,10,24,0,8,2,10,1,1,4,0,1,0,5,5,10,3,4,0,0,0,27,1,0,false
D:\Project\Common-PRML-master\Common-PRML-master\HW2\FeatureSelection\src\select\FileIO.java,select.FileIO,main/1[java.lang.String[]],false,210,1,2,0,2,1,2,4,0,1,1,2,2,2,0,0,0,0,0,0,1,0,0,0,0,0,6,9,0,false
D:\Project\Common-PRML-master\Common-PRML-master\HW2\FeatureSelection\src\select\FileIO.java,select.FileIO,writeTrainAttriForSVM/0,false,116,0,1,1,0,5,9,17,0,3,0,9,0,0,2,0,1,0,5,2,3,2,4,0,0,0,19,1,0,false
D:\Project\Common-PRML-master\Common-PRML-master\HW2\FeatureSelection\src\select\FileIO.java,select.FileIO,FileIO/0,true,27,1,3,2,1,2,2,6,0,1,0,2,1,2,1,0,0,0,0,1,1,0,1,0,0,0,7,0,0,false
D:\Project\Common-PRML-master\Common-PRML-master\HW2\FeatureSelection\src\select\FileIO.java,select.FileIO,setAllUsed/1[boolean],false,56,0,7,7,0,2,1,5,0,1,1,1,0,0,1,0,0,0,0,1,1,0,1,0,0,0,7,1,0,false
D:\Project\Common-PRML-master\Common-PRML-master\HW2\FeatureSelection\src\select\FileIO.java,select.FileIO,writeAttriForSVM/0,false,111,1,4,2,2,1,2,4,0,0,0,2,2,1,0,0,0,0,0,0,0,0,0,0,0,0,6,1,0,false
D:\Project\Common-PRML-master\Common-PRML-master\HW2\FeatureSelection\src\select\FileIO.java,select.FileIO,readTrainFile/0,false,67,2,1,1,0,4,10,22,0,7,0,10,0,0,2,0,1,0,5,4,7,1,3,0,0,0,22,1,0,false
D:\Project\Common-PRML-master\Common-PRML-master\HW2\FeatureSelection\src\select\FileIO.java,select.FileIO,"writeExtractAttriForSVM/2[select.Matrix,int[]]",false,155,3,5,3,2,1,2,4,0,0,2,2,2,3,0,0,0,0,0,0,0,0,0,0,0,0,10,1,0,false
D:\Project\Common-PRML-master\Common-PRML-master\HW2\FeatureSelection\src\select\FileIO.java,select.FileIO,"writeExtractTestAttriForSVM/2[select.Matrix,int[]]",false,185,4,2,1,1,6,10,24,0,8,2,10,1,1,4,0,1,0,5,5,10,3,4,0,0,0,27,1,0,false
D:\Project\Common-PRML-master\Common-PRML-master\HW2\FeatureSelection\src\select\FileIO.java,select.FileIO,countUsed/0,false,43,1,6,5,1,4,0,12,1,1,0,0,0,0,1,1,0,0,0,1,2,0,2,0,0,0,10,9,0,false
D:\Project\Common-PRML-master\Common-PRML-master\HW2\FeatureSelection\src\select\FileIO.java,select.FileIO,readTestFile/0,false,89,2,1,1,0,4,10,22,0,7,0,10,0,0,2,0,1,0,5,4,7,1,3,0,0,0,22,1,0,false
D:\Project\Common-PRML-master\Common-PRML-master\HW2\FeatureSelection\src\select\FileIO.java,select.FileIO,readFile/0,false,62,1,3,1,2,1,2,4,0,0,0,2,2,1,0,0,0,0,0,0,0,0,0,0,0,0,2,1,0,false
D:\Project\Common-PRML-master\Common-PRML-master\HW2\FeatureSelection\src\select\FileIO.java,select.FileIO,getInstance/0,false,34,1,20,19,1,2,1,8,1,0,0,1,0,0,0,1,0,0,0,0,1,0,1,0,0,0,7,8,0,false
D:\Project\Common-PRML-master\Common-PRML-master\HW2\FeatureSelection\src\select\FileIO.java,select.FileIO,writeTestAttriForSVM/0,false,134,0,1,1,0,5,9,17,0,3,0,9,0,0,2,0,1,0,5,2,3,2,4,0,0,0,19,1,0,false
D:\Project\Common-PRML-master\Common-PRML-master\HW2\FeatureSelection\src\svmapp\svm_train.java,svmapp.svm_train,exit_with_help/0,false,23,0,1,1,0,1,2,4,0,0,0,2,0,0,0,0,0,0,27,1,0,1,0,0,0,0,82,10,0,false
D:\Project\Common-PRML-master\Common-PRML-master\HW2\FeatureSelection\src\svmapp\svm_train.java,svmapp.svm_train,atof/1[java.lang.String],false,125,0,2,2,0,3,6,8,1,1,1,6,0,0,0,0,0,1,1,1,1,0,1,0,0,0,6,10,0,false
D:\Project\Common-PRML-master\Common-PRML-master\HW2\FeatureSelection\src\svmapp\svm_train.java,svmapp.svm_train,main/1[java.lang.String[]],false,118,1,4,2,2,1,1,5,1,1,1,1,1,4,0,0,0,0,0,0,1,0,0,0,0,0,11,9,0,false
D:\Project\Common-PRML-master\Common-PRML-master\HW2\FeatureSelection\src\svmapp\svm_train.java,svmapp.svm_train,atoi/1[java.lang.String],false,136,0,2,2,0,1,1,3,1,0,1,1,0,0,0,0,0,0,0,0,0,0,0,0,0,0,2,10,0,false
D:\Project\Common-PRML-master\Common-PRML-master\HW2\FeatureSelection\src\svmapp\svm_train.java,svmapp.svm_train,parse_command_line/1[java.lang.String[]],false,141,6,6,1,5,22,9,102,0,5,1,9,3,1,1,1,0,0,4,33,44,11,3,0,0,0,29,2,0,false
D:\Project\Common-PRML-master\Common-PRML-master\HW2\FeatureSelection\src\svmapp\svm_train.java,svmapp.svm_train,do_cross_validation/0,false,57,2,2,1,1,6,2,26,0,11,0,2,0,0,2,3,0,8,6,10,18,30,3,0,0,0,22,2,0,false
D:\Project\Common-PRML-master\Common-PRML-master\HW2\FeatureSelection\src\svmapp\svm_train.java,svmapp.svm_train,run/1[java.lang.String[]],false,95,2,7,1,6,3,8,16,0,0,1,8,3,3,0,2,0,0,2,2,2,1,1,0,0,0,17,2,0,false
D:\Project\Common-PRML-master\Common-PRML-master\HW2\FeatureSelection\src\svmapp\svm_train.java,svmapp.svm_train,read_problem/0,false,266,4,5,1,4,14,14,39,0,12,0,14,2,1,5,4,0,0,3,18,23,3,3,0,0,0,41,2,0,false
D:\Project\Common-PRML-master\Common-PRML-master\HW2\FeatureSelection\src\libsvm\svm_print_interface.java,libsvm.svm_print_interface,print/1[java.lang.String],false,4,0,2,2,0,1,0,1,0,0,1,0,0,0,0,0,0,0,0,0,0,0,0,0,0,0,2,1,0,false
D:\Project\Common-PRML-master\Common-PRML-master\HW2\FeatureSelection\src\svmapp\svm_toy.java,svmapp.AppletFrame,"AppletFrame/4[java.lang.String,java.applet.Applet,int,int]",true,490,0,2,1,1,1,7,15,0,0,4,7,0,0,0,0,0,0,0,0,0,0,0,1,0,0,12,0,0,false
D:\Project\Common-PRML-master\Common-PRML-master\HW2\FeatureSelection\src\libsvm\svm.java,libsvm.SVC_Q,"SVC_Q/3[libsvm.svm_problem,libsvm.svm_parameter,byte[]]",true,1155,6,4,2,2,2,2,7,0,1,3,2,0,0,1,0,0,2,0,3,5,2,1,0,0,0,14,0,0,false
D:\Project\Common-PRML-master\Common-PRML-master\HW2\FeatureSelection\src\libsvm\svm.java,libsvm.SVC_Q,"swap_index/2[int,int]",false,1182,1,1,0,1,3,2,16,0,2,2,2,0,0,2,0,0,0,0,0,6,0,1,0,0,0,5,0,0,false
D:\Project\Common-PRML-master\Common-PRML-master\HW2\FeatureSelection\src\libsvm\svm.java,libsvm.SVC_Q,"get_Q/2[int,int]",false,1165,3,2,0,2,3,2,8,1,3,2,2,0,0,1,0,0,2,0,3,4,1,2,0,0,0,9,0,0,false
D:\Project\Common-PRML-master\Common-PRML-master\HW2\FeatureSelection\src\libsvm\svm.java,libsvm.SVC_Q,get_QD/0,false,1177,1,0,0,0,1,0,3,1,0,0,0,0,0,0,0,0,0,0,0,0,0,0,0,0,0,4,0,0,false
D:\Project\Common-PRML-master\Common-PRML-master\HW2\FeatureSelection\src\svmapp\svm_toy.java,svmapp.AppletFrame$Anonymous7,windowClosing/1[java.awt.event.WindowEvent],false,493,0,0,0,0,1,1,3,0,0,1,1,0,0,0,0,0,0,0,1,0,0,0,0,0,0,5,1,0,false
D:\Project\Common-PRML-master\Common-PRML-master\HW2\FeatureSelection\src\libsvm\svm.java,libsvm.Kernel,"powi/2[double,int]",false,156,0,2,2,0,3,0,8,1,3,2,0,0,0,1,1,0,0,0,5,6,2,2,0,0,0,5,10,0,false
D:\Project\Common-PRML-master\Common-PRML-master\HW2\FeatureSelection\src\libsvm\svm.java,libsvm.Kernel,"dot/2[libsvm.svm_node[],libsvm.svm_node[]]",false,205,1,3,3,0,5,0,15,1,5,2,0,0,0,1,1,0,0,0,3,6,1,4,0,0,0,7,8,0,false
D:\Project\Common-PRML-master\Common-PRML-master\HW2\FeatureSelection\src\libsvm\svm.java,libsvm.Kernel,get_QD/0,false,147,1,0,0,0,1,0,1,0,0,0,0,0,0,0,0,0,0,0,0,0,0,0,0,0,0,4,1024,0,false
D:\Project\Common-PRML-master\Common-PRML-master\HW2\FeatureSelection\src\libsvm\svm.java,libsvm.Kernel,"get_Q/2[int,int]",false,146,1,0,0,0,1,0,1,0,0,2,0,0,0,0,0,0,0,0,0,0,0,0,0,0,0,4,1024,0,false
D:\Project\Common-PRML-master\Common-PRML-master\HW2\FeatureSelection\src\libsvm\svm.java,libsvm.Kernel,"Kernel/3[int,libsvm.svm_node[][],libsvm.svm_parameter]",true,187,4,1,0,1,3,2,12,0,1,3,2,1,1,1,1,0,0,0,1,9,0,2,0,0,0,10,0,0,false
D:\Project\Common-PRML-master\Common-PRML-master\HW2\FeatureSelection\src\libsvm\svm.java,libsvm.Kernel,"k_function/3[libsvm.svm_node[],libsvm.svm_node[],libsvm.svm_parameter]",false,228,3,3,1,2,12,4,45,6,6,3,4,2,1,3,1,0,1,0,5,11,11,3,0,0,0,11,8,0,false
D:\Project\Common-PRML-master\Common-PRML-master\HW2\FeatureSelection\src\libsvm\svm.java,libsvm.Kernel,"swap_index/2[int,int]",false,150,1,0,0,0,4,0,14,0,2,2,0,0,0,2,1,0,0,0,0,6,0,2,0,0,0,8,0,0,false
D:\Project\Common-PRML-master\Common-PRML-master\HW2\FeatureSelection\src\libsvm\svm.java,libsvm.Kernel,"kernel_function/2[int,int]",false,168,1,8,6,2,6,4,16,6,0,2,4,2,1,0,0,0,2,0,3,0,8,1,0,0,0,8,0,0,false
D:\Project\Common-PRML-master\Common-PRML-master\HW2\FeatureSelection\src\select\TrainAndTestByLibSVM.java,select.TrainAndTestByLibSVM,TrainAndTestByLibSVM/0,true,21,0,1,1,0,1,0,2,0,0,0,0,0,0,0,0,0,0,0,0,0,0,0,0,0,0,8,2,0,false
D:\Project\Common-PRML-master\Common-PRML-master\HW2\FeatureSelection\src\select\TrainAndTestByLibSVM.java,select.TrainAndTestByLibSVM,trainByLibSVM/1[java.lang.String],false,48,2,6,4,2,2,3,13,0,2,1,3,0,0,0,0,1,0,0,3,6,1,1,0,0,0,17,1,0,false
D:\Project\Common-PRML-master\Common-PRML-master\HW2\FeatureSelection\src\select\TrainAndTestByLibSVM.java,select.TrainAndTestByLibSVM,tellByLibSVM/0,false,67,1,1,0,1,2,3,12,1,1,0,3,0,0,0,0,1,0,1,2,3,1,1,0,0,0,14,1,0,false
D:\Project\Common-PRML-master\Common-PRML-master\HW2\FeatureSelection\src\select\TrainAndTestByLibSVM.java,select.TrainAndTestByLibSVM,getInstance/0,false,25,1,5,4,1,2,0,4,1,0,0,0,0,0,0,1,0,0,0,0,1,0,1,0,0,0,12,9,0,false
D:\Project\Common-PRML-master\Common-PRML-master\HW2\FeatureSelection\src\select\TrainAndTestByLibSVM.java,select.TrainAndTestByLibSVM,tellByLibSVM/1[java.lang.String],false,85,1,5,4,1,2,2,12,1,1,1,2,0,0,0,0,1,0,0,3,4,0,1,0,0,0,15,1,0,false
D:\Project\Common-PRML-master\Common-PRML-master\HW2\FeatureSelection\src\select\TrainAndTestByLibSVM.java,select.TrainAndTestByLibSVM,main/1[java.lang.String[]],false,100,2,12,7,5,1,6,9,0,2,1,6,3,1,0,0,0,0,2,0,2,0,0,0,0,0,15,9,0,false
D:\Project\Common-PRML-master\Common-PRML-master\HW2\FeatureSelection\src\select\TrainAndTestByLibSVM.java,select.TrainAndTestByLibSVM,trainByLibSVM/0,false,34,1,1,0,1,2,2,8,0,0,0,2,0,0,0,0,1,0,0,0,1,0,1,0,0,0,13,1,0,false
D:\Project\Common-PRML-master\Common-PRML-master\HW2\FeatureSelection\src\libsvm\svm.java,libsvm.Solver,update_alpha_status/1[int],false,329,1,2,1,1,3,1,5,0,0,1,1,1,1,0,0,0,0,0,1,3,0,2,0,0,0,18,0,0,false
D:\Project\Common-PRML-master\Common-PRML-master\HW2\FeatureSelection\src\libsvm\svm.java,libsvm.Solver,"Solve/10[int,libsvm.QMatrix,double[],byte[],double[],double,double,double,libsvm.Solver.SolutionInfo,int]",false,406,8,14,3,11,43,15,171,0,33,10,15,8,7,14,7,0,3,6,46,97,34,5,0,0,0,52,0,4,false
D:\Project\Common-PRML-master\Common-PRML-master\HW2\FeatureSelection\src\libsvm\svm.java,libsvm.Solver,"swap_index/2[int,int]",false,351,1,3,2,1,8,1,45,0,7,2,1,0,0,7,0,0,0,0,0,21,0,1,0,0,0,5,0,0,false
D:\Project\Common-PRML-master\Common-PRML-master\HW2\FeatureSelection\src\libsvm\svm.java,libsvm.Solver,calculate_rho/0,false,853,1,3,1,2,7,4,23,1,7,0,4,2,1,1,0,0,1,0,7,13,4,3,0,0,0,17,0,0,false
D:\Project\Common-PRML-master\Common-PRML-master\HW2\FeatureSelection\src\libsvm\svm.java,libsvm.Solver,is_lower_bound/1[int],false,337,0,9,9,0,2,0,3,1,0,1,0,0,0,0,1,0,0,0,0,0,0,0,0,0,0,14,0,0,false
D:\Project\Common-PRML-master\Common-PRML-master\HW2\FeatureSelection\src\libsvm\svm.java,libsvm.Solver,do_shrinking/0,false,793,1,6,1,5,17,5,38,0,3,0,5,5,3,3,2,0,0,0,4,10,2,4,0,0,0,25,0,0,false
D:\Project\Common-PRML-master\Common-PRML-master\HW2\FeatureSelection\src\libsvm\svm.java,libsvm.Solver,reconstruct_gradient/0,false,363,4,6,3,3,13,3,21,1,6,0,3,1,1,6,1,0,1,1,6,13,7,4,0,0,0,16,0,1,false
D:\Project\Common-PRML-master\Common-PRML-master\HW2\FeatureSelection\src\libsvm\svm.java,libsvm.Solver,"be_shrunk/3[int,double,double]",false,773,1,3,1,2,5,2,11,5,0,3,2,2,1,0,2,0,5,0,2,0,0,2,0,0,0,10,2,0,false
D:\Project\Common-PRML-master\Common-PRML-master\HW2\FeatureSelection\src\libsvm\svm.java,libsvm.Solver,is_free/1[int],false,338,0,1,1,0,2,0,3,1,0,1,0,0,0,0,1,0,0,0,0,0,0,0,0,0,0,6,0,0,false
D:\Project\Common-PRML-master\Common-PRML-master\HW2\FeatureSelection\src\libsvm\svm.java,libsvm.Solver,is_upper_bound/1[int],false,336,0,9,9,0,2,0,3,1,0,1,0,0,0,0,1,0,0,0,0,0,0,0,0,0,0,13,0,0,false
D:\Project\Common-PRML-master\Common-PRML-master\HW2\FeatureSelection\src\libsvm\svm.java,libsvm.Solver,select_working_set/1[int[]],false,674,4,4,1,3,22,3,60,2,15,1,3,2,1,2,4,0,4,0,20,30,16,5,0,0,0,29,0,0,false
D:\Project\Common-PRML-master\Common-PRML-master\HW2\FeatureSelection\src\libsvm\svm.java,libsvm.Solver,get_C/1[int],false,325,0,2,2,0,2,0,3,1,0,1,0,0,0,0,0,0,1,0,1,0,0,0,0,0,0,6,0,0,false
D:\Project\Common-PRML-master\Common-PRML-master\HW2\FeatureSelection\src\svmapp\svm_scale.java,svmapp.svm_scale,"rewind/2[java.io.BufferedReader,java.lang.String]",false,39,0,1,1,0,1,1,4,1,0,2,1,0,0,0,0,0,0,0,0,0,0,0,0,0,0,8,2,0,false
D:\Project\Common-PRML-master\Common-PRML-master\HW2\FeatureSelection\src\svmapp\svm_scale.java,svmapp.svm_scale,run/1[java.lang.String[]],false,89,2,6,1,5,42,26,200,0,30,1,26,5,1,15,16,4,9,22,27,81,10,4,0,0,0,67,2,0,false
D:\Project\Common-PRML-master\Common-PRML-master\HW2\FeatureSelection\src\svmapp\svm_scale.java,svmapp.svm_scale,"output/2[int,double]",false,61,0,1,1,0,5,1,10,1,0,2,1,0,0,0,4,0,3,2,1,3,7,2,0,0,0,8,2,0,false
D:\Project\Common-PRML-master\Common-PRML-master\HW2\FeatureSelection\src\svmapp\svm_scale.java,svmapp.svm_scale,output_target/1[double],false,45,0,1,1,0,4,1,8,0,0,1,1,0,0,0,2,0,3,1,0,3,7,3,0,0,0,9,2,0,false
D:\Project\Common-PRML-master\Common-PRML-master\HW2\FeatureSelection\src\svmapp\svm_scale.java,svmapp.svm_scale,exit_with_help/0,false,25,0,1,1,0,1,2,4,0,0,0,2,0,0,0,0,0,0,7,1,0,1,0,0,0,0,23,10,0,false
D:\Project\Common-PRML-master\Common-PRML-master\HW2\FeatureSelection\src\svmapp\svm_scale.java,svmapp.svm_scale,readline/1[java.io.BufferedReader],false,83,0,1,1,0,1,1,4,1,0,1,1,0,0,0,0,0,0,0,0,1,0,0,0,0,0,8,2,0,false
D:\Project\Common-PRML-master\Common-PRML-master\HW2\FeatureSelection\src\svmapp\svm_scale.java,svmapp.svm_scale,main/1[java.lang.String[]],false,348,1,2,0,2,1,1,4,0,1,1,1,1,2,0,0,0,0,0,0,1,0,0,0,0,0,8,9,0,false
D:\Project\Common-PRML-master\Common-PRML-master\HW2\FeatureSelection\src\libsvm\svm.java,libsvm.svm$Anonymous1,print/1[java.lang.String],false,1302,0,0,0,0,1,2,4,0,0,1,2,0,0,0,0,0,0,0,0,0,0,0,0,0,0,2,1,0,false
D:\Project\Common-PRML-master\Common-PRML-master\HW2\FeatureSelection\src\libsvm\svm_parameter.java,libsvm.svm_parameter,clone/0,false,37,0,2,2,0,2,1,8,2,0,0,1,0,0,0,0,1,0,0,0,0,0,1,0,0,0,8,1,0,false
D:\Project\Common-PRML-master\Common-PRML-master\HW2\FeatureSelection\src\select\SelectMethod.java,select.SelectMethod,getScore/1[int],false,102,1,11,7,4,5,4,20,1,1,1,4,0,0,0,0,0,0,0,5,6,0,1,0,0,0,4,2,0,false
D:\Project\Common-PRML-master\Common-PRML-master\HW2\FeatureSelection\src\select\SelectMethod.java,select.SelectMethod,tanXinMethod/1[int],false,189,4,5,0,5,6,13,31,0,9,1,13,2,1,4,0,0,0,3,10,12,1,3,0,0,0,23,1,0,false
D:\Project\Common-PRML-master\Common-PRML-master\HW2\FeatureSelection\src\select\SelectMethod.java,select.SelectMethod,violentSearch/1[int],false,13,4,5,0,5,6,8,31,0,8,1,8,2,1,4,0,0,0,4,12,12,4,4,0,0,0,20,1,0,false
D:\Project\Common-PRML-master\Common-PRML-master\HW2\FeatureSelection\src\select\SelectMethod.java,select.SelectMethod,fenZhiDingJie/1[int],false,50,5,8,0,8,9,15,47,0,15,1,15,3,2,7,0,0,0,2,14,20,1,3,0,0,0,32,1,0,false
D:\Project\Common-PRML-master\Common-PRML-master\HW2\FeatureSelection\src\select\SelectMethod.java,select.SelectMethod,getDisplayStandard/1[int],false,126,0,6,6,0,5,1,18,0,0,1,1,0,0,0,0,0,0,5,4,0,0,1,0,0,0,4,2,0,false
D:\Project\Common-PRML-master\Common-PRML-master\HW2\FeatureSelection\src\select\SelectMethod.java,select.SelectMethod,lrMethod/1[int],false,309,3,5,0,5,13,12,60,0,21,1,12,2,1,9,2,0,0,3,18,25,1,4,0,0,0,26,1,0,false
D:\Project\Common-PRML-master\Common-PRML-master\HW2\FeatureSelection\src\select\SelectMethod.java,select.SelectMethod,main/1[java.lang.String[]],false,437,1,2,0,2,1,1,5,0,1,1,1,1,2,0,0,0,0,0,2,1,0,0,0,0,0,5,9,0,false
D:\Project\Common-PRML-master\Common-PRML-master\HW2\FeatureSelection\src\select\SelectMethod.java,select.SelectMethod,statisticMethod/1[int],false,375,4,5,1,4,8,12,39,0,9,1,12,1,1,4,0,0,0,7,12,12,2,3,0,0,0,24,1,0,false
D:\Project\Common-PRML-master\Common-PRML-master\HW2\FeatureSelection\src\select\SelectMethod.java,select.SelectMethod,backwardSelection/1[int],false,268,3,5,0,5,7,12,34,0,9,1,12,2,1,5,0,0,0,3,10,11,1,3,0,0,0,19,1,0,false
D:\Project\Common-PRML-master\Common-PRML-master\HW2\FeatureSelection\src\select\SelectMethod.java,select.SelectMethod,"BFS/7[int[],int[],select.SelectMethod.MaxInfo,int[],int,int,int]",false,149,4,5,2,3,9,5,37,2,6,7,5,2,1,3,4,0,0,2,14,12,4,3,0,0,0,16,1,0,false
D:\Project\Common-PRML-master\Common-PRML-master\HW2\FeatureSelection\src\select\SelectMethod.java,select.SelectMethod,"getStatisticScore/2[int,int]",false,422,1,3,1,2,3,2,14,1,1,2,2,0,0,0,0,0,0,0,3,4,0,1,0,0,0,6,2,0,false
D:\Project\Common-PRML-master\Common-PRML-master\HW2\FeatureSelection\src\select\SelectMethod.java,select.SelectMethod,forwardSelection/1[int],false,228,4,5,0,5,6,12,33,0,10,1,12,2,1,4,0,0,0,3,11,13,1,3,0,0,0,19,1,0,false
D:\Project\Common-PRML-master\Common-PRML-master\HW2\FeatureSelection\src\libsvm\svm.java,libsvm.SVR_Q,"SVR_Q/2[libsvm.svm_problem,libsvm.svm_parameter]",true,1240,8,4,2,2,2,1,18,0,1,2,1,0,0,1,0,0,2,0,11,14,9,1,0,0,0,19,0,0,false
D:\Project\Common-PRML-master\Common-PRML-master\HW2\FeatureSelection\src\libsvm\svm.java,libsvm.SVR_Q,"swap_index/2[int,int]",false,1261,0,0,0,0,4,0,20,0,3,2,0,0,0,3,0,0,0,0,0,9,0,1,0,0,0,5,0,0,false
D:\Project\Common-PRML-master\Common-PRML-master\HW2\FeatureSelection\src\libsvm\svm.java,libsvm.SVR_Q,"get_Q/2[int,int]",false,1268,3,2,0,2,4,2,12,1,5,2,2,0,0,2,0,0,0,0,6,9,2,2,0,0,0,15,0,0,false
D:\Project\Common-PRML-master\Common-PRML-master\HW2\FeatureSelection\src\libsvm\svm.java,libsvm.SVR_Q,get_QD/0,false,1287,1,0,0,0,1,0,3,1,0,0,0,0,0,0,0,0,0,0,0,0,0,0,0,0,0,4,0,0,false
D:\Project\Common-PRML-master\Common-PRML-master\HW2\FeatureSelection\src\select\Feature.java,select.Feature,initFeature/0,false,62,4,3,1,2,15,8,49,0,20,0,8,1,1,13,1,0,10,7,31,27,20,3,0,0,0,22,10,0,false
D:\Project\Common-PRML-master\Common-PRML-master\HW2\FeatureSelection\src\select\Feature.java,select.Feature,getTDistribution/1[int],false,309,1,2,1,1,2,3,12,1,6,1,3,1,3,0,1,0,2,0,12,6,13,1,0,0,0,12,9,0,false
D:\Project\Common-PRML-master\Common-PRML-master\HW2\FeatureSelection\src\select\Feature.java,select.Feature,getJD/0,false,288,3,6,2,4,2,12,16,1,10,0,12,3,3,0,1,0,3,0,6,10,2,1,0,0,0,19,9,0,false
D:\Project\Common-PRML-master\Common-PRML-master\HW2\FeatureSelection\src\select\Feature.java,select.Feature,getRankDistribution/1[int],false,327,2,5,2,3,4,14,32,1,12,1,14,0,0,2,1,0,2,2,16,13,9,2,1,0,0,24,9,0,false
D:\Project\Common-PRML-master\Common-PRML-master\HW2\FeatureSelection\src\select\Feature.java,select.Feature,getForMuMinus/0,false,273,2,2,1,1,4,5,14,1,5,0,5,0,0,2,0,0,0,0,6,5,1,2,0,0,0,12,9,0,false
D:\Project\Common-PRML-master\Common-PRML-master\HW2\FeatureSelection\src\select\Feature.java,select.Feature,"getRij/2[select.Matrix,double[]]",false,127,5,4,2,2,12,10,45,0,18,2,10,1,3,10,1,0,2,4,18,26,7,5,0,0,0,28,9,0,false
D:\Project\Common-PRML-master\Common-PRML-master\HW2\FeatureSelection\src\select\Feature.java,select.Feature,getJ4/0,false,199,1,4,2,2,2,2,7,1,1,0,2,2,3,0,1,0,0,0,0,1,1,1,0,0,0,3,9,0,false
D:\Project\Common-PRML-master\Common-PRML-master\HW2\FeatureSelection\src\select\Feature.java,select.Feature,main/1[java.lang.String[]],false,362,1,3,0,3,1,4,5,0,0,1,4,3,5,0,0,0,0,2,1,0,2,0,0,0,0,2,9,0,false
D:\Project\Common-PRML-master\Common-PRML-master\HW2\FeatureSelection\src\select\Feature.java,select.Feature,getForSw/0,false,239,2,3,2,1,5,6,16,1,6,0,6,0,0,3,0,0,0,0,3,6,0,2,0,0,0,12,9,0,false
D:\Project\Common-PRML-master\Common-PRML-master\HW2\FeatureSelection\src\select\Feature.java,select.Feature,getForSb/0,false,222,2,3,2,1,5,6,16,1,6,0,6,0,0,3,0,0,0,0,3,6,0,2,0,0,0,12,9,0,false
D:\Project\Common-PRML-master\Common-PRML-master\HW2\FeatureSelection\src\select\Feature.java,select.Feature,initMatrix/0,false,44,0,1,1,0,6,0,17,0,5,0,0,0,0,5,0,0,0,0,11,10,0,3,0,0,0,7,10,0,false
D:\Project\Common-PRML-master\Common-PRML-master\HW2\FeatureSelection\src\select\Feature.java,select.Feature,getJ2/0,false,188,2,4,1,3,2,6,10,1,4,0,6,3,3,0,1,0,0,0,0,4,0,1,0,0,0,7,9,0,false
D:\Project\Common-PRML-master\Common-PRML-master\HW2\FeatureSelection\src\select\Feature.java,select.Feature,getForSigma/1[int],false,256,2,2,1,1,5,6,16,1,6,1,6,0,0,3,0,0,0,0,3,6,0,2,0,0,0,13,9,0,false
D:\Project\Common-PRML-master\Common-PRML-master\HW2\FeatureSelection\src\select\Feature.java,select.Feature,Feature/0,true,25,1,1,1,0,1,0,4,0,0,0,0,0,0,0,0,0,0,0,0,2,0,0,0,0,0,3,0,0,false
D:\Project\Common-PRML-master\Common-PRML-master\HW2\FeatureSelection\src\select\Feature.java,select.Feature,getInstance/0,false,30,2,12,10,2,3,1,13,1,1,0,1,1,2,1,1,0,0,0,3,6,0,2,0,0,0,9,9,0,false
D:\Project\Common-PRML-master\Common-PRML-master\HW2\FeatureSelection\src\select\Feature.java,select.Feature,trace/1[double[][]],false,174,2,2,1,1,3,2,10,1,3,1,2,0,0,1,0,0,0,0,2,4,0,2,0,0,0,10,10,0,false
D:\Project\Common-PRML-master\Common-PRML-master\HW2\FeatureSelection\src\select\Feature.java,select.Feature,getJ5/0,false,210,2,4,1,3,2,6,10,1,3,0,6,3,3,0,1,0,0,0,0,4,1,1,0,0,0,6,9,0,false
D:\Project\Common-PRML-master\Common-PRML-master\HW2\FeatureSelection\src\svmapp\svm_toy.java,svmapp.svm_toy,init/0,false,49,1,2,0,2,1,10,72,0,10,0,10,1,3,0,0,0,0,5,4,15,0,0,6,0,0,43,1,0,false
D:\Project\Common-PRML-master\Common-PRML-master\HW2\FeatureSelection\src\svmapp\svm_toy.java,svmapp.svm_toy,draw_point/1[svmapp.svm_toy.point],false,117,1,2,2,0,1,3,8,0,2,1,3,0,0,0,0,0,4,0,5,2,5,0,0,0,0,14,0,0,false
D:\Project\Common-PRML-master\Common-PRML-master\HW2\FeatureSelection\src\svmapp\svm_toy.java,svmapp.svm_toy,clear_all/0,false,128,0,3,3,0,2,4,8,0,0,0,4,0,0,0,1,0,0,0,3,0,0,1,0,0,0,5,0,0,false
D:\Project\Common-PRML-master\Common-PRML-master\HW2\FeatureSelection\src\svmapp\svm_toy.java,svmapp.svm_toy,atof/1[java.lang.String],false,152,0,2,2,0,1,2,3,1,0,1,2,0,0,0,0,0,0,0,0,0,0,0,0,0,0,2,10,0,false
D:\Project\Common-PRML-master\Common-PRML-master\HW2\FeatureSelection\src\svmapp\svm_toy.java,svmapp.svm_toy,button_load_clicked/0,false,412,2,6,1,5,6,13,34,1,10,0,13,4,2,1,4,1,1,2,2,10,1,3,0,0,0,31,0,0,false
D:\Project\Common-PRML-master\Common-PRML-master\HW2\FeatureSelection\src\svmapp\svm_toy.java,svmapp.svm_toy,button_clear_clicked/0,false,369,1,2,1,1,1,1,3,0,0,0,1,1,1,0,0,0,0,0,0,0,0,0,0,0,0,4,0,0,false
D:\Project\Common-PRML-master\Common-PRML-master\HW2\FeatureSelection\src\svmapp\svm_toy.java,svmapp.svm_toy,setSize/1[java.awt.Dimension],false,474,1,2,1,1,1,1,3,0,0,1,1,1,2,0,0,0,0,0,0,0,0,0,0,0,0,4,1,0,false
D:\Project\Common-PRML-master\Common-PRML-master\HW2\FeatureSelection\src\svmapp\svm_toy.java,svmapp.svm_toy,"setSize/2[int,int]",false,475,1,2,1,1,1,2,6,0,0,2,2,1,1,0,0,0,0,0,1,2,1,0,0,0,0,11,1,0,false
D:\Project\Common-PRML-master\Common-PRML-master\HW2\FeatureSelection\src\svmapp\svm_toy.java,svmapp.svm_toy,button_run_clicked/1[java.lang.String],false,162,9,9,1,8,33,17,167,1,25,1,17,3,2,8,8,0,2,2,102,85,35,4,0,0,0,37,0,0,false
D:\Project\Common-PRML-master\Common-PRML-master\HW2\FeatureSelection\src\svmapp\svm_toy.java,svmapp.svm_toy,getPreferredSize/0,false,472,0,0,0,0,1,0,3,1,0,0,0,0,0,0,0,0,0,0,1,0,1,0,0,0,0,4,1,0,false
D:\Project\Common-PRML-master\Common-PRML-master\HW2\FeatureSelection\src\svmapp\svm_toy.java,svmapp.svm_toy,button_change_clicked/0,false,146,0,1,1,0,2,0,4,0,0,0,0,0,0,0,0,0,0,0,2,1,0,1,0,0,0,5,0,0,false
D:\Project\Common-PRML-master\Common-PRML-master\HW2\FeatureSelection\src\svmapp\svm_toy.java,svmapp.svm_toy,button_save_clicked/1[java.lang.String],false,374,2,2,1,1,8,13,32,1,11,1,13,1,1,2,4,1,0,7,4,12,4,3,0,0,0,33,0,0,false
D:\Project\Common-PRML-master\Common-PRML-master\HW2\FeatureSelection\src\svmapp\svm_toy.java,svmapp.svm_toy,processMouseEvent/1[java.awt.event.MouseEvent],false,448,2,2,0,2,4,5,8,1,1,1,5,1,1,0,1,0,0,0,0,1,2,2,0,0,0,12,4,0,false
D:\Project\Common-PRML-master\Common-PRML-master\HW2\FeatureSelection\src\svmapp\svm_toy.java,svmapp.svm_toy,atoi/1[java.lang.String],false,157,0,3,3,0,1,1,3,1,0,1,1,0,0,0,0,0,0,0,0,0,0,0,0,0,0,2,10,0,false
D:\Project\Common-PRML-master\Common-PRML-master\HW2\FeatureSelection\src\svmapp\svm_toy.java,svmapp.svm_toy,paint/1[java.awt.Graphics],false,461,0,0,0,0,2,5,9,0,0,1,5,0,0,0,1,0,0,0,5,2,0,1,0,0,0,6,1,0,false
D:\Project\Common-PRML-master\Common-PRML-master\HW2\FeatureSelection\src\svmapp\svm_toy.java,svmapp.svm_toy,main/1[java.lang.String[]],false,483,2,2,0,2,1,0,3,0,0,1,0,0,0,0,0,0,0,1,3,0,1,0,0,0,0,6,9,0,false
D:\Project\Common-PRML-master\Common-PRML-master\HW2\FeatureSelection\src\svmapp\svm_toy.java,svmapp.svm_toy,draw_all_points/0,false,139,1,3,2,1,2,3,4,0,2,0,3,1,1,1,0,0,0,0,1,2,0,1,0,0,0,6,0,0,false
D:\Project\Common-PRML-master\Common-PRML-master\HW2\FeatureSelection\src\svmapp\svm_train.java,svmapp.svm_train$Anonymous1,print/1[java.lang.String],false,19,0,0,0,0,1,0,2,0,0,1,0,0,0,0,0,0,0,0,0,0,0,0,0,0,0,2,1,0,false
D:\Project\Common-PRML-master\Common-PRML-master\HW2\FeatureSelection\src\libsvm\svm.java,libsvm.svm,"svm_predict_values/3[libsvm.svm_model,libsvm.svm_node[],double[]]",false,2324,5,4,3,1,17,1,44,3,19,3,1,0,0,9,4,0,1,0,26,37,12,4,0,0,0,26,9,0,false
D:\Project\Common-PRML-master\Common-PRML-master\HW2\FeatureSelection\src\libsvm\svm.java,libsvm.svm,"svm_train/2[libsvm.svm_problem,libsvm.svm_parameter]",false,1936,9,11,4,7,48,7,151,1,44,2,7,5,13,25,12,0,9,5,89,125,50,5,0,0,0,62,9,2,false
D:\Project\Common-PRML-master\Common-PRML-master\HW2\FeatureSelection\src\libsvm\svm.java,libsvm.svm,"solve_nu_svr/4[libsvm.svm_problem,libsvm.svm_parameter,double[],libsvm.Solver.SolutionInfo]",false,1461,8,5,1,4,3,3,21,0,8,4,3,1,1,2,0,0,1,2,9,17,12,1,0,0,0,23,10,1,false
D:\Project\Common-PRML-master\Common-PRML-master\HW2\FeatureSelection\src\libsvm\svm.java,libsvm.svm,svm_get_nr_sv/1[libsvm.svm_model],false,2307,1,0,0,0,1,0,3,1,0,1,0,0,0,0,0,0,0,0,0,0,0,0,0,0,0,5,9,0,false
D:\Project\Common-PRML-master\Common-PRML-master\HW2\FeatureSelection\src\libsvm\svm.java,libsvm.svm,"svm_predict/2[libsvm.svm_model,libsvm.svm_node[]]",false,2397,4,5,4,1,4,1,8,1,3,2,1,1,1,0,3,0,1,0,3,4,3,1,0,0,0,10,9,0,false
D:\Project\Common-PRML-master\Common-PRML-master\HW2\FeatureSelection\src\libsvm\svm.java,libsvm.svm,svm_check_probability_model/1[libsvm.svm_model],false,2843,1,1,1,0,8,0,4,2,0,1,0,0,0,0,7,0,4,0,2,0,0,1,0,0,0,5,9,0,false
D:\Project\Common-PRML-master\Common-PRML-master\HW2\FeatureSelection\src\libsvm\svm.java,libsvm.svm,svm_get_nr_class/1[libsvm.svm_model],false,2288,1,2,2,0,1,0,3,1,0,1,0,0,0,0,0,0,0,0,0,0,0,0,0,0,0,5,9,0,false
D:\Project\Common-PRML-master\Common-PRML-master\HW2\FeatureSelection\src\libsvm\svm.java,libsvm.svm,"solve_one_class/4[libsvm.svm_problem,libsvm.svm_parameter,double[],libsvm.Solver.SolutionInfo]",false,1400,7,4,1,3,5,1,16,0,6,4,1,0,0,3,0,0,1,0,9,13,4,1,0,0,0,22,10,0,false
D:\Project\Common-PRML-master\Common-PRML-master\HW2\FeatureSelection\src\libsvm\svm.java,libsvm.svm,"svm_svr_probability/2[libsvm.svm_problem,libsvm.svm_parameter]",false,1824,4,4,1,3,4,5,22,1,7,2,5,2,13,2,0,0,1,2,10,16,6,2,0,0,0,26,10,1,false
D:\Project\Common-PRML-master\Common-PRML-master\HW2\FeatureSelection\src\libsvm\svm.java,libsvm.svm,"svm_binary_svc_probability/5[libsvm.svm_problem,libsvm.svm_parameter,double,double,double[]]",false,1743,7,6,1,5,19,5,62,0,16,5,5,3,13,11,4,0,2,0,34,48,9,6,0,0,0,34,10,0,false
D:\Project\Common-PRML-master\Common-PRML-master\HW2\FeatureSelection\src\libsvm\svm.java,libsvm.svm,svm_get_svm_type/1[libsvm.svm_model],false,2283,1,1,1,0,1,0,3,1,0,1,0,0,0,0,0,0,0,0,0,0,0,0,0,0,0,4,9,0,false
D:\Project\Common-PRML-master\Common-PRML-master\HW2\FeatureSelection\src\libsvm\svm.java,libsvm.svm,"svm_get_labels/2[libsvm.svm_model,int[]]",false,2293,2,1,1,0,3,0,3,0,1,2,0,0,0,1,1,0,0,0,1,2,0,2,0,0,0,7,9,0,false
D:\Project\Common-PRML-master\Common-PRML-master\HW2\FeatureSelection\src\libsvm\svm.java,libsvm.svm,"sigmoid_train/4[int,double[],double[],double[]]",false,1561,2,2,1,1,17,4,82,0,32,4,4,1,1,6,0,0,13,2,47,58,62,4,0,0,0,45,10,2,false
D:\Project\Common-PRML-master\Common-PRML-master\HW2\FeatureSelection\src\libsvm\svm.java,libsvm.svm,svm_load_model/1[java.io.BufferedReader],false,2678,4,6,1,5,5,8,30,2,9,1,8,3,2,3,1,0,0,2,5,21,2,2,0,0,0,28,9,0,false
D:\Project\Common-PRML-master\Common-PRML-master\HW2\FeatureSelection\src\libsvm\svm.java,libsvm.svm,svm_get_svr_probability/1[libsvm.svm_model],false,2312,1,1,1,0,4,1,7,2,0,1,1,0,0,0,3,0,1,1,2,0,0,2,0,0,0,11,9,0,false
D:\Project\Common-PRML-master\Common-PRML-master\HW2\FeatureSelection\src\libsvm\svm.java,libsvm.svm,svm_set_print_string_function/1[libsvm.svm_print_interface],false,2854,1,1,1,0,2,0,4,0,0,1,0,0,0,0,1,0,0,0,0,2,0,1,0,0,0,9,9,0,false
D:\Project\Common-PRML-master\Common-PRML-master\HW2\FeatureSelection\src\libsvm\svm.java,libsvm.svm,"solve_nu_svc/4[libsvm.svm_problem,libsvm.svm_parameter,double[],libsvm.Solver.SolutionInfo]",false,1349,8,5,1,4,7,3,29,0,9,4,3,1,1,4,1,0,1,2,18,24,11,2,0,0,0,23,10,1,false
D:\Project\Common-PRML-master\Common-PRML-master\HW2\FeatureSelection\src\libsvm\svm.java,libsvm.svm,"sigmoid_predict/3[double,double,double]",false,1673,0,1,1,0,2,1,5,2,1,3,1,0,0,0,0,0,2,0,4,1,6,1,0,0,0,8,10,0,false
D:\Project\Common-PRML-master\Common-PRML-master\HW2\FeatureSelection\src\libsvm\svm.java,libsvm.svm,"svm_save_model/2[java.lang.String,libsvm.svm_model]",false,2460,4,1,1,0,20,2,49,0,15,2,2,0,0,8,11,0,4,35,16,15,25,3,0,0,0,27,9,0,false
D:\Project\Common-PRML-master\Common-PRML-master\HW2\FeatureSelection\src\libsvm\svm.java,libsvm.svm,"svm_cross_validation/4[libsvm.svm_problem,libsvm.svm_parameter,int,double[]]",false,2173,7,8,2,6,27,6,84,0,28,4,6,5,13,20,5,0,5,0,36,65,33,4,0,0,0,32,9,0,false
D:\Project\Common-PRML-master\Common-PRML-master\HW2\FeatureSelection\src\libsvm\svm.java,libsvm.svm,"svm_get_sv_indices/2[libsvm.svm_model,int[]]",false,2300,2,0,0,0,3,0,3,0,1,2,0,0,0,1,1,0,0,0,1,2,0,2,0,0,0,7,9,0,false
D:\Project\Common-PRML-master\Common-PRML-master\HW2\FeatureSelection\src\libsvm\svm.java,libsvm.svm,atoi/1[java.lang.String],false,2550,0,2,2,0,1,1,3,1,0,1,1,0,0,0,0,0,0,0,0,0,0,0,0,0,0,2,10,0,false
D:\Project\Common-PRML-master\Common-PRML-master\HW2\FeatureSelection\src\libsvm\svm.java,libsvm.svm,"solve_epsilon_svr/4[libsvm.svm_problem,libsvm.svm_parameter,double[],libsvm.Solver.SolutionInfo]",false,1428,8,5,1,4,3,3,23,0,7,4,3,1,1,2,0,0,1,2,11,16,15,1,0,0,0,21,10,1,false
D:\Project\Common-PRML-master\Common-PRML-master\HW2\FeatureSelection\src\libsvm\svm.java,libsvm.svm,"svm_group_classes/6[libsvm.svm_problem,int[],int[][],int[][],int[][],int[]]",false,1855,2,2,2,0,16,1,65,0,13,6,1,0,0,8,7,0,1,0,42,39,6,3,0,0,0,19,10,0,false
D:\Project\Common-PRML-master\Common-PRML-master\HW2\FeatureSelection\src\libsvm\svm.java,libsvm.svm,info/1[java.lang.String],false,1311,1,12,11,1,1,1,3,0,0,1,1,0,0,0,0,0,0,0,0,0,0,0,0,0,0,2,8,0,false
D:\Project\Common-PRML-master\Common-PRML-master\HW2\FeatureSelection\src\libsvm\svm.java,libsvm.svm,"svm_predict_probability/3[libsvm.svm_model,libsvm.svm_node[],double[]]",false,2411,4,6,2,4,10,6,25,2,8,3,6,4,3,3,5,0,2,0,17,14,6,3,0,0,0,21,9,0,false
D:\Project\Common-PRML-master\Common-PRML-master\HW2\FeatureSelection\src\libsvm\svm.java,libsvm.svm,"solve_c_svc/6[libsvm.svm_problem,libsvm.svm_parameter,double[],libsvm.Solver.SolutionInfo,double,double]",false,1318,8,5,1,4,6,2,18,0,6,6,2,1,1,3,1,0,1,2,9,14,4,2,0,0,0,21,10,1,false
D:\Project\Common-PRML-master\Common-PRML-master\HW2\FeatureSelection\src\libsvm\svm.java,libsvm.svm,"read_model_header/2[java.io.BufferedReader,libsvm.svm_model]",false,2555,5,4,1,3,27,9,85,5,20,2,9,2,1,8,4,1,3,17,17,41,11,9,0,0,0,25,10,0,false
D:\Project\Common-PRML-master\Common-PRML-master\HW2\FeatureSelection\src\libsvm\svm.java,libsvm.svm,"svm_train_one/4[libsvm.svm_problem,libsvm.svm_parameter,double,double]",false,1504,6,9,1,8,11,7,40,1,6,4,7,6,5,1,0,0,0,6,5,8,2,4,0,0,0,23,8,2,false
D:\Project\Common-PRML-master\Common-PRML-master\HW2\FeatureSelection\src\libsvm\svm.java,libsvm.svm,svm_load_model/1[java.lang.String],false,2673,2,2,1,1,1,1,3,1,0,1,1,1,3,0,0,0,0,0,0,0,0,0,0,0,0,11,9,0,false
D:\Project\Common-PRML-master\Common-PRML-master\HW2\FeatureSelection\src\libsvm\svm.java,libsvm.svm,"svm_check_parameter/2[libsvm.svm_problem,libsvm.svm_parameter]",false,2723,3,1,1,0,41,2,54,14,14,2,2,0,0,4,27,0,1,13,26,21,4,4,0,0,0,35,9,0,false
D:\Project\Common-PRML-master\Common-PRML-master\HW2\FeatureSelection\src\libsvm\svm.java,libsvm.svm,atof/1[java.lang.String],false,2545,0,2,2,0,1,2,3,1,0,1,2,0,0,0,0,0,0,0,0,0,0,0,0,0,0,2,10,0,false
D:\Project\Common-PRML-master\Common-PRML-master\HW2\FeatureSelection\src\libsvm\svm.java,libsvm.svm,"multiclass_probability/3[int,double[][],double[]]",false,1683,2,2,1,1,13,3,43,0,11,3,3,1,1,9,0,0,8,1,22,32,24,3,0,0,0,14,10,1,false
D:\Project\Common-PRML-master\Common-PRML-master\HW2\FeatureSelection\src\select\Feature.java,select.Feature$AttriData,"AttriData/2[int,double]",true,372,0,1,1,0,1,0,4,0,0,2,0,0,0,0,0,0,0,0,0,2,0,0,0,0,0,4,1,0,false
D:\Project\Common-PRML-master\Common-PRML-master\HW2\FeatureSelection\src\svmapp\svm_predict.java,svmapp.svm_predict$Anonymous1,print/1[java.lang.String],false,11,0,0,0,0,1,0,2,0,0,1,0,0,0,0,0,0,0,0,0,0,0,0,0,0,0,2,1,0,false
D:\Project\Common-PRML-master\Common-PRML-master\HW2\FeatureSelection\src\select\ExtractMethod.java,select.ExtractMethod,searchPropery/0,false,16,4,1,0,1,3,8,18,0,6,0,8,0,0,1,1,0,1,4,6,6,3,2,0,0,0,14,1,0,false
D:\Project\Common-PRML-master\Common-PRML-master\HW2\FeatureSelection\src\select\ExtractMethod.java,select.ExtractMethod,classAverageVectorBestPress/0,false,151,7,8,1,7,6,23,45,0,20,0,23,0,0,4,0,0,0,3,14,24,3,2,0,0,0,40,1,0,false
D:\Project\Common-PRML-master\Common-PRML-master\HW2\FeatureSelection\src\select\ExtractMethod.java,select.ExtractMethod,classCentralEigenvectorExtract/0,false,97,7,7,0,7,6,18,40,0,15,0,18,0,0,4,0,0,0,7,8,18,3,3,0,0,0,37,1,0,false
D:\Project\Common-PRML-master\Common-PRML-master\HW2\FeatureSelection\src\select\ExtractMethod.java,select.ExtractMethod,main/1[java.lang.String[]],false,201,1,2,0,2,1,1,4,0,1,1,1,1,1,0,0,0,0,0,0,1,0,0,0,0,0,5,9,0,false
D:\Project\Common-PRML-master\Common-PRML-master\HW2\FeatureSelection\src\select\ExtractMethod.java,select.ExtractMethod,basedOnClassAverage/0,false,38,7,6,0,6,6,21,41,0,17,0,21,0,0,4,0,0,0,5,8,20,4,3,0,0,0,38,1,0,false
D:\Project\Common-PRML-master\Common-PRML-master\HW2\FeatureSelection\src\svmapp\svm_predict.java,svmapp.svm_predict$Anonymous2,print/1[java.lang.String],false,17,0,0,0,0,1,1,3,0,0,1,1,0,0,0,0,0,0,0,0,0,0,0,0,0,0,2,1,0,false
D:\Project\Common-PRML-master\Common-PRML-master\HW2\FeatureSelection\src\svmapp\svm_predict.java,svmapp.svm_predict,atof/1[java.lang.String],false,30,0,1,1,0,1,2,3,1,0,1,2,0,0,0,0,0,0,0,0,0,0,0,0,0,0,2,10,0,false
D:\Project\Common-PRML-master\Common-PRML-master\HW2\FeatureSelection\src\svmapp\svm_predict.java,svmapp.svm_predict,exit_with_help/0,false,127,0,1,1,0,1,2,4,0,0,0,2,0,0,0,0,0,0,4,1,0,1,0,0,0,0,24,10,0,false
D:\Project\Common-PRML-master\Common-PRML-master\HW2\FeatureSelection\src\svmapp\svm_predict.java,svmapp.svm_predict,info/1[java.lang.String],false,25,1,3,2,1,1,1,3,0,0,1,1,0,0,0,0,0,0,0,0,0,0,0,0,0,0,2,8,0,false
D:\Project\Common-PRML-master\Common-PRML-master\HW2\FeatureSelection\src\svmapp\svm_predict.java,svmapp.svm_predict,"predict/4[java.io.BufferedReader,java.io.DataOutputStream,libsvm.svm_model,int]",false,40,6,11,1,10,15,13,62,0,21,4,13,3,1,4,10,0,10,18,15,33,41,3,0,0,0,50,10,4,false
D:\Project\Common-PRML-master\Common-PRML-master\HW2\FeatureSelection\src\svmapp\svm_predict.java,svmapp.svm_predict,main/1[java.lang.String[]],false,136,3,9,3,6,12,12,53,1,5,1,12,4,2,1,5,1,0,6,15,8,8,3,0,0,0,44,9,1,false
D:\Project\Common-PRML-master\Common-PRML-master\HW2\FeatureSelection\src\svmapp\svm_predict.java,svmapp.svm_predict,atoi/1[java.lang.String],false,35,0,2,2,0,1,1,3,1,0,1,1,0,0,0,0,0,0,0,0,0,0,0,0,0,0,2,10,0,false
D:\Project\Common-PRML-master\Common-PRML-master\HW3\Cluster\src\cluster\HierCluster.java,cluster.HierCluster,HierCluster/1[java.util.ArrayList<file.PersonEntry>],true,19,3,2,1,1,2,3,9,0,1,1,3,0,0,1,0,0,0,0,0,3,0,1,0,0,0,8,0,0,false
D:\Project\Common-PRML-master\Common-PRML-master\HW3\Cluster\src\cluster\HierCluster.java,cluster.HierCluster,"mergeCluster/2[int,int]",false,58,1,2,1,1,6,6,22,0,6,2,6,1,1,4,0,0,0,2,5,10,3,4,0,0,0,14,1,0,false
D:\Project\Common-PRML-master\Common-PRML-master\HW3\Cluster\src\cluster\HierCluster.java,cluster.HierCluster,outputCluster/1[java.lang.String],false,85,1,0,0,0,5,6,18,0,5,1,6,0,0,3,0,1,0,3,2,7,2,4,0,0,0,18,1,0,false
D:\Project\Common-PRML-master\Common-PRML-master\HW3\Cluster\src\cluster\HierCluster.java,cluster.HierCluster,main/1[java.lang.String[]],false,115,2,4,0,4,1,3,6,0,2,1,3,2,2,0,0,0,0,1,2,2,0,0,0,0,0,9,9,0,false
D:\Project\Common-PRML-master\Common-PRML-master\HW3\Cluster\src\cluster\HierCluster.java,cluster.HierCluster,outputDistanceCurve/1[java.lang.String],false,104,0,1,1,0,3,2,10,0,2,1,2,0,0,1,0,1,0,1,1,2,2,2,0,0,0,13,1,0,false
D:\Project\Common-PRML-master\Common-PRML-master\HW3\Cluster\src\cluster\HierCluster.java,cluster.HierCluster,"getDistance/3[int,cluster.Cluster,cluster.Cluster]",false,36,1,4,1,3,4,3,17,1,1,3,3,0,0,0,0,0,0,0,4,5,0,1,0,0,0,5,1,0,false
D:\Project\Common-PRML-master\Common-PRML-master\HW3\Cluster\src\file\PersonEntry.java,file.PersonEntry,getDistance/1[file.PersonEntry],false,30,1,4,4,0,3,0,11,2,3,1,0,0,0,1,1,0,0,0,2,4,2,1,0,0,0,8,1,0,false
D:\Project\Common-PRML-master\Common-PRML-master\HW3\Cluster\src\file\PersonEntry.java,file.PersonEntry,toString/0,false,18,0,0,0,0,2,2,8,1,2,0,2,0,0,1,0,0,0,3,1,4,2,1,0,0,0,4,1,0,false
D:\Project\Common-PRML-master\Common-PRML-master\HW3\Cluster\src\file\PersonEntry.java,file.PersonEntry,PersonEntry/1[int],true,7,1,3,3,0,1,0,5,0,0,1,0,0,0,0,0,0,0,0,1,3,0,0,0,0,0,6,1,0,false
D:\Project\Common-PRML-master\Common-PRML-master\HW3\Cluster\src\file\PersonEntry.java,file.PersonEntry,getDistance/1[double[]],false,45,1,2,2,0,2,0,8,1,3,1,0,0,0,1,0,0,0,0,2,4,2,1,0,0,0,6,1,0,false
D:\Project\Common-PRML-master\Common-PRML-master\HW2\FeatureSelection\src\libsvm\svm.java,libsvm.Cache,"Cache/2[int,long]",true,29,1,4,3,1,2,1,11,0,1,2,1,0,0,1,0,0,1,0,5,11,3,1,0,0,0,8,0,0,false
D:\Project\Common-PRML-master\Common-PRML-master\HW2\FeatureSelection\src\libsvm\svm.java,libsvm.Cache,"swap_index/2[int,int]",false,93,2,4,2,2,14,2,41,1,5,2,2,2,1,5,2,0,0,0,5,17,0,4,0,0,0,14,0,0,false
D:\Project\Common-PRML-master\Common-PRML-master\HW2\FeatureSelection\src\libsvm\svm.java,libsvm.Cache,lru_delete/1[libsvm.Cache.head_t],false,42,1,2,2,0,1,0,4,0,0,1,0,0,0,0,0,0,0,0,0,2,0,0,0,0,0,5,2,0,false
D:\Project\Common-PRML-master\Common-PRML-master\HW2\FeatureSelection\src\libsvm\svm.java,libsvm.Cache,"get_data/3[int,float[][],int]",false,62,3,5,3,2,6,3,27,1,5,3,3,2,1,2,1,0,0,0,6,13,1,2,0,0,0,16,0,0,false
D:\Project\Common-PRML-master\Common-PRML-master\HW2\FeatureSelection\src\libsvm\svm.java,libsvm.Cache,lru_insert/1[libsvm.Cache.head_t],false,49,1,2,2,0,1,0,6,0,0,1,0,0,0,0,0,0,0,0,0,4,0,0,0,0,0,5,2,0,false
D:\Project\Common-PRML-master\Common-PRML-master\HW2\FeatureSelection\src\select\SelectMethod.java,select.SelectMethod$MaxInfo,print/0,false,448,0,1,1,0,1,1,5,0,0,0,1,0,0,0,0,0,0,3,0,0,3,0,0,0,0,5,1,0,false
D:\Project\Common-PRML-master\Common-PRML-master\HW2\FeatureSelection\src\svmapp\svm_toy.java,svmapp.svm_toy$Anonymous2,actionPerformed/1[java.awt.event.ActionEvent],false,95,1,5,0,5,1,2,3,0,0,1,2,0,0,0,0,0,0,0,0,0,0,0,0,0,0,8,1,0,false
D:\Project\Common-PRML-master\Common-PRML-master\HW3\Cluster\src\file\FileIO.java,file.FileIO,main/1[java.lang.String[]],false,190,1,1,0,1,1,1,3,0,1,1,1,1,1,0,0,0,0,0,0,1,0,0,0,0,0,6,9,0,false
D:\Project\Common-PRML-master\Common-PRML-master\HW3\Cluster\src\file\FileIO.java,file.FileIO,doPCA/0,false,98,4,2,1,1,11,16,53,0,21,0,16,0,0,8,0,1,2,5,27,29,12,3,0,0,0,41,2,0,false
D:\Project\Common-PRML-master\Common-PRML-master\HW3\Cluster\src\file\FileIO.java,file.FileIO,FileIO/0,true,37,4,4,1,3,4,10,22,0,5,0,10,2,1,2,0,1,0,4,1,8,1,3,0,0,0,16,0,0,false
D:\Project\Common-PRML-master\Common-PRML-master\HW3\Cluster\src\file\FileIO.java,file.FileIO,getInstance/0,false,27,1,4,3,1,2,0,6,1,0,0,0,0,0,0,1,0,0,0,0,1,0,1,0,0,0,7,9,0,false
D:\Project\Common-PRML-master\Common-PRML-master\HW3\Cluster\src\file\FileIO.java,file.FileIO,calculateSigma/0,false,65,0,1,1,0,6,2,19,0,4,0,2,0,0,5,0,0,2,0,5,9,3,3,0,0,0,8,2,0,false
D:\Project\Common-PRML-master\Common-PRML-master\HW3\Cluster\src\file\FileIO.java,file.FileIO,"outputCluster/2[java.util.ArrayList<file.PersonEntry>,java.lang.String]",false,174,1,0,0,0,4,4,15,0,3,2,4,0,0,2,0,1,0,3,1,5,2,3,0,0,0,17,1,0,false
D:\Project\Common-PRML-master\Common-PRML-master\HW2\FeatureSelection\src\svmapp\svm_toy.java,svmapp.svm_toy$Anonymous1,actionPerformed/1[java.awt.event.ActionEvent],false,91,1,5,0,5,1,2,4,0,0,1,2,0,0,0,0,0,0,0,0,0,0,0,0,0,0,8,1,0,false
D:\Project\Common-PRML-master\Common-PRML-master\HW2\FeatureSelection\src\select\Feature.java,select.Feature$Anonymous1,"compare/2[java.util.Map.Entry<java.lang.Integer,select.Feature.AttriData>,java.util.Map.Entry<java.lang.Integer,select.Feature.AttriData>]",false,342,1,0,0,0,2,1,8,2,0,2,1,0,0,0,0,0,0,0,3,0,1,1,0,0,0,2,1,0,false
D:\Project\Common-PRML-master\Common-PRML-master\HW3\Cluster\src\cluster\Cmeans.java,cluster.Cmeans,"doCmeans/2[java.util.ArrayList<file.PersonEntry>,int]",false,32,3,6,1,5,19,9,70,1,23,2,9,3,1,6,6,0,3,2,20,36,14,4,0,0,0,43,1,0,false
D:\Project\Common-PRML-master\Common-PRML-master\HW3\Cluster\src\cluster\Cmeans.java,cluster.Cmeans,resetCluster/1[java.util.ArrayList<file.PersonEntry>],false,117,1,1,1,0,2,2,5,0,1,1,2,0,0,1,0,0,0,0,2,2,0,1,0,0,0,4,1,0,false
D:\Project\Common-PRML-master\Common-PRML-master\HW3\Cluster\src\cluster\Cmeans.java,cluster.Cmeans,"initTotalVector/2[java.util.ArrayList<file.PersonEntry>,int]",false,126,1,1,1,0,8,1,24,0,8,2,1,0,0,7,0,0,0,0,10,13,1,2,0,0,0,14,2,0,false
D:\Project\Common-PRML-master\Common-PRML-master\HW3\Cluster\src\cluster\Cmeans.java,cluster.Cmeans,"writtenJeCurve/2[java.lang.String,java.util.ArrayList<file.PersonEntry>]",false,172,2,2,1,1,6,3,24,0,5,2,3,1,2,3,1,1,0,3,6,9,3,4,0,0,0,18,1,0,false
D:\Project\Common-PRML-master\Common-PRML-master\HW3\Cluster\src\cluster\Cmeans.java,cluster.Cmeans,"getJe/2[java.util.ArrayList<file.PersonEntry>,int]",false,161,1,2,1,1,2,1,7,1,1,2,1,0,0,1,0,0,0,0,1,2,0,1,0,0,0,7,1,0,false
D:\Project\Common-PRML-master\Common-PRML-master\HW3\Cluster\src\cluster\Cmeans.java,cluster.Cmeans,main/1[java.lang.String[]],false,196,2,3,0,3,1,2,5,0,2,1,2,1,3,0,0,0,0,1,0,2,0,0,0,0,0,8,9,0,false
D:\Project\Common-PRML-master\Common-PRML-master\HW3\Cluster\src\cluster\Cmeans.java,cluster.Cmeans,Cmeans/0,true,24,1,1,1,0,1,0,4,0,0,0,0,0,0,0,0,0,0,0,1,2,1,0,0,0,0,17,0,0,false
D:\Project\Common-PRML-master\Common-PRML-master\HW2\FeatureSelection\src\svmapp\svm_toy.java,svmapp.svm_toy$Anonymous6,actionPerformed/1[java.awt.event.ActionEvent],false,111,1,5,0,5,1,2,3,0,0,1,2,0,0,0,0,0,0,0,0,0,0,0,0,0,0,8,1,0,false
D:\Project\Common-PRML-master\Common-PRML-master\HW2\FeatureSelection\src\libsvm\svm.java,libsvm.Solver_NU,calculate_rho/0,false,1095,1,2,0,2,9,4,31,1,11,0,4,0,0,1,1,0,4,0,12,20,10,5,0,0,0,22,0,0,false
D:\Project\Common-PRML-master\Common-PRML-master\HW2\FeatureSelection\src\libsvm\svm.java,libsvm.Solver_NU,"Solve/10[int,libsvm.QMatrix,double[],byte[],double[],double,double,double,libsvm.Solver.SolutionInfo,int]",false,904,4,2,2,0,1,1,4,0,0,10,1,0,0,0,0,0,0,0,0,1,0,0,0,0,0,3,0,0,false
D:\Project\Common-PRML-master\Common-PRML-master\HW2\FeatureSelection\src\libsvm\svm.java,libsvm.Solver_NU,select_working_set/1[int[]],false,911,4,3,0,3,24,4,67,2,20,1,4,0,0,2,6,0,4,0,24,37,18,5,0,0,0,32,0,0,false
D:\Project\Common-PRML-master\Common-PRML-master\HW2\FeatureSelection\src\libsvm\svm.java,libsvm.Solver_NU,"be_shrunk/5[int,double,double,double,double]",false,1023,1,3,1,2,5,2,11,5,0,5,2,0,0,0,2,0,5,0,2,0,0,2,0,0,0,12,2,0,false
D:\Project\Common-PRML-master\Common-PRML-master\HW2\FeatureSelection\src\libsvm\svm.java,libsvm.Solver_NU,do_shrinking/0,false,1043,2,5,0,5,16,6,36,0,5,0,6,1,1,3,3,0,0,0,5,12,3,4,0,0,0,27,0,0,false
D:\Project\Common-PRML-master\Common-PRML-master\HW2\FeatureSelection\src\libsvm\svm.java,libsvm.ONE_CLASS_Q,"get_Q/2[int,int]",false,1205,3,2,0,2,3,2,8,1,3,2,2,0,0,1,0,0,1,0,3,4,0,2,0,0,0,9,0,0,false
D:\Project\Common-PRML-master\Common-PRML-master\HW2\FeatureSelection\src\libsvm\svm.java,libsvm.ONE_CLASS_Q,get_QD/0,false,1217,1,0,0,0,1,0,3,1,0,0,0,0,0,0,0,0,0,0,0,0,0,0,0,0,0,4,0,0,false
D:\Project\Common-PRML-master\Common-PRML-master\HW2\FeatureSelection\src\libsvm\svm.java,libsvm.ONE_CLASS_Q,"ONE_CLASS_Q/2[libsvm.svm_problem,libsvm.svm_parameter]",true,1196,5,3,1,2,2,1,6,0,1,2,1,0,0,1,0,0,2,0,3,4,2,1,0,0,0,18,0,0,false
D:\Project\Common-PRML-master\Common-PRML-master\HW2\FeatureSelection\src\libsvm\svm.java,libsvm.ONE_CLASS_Q,"swap_index/2[int,int]",false,1222,1,1,0,1,2,2,10,0,1,2,2,0,0,1,0,0,0,0,0,3,0,1,0,0,0,5,0,0,false
D:\Project\Common-PRML-master\Common-PRML-master\HW2\FeatureSelection\src\svmapp\svm_toy.java,svmapp.svm_toy$Anonymous5,actionPerformed/1[java.awt.event.ActionEvent],false,107,1,5,0,5,1,1,3,0,0,1,1,0,0,0,0,0,0,0,0,0,0,0,0,0,0,8,1,0,false
D:\Project\Common-PRML-master\Common-PRML-master\HW2\FeatureSelection\src\svmapp\svm_toy.java,svmapp.svm_toy$Anonymous4,actionPerformed/1[java.awt.event.ActionEvent],false,103,1,5,0,5,1,2,3,0,0,1,2,0,0,0,0,0,0,0,0,0,0,0,0,0,0,8,1,0,false
D:\Project\Common-PRML-master\Common-PRML-master\HW2\FeatureSelection\src\svmapp\svm_toy.java,svmapp.svm_toy$Anonymous3,actionPerformed/1[java.awt.event.ActionEvent],false,99,1,5,0,5,1,1,3,0,0,1,1,0,0,0,0,0,0,0,0,0,0,0,0,0,0,8,1,0,false
D:\Project\Common-PRML-master\Common-PRML-master\HW2\FeatureSelection\src\svmapp\svm_toy.java,svmapp.svm_toy$point,"point/3[double,double,byte]",true,36,0,2,2,0,1,0,5,0,0,3,0,0,0,0,0,0,0,0,0,3,0,0,0,0,0,4,0,0,false
D:\Project\Common-PRML-master\Common-PRML-master\HW3\Cluster\src\cluster\Cluster.java,cluster.Cluster,getSingleLink/1[cluster.Cluster],false,13,2,2,1,1,4,1,12,1,2,1,1,0,0,2,0,0,0,0,0,3,0,3,0,0,0,12,1,0,false
D:\Project\Common-PRML-master\Common-PRML-master\HW3\Cluster\src\cluster\Cluster.java,cluster.Cluster,getAverageLink/1[cluster.Cluster],false,45,2,3,1,2,1,2,6,1,3,1,2,1,1,0,0,0,0,0,0,3,0,0,0,0,0,10,1,0,false
D:\Project\Common-PRML-master\Common-PRML-master\HW3\Cluster\src\cluster\Cluster.java,cluster.Cluster,getAveragePerson/0,false,55,1,2,1,1,3,2,13,1,4,0,2,0,0,2,0,0,0,0,3,7,0,2,0,0,0,10,1,0,false
D:\Project\Common-PRML-master\Common-PRML-master\HW3\Cluster\src\cluster\Cluster.java,cluster.Cluster,getCompleteLink/1[cluster.Cluster],false,29,2,2,1,1,4,1,12,1,2,1,1,0,0,2,0,0,0,0,0,3,0,3,0,0,0,12,1,0,false
