file,class,method,variable,usage
D:\Project\BankaUygulamasi-master\BankaUygulamasi-master\src\gui\ayarlar\ButtonAyarlari.java,gui.ayarlar.ButtonAyarlari,"setBgFg/3[javax.swing.JButton,java.awt.Color,java.awt.Color]",originalFgColor,1
D:\Project\BankaUygulamasi-master\BankaUygulamasi-master\src\gui\ayarlar\ButtonAyarlari.java,gui.ayarlar.ButtonAyarlari,"setBgFg/3[javax.swing.JButton,java.awt.Color,java.awt.Color]",originalBgColor,1
D:\Project\BankaUygulamasi-master\BankaUygulamasi-master\src\gui\ayarlar\ButtonAyarlari.java,gui.ayarlar.ButtonAyarlari,setOriginalBgFg/1[javax.swing.JButton],originalFgColor,1
D:\Project\BankaUygulamasi-master\BankaUygulamasi-master\src\gui\ayarlar\ButtonAyarlari.java,gui.ayarlar.ButtonAyarlari,setOriginalBgFg/1[javax.swing.JButton],originalBgColor,1
D:\Project\BankaUygulamasi-master\BankaUygulamasi-master\src\database\transactions\KullaniciBasvuru.java,database.transactions.KullaniciBasvuru,setGuvenlikSorusu/1[java.lang.String],guvenlikSorusu,3
D:\Project\BankaUygulamasi-master\BankaUygulamasi-master\src\database\transactions\KullaniciBasvuru.java,database.transactions.KullaniciBasvuru,tcNoTablodaVarMi/0,tcNo,1
D:\Project\BankaUygulamasi-master\BankaUygulamasi-master\src\database\transactions\KullaniciBasvuru.java,database.transactions.KullaniciBasvuru,bilgilerGecerliMi/0,guvenlikCevap,1
D:\Project\BankaUygulamasi-master\BankaUygulamasi-master\src\database\transactions\KullaniciBasvuru.java,database.transactions.KullaniciBasvuru,bilgilerGecerliMi/0,musteriNo,1
D:\Project\BankaUygulamasi-master\BankaUygulamasi-master\src\database\transactions\KullaniciBasvuru.java,database.transactions.KullaniciBasvuru,bilgilerGecerliMi/0,tcNo,2
D:\Project\BankaUygulamasi-master\BankaUygulamasi-master\src\database\transactions\KullaniciBasvuru.java,database.transactions.KullaniciBasvuru,bilgilerGecerliMi/0,sifre,1
D:\Project\BankaUygulamasi-master\BankaUygulamasi-master\src\database\transactions\KullaniciBasvuru.java,database.transactions.KullaniciBasvuru,bilgilerGecerliMi/0,adSoyad,1
D:\Project\BankaUygulamasi-master\BankaUygulamasi-master\src\database\transactions\KullaniciBasvuru.java,database.transactions.KullaniciBasvuru,bilgilerGecerliMi/0,guvenlikSorusu,1
D:\Project\BankaUygulamasi-master\BankaUygulamasi-master\src\database\transactions\KullaniciBasvuru.java,database.transactions.KullaniciBasvuru,bilgilerGecerliMi/0,telNo,2
D:\Project\BankaUygulamasi-master\BankaUygulamasi-master\src\database\transactions\KullaniciBasvuru.java,database.transactions.KullaniciBasvuru,getGuvenlikCevap/0,guvenlikCevap,1
D:\Project\BankaUygulamasi-master\BankaUygulamasi-master\src\database\transactions\KullaniciBasvuru.java,database.transactions.KullaniciBasvuru,setSifre/1[java.lang.String],sifre,3
D:\Project\BankaUygulamasi-master\BankaUygulamasi-master\src\database\transactions\KullaniciBasvuru.java,database.transactions.KullaniciBasvuru,getTcNo/0,tcNo,1
D:\Project\BankaUygulamasi-master\BankaUygulamasi-master\src\database\transactions\KullaniciBasvuru.java,database.transactions.KullaniciBasvuru,setMusteriNo/1[java.lang.String],musteriNo,3
D:\Project\BankaUygulamasi-master\BankaUygulamasi-master\src\database\transactions\KullaniciBasvuru.java,database.transactions.KullaniciBasvuru,musteriNoTablodaVarMi/0,musteriNo,1
D:\Project\BankaUygulamasi-master\BankaUygulamasi-master\src\database\transactions\KullaniciBasvuru.java,database.transactions.KullaniciBasvuru,getMusteriNo/0,musteriNo,1
D:\Project\BankaUygulamasi-master\BankaUygulamasi-master\src\database\transactions\KullaniciBasvuru.java,database.transactions.KullaniciBasvuru,getGuvenlikSorusu/0,guvenlikSorusu,1
D:\Project\BankaUygulamasi-master\BankaUygulamasi-master\src\database\transactions\KullaniciBasvuru.java,database.transactions.KullaniciBasvuru,setGuvenlikCevap/1[java.lang.String],guvenlikCevap,3
D:\Project\BankaUygulamasi-master\BankaUygulamasi-master\src\database\transactions\KullaniciBasvuru.java,database.transactions.KullaniciBasvuru,getTelNo/0,telNo,1
D:\Project\BankaUygulamasi-master\BankaUygulamasi-master\src\database\transactions\KullaniciBasvuru.java,database.transactions.KullaniciBasvuru,setTcNo/1[java.lang.String],tcNo,3
D:\Project\BankaUygulamasi-master\BankaUygulamasi-master\src\database\transactions\KullaniciBasvuru.java,database.transactions.KullaniciBasvuru,getSifre/0,sifre,1
D:\Project\BankaUygulamasi-master\BankaUygulamasi-master\src\database\transactions\KullaniciBasvuru.java,database.transactions.KullaniciBasvuru,basvuruyuOnayla/0,guvenlikCevap,1
D:\Project\BankaUygulamasi-master\BankaUygulamasi-master\src\database\transactions\KullaniciBasvuru.java,database.transactions.KullaniciBasvuru,basvuruyuOnayla/0,musteriNo,1
D:\Project\BankaUygulamasi-master\BankaUygulamasi-master\src\database\transactions\KullaniciBasvuru.java,database.transactions.KullaniciBasvuru,basvuruyuOnayla/0,sifre,1
D:\Project\BankaUygulamasi-master\BankaUygulamasi-master\src\database\transactions\KullaniciBasvuru.java,database.transactions.KullaniciBasvuru,basvuruyuOnayla/0,tcNo,1
D:\Project\BankaUygulamasi-master\BankaUygulamasi-master\src\database\transactions\KullaniciBasvuru.java,database.transactions.KullaniciBasvuru,basvuruyuOnayla/0,adSoyad,1
D:\Project\BankaUygulamasi-master\BankaUygulamasi-master\src\database\transactions\KullaniciBasvuru.java,database.transactions.KullaniciBasvuru,basvuruyuOnayla/0,guvenlikSorusu,1
D:\Project\BankaUygulamasi-master\BankaUygulamasi-master\src\database\transactions\KullaniciBasvuru.java,database.transactions.KullaniciBasvuru,basvuruyuOnayla/0,telNo,1
D:\Project\BankaUygulamasi-master\BankaUygulamasi-master\src\database\transactions\KullaniciBasvuru.java,database.transactions.KullaniciBasvuru,setAdSoyad/1[java.lang.String],adSoyad,3
D:\Project\BankaUygulamasi-master\BankaUygulamasi-master\src\database\transactions\KullaniciBasvuru.java,database.transactions.KullaniciBasvuru,getAdSoyad/0,adSoyad,1
D:\Project\BankaUygulamasi-master\BankaUygulamasi-master\src\database\transactions\KullaniciBasvuru.java,database.transactions.KullaniciBasvuru,setTelNo/1[java.lang.String],telNo,3
D:\Project\BankaUygulamasi-master\BankaUygulamasi-master\src\gui\HavaleEkrani.java,gui.HavaleEkrani,musteriNoTextFocusLost/1[java.awt.event.FocusEvent],musteriNoText,1
D:\Project\BankaUygulamasi-master\BankaUygulamasi-master\src\gui\HavaleEkrani.java,gui.HavaleEkrani,getEdits/0,gonderilecekMiktarText,2
D:\Project\BankaUygulamasi-master\BankaUygulamasi-master\src\gui\HavaleEkrani.java,gui.HavaleEkrani,getEdits/0,bakiyeLabel,1
D:\Project\BankaUygulamasi-master\BankaUygulamasi-master\src\gui\HavaleEkrani.java,gui.HavaleEkrani,getEdits/0,havaleEkraniPanel,1
D:\Project\BankaUygulamasi-master\BankaUygulamasi-master\src\gui\HavaleEkrani.java,gui.HavaleEkrani,getEdits/0,kullaniciAdiSoyadiLabel,1
D:\Project\BankaUygulamasi-master\BankaUygulamasi-master\src\gui\HavaleEkrani.java,gui.HavaleEkrani,getEdits/0,MUSTERI_NO_TEXT_ORIGINAL,1
D:\Project\BankaUygulamasi-master\BankaUygulamasi-master\src\gui\HavaleEkrani.java,gui.HavaleEkrani,getEdits/0,musteriNoText,2
D:\Project\BankaUygulamasi-master\BankaUygulamasi-master\src\gui\HavaleEkrani.java,gui.HavaleEkrani,havaleYap/0,gonderilecekMiktar,2
D:\Project\BankaUygulamasi-master\BankaUygulamasi-master\src\gui\HavaleEkrani.java,gui.HavaleEkrani,havaleYap/0,musteriNoText,2
D:\Project\BankaUygulamasi-master\BankaUygulamasi-master\src\gui\HavaleEkrani.java,gui.HavaleEkrani,initComponents/0,gonderilecekMiktarText,5
D:\Project\BankaUygulamasi-master\BankaUygulamasi-master\src\gui\HavaleEkrani.java,gui.HavaleEkrani,initComponents/0,toplamBakiyenizLabel,6
D:\Project\BankaUygulamasi-master\BankaUygulamasi-master\src\gui\HavaleEkrani.java,gui.HavaleEkrani,initComponents/0,gondereceginizMiktarLabel,6
D:\Project\BankaUygulamasi-master\BankaUygulamasi-master\src\gui\HavaleEkrani.java,gui.HavaleEkrani,initComponents/0,bakiyeLabel,5
D:\Project\BankaUygulamasi-master\BankaUygulamasi-master\src\gui\HavaleEkrani.java,gui.HavaleEkrani,initComponents/0,havaleEkraniPanel,6
D:\Project\BankaUygulamasi-master\BankaUygulamasi-master\src\gui\HavaleEkrani.java,gui.HavaleEkrani,initComponents/0,limitUyariLabel,5
D:\Project\BankaUygulamasi-master\BankaUygulamasi-master\src\gui\HavaleEkrani.java,gui.HavaleEkrani,initComponents/0,kullaniciAdiSoyadiLabel,7
D:\Project\BankaUygulamasi-master\BankaUygulamasi-master\src\gui\HavaleEkrani.java,gui.HavaleEkrani,initComponents/0,havaleButton,7
D:\Project\BankaUygulamasi-master\BankaUygulamasi-master\src\gui\HavaleEkrani.java,gui.HavaleEkrani,initComponents/0,musteriNoText,6
D:\Project\BankaUygulamasi-master\BankaUygulamasi-master\src\gui\HavaleEkrani.java,gui.HavaleEkrani,initComponents/0,geriIcon,6
D:\Project\BankaUygulamasi-master\BankaUygulamasi-master\src\gui\HavaleEkrani.java,gui.HavaleEkrani,initComponents/0,havaleAlacakKisiLabel,6
D:\Project\BankaUygulamasi-master\BankaUygulamasi-master\src\gui\HavaleEkrani.java,gui.HavaleEkrani,bilgilerGecerliMi/0,gonderilecekMiktarText,1
D:\Project\BankaUygulamasi-master\BankaUygulamasi-master\src\gui\HavaleEkrani.java,gui.HavaleEkrani,bilgilerGecerliMi/0,MUSTERI_NO_TEXT_ORIGINAL,1
D:\Project\BankaUygulamasi-master\BankaUygulamasi-master\src\gui\HavaleEkrani.java,gui.HavaleEkrani,bilgilerGecerliMi/0,musteriNoText,1
D:\Project\BankaUygulamasi-master\BankaUygulamasi-master\src\gui\HavaleEkrani.java,gui.HavaleEkrani,musteriNoTextFocusGained/1[java.awt.event.FocusEvent],MUSTERI_NO_TEXT_ORIGINAL,1
D:\Project\BankaUygulamasi-master\BankaUygulamasi-master\src\gui\HavaleEkrani.java,gui.HavaleEkrani,musteriNoTextFocusGained/1[java.awt.event.FocusEvent],musteriNoText,1
D:\Project\BankaUygulamasi-master\BankaUygulamasi-master\src\gui\HavaleEkrani.java,gui.HavaleEkrani,gonderilecekMiktarTextKeyReleased/1[java.awt.event.KeyEvent],gonderilecekMiktarText,1
D:\Project\BankaUygulamasi-master\BankaUygulamasi-master\src\gui\HavaleEkrani.java,gui.HavaleEkrani,gonderilecekMiktarTextKeyReleased/1[java.awt.event.KeyEvent],gonderilecekMiktar,1
D:\Project\BankaUygulamasi-master\BankaUygulamasi-master\src\gui\HavaleEkrani.java,gui.HavaleEkrani,getHavaleObject/0,havaleObject,3
D:\Project\BankaUygulamasi-master\BankaUygulamasi-master\src\gui\OdemelerEkrani.java,gui.OdemelerEkrani,getEdits/0,internetBorcu,1
D:\Project\BankaUygulamasi-master\BankaUygulamasi-master\src\gui\OdemelerEkrani.java,gui.OdemelerEkrani,getEdits/0,kullaniciAdiSoyadiLabel,1
D:\Project\BankaUygulamasi-master\BankaUygulamasi-master\src\gui\OdemelerEkrani.java,gui.OdemelerEkrani,getEdits/0,dogalgazBorcu,1
D:\Project\BankaUygulamasi-master\BankaUygulamasi-master\src\gui\OdemelerEkrani.java,gui.OdemelerEkrani,getEdits/0,elektrikBorcu,1
D:\Project\BankaUygulamasi-master\BankaUygulamasi-master\src\gui\OdemelerEkrani.java,gui.OdemelerEkrani,getEdits/0,suBorcu,1
D:\Project\BankaUygulamasi-master\BankaUygulamasi-master\src\gui\OdemelerEkrani.java,gui.OdemelerEkrani,getEdits/0,odemelerEkraniPanel,1
D:\Project\BankaUygulamasi-master\BankaUygulamasi-master\src\gui\OdemelerEkrani.java,gui.OdemelerEkrani,initComponents/0,mesajSuLabel,7
D:\Project\BankaUygulamasi-master\BankaUygulamasi-master\src\gui\OdemelerEkrani.java,gui.OdemelerEkrani,initComponents/0,mesajInternetLabel,7
D:\Project\BankaUygulamasi-master\BankaUygulamasi-master\src\gui\OdemelerEkrani.java,gui.OdemelerEkrani,initComponents/0,internetOdeButton,10
D:\Project\BankaUygulamasi-master\BankaUygulamasi-master\src\gui\OdemelerEkrani.java,gui.OdemelerEkrani,initComponents/0,kullaniciAdiSoyadiLabel,7
D:\Project\BankaUygulamasi-master\BankaUygulamasi-master\src\gui\OdemelerEkrani.java,gui.OdemelerEkrani,initComponents/0,elektrikOdeButton,10
D:\Project\BankaUygulamasi-master\BankaUygulamasi-master\src\gui\OdemelerEkrani.java,gui.OdemelerEkrani,initComponents/0,dogalgazOdeButton,10
D:\Project\BankaUygulamasi-master\BankaUygulamasi-master\src\gui\OdemelerEkrani.java,gui.OdemelerEkrani,initComponents/0,geriIcon,6
D:\Project\BankaUygulamasi-master\BankaUygulamasi-master\src\gui\OdemelerEkrani.java,gui.OdemelerEkrani,initComponents/0,internetBorcu,8
D:\Project\BankaUygulamasi-master\BankaUygulamasi-master\src\gui\OdemelerEkrani.java,gui.OdemelerEkrani,initComponents/0,dogalgazBorcu,8
D:\Project\BankaUygulamasi-master\BankaUygulamasi-master\src\gui\OdemelerEkrani.java,gui.OdemelerEkrani,initComponents/0,mesajElektrikLabel,7
D:\Project\BankaUygulamasi-master\BankaUygulamasi-master\src\gui\OdemelerEkrani.java,gui.OdemelerEkrani,initComponents/0,elektrikBorcu,8
D:\Project\BankaUygulamasi-master\BankaUygulamasi-master\src\gui\OdemelerEkrani.java,gui.OdemelerEkrani,initComponents/0,mesajDogalgazLabel,7
D:\Project\BankaUygulamasi-master\BankaUygulamasi-master\src\gui\OdemelerEkrani.java,gui.OdemelerEkrani,initComponents/0,suBorcu,8
D:\Project\BankaUygulamasi-master\BankaUygulamasi-master\src\gui\OdemelerEkrani.java,gui.OdemelerEkrani,initComponents/0,suOdeButton,10
D:\Project\BankaUygulamasi-master\BankaUygulamasi-master\src\gui\OdemelerEkrani.java,gui.OdemelerEkrani,initComponents/0,odemelerEkraniPanel,6
D:\Project\BankaUygulamasi-master\BankaUygulamasi-master\src\gui\OdemelerEkrani.java,gui.OdemelerEkrani,suOdeButtonActionPerformed/1[java.awt.event.ActionEvent],suBorcu,1
D:\Project\BankaUygulamasi-master\BankaUygulamasi-master\src\gui\OdemelerEkrani.java,gui.OdemelerEkrani,elektrikOdeButtonActionPerformed/1[java.awt.event.ActionEvent],elektrikBorcu,1
D:\Project\BankaUygulamasi-master\BankaUygulamasi-master\src\gui\OdemelerEkrani.java,gui.OdemelerEkrani,getFaturaOdemeleriObject/0,faturaOdemeleriObject,3
D:\Project\BankaUygulamasi-master\BankaUygulamasi-master\src\gui\OdemelerEkrani.java,gui.OdemelerEkrani,internetOdeButtonActionPerformed/1[java.awt.event.ActionEvent],internetBorcu,1
D:\Project\BankaUygulamasi-master\BankaUygulamasi-master\src\gui\OdemelerEkrani.java,gui.OdemelerEkrani,dogalgazOdeButtonActionPerformed/1[java.awt.event.ActionEvent],dogalgazBorcu,1
D:\Project\BankaUygulamasi-master\BankaUygulamasi-master\src\gui\BasvuruEkrani.java,gui.BasvuruEkrani,getEdits/0,adSoyadText,1
D:\Project\BankaUygulamasi-master\BankaUygulamasi-master\src\gui\BasvuruEkrani.java,gui.BasvuruEkrani,getEdits/0,tcNoText,2
D:\Project\BankaUygulamasi-master\BankaUygulamasi-master\src\gui\BasvuruEkrani.java,gui.BasvuruEkrani,getEdits/0,basvuruEkraniPanel,1
D:\Project\BankaUygulamasi-master\BankaUygulamasi-master\src\gui\BasvuruEkrani.java,gui.BasvuruEkrani,getEdits/0,telNoText,2
D:\Project\BankaUygulamasi-master\BankaUygulamasi-master\src\gui\BasvuruEkrani.java,gui.BasvuruEkrani,basvurButtonMouseExited/1[java.awt.event.MouseEvent],basvurButton,1
D:\Project\BankaUygulamasi-master\BankaUygulamasi-master\src\gui\BasvuruEkrani.java,gui.BasvuruEkrani,basvuruyuGerceklestir/0,adSoyadText,1
D:\Project\BankaUygulamasi-master\BankaUygulamasi-master\src\gui\BasvuruEkrani.java,gui.BasvuruEkrani,basvuruyuGerceklestir/0,tcNoText,1
D:\Project\BankaUygulamasi-master\BankaUygulamasi-master\src\gui\BasvuruEkrani.java,gui.BasvuruEkrani,basvuruyuGerceklestir/0,guvenlikCevapText,1
D:\Project\BankaUygulamasi-master\BankaUygulamasi-master\src\gui\BasvuruEkrani.java,gui.BasvuruEkrani,basvuruyuGerceklestir/0,guvenlikSorusu,1
D:\Project\BankaUygulamasi-master\BankaUygulamasi-master\src\gui\BasvuruEkrani.java,gui.BasvuruEkrani,basvuruyuGerceklestir/0,telNoText,1
D:\Project\BankaUygulamasi-master\BankaUygulamasi-master\src\gui\BasvuruEkrani.java,gui.BasvuruEkrani,initComponents/0,adSoyadText,5
D:\Project\BankaUygulamasi-master\BankaUygulamasi-master\src\gui\BasvuruEkrani.java,gui.BasvuruEkrani,initComponents/0,kisiselBilgilerLabel,6
D:\Project\BankaUygulamasi-master\BankaUygulamasi-master\src\gui\BasvuruEkrani.java,gui.BasvuruEkrani,initComponents/0,tcNoLabel,7
D:\Project\BankaUygulamasi-master\BankaUygulamasi-master\src\gui\BasvuruEkrani.java,gui.BasvuruEkrani,initComponents/0,guvenlikCevapText,6
D:\Project\BankaUygulamasi-master\BankaUygulamasi-master\src\gui\BasvuruEkrani.java,gui.BasvuruEkrani,initComponents/0,basvuruEkraniPanel,6
D:\Project\BankaUygulamasi-master\BankaUygulamasi-master\src\gui\BasvuruEkrani.java,gui.BasvuruEkrani,initComponents/0,telNoLabel,7
D:\Project\BankaUygulamasi-master\BankaUygulamasi-master\src\gui\BasvuruEkrani.java,gui.BasvuruEkrani,initComponents/0,guvenlikSorusuLabel,6
D:\Project\BankaUygulamasi-master\BankaUygulamasi-master\src\gui\BasvuruEkrani.java,gui.BasvuruEkrani,initComponents/0,guvenlikSorusu,7
D:\Project\BankaUygulamasi-master\BankaUygulamasi-master\src\gui\BasvuruEkrani.java,gui.BasvuruEkrani,initComponents/0,guvenlikCevapLabel,6
D:\Project\BankaUygulamasi-master\BankaUygulamasi-master\src\gui\BasvuruEkrani.java,gui.BasvuruEkrani,initComponents/0,geriIcon,6
D:\Project\BankaUygulamasi-master\BankaUygulamasi-master\src\gui\BasvuruEkrani.java,gui.BasvuruEkrani,initComponents/0,tcNoText,5
D:\Project\BankaUygulamasi-master\BankaUygulamasi-master\src\gui\BasvuruEkrani.java,gui.BasvuruEkrani,initComponents/0,guvenlikBilgileriLabel,6
D:\Project\BankaUygulamasi-master\BankaUygulamasi-master\src\gui\BasvuruEkrani.java,gui.BasvuruEkrani,initComponents/0,basvurButton,9
D:\Project\BankaUygulamasi-master\BankaUygulamasi-master\src\gui\BasvuruEkrani.java,gui.BasvuruEkrani,initComponents/0,adSoyadLabel,7
D:\Project\BankaUygulamasi-master\BankaUygulamasi-master\src\gui\BasvuruEkrani.java,gui.BasvuruEkrani,initComponents/0,telNoText,5
D:\Project\BankaUygulamasi-master\BankaUygulamasi-master\src\gui\BasvuruEkrani.java,gui.BasvuruEkrani,bilgilerGecerliMi/0,basvuruEkraniPanel,1
D:\Project\BankaUygulamasi-master\BankaUygulamasi-master\src\gui\BasvuruEkrani.java,gui.BasvuruEkrani,getKullaniciBasvuruObject/0,kullaniciBasvuruObject,3
D:\Project\BankaUygulamasi-master\BankaUygulamasi-master\src\gui\BasvuruEkrani.java,gui.BasvuruEkrani,basvurButtonMouseEntered/1[java.awt.event.MouseEvent],basvurButton,1
D:\Project\BankaUygulamasi-master\BankaUygulamasi-master\src\gui\HesapEkrani.java,gui.HesapEkrani,getEdits/0,bakiyeLabel,1
D:\Project\BankaUygulamasi-master\BankaUygulamasi-master\src\gui\HesapEkrani.java,gui.HesapEkrani,getEdits/0,kullaniciAdSoyadLabel,1
D:\Project\BankaUygulamasi-master\BankaUygulamasi-master\src\gui\HesapEkrani.java,gui.HesapEkrani,getEdits/0,hesapEkraniPanel,1
D:\Project\BankaUygulamasi-master\BankaUygulamasi-master\src\gui\HesapEkrani.java,gui.HesapEkrani,odemelerButtonMouseExited/1[java.awt.event.MouseEvent],odemelerIcon,1
D:\Project\BankaUygulamasi-master\BankaUygulamasi-master\src\gui\HesapEkrani.java,gui.HesapEkrani,paraCekButtonMouseEntered/1[java.awt.event.MouseEvent],paraCekIcon,1
D:\Project\BankaUygulamasi-master\BankaUygulamasi-master\src\gui\HesapEkrani.java,gui.HesapEkrani,paraYatirButtonMouseEntered/1[java.awt.event.MouseEvent],paraYatirIcon,1
D:\Project\BankaUygulamasi-master\BankaUygulamasi-master\src\gui\HesapEkrani.java,gui.HesapEkrani,paraYatirButtonMouseExited/1[java.awt.event.MouseEvent],paraYatirIcon,1
D:\Project\BankaUygulamasi-master\BankaUygulamasi-master\src\gui\HesapEkrani.java,gui.HesapEkrani,odemelerButtonMouseEntered/1[java.awt.event.MouseEvent],odemelerIcon,1
D:\Project\BankaUygulamasi-master\BankaUygulamasi-master\src\gui\HesapEkrani.java,gui.HesapEkrani,paraCekButtonMouseExited/1[java.awt.event.MouseEvent],paraCekIcon,1
D:\Project\BankaUygulamasi-master\BankaUygulamasi-master\src\gui\HesapEkrani.java,gui.HesapEkrani,havaleButtonMouseExited/1[java.awt.event.MouseEvent],havaleIcon,1
D:\Project\BankaUygulamasi-master\BankaUygulamasi-master\src\gui\HesapEkrani.java,gui.HesapEkrani,havaleButtonMouseEntered/1[java.awt.event.MouseEvent],havaleIcon,1
D:\Project\BankaUygulamasi-master\BankaUygulamasi-master\src\gui\HesapEkrani.java,gui.HesapEkrani,initComponents/0,logoutIcon,6
D:\Project\BankaUygulamasi-master\BankaUygulamasi-master\src\gui\HesapEkrani.java,gui.HesapEkrani,initComponents/0,hosgeldinLabel,7
D:\Project\BankaUygulamasi-master\BankaUygulamasi-master\src\gui\HesapEkrani.java,gui.HesapEkrani,initComponents/0,odemelerButton,9
D:\Project\BankaUygulamasi-master\BankaUygulamasi-master\src\gui\HesapEkrani.java,gui.HesapEkrani,initComponents/0,settingsIcon,6
D:\Project\BankaUygulamasi-master\BankaUygulamasi-master\src\gui\HesapEkrani.java,gui.HesapEkrani,initComponents/0,turkLirasiIcon,4
D:\Project\BankaUygulamasi-master\BankaUygulamasi-master\src\gui\HesapEkrani.java,gui.HesapEkrani,initComponents/0,hesapEkraniPanel,6
D:\Project\BankaUygulamasi-master\BankaUygulamasi-master\src\gui\HesapEkrani.java,gui.HesapEkrani,initComponents/0,paraCekIcon,4
D:\Project\BankaUygulamasi-master\BankaUygulamasi-master\src\gui\HesapEkrani.java,gui.HesapEkrani,initComponents/0,paraCekButton,9
D:\Project\BankaUygulamasi-master\BankaUygulamasi-master\src\gui\HesapEkrani.java,gui.HesapEkrani,initComponents/0,bakiyeLabel,5
D:\Project\BankaUygulamasi-master\BankaUygulamasi-master\src\gui\HesapEkrani.java,gui.HesapEkrani,initComponents/0,paraYatirButton,9
D:\Project\BankaUygulamasi-master\BankaUygulamasi-master\src\gui\HesapEkrani.java,gui.HesapEkrani,initComponents/0,kullaniciAdSoyadLabel,7
D:\Project\BankaUygulamasi-master\BankaUygulamasi-master\src\gui\HesapEkrani.java,gui.HesapEkrani,initComponents/0,odemelerIcon,4
D:\Project\BankaUygulamasi-master\BankaUygulamasi-master\src\gui\HesapEkrani.java,gui.HesapEkrani,initComponents/0,havaleButton,9
D:\Project\BankaUygulamasi-master\BankaUygulamasi-master\src\gui\HesapEkrani.java,gui.HesapEkrani,initComponents/0,paraYatirIcon,4
D:\Project\BankaUygulamasi-master\BankaUygulamasi-master\src\gui\HesapEkrani.java,gui.HesapEkrani,initComponents/0,havaleIcon,4
D:\Project\BankaUygulamasi-master\BankaUygulamasi-master\src\gui\ParaCekmeEkrani.java,gui.ParaCekmeEkrani,getParaCekmeObject/0,paraCekmeObject,3
D:\Project\BankaUygulamasi-master\BankaUygulamasi-master\src\gui\ParaCekmeEkrani.java,gui.ParaCekmeEkrani,getEdits/0,paraCekmeEkraniPanel,1
D:\Project\BankaUygulamasi-master\BankaUygulamasi-master\src\gui\ParaCekmeEkrani.java,gui.ParaCekmeEkrani,getEdits/0,bakiyeLabel,1
D:\Project\BankaUygulamasi-master\BankaUygulamasi-master\src\gui\ParaCekmeEkrani.java,gui.ParaCekmeEkrani,getEdits/0,kullaniciAdiSoyadiLabel,1
D:\Project\BankaUygulamasi-master\BankaUygulamasi-master\src\gui\ParaCekmeEkrani.java,gui.ParaCekmeEkrani,getEdits/0,cekilecekMiktarText,2
D:\Project\BankaUygulamasi-master\BankaUygulamasi-master\src\gui\ParaCekmeEkrani.java,gui.ParaCekmeEkrani,bilgilerGecerliMi/0,cekilecekMiktarText,1
D:\Project\BankaUygulamasi-master\BankaUygulamasi-master\src\gui\ParaCekmeEkrani.java,gui.ParaCekmeEkrani,paraCek/0,cekilecekMiktar,2
D:\Project\BankaUygulamasi-master\BankaUygulamasi-master\src\gui\ParaCekmeEkrani.java,gui.ParaCekmeEkrani,initComponents/0,paraCekmeEkraniPanel,6
D:\Project\BankaUygulamasi-master\BankaUygulamasi-master\src\gui\ParaCekmeEkrani.java,gui.ParaCekmeEkrani,initComponents/0,toplamBakiyenizLabel,7
D:\Project\BankaUygulamasi-master\BankaUygulamasi-master\src\gui\ParaCekmeEkrani.java,gui.ParaCekmeEkrani,initComponents/0,cekeceginizMiktarLabel,6
D:\Project\BankaUygulamasi-master\BankaUygulamasi-master\src\gui\ParaCekmeEkrani.java,gui.ParaCekmeEkrani,initComponents/0,paraCekButton,7
D:\Project\BankaUygulamasi-master\BankaUygulamasi-master\src\gui\ParaCekmeEkrani.java,gui.ParaCekmeEkrani,initComponents/0,bakiyeLabel,6
D:\Project\BankaUygulamasi-master\BankaUygulamasi-master\src\gui\ParaCekmeEkrani.java,gui.ParaCekmeEkrani,initComponents/0,limitUyariLabel,6
D:\Project\BankaUygulamasi-master\BankaUygulamasi-master\src\gui\ParaCekmeEkrani.java,gui.ParaCekmeEkrani,initComponents/0,kullaniciAdiSoyadiLabel,7
D:\Project\BankaUygulamasi-master\BankaUygulamasi-master\src\gui\ParaCekmeEkrani.java,gui.ParaCekmeEkrani,initComponents/0,cekilecekMiktarText,4
D:\Project\BankaUygulamasi-master\BankaUygulamasi-master\src\gui\ParaCekmeEkrani.java,gui.ParaCekmeEkrani,initComponents/0,geriIcon,6
D:\Project\BankaUygulamasi-master\BankaUygulamasi-master\src\gui\ParaCekmeEkrani.java,gui.ParaCekmeEkrani,cekilecekMiktarTextKeyReleased/1[java.awt.event.KeyEvent],cekilecekMiktar,1
D:\Project\BankaUygulamasi-master\BankaUygulamasi-master\src\gui\ParaCekmeEkrani.java,gui.ParaCekmeEkrani,cekilecekMiktarTextKeyReleased/1[java.awt.event.KeyEvent],cekilecekMiktarText,1
D:\Project\BankaUygulamasi-master\BankaUygulamasi-master\src\database\transactions\FaturaOdemeleri.java,database.transactions.FaturaOdemeleri,getFaturaTutari/0,faturaTutari,1
D:\Project\BankaUygulamasi-master\BankaUygulamasi-master\src\database\transactions\FaturaOdemeleri.java,database.transactions.FaturaOdemeleri,faturayiSifirla/0,faturaIsmi,1
D:\Project\BankaUygulamasi-master\BankaUygulamasi-master\src\database\transactions\FaturaOdemeleri.java,database.transactions.FaturaOdemeleri,getFaturaIsmi/0,faturaIsmi,1
D:\Project\BankaUygulamasi-master\BankaUygulamasi-master\src\database\transactions\FaturaOdemeleri.java,database.transactions.FaturaOdemeleri,setFaturaTutari/1[double],faturaTutari,3
D:\Project\BankaUygulamasi-master\BankaUygulamasi-master\src\database\transactions\FaturaOdemeleri.java,database.transactions.FaturaOdemeleri,bakiyeAzalt/0,faturaTutari,2
D:\Project\BankaUygulamasi-master\BankaUygulamasi-master\src\database\transactions\FaturaOdemeleri.java,database.transactions.FaturaOdemeleri,bilgilerGecerliMi/0,faturaIsmi,1
D:\Project\BankaUygulamasi-master\BankaUygulamasi-master\src\database\transactions\FaturaOdemeleri.java,database.transactions.FaturaOdemeleri,bilgilerGecerliMi/0,faturaTutari,2
D:\Project\BankaUygulamasi-master\BankaUygulamasi-master\src\database\transactions\FaturaOdemeleri.java,database.transactions.FaturaOdemeleri,faturaOdendiMi/0,faturaIsmi,1
D:\Project\BankaUygulamasi-master\BankaUygulamasi-master\src\database\transactions\FaturaOdemeleri.java,database.transactions.FaturaOdemeleri,setFaturaIsmi/1[java.lang.String],faturaIsmi,3
D:\Project\BankaUygulamasi-master\BankaUygulamasi-master\src\database\transactions\TelNoYenileme.java,database.transactions.TelNoYenileme,bilgilerGecerliMi/0,telNo,2
D:\Project\BankaUygulamasi-master\BankaUygulamasi-master\src\database\transactions\TelNoYenileme.java,database.transactions.TelNoYenileme,getTelNo/0,telNo,1
D:\Project\BankaUygulamasi-master\BankaUygulamasi-master\src\database\transactions\TelNoYenileme.java,database.transactions.TelNoYenileme,setTelNo/1[java.lang.String],telNo,3
D:\Project\BankaUygulamasi-master\BankaUygulamasi-master\src\database\transactions\TelNoYenileme.java,database.transactions.TelNoYenileme,telNoYenilendiMi/0,telNo,2
D:\Project\BankaUygulamasi-master\BankaUygulamasi-master\src\gui\ParaYatirmaEkrani.java,gui.ParaYatirmaEkrani,getEdits/0,bakiyeLabel,1
D:\Project\BankaUygulamasi-master\BankaUygulamasi-master\src\gui\ParaYatirmaEkrani.java,gui.ParaYatirmaEkrani,getEdits/0,kullaniciAdiSoyadiLabel,1
D:\Project\BankaUygulamasi-master\BankaUygulamasi-master\src\gui\ParaYatirmaEkrani.java,gui.ParaYatirmaEkrani,getEdits/0,paraYatirmaEkraniPanel,1
D:\Project\BankaUygulamasi-master\BankaUygulamasi-master\src\gui\ParaYatirmaEkrani.java,gui.ParaYatirmaEkrani,getEdits/0,yatirilacakMiktarText,2
D:\Project\BankaUygulamasi-master\BankaUygulamasi-master\src\gui\ParaYatirmaEkrani.java,gui.ParaYatirmaEkrani,bilgilerGecerliMi/0,yatirilacakMiktarText,1
D:\Project\BankaUygulamasi-master\BankaUygulamasi-master\src\gui\ParaYatirmaEkrani.java,gui.ParaYatirmaEkrani,getParaYatirmaObject/0,paraYatirmaObject,3
D:\Project\BankaUygulamasi-master\BankaUygulamasi-master\src\gui\ParaYatirmaEkrani.java,gui.ParaYatirmaEkrani,paraYatir/0,yatirilacakMiktar,2
D:\Project\BankaUygulamasi-master\BankaUygulamasi-master\src\gui\ParaYatirmaEkrani.java,gui.ParaYatirmaEkrani,initComponents/0,toplamBakiyenizLabel,6
D:\Project\BankaUygulamasi-master\BankaUygulamasi-master\src\gui\ParaYatirmaEkrani.java,gui.ParaYatirmaEkrani,initComponents/0,bakiyeLabel,5
D:\Project\BankaUygulamasi-master\BankaUygulamasi-master\src\gui\ParaYatirmaEkrani.java,gui.ParaYatirmaEkrani,initComponents/0,paraYatirButton,7
D:\Project\BankaUygulamasi-master\BankaUygulamasi-master\src\gui\ParaYatirmaEkrani.java,gui.ParaYatirmaEkrani,initComponents/0,limitUyariLabel,5
D:\Project\BankaUygulamasi-master\BankaUygulamasi-master\src\gui\ParaYatirmaEkrani.java,gui.ParaYatirmaEkrani,initComponents/0,kullaniciAdiSoyadiLabel,7
D:\Project\BankaUygulamasi-master\BankaUygulamasi-master\src\gui\ParaYatirmaEkrani.java,gui.ParaYatirmaEkrani,initComponents/0,paraYatirmaEkraniPanel,6
D:\Project\BankaUygulamasi-master\BankaUygulamasi-master\src\gui\ParaYatirmaEkrani.java,gui.ParaYatirmaEkrani,initComponents/0,yatirilacakMiktarText,6
D:\Project\BankaUygulamasi-master\BankaUygulamasi-master\src\gui\ParaYatirmaEkrani.java,gui.ParaYatirmaEkrani,initComponents/0,yatiracaginizMiktarLabel,8
D:\Project\BankaUygulamasi-master\BankaUygulamasi-master\src\gui\ParaYatirmaEkrani.java,gui.ParaYatirmaEkrani,initComponents/0,geriIcon,6
D:\Project\BankaUygulamasi-master\BankaUygulamasi-master\src\gui\ParaYatirmaEkrani.java,gui.ParaYatirmaEkrani,yatirilacakMiktarTextKeyReleased/1[java.awt.event.KeyEvent],yatirilacakMiktar,1
D:\Project\BankaUygulamasi-master\BankaUygulamasi-master\src\gui\ParaYatirmaEkrani.java,gui.ParaYatirmaEkrani,yatirilacakMiktarTextKeyReleased/1[java.awt.event.KeyEvent],yatirilacakMiktarText,1
D:\Project\BankaUygulamasi-master\BankaUygulamasi-master\src\gui\SifreYenilemeEkrani.java,gui.SifreYenilemeEkrani,sifreyiYenileButtonMouseEntered/1[java.awt.event.MouseEvent],sifreyiYenileButton,1
D:\Project\BankaUygulamasi-master\BankaUygulamasi-master\src\gui\SifreYenilemeEkrani.java,gui.SifreYenilemeEkrani,sifreyiYenileButtonMouseExited/1[java.awt.event.MouseEvent],sifreyiYenileButton,1
D:\Project\BankaUygulamasi-master\BankaUygulamasi-master\src\gui\SifreYenilemeEkrani.java,gui.SifreYenilemeEkrani,bilgilerGecerliMi/0,sifreYenilemePanel,1
D:\Project\BankaUygulamasi-master\BankaUygulamasi-master\src\gui\SifreYenilemeEkrani.java,gui.SifreYenilemeEkrani,initComponents/0,geriIcon2,6
D:\Project\BankaUygulamasi-master\BankaUygulamasi-master\src\gui\SifreYenilemeEkrani.java,gui.SifreYenilemeEkrani,initComponents/0,telefonNoLabel,6
D:\Project\BankaUygulamasi-master\BankaUygulamasi-master\src\gui\SifreYenilemeEkrani.java,gui.SifreYenilemeEkrani,initComponents/0,eskiSifreLabel,6
D:\Project\BankaUygulamasi-master\BankaUygulamasi-master\src\gui\SifreYenilemeEkrani.java,gui.SifreYenilemeEkrani,initComponents/0,yeniSifreLabel,6
D:\Project\BankaUygulamasi-master\BankaUygulamasi-master\src\gui\SifreYenilemeEkrani.java,gui.SifreYenilemeEkrani,initComponents/0,tcNoLabel,6
D:\Project\BankaUygulamasi-master\BankaUygulamasi-master\src\gui\SifreYenilemeEkrani.java,gui.SifreYenilemeEkrani,initComponents/0,yeniSifreText,3
D:\Project\BankaUygulamasi-master\BankaUygulamasi-master\src\gui\SifreYenilemeEkrani.java,gui.SifreYenilemeEkrani,initComponents/0,guvenlikCevapText,3
D:\Project\BankaUygulamasi-master\BankaUygulamasi-master\src\gui\SifreYenilemeEkrani.java,gui.SifreYenilemeEkrani,initComponents/0,guvenlikCevapLabel,6
D:\Project\BankaUygulamasi-master\BankaUygulamasi-master\src\gui\SifreYenilemeEkrani.java,gui.SifreYenilemeEkrani,initComponents/0,sifreTekrarLabel,6
D:\Project\BankaUygulamasi-master\BankaUygulamasi-master\src\gui\SifreYenilemeEkrani.java,gui.SifreYenilemeEkrani,initComponents/0,sifreYenilemePanel,6
D:\Project\BankaUygulamasi-master\BankaUygulamasi-master\src\gui\SifreYenilemeEkrani.java,gui.SifreYenilemeEkrani,initComponents/0,tcNoText,3
D:\Project\BankaUygulamasi-master\BankaUygulamasi-master\src\gui\SifreYenilemeEkrani.java,gui.SifreYenilemeEkrani,initComponents/0,telefonNoText,3
D:\Project\BankaUygulamasi-master\BankaUygulamasi-master\src\gui\SifreYenilemeEkrani.java,gui.SifreYenilemeEkrani,initComponents/0,sifreYenilemeLabel,6
D:\Project\BankaUygulamasi-master\BankaUygulamasi-master\src\gui\SifreYenilemeEkrani.java,gui.SifreYenilemeEkrani,initComponents/0,sifreyiYenileButton,9
D:\Project\BankaUygulamasi-master\BankaUygulamasi-master\src\gui\SifreYenilemeEkrani.java,gui.SifreYenilemeEkrani,initComponents/0,sifreTekrarText,3
D:\Project\BankaUygulamasi-master\BankaUygulamasi-master\src\gui\SifreYenilemeEkrani.java,gui.SifreYenilemeEkrani,initComponents/0,eskiSifreText,3
D:\Project\BankaUygulamasi-master\BankaUygulamasi-master\src\gui\SifreYenilemeEkrani.java,gui.SifreYenilemeEkrani,getSifreYenilemeObject/0,sifreYenilemeObject,3
D:\Project\BankaUygulamasi-master\BankaUygulamasi-master\src\gui\SifreYenilemeEkrani.java,gui.SifreYenilemeEkrani,getEdits/0,sifreYenilemePanel,1
D:\Project\BankaUygulamasi-master\BankaUygulamasi-master\src\gui\SifreYenilemeEkrani.java,gui.SifreYenilemeEkrani,getEdits/0,tcNoText,2
D:\Project\BankaUygulamasi-master\BankaUygulamasi-master\src\gui\SifreYenilemeEkrani.java,gui.SifreYenilemeEkrani,getEdits/0,telefonNoText,2
D:\Project\BankaUygulamasi-master\BankaUygulamasi-master\src\gui\SifreYenilemeEkrani.java,gui.SifreYenilemeEkrani,getEdits/0,eskiSifreText,1
D:\Project\BankaUygulamasi-master\BankaUygulamasi-master\src\gui\SifreYenilemeEkrani.java,gui.SifreYenilemeEkrani,sifreyiOnayla/0,tcNoText,1
D:\Project\BankaUygulamasi-master\BankaUygulamasi-master\src\gui\SifreYenilemeEkrani.java,gui.SifreYenilemeEkrani,sifreyiOnayla/0,telefonNoText,1
D:\Project\BankaUygulamasi-master\BankaUygulamasi-master\src\gui\SifreYenilemeEkrani.java,gui.SifreYenilemeEkrani,sifreyiOnayla/0,yeniSifreText,1
D:\Project\BankaUygulamasi-master\BankaUygulamasi-master\src\gui\SifreYenilemeEkrani.java,gui.SifreYenilemeEkrani,sifreyiOnayla/0,guvenlikCevapText,1
D:\Project\BankaUygulamasi-master\BankaUygulamasi-master\src\gui\SifreYenilemeEkrani.java,gui.SifreYenilemeEkrani,sifreyiOnayla/0,eskiSifreText,1
D:\Project\BankaUygulamasi-master\BankaUygulamasi-master\src\gui\SifreYenilemeEkrani.java,gui.SifreYenilemeEkrani,getEskiSifreText/0,eskiSifreText,1
D:\Project\BankaUygulamasi-master\BankaUygulamasi-master\src\gui\SifreYenilemeEkrani.java,gui.SifreYenilemeEkrani,sifreyiYenile/0,yeniSifreText,1
D:\Project\BankaUygulamasi-master\BankaUygulamasi-master\src\gui\SifreYenilemeEkrani.java,gui.SifreYenilemeEkrani,sifreyiYenile/0,sifreTekrarText,1
D:\Project\BankaUygulamasi-master\BankaUygulamasi-master\src\gui\ayarlar\IconAyarlari.java,gui.ayarlar.IconAyarlari,"changeIcon/2[javax.swing.JLabel,java.lang.String]",originalIcon,1
D:\Project\BankaUygulamasi-master\BankaUygulamasi-master\src\gui\ayarlar\IconAyarlari.java,gui.ayarlar.IconAyarlari,setOriginalIcon/1[javax.swing.JLabel],originalIcon,1
D:\Project\BankaUygulamasi-master\BankaUygulamasi-master\src\database\transactions\Havale.java,database.transactions.Havale,getGonderilecekMiktar/0,gonderilecekMiktar,1
D:\Project\BankaUygulamasi-master\BankaUygulamasi-master\src\database\transactions\Havale.java,database.transactions.Havale,setHavaleAlacakKisi/1[java.lang.String],havaleAlacakKisi,3
D:\Project\BankaUygulamasi-master\BankaUygulamasi-master\src\database\transactions\Havale.java,database.transactions.Havale,setGonderilecekMiktar/1[int],gonderilecekMiktar,3
D:\Project\BankaUygulamasi-master\BankaUygulamasi-master\src\database\transactions\Havale.java,database.transactions.Havale,getHavaleAlacakKisi/0,havaleAlacakKisi,1
D:\Project\BankaUygulamasi-master\BankaUygulamasi-master\src\database\transactions\Havale.java,database.transactions.Havale,havaleYapildiMi/0,gonderilecekMiktar,3
D:\Project\BankaUygulamasi-master\BankaUygulamasi-master\src\database\transactions\Havale.java,database.transactions.Havale,havaleYapildiMi/0,havaleAlacakKisi,1
D:\Project\BankaUygulamasi-master\BankaUygulamasi-master\src\database\transactions\Havale.java,database.transactions.Havale,bilgilerGecerliMi/0,gonderilecekMiktar,2
D:\Project\BankaUygulamasi-master\BankaUygulamasi-master\src\database\transactions\Havale.java,database.transactions.Havale,bilgilerGecerliMi/0,havaleAlacakKisi,2
D:\Project\BankaUygulamasi-master\BankaUygulamasi-master\src\database\transactions\KullaniciGiris.java,database.transactions.KullaniciGiris,girisBilgileriDogruMu/0,musteriKimlik,1
D:\Project\BankaUygulamasi-master\BankaUygulamasi-master\src\database\transactions\KullaniciGiris.java,database.transactions.KullaniciGiris,girisBasariliMi/0,sifre,1
D:\Project\BankaUygulamasi-master\BankaUygulamasi-master\src\database\transactions\KullaniciGiris.java,database.transactions.KullaniciGiris,girisBasariliMi/0,musteriKimlik,2
D:\Project\BankaUygulamasi-master\BankaUygulamasi-master\src\database\transactions\KullaniciGiris.java,database.transactions.KullaniciGiris,getMusteriKimlik/0,musteriKimlik,1
D:\Project\BankaUygulamasi-master\BankaUygulamasi-master\src\database\transactions\KullaniciGiris.java,database.transactions.KullaniciGiris,getSifre/0,sifre,1
D:\Project\BankaUygulamasi-master\BankaUygulamasi-master\src\database\transactions\KullaniciGiris.java,database.transactions.KullaniciGiris,setSifre/1[java.lang.String],sifre,3
D:\Project\BankaUygulamasi-master\BankaUygulamasi-master\src\database\transactions\KullaniciGiris.java,database.transactions.KullaniciGiris,bilgilerGecerliMi/0,sifre,1
D:\Project\BankaUygulamasi-master\BankaUygulamasi-master\src\database\transactions\KullaniciGiris.java,database.transactions.KullaniciGiris,bilgilerGecerliMi/0,musteriKimlik,1
D:\Project\BankaUygulamasi-master\BankaUygulamasi-master\src\database\transactions\KullaniciGiris.java,database.transactions.KullaniciGiris,setMusteriKimlik/1[java.lang.String],musteriKimlik,3
D:\Project\BankaUygulamasi-master\BankaUygulamasi-master\src\database\transactions\SifreYenileme.java,database.transactions.SifreYenileme,setGuvenlikCevap/1[java.lang.String],guvenlikCevap,3
D:\Project\BankaUygulamasi-master\BankaUygulamasi-master\src\database\transactions\SifreYenileme.java,database.transactions.SifreYenileme,setEskiSifre/1[java.lang.String],eskiSifre,3
D:\Project\BankaUygulamasi-master\BankaUygulamasi-master\src\database\transactions\SifreYenileme.java,database.transactions.SifreYenileme,getYeniSifre/0,yeniSifre,1
D:\Project\BankaUygulamasi-master\BankaUygulamasi-master\src\database\transactions\SifreYenileme.java,database.transactions.SifreYenileme,getGuvenlikCevap/0,guvenlikCevap,1
D:\Project\BankaUygulamasi-master\BankaUygulamasi-master\src\database\transactions\SifreYenileme.java,database.transactions.SifreYenileme,bilgilerGecerliMi/0,yeniSifre,1
D:\Project\BankaUygulamasi-master\BankaUygulamasi-master\src\database\transactions\SifreYenileme.java,database.transactions.SifreYenileme,bilgilerGecerliMi/0,guvenlikCevap,1
D:\Project\BankaUygulamasi-master\BankaUygulamasi-master\src\database\transactions\SifreYenileme.java,database.transactions.SifreYenileme,bilgilerGecerliMi/0,tcNo,1
D:\Project\BankaUygulamasi-master\BankaUygulamasi-master\src\database\transactions\SifreYenileme.java,database.transactions.SifreYenileme,bilgilerGecerliMi/0,telNo,1
D:\Project\BankaUygulamasi-master\BankaUygulamasi-master\src\database\transactions\SifreYenileme.java,database.transactions.SifreYenileme,sifreYenilendiMi/0,yeniSifre,1
D:\Project\BankaUygulamasi-master\BankaUygulamasi-master\src\database\transactions\SifreYenileme.java,database.transactions.SifreYenileme,sifreYenilendiMi/0,guvenlikCevap,1
D:\Project\BankaUygulamasi-master\BankaUygulamasi-master\src\database\transactions\SifreYenileme.java,database.transactions.SifreYenileme,sifreYenilendiMi/0,tcNo,1
D:\Project\BankaUygulamasi-master\BankaUygulamasi-master\src\database\transactions\SifreYenileme.java,database.transactions.SifreYenileme,sifreYenilendiMi/0,eskiSifre,2
D:\Project\BankaUygulamasi-master\BankaUygulamasi-master\src\database\transactions\SifreYenileme.java,database.transactions.SifreYenileme,sifreYenilendiMi/0,telNo,1
D:\Project\BankaUygulamasi-master\BankaUygulamasi-master\src\database\transactions\SifreYenileme.java,database.transactions.SifreYenileme,getEskiSifre/0,eskiSifre,1
D:\Project\BankaUygulamasi-master\BankaUygulamasi-master\src\database\transactions\SifreYenileme.java,database.transactions.SifreYenileme,setTelNo/1[java.lang.String],telNo,3
D:\Project\BankaUygulamasi-master\BankaUygulamasi-master\src\database\transactions\SifreYenileme.java,database.transactions.SifreYenileme,setYeniSifre/1[java.lang.String],yeniSifre,3
D:\Project\BankaUygulamasi-master\BankaUygulamasi-master\src\database\transactions\SifreYenileme.java,database.transactions.SifreYenileme,getTelNo/0,telNo,1
D:\Project\BankaUygulamasi-master\BankaUygulamasi-master\src\database\transactions\SifreYenileme.java,database.transactions.SifreYenileme,setTcNo/1[java.lang.String],tcNo,3
D:\Project\BankaUygulamasi-master\BankaUygulamasi-master\src\database\transactions\SifreYenileme.java,database.transactions.SifreYenileme,getTcNo/0,tcNo,1
D:\Project\BankaUygulamasi-master\BankaUygulamasi-master\src\gui\GirisEkrani.java,gui.GirisEkrani,girisButtonMouseEntered/1[java.awt.event.MouseEvent],girisButton,1
D:\Project\BankaUygulamasi-master\BankaUygulamasi-master\src\gui\GirisEkrani.java,gui.GirisEkrani,initComponents/0,hosgeldinizLabel,7
D:\Project\BankaUygulamasi-master\BankaUygulamasi-master\src\gui\GirisEkrani.java,gui.GirisEkrani,initComponents/0,kimlikText,8
D:\Project\BankaUygulamasi-master\BankaUygulamasi-master\src\gui\GirisEkrani.java,gui.GirisEkrani,initComponents/0,girisEkraniPanel,6
D:\Project\BankaUygulamasi-master\BankaUygulamasi-master\src\gui\GirisEkrani.java,gui.GirisEkrani,initComponents/0,sifreText,8
D:\Project\BankaUygulamasi-master\BankaUygulamasi-master\src\gui\GirisEkrani.java,gui.GirisEkrani,initComponents/0,girisButton,10
D:\Project\BankaUygulamasi-master\BankaUygulamasi-master\src\gui\GirisEkrani.java,gui.GirisEkrani,initComponents/0,basvurButton,10
D:\Project\BankaUygulamasi-master\BankaUygulamasi-master\src\gui\GirisEkrani.java,gui.GirisEkrani,initComponents/0,sifremiUnuttumLabel,8
D:\Project\BankaUygulamasi-master\BankaUygulamasi-master\src\gui\GirisEkrani.java,gui.GirisEkrani,initComponents/0,soruLabel,6
D:\Project\BankaUygulamasi-master\BankaUygulamasi-master\src\gui\GirisEkrani.java,gui.GirisEkrani,girisButtonMouseExited/1[java.awt.event.MouseEvent],girisButton,1
D:\Project\BankaUygulamasi-master\BankaUygulamasi-master\src\gui\GirisEkrani.java,gui.GirisEkrani,sifreTextFocusLost/1[java.awt.event.FocusEvent],sifreText,1
D:\Project\BankaUygulamasi-master\BankaUygulamasi-master\src\gui\GirisEkrani.java,gui.GirisEkrani,basvurButtonMouseExited/1[java.awt.event.MouseEvent],basvurButton,1
D:\Project\BankaUygulamasi-master\BankaUygulamasi-master\src\gui\GirisEkrani.java,gui.GirisEkrani,getEdits/0,kimlikText,2
D:\Project\BankaUygulamasi-master\BankaUygulamasi-master\src\gui\GirisEkrani.java,gui.GirisEkrani,getEdits/0,KIMLIK_TEXT_ORIGINAL,1
D:\Project\BankaUygulamasi-master\BankaUygulamasi-master\src\gui\GirisEkrani.java,gui.GirisEkrani,getEdits/0,girisEkraniPanel,1
D:\Project\BankaUygulamasi-master\BankaUygulamasi-master\src\gui\GirisEkrani.java,gui.GirisEkrani,getEdits/0,sifreText,1
D:\Project\BankaUygulamasi-master\BankaUygulamasi-master\src\gui\GirisEkrani.java,gui.GirisEkrani,getEdits/0,SIFRE_TEXT_ORIGINAL,1
D:\Project\BankaUygulamasi-master\BankaUygulamasi-master\src\gui\GirisEkrani.java,gui.GirisEkrani,kimlikTextFocusLost/1[java.awt.event.FocusEvent],kimlikText,1
D:\Project\BankaUygulamasi-master\BankaUygulamasi-master\src\gui\GirisEkrani.java,gui.GirisEkrani,girisButtonActionPerformed/1[java.awt.event.ActionEvent],kimlikText,1
D:\Project\BankaUygulamasi-master\BankaUygulamasi-master\src\gui\GirisEkrani.java,gui.GirisEkrani,girisButtonActionPerformed/1[java.awt.event.ActionEvent],sifreText,1
D:\Project\BankaUygulamasi-master\BankaUygulamasi-master\src\gui\GirisEkrani.java,gui.GirisEkrani,bilgilerGecerliMi/0,kimlikText,1
D:\Project\BankaUygulamasi-master\BankaUygulamasi-master\src\gui\GirisEkrani.java,gui.GirisEkrani,bilgilerGecerliMi/0,KIMLIK_TEXT_ORIGINAL,1
D:\Project\BankaUygulamasi-master\BankaUygulamasi-master\src\gui\GirisEkrani.java,gui.GirisEkrani,bilgilerGecerliMi/0,sifreText,1
D:\Project\BankaUygulamasi-master\BankaUygulamasi-master\src\gui\GirisEkrani.java,gui.GirisEkrani,bilgilerGecerliMi/0,SIFRE_TEXT_ORIGINAL,1
D:\Project\BankaUygulamasi-master\BankaUygulamasi-master\src\gui\GirisEkrani.java,gui.GirisEkrani,kimlikTextFocusGained/1[java.awt.event.FocusEvent],kimlikText,1
D:\Project\BankaUygulamasi-master\BankaUygulamasi-master\src\gui\GirisEkrani.java,gui.GirisEkrani,kimlikTextFocusGained/1[java.awt.event.FocusEvent],KIMLIK_TEXT_ORIGINAL,1
D:\Project\BankaUygulamasi-master\BankaUygulamasi-master\src\gui\GirisEkrani.java,gui.GirisEkrani,basvurButtonMouseEntered/1[java.awt.event.MouseEvent],basvurButton,1
D:\Project\BankaUygulamasi-master\BankaUygulamasi-master\src\gui\GirisEkrani.java,gui.GirisEkrani,getKullaniciGirisObject/0,kullaniciGirisObject,3
D:\Project\BankaUygulamasi-master\BankaUygulamasi-master\src\gui\GirisEkrani.java,gui.GirisEkrani,sifreTextFocusGained/1[java.awt.event.FocusEvent],sifreText,1
D:\Project\BankaUygulamasi-master\BankaUygulamasi-master\src\gui\GirisEkrani.java,gui.GirisEkrani,sifreTextFocusGained/1[java.awt.event.FocusEvent],SIFRE_TEXT_ORIGINAL,1
D:\Project\BankaUygulamasi-master\BankaUygulamasi-master\src\database\DbConnection.java,database.DbConnection,DbConnection/0,PORT,1
D:\Project\BankaUygulamasi-master\BankaUygulamasi-master\src\database\DbConnection.java,database.DbConnection,DbConnection/0,PASSWORD,1
D:\Project\BankaUygulamasi-master\BankaUygulamasi-master\src\database\DbConnection.java,database.DbConnection,DbConnection/0,HOST,1
D:\Project\BankaUygulamasi-master\BankaUygulamasi-master\src\database\DbConnection.java,database.DbConnection,DbConnection/0,connection,1
D:\Project\BankaUygulamasi-master\BankaUygulamasi-master\src\database\DbConnection.java,database.DbConnection,DbConnection/0,VERITABANI_ISMI,1
D:\Project\BankaUygulamasi-master\BankaUygulamasi-master\src\database\DbConnection.java,database.DbConnection,DbConnection/0,USER,1
D:\Project\BankaUygulamasi-master\BankaUygulamasi-master\src\database\DbConnection.java,database.DbConnection,getConnection/0,connection,1
D:\Project\BankaUygulamasi-master\BankaUygulamasi-master\src\database\DbVeriMerkezi.java,database.DbVeriMerkezi,getBakiye/0,bakiye,1
D:\Project\BankaUygulamasi-master\BankaUygulamasi-master\src\database\DbVeriMerkezi.java,database.DbVeriMerkezi,setInternetFaturasi/1[double],internetFaturasi,3
D:\Project\BankaUygulamasi-master\BankaUygulamasi-master\src\database\DbVeriMerkezi.java,database.DbVeriMerkezi,setDogalgazFaturasi/1[double],dogalgazFaturasi,3
D:\Project\BankaUygulamasi-master\BankaUygulamasi-master\src\database\DbVeriMerkezi.java,database.DbVeriMerkezi,setAdSoyad/1[java.lang.String],adSoyad,3
D:\Project\BankaUygulamasi-master\BankaUygulamasi-master\src\database\DbVeriMerkezi.java,database.DbVeriMerkezi,setMusteriNo/1[java.lang.String],musteriNo,3
D:\Project\BankaUygulamasi-master\BankaUygulamasi-master\src\database\DbVeriMerkezi.java,database.DbVeriMerkezi,setKullaniciId/1[int],kullaniciId,3
D:\Project\BankaUygulamasi-master\BankaUygulamasi-master\src\database\DbVeriMerkezi.java,database.DbVeriMerkezi,getAdSoyad/0,adSoyad,1
D:\Project\BankaUygulamasi-master\BankaUygulamasi-master\src\database\DbVeriMerkezi.java,database.DbVeriMerkezi,setTcNo/1[java.lang.String],tcNo,3
D:\Project\BankaUygulamasi-master\BankaUygulamasi-master\src\database\DbVeriMerkezi.java,database.DbVeriMerkezi,getMusteriNo/0,musteriNo,1
D:\Project\BankaUygulamasi-master\BankaUygulamasi-master\src\database\DbVeriMerkezi.java,database.DbVeriMerkezi,getSuFaturasi/0,suFaturasi,1
D:\Project\BankaUygulamasi-master\BankaUygulamasi-master\src\database\DbVeriMerkezi.java,database.DbVeriMerkezi,getDogalgazFaturasi/0,dogalgazFaturasi,1
D:\Project\BankaUygulamasi-master\BankaUygulamasi-master\src\database\DbVeriMerkezi.java,database.DbVeriMerkezi,getElektrikFaturasi/0,elektrikFaturasi,1
D:\Project\BankaUygulamasi-master\BankaUygulamasi-master\src\database\DbVeriMerkezi.java,database.DbVeriMerkezi,setElektrikFaturasi/1[double],elektrikFaturasi,3
D:\Project\BankaUygulamasi-master\BankaUygulamasi-master\src\database\DbVeriMerkezi.java,database.DbVeriMerkezi,getInternetFaturasi/0,internetFaturasi,1
D:\Project\BankaUygulamasi-master\BankaUygulamasi-master\src\database\DbVeriMerkezi.java,database.DbVeriMerkezi,getTcNo/0,tcNo,1
D:\Project\BankaUygulamasi-master\BankaUygulamasi-master\src\database\DbVeriMerkezi.java,database.DbVeriMerkezi,setBakiye/1[double],bakiye,3
D:\Project\BankaUygulamasi-master\BankaUygulamasi-master\src\database\DbVeriMerkezi.java,database.DbVeriMerkezi,getKullaniciId/0,kullaniciId,1
D:\Project\BankaUygulamasi-master\BankaUygulamasi-master\src\database\DbVeriMerkezi.java,database.DbVeriMerkezi,getTelNo/0,telNo,1
D:\Project\BankaUygulamasi-master\BankaUygulamasi-master\src\database\DbVeriMerkezi.java,database.DbVeriMerkezi,setTelNo/1[java.lang.String],telNo,3
D:\Project\BankaUygulamasi-master\BankaUygulamasi-master\src\database\DbVeriMerkezi.java,database.DbVeriMerkezi,setSuFaturasi/1[double],suFaturasi,3
D:\Project\BankaUygulamasi-master\BankaUygulamasi-master\src\database\transactions\ParaYatirma.java,database.transactions.ParaYatirma,setYatirilacakMiktar/1[int],yatirilacakMiktar,3
D:\Project\BankaUygulamasi-master\BankaUygulamasi-master\src\database\transactions\ParaYatirma.java,database.transactions.ParaYatirma,paraYatirildiMi/0,yatirilacakMiktar,2
D:\Project\BankaUygulamasi-master\BankaUygulamasi-master\src\database\transactions\ParaYatirma.java,database.transactions.ParaYatirma,bilgilerGecerliMi/0,yatirilacakMiktar,1
D:\Project\BankaUygulamasi-master\BankaUygulamasi-master\src\database\transactions\ParaYatirma.java,database.transactions.ParaYatirma,getYatirilacakMiktar/0,yatirilacakMiktar,1
D:\Project\BankaUygulamasi-master\BankaUygulamasi-master\src\gui\AyarlarEkrani.java,gui.AyarlarEkrani,getEdits/0,kullaniciAdiSoyadiLabel,1
D:\Project\BankaUygulamasi-master\BankaUygulamasi-master\src\gui\AyarlarEkrani.java,gui.AyarlarEkrani,getEdits/0,eskiTelNo,1
D:\Project\BankaUygulamasi-master\BankaUygulamasi-master\src\gui\AyarlarEkrani.java,gui.AyarlarEkrani,getEdits/0,ayarlarEkraniPanel,1
D:\Project\BankaUygulamasi-master\BankaUygulamasi-master\src\gui\AyarlarEkrani.java,gui.AyarlarEkrani,getEdits/0,telNoText,4
D:\Project\BankaUygulamasi-master\BankaUygulamasi-master\src\gui\AyarlarEkrani.java,gui.AyarlarEkrani,bilgilerGecerliMi/0,telNoText,1
D:\Project\BankaUygulamasi-master\BankaUygulamasi-master\src\gui\AyarlarEkrani.java,gui.AyarlarEkrani,getTelNoYenilemeObject/0,telNoYenilemeObject,3
D:\Project\BankaUygulamasi-master\BankaUygulamasi-master\src\gui\AyarlarEkrani.java,gui.AyarlarEkrani,initComponents/0,mesajTelNoLabel,6
D:\Project\BankaUygulamasi-master\BankaUygulamasi-master\src\gui\AyarlarEkrani.java,gui.AyarlarEkrani,initComponents/0,telNoDegistirIcon,6
D:\Project\BankaUygulamasi-master\BankaUygulamasi-master\src\gui\AyarlarEkrani.java,gui.AyarlarEkrani,initComponents/0,sifreText,6
D:\Project\BankaUygulamasi-master\BankaUygulamasi-master\src\gui\AyarlarEkrani.java,gui.AyarlarEkrani,initComponents/0,sifreDegistirIcon,6
D:\Project\BankaUygulamasi-master\BankaUygulamasi-master\src\gui\AyarlarEkrani.java,gui.AyarlarEkrani,initComponents/0,kullaniciAdiSoyadiLabel,7
D:\Project\BankaUygulamasi-master\BankaUygulamasi-master\src\gui\AyarlarEkrani.java,gui.AyarlarEkrani,initComponents/0,mesajSifreLabel,6
D:\Project\BankaUygulamasi-master\BankaUygulamasi-master\src\gui\AyarlarEkrani.java,gui.AyarlarEkrani,initComponents/0,ayarlarEkraniPanel,6
D:\Project\BankaUygulamasi-master\BankaUygulamasi-master\src\gui\AyarlarEkrani.java,gui.AyarlarEkrani,initComponents/0,telNoText,5
D:\Project\BankaUygulamasi-master\BankaUygulamasi-master\src\gui\AyarlarEkrani.java,gui.AyarlarEkrani,initComponents/0,geriIcon,6
D:\Project\BankaUygulamasi-master\BankaUygulamasi-master\src\gui\AyarlarEkrani.java,gui.AyarlarEkrani,telNoYenile/0,eskiTelNo,2
D:\Project\BankaUygulamasi-master\BankaUygulamasi-master\src\gui\AyarlarEkrani.java,gui.AyarlarEkrani,telNoYenile/0,telNoText,3
D:\Project\BankaUygulamasi-master\BankaUygulamasi-master\src\gui\AyarlarEkrani.java,gui.AyarlarEkrani,telNoDegistirIconMouseClicked/1[java.awt.event.MouseEvent],telNoDegistirIcon,2
D:\Project\BankaUygulamasi-master\BankaUygulamasi-master\src\gui\AyarlarEkrani.java,gui.AyarlarEkrani,telNoDegistirIconMouseClicked/1[java.awt.event.MouseEvent],clickCounter,3
D:\Project\BankaUygulamasi-master\BankaUygulamasi-master\src\gui\AyarlarEkrani.java,gui.AyarlarEkrani,telNoDegistirIconMouseClicked/1[java.awt.event.MouseEvent],telNoText,2
D:\Project\BankaUygulamasi-master\BankaUygulamasi-master\src\database\transactions\HesapBilgileri.java,database.transactions.HesapBilgileri,getInstance/0,hesapBilgileri,3
D:\Project\BankaUygulamasi-master\BankaUygulamasi-master\src\database\transactions\ParaCekme.java,database.transactions.ParaCekme,paraCekildiMi/0,cekilecekMiktar,2
D:\Project\BankaUygulamasi-master\BankaUygulamasi-master\src\database\transactions\ParaCekme.java,database.transactions.ParaCekme,getCekilecekMiktar/0,cekilecekMiktar,1
D:\Project\BankaUygulamasi-master\BankaUygulamasi-master\src\database\transactions\ParaCekme.java,database.transactions.ParaCekme,bilgilerGecerliMi/0,cekilecekMiktar,2
D:\Project\BankaUygulamasi-master\BankaUygulamasi-master\src\database\transactions\ParaCekme.java,database.transactions.ParaCekme,setCekilecekMiktar/1[int],cekilecekMiktar,3
D:\Project\BankaUygulamasi-master\BankaUygulamasi-master\src\gui\ayarlar\TextAyarlari.java,gui.ayarlar.TextAyarlari,checkTheTextFocusLost/1[javax.swing.JTextField],originalText,1
D:\Project\BankaUygulamasi-master\BankaUygulamasi-master\src\gui\ayarlar\TextAyarlari.java,gui.ayarlar.TextAyarlari,checkTheTextFocusLost/1[javax.swing.JTextField],originalFgColor,1
D:\Project\BankaUygulamasi-master\BankaUygulamasi-master\src\gui\ayarlar\TextAyarlari.java,gui.ayarlar.TextAyarlari,"setMaxLimit/2[javax.swing.JTextField,int]",limit,1
D:\Project\BankaUygulamasi-master\BankaUygulamasi-master\src\gui\ayarlar\TextAyarlari.java,gui.ayarlar.TextAyarlari,"checkTheTextFocusGained/2[javax.swing.JTextField,java.lang.String]",originalText,1
D:\Project\BankaUygulamasi-master\BankaUygulamasi-master\src\gui\ayarlar\TextAyarlari.java,gui.ayarlar.TextAyarlari,"checkTheTextFocusGained/2[javax.swing.JTextField,java.lang.String]",originalFgColor,1
