file,class,method,constructor,line,cbo,cboModified,fanin,fanout,wmc,rfc,loc,returnsQty,variablesQty,parametersQty,methodsInvokedQty,methodsInvokedLocalQty,methodsInvokedIndirectLocalQty,loopQty,comparisonsQty,tryCatchQty,parenthesizedExpsQty,stringLiteralsQty,numbersQty,assignmentsQty,mathOperationsQty,maxNestedBlocksQty,anonymousClassesQty,innerClassesQty,lambdasQty,uniqueWordsQty,modifiers,logStatementsQty,hasJavaDoc
D:\Project\BankaUygulamasi-master\BankaUygulamasi-master\src\gui\ayarlar\ButtonAyarlari.java,gui.ayarlar.ButtonAyarlari,"setBgFg/3[javax.swing.JButton,java.awt.Color,java.awt.Color]",false,15,0,6,6,0,1,4,6,0,0,3,4,0,0,0,0,0,0,0,0,2,0,0,0,0,0,9,9,0,false
D:\Project\BankaUygulamasi-master\BankaUygulamasi-master\src\gui\ayarlar\ButtonAyarlari.java,gui.ayarlar.ButtonAyarlari,setOriginalBgFg/1[javax.swing.JButton],false,22,0,12,12,0,1,2,4,0,0,1,2,0,0,0,0,0,0,0,0,0,0,0,0,0,0,9,9,0,false
D:\Project\BankaUygulamasi-master\BankaUygulamasi-master\src\database\transactions\KullaniciBasvuru.java,database.transactions.KullaniciBasvuru,getHesapBilgileri/0,false,96,1,0,0,0,1,0,3,0,0,0,0,0,0,0,0,0,0,1,0,0,0,0,0,0,0,7,1,0,false
D:\Project\BankaUygulamasi-master\BankaUygulamasi-master\src\database\transactions\KullaniciBasvuru.java,database.transactions.KullaniciBasvuru,setGuvenlikSorusu/1[java.lang.String],false,128,0,1,1,0,1,0,3,0,0,1,0,0,0,0,0,0,0,0,0,1,0,0,0,0,0,4,1,0,false
D:\Project\BankaUygulamasi-master\BankaUygulamasi-master\src\database\transactions\KullaniciBasvuru.java,database.transactions.KullaniciBasvuru,tcNoTablodaVarMi/0,false,34,1,1,1,0,3,6,14,2,2,0,6,0,0,1,0,1,0,2,0,3,1,2,0,0,0,25,2,0,false
D:\Project\BankaUygulamasi-master\BankaUygulamasi-master\src\database\transactions\KullaniciBasvuru.java,database.transactions.KullaniciBasvuru,bilgilerGecerliMi/0,false,83,1,2,1,1,8,1,3,1,0,0,1,0,0,0,7,0,1,0,2,0,0,0,0,0,0,4,1,0,false
D:\Project\BankaUygulamasi-master\BankaUygulamasi-master\src\database\transactions\KullaniciBasvuru.java,database.transactions.KullaniciBasvuru,getGuvenlikCevap/0,false,132,0,0,0,0,1,0,3,1,0,0,0,0,0,0,0,0,0,0,0,0,0,0,0,0,0,4,1,0,false
D:\Project\BankaUygulamasi-master\BankaUygulamasi-master\src\database\transactions\KullaniciBasvuru.java,database.transactions.KullaniciBasvuru,setSifre/1[java.lang.String],false,152,0,1,1,0,1,0,3,0,0,1,0,0,0,0,0,0,0,0,0,1,0,0,0,0,0,3,1,0,false
D:\Project\BankaUygulamasi-master\BankaUygulamasi-master\src\database\transactions\KullaniciBasvuru.java,database.transactions.KullaniciBasvuru,getTcNo/0,false,108,0,0,0,0,1,0,3,1,0,0,0,0,0,0,0,0,0,0,0,0,0,0,0,0,0,4,1,0,false
D:\Project\BankaUygulamasi-master\BankaUygulamasi-master\src\database\transactions\KullaniciBasvuru.java,database.transactions.KullaniciBasvuru,setMusteriNo/1[java.lang.String],false,144,0,1,1,0,1,0,3,0,0,1,0,0,0,0,0,0,0,0,0,1,0,0,0,0,0,4,1,0,false
D:\Project\BankaUygulamasi-master\BankaUygulamasi-master\src\database\transactions\KullaniciBasvuru.java,database.transactions.KullaniciBasvuru,basvuruOnaylandiMi/0,false,21,1,4,1,3,3,3,14,3,0,0,3,3,1,0,0,0,0,0,0,0,0,2,0,0,0,5,1,0,false
D:\Project\BankaUygulamasi-master\BankaUygulamasi-master\src\database\transactions\KullaniciBasvuru.java,database.transactions.KullaniciBasvuru,musteriNoTablodaVarMi/0,false,68,1,1,1,0,3,6,14,2,2,0,6,0,0,1,0,1,0,2,0,3,1,2,0,0,0,25,1,0,false
D:\Project\BankaUygulamasi-master\BankaUygulamasi-master\src\database\transactions\KullaniciBasvuru.java,database.transactions.KullaniciBasvuru,getMusteriNo/0,false,140,0,1,1,0,1,0,3,1,0,0,0,0,0,0,0,0,0,0,0,0,0,0,0,0,0,4,1,0,false
D:\Project\BankaUygulamasi-master\BankaUygulamasi-master\src\database\transactions\KullaniciBasvuru.java,database.transactions.KullaniciBasvuru,getGuvenlikSorusu/0,false,124,0,0,0,0,1,0,3,1,0,0,0,0,0,0,0,0,0,0,0,0,0,0,0,0,0,4,1,0,false
D:\Project\BankaUygulamasi-master\BankaUygulamasi-master\src\database\transactions\KullaniciBasvuru.java,database.transactions.KullaniciBasvuru,setGuvenlikCevap/1[java.lang.String],false,136,0,1,1,0,1,0,3,0,0,1,0,0,0,0,0,0,0,0,0,1,0,0,0,0,0,4,1,0,false
D:\Project\BankaUygulamasi-master\BankaUygulamasi-master\src\database\transactions\KullaniciBasvuru.java,database.transactions.KullaniciBasvuru,getTelNo/0,false,116,0,0,0,0,1,0,3,1,0,0,0,0,0,0,0,0,0,0,0,0,0,0,0,0,0,4,1,0,false
D:\Project\BankaUygulamasi-master\BankaUygulamasi-master\src\database\transactions\KullaniciBasvuru.java,database.transactions.KullaniciBasvuru,setTcNo/1[java.lang.String],false,112,0,1,1,0,1,0,3,0,0,1,0,0,0,0,0,0,0,0,0,1,0,0,0,0,0,4,1,0,false
D:\Project\BankaUygulamasi-master\BankaUygulamasi-master\src\database\transactions\KullaniciBasvuru.java,database.transactions.KullaniciBasvuru,getSifre/0,false,148,0,1,1,0,1,0,3,1,0,0,0,0,0,0,0,0,0,0,0,0,0,0,0,0,0,3,1,0,false
D:\Project\BankaUygulamasi-master\BankaUygulamasi-master\src\database\transactions\KullaniciBasvuru.java,database.transactions.KullaniciBasvuru,basvuruyuOnayla/0,false,48,1,1,1,0,2,5,10,0,1,0,5,0,0,0,0,1,0,18,0,2,2,1,0,0,0,17,2,0,false
D:\Project\BankaUygulamasi-master\BankaUygulamasi-master\src\database\transactions\KullaniciBasvuru.java,database.transactions.KullaniciBasvuru,setAdSoyad/1[java.lang.String],false,104,0,1,1,0,1,0,3,0,0,1,0,0,0,0,0,0,0,0,0,1,0,0,0,0,0,4,1,0,false
D:\Project\BankaUygulamasi-master\BankaUygulamasi-master\src\database\transactions\KullaniciBasvuru.java,database.transactions.KullaniciBasvuru,getAdSoyad/0,false,100,0,0,0,0,1,0,3,1,0,0,0,0,0,0,0,0,0,0,0,0,0,0,0,0,0,4,1,0,false
D:\Project\BankaUygulamasi-master\BankaUygulamasi-master\src\database\transactions\KullaniciBasvuru.java,database.transactions.KullaniciBasvuru,setTelNo/1[java.lang.String],false,120,0,1,1,0,1,0,3,0,0,1,0,0,0,0,0,0,0,0,0,1,0,0,0,0,0,4,1,0,false
D:\Project\BankaUygulamasi-master\BankaUygulamasi-master\src\gui\ayarlar\IDuzenleyici.java,gui.ayarlar.IDuzenleyici,getEdits/0,false,7,0,0,0,0,1,0,1,0,0,0,0,0,0,0,0,0,0,0,0,0,0,0,0,0,0,2,1,0,false
D:\Project\BankaUygulamasi-master\BankaUygulamasi-master\src\gui\HavaleEkrani.java,gui.HavaleEkrani,musteriNoTextFocusLost/1[java.awt.event.FocusEvent],false,247,1,2,1,1,1,1,3,0,0,1,1,0,0,0,0,0,0,0,0,0,0,0,0,0,0,6,2,0,false
D:\Project\BankaUygulamasi-master\BankaUygulamasi-master\src\gui\HavaleEkrani.java,gui.HavaleEkrani,getEdits/0,false,25,3,6,1,5,1,12,12,0,0,0,12,1,1,0,0,0,0,1,1,0,1,0,0,0,0,29,1,0,false
D:\Project\BankaUygulamasi-master\BankaUygulamasi-master\src\gui\HavaleEkrani.java,gui.HavaleEkrani,HavaleEkrani/0,true,19,1,4,2,2,1,2,4,0,0,0,2,2,2,0,0,0,0,0,0,0,0,0,0,0,0,6,1,0,false
D:\Project\BankaUygulamasi-master\BankaUygulamasi-master\src\gui\HavaleEkrani.java,gui.HavaleEkrani,havaleYap/0,false,224,5,8,1,7,2,7,11,0,0,0,7,1,1,0,0,0,0,6,0,0,3,1,0,0,0,10,2,0,false
D:\Project\BankaUygulamasi-master\BankaUygulamasi-master\src\gui\HavaleEkrani.java,gui.HavaleEkrani,initComponents/0,false,58,0,2,1,1,1,35,77,0,2,0,35,0,0,0,0,0,0,19,70,13,0,0,4,0,0,62,2,0,false
D:\Project\BankaUygulamasi-master\BankaUygulamasi-master\src\gui\HavaleEkrani.java,gui.HavaleEkrani,main/1[java.lang.String[]],false,253,1,1,0,1,7,9,28,0,0,1,9,0,0,1,0,1,0,1,0,0,0,3,1,0,0,15,9,0,false
D:\Project\BankaUygulamasi-master\BankaUygulamasi-master\src\gui\HavaleEkrani.java,gui.HavaleEkrani,bilgilerGecerliMi/0,false,39,0,1,1,0,1,2,3,1,0,0,2,0,0,0,0,0,1,1,0,0,0,0,0,0,0,3,1,0,false
D:\Project\BankaUygulamasi-master\BankaUygulamasi-master\src\gui\HavaleEkrani.java,gui.HavaleEkrani,geriIconMouseClicked/1[java.awt.event.MouseEvent],false,239,2,3,1,2,1,1,3,0,0,1,1,0,0,0,0,0,0,0,0,0,0,0,0,0,0,7,2,0,false
D:\Project\BankaUygulamasi-master\BankaUygulamasi-master\src\gui\HavaleEkrani.java,gui.HavaleEkrani,havaleButtonActionPerformed/1[java.awt.event.ActionEvent],false,216,2,4,1,3,2,3,8,0,0,1,3,2,2,0,0,0,0,0,0,0,0,1,0,0,0,5,2,0,false
D:\Project\BankaUygulamasi-master\BankaUygulamasi-master\src\gui\HavaleEkrani.java,gui.HavaleEkrani,musteriNoTextFocusGained/1[java.awt.event.FocusEvent],false,243,1,2,1,1,1,1,3,0,0,1,1,0,0,0,0,0,0,0,0,0,0,0,0,0,0,6,2,0,false
D:\Project\BankaUygulamasi-master\BankaUygulamasi-master\src\gui\HavaleEkrani.java,gui.HavaleEkrani,gonderilecekMiktarTextKeyReleased/1[java.awt.event.KeyEvent],false,212,1,2,1,1,1,1,3,0,0,1,1,0,0,0,0,0,0,0,1,1,0,0,0,0,0,6,2,0,false
D:\Project\BankaUygulamasi-master\BankaUygulamasi-master\src\gui\HavaleEkrani.java,gui.HavaleEkrani,getHesapBilgileri/0,false,45,1,2,1,1,1,1,3,1,0,0,1,0,0,0,0,0,0,0,0,0,0,0,0,0,0,3,1,0,false
D:\Project\BankaUygulamasi-master\BankaUygulamasi-master\src\gui\HavaleEkrani.java,gui.HavaleEkrani,getHavaleObject/0,false,49,1,2,1,1,2,0,6,1,0,0,0,0,0,0,1,0,0,0,0,1,0,1,0,0,0,5,1,0,false
D:\Project\BankaUygulamasi-master\BankaUygulamasi-master\src\gui\OdemelerEkrani.java,gui.OdemelerEkrani,OdemelerEkrani/0,true,19,1,4,2,2,1,2,4,0,0,0,2,2,2,0,0,0,0,0,0,0,0,0,0,0,0,6,1,0,false
D:\Project\BankaUygulamasi-master\BankaUygulamasi-master\src\gui\OdemelerEkrani.java,gui.OdemelerEkrani,setBgFg/1[java.awt.Component],false,294,1,5,4,1,1,1,3,0,0,1,1,0,0,0,0,0,0,0,0,0,0,0,0,0,0,7,2,0,false
D:\Project\BankaUygulamasi-master\BankaUygulamasi-master\src\gui\OdemelerEkrani.java,gui.OdemelerEkrani,getEdits/0,false,25,2,7,1,6,1,10,9,0,0,0,10,1,1,0,0,0,0,1,0,0,1,0,0,0,0,6,1,0,false
D:\Project\BankaUygulamasi-master\BankaUygulamasi-master\src\gui\OdemelerEkrani.java,gui.OdemelerEkrani,geriIconMouseClicked/1[java.awt.event.MouseEvent],false,287,2,3,1,2,1,1,3,0,0,1,1,0,0,0,0,0,0,0,0,0,0,0,0,0,0,7,2,0,false
D:\Project\BankaUygulamasi-master\BankaUygulamasi-master\src\gui\OdemelerEkrani.java,gui.OdemelerEkrani,elektrikOdeButtonMouseExited/1[java.awt.event.MouseEvent],false,301,1,2,1,1,1,2,3,0,0,1,2,0,0,0,0,0,0,0,0,0,0,0,0,0,0,7,2,0,false
D:\Project\BankaUygulamasi-master\BankaUygulamasi-master\src\gui\OdemelerEkrani.java,gui.OdemelerEkrani,faturaOncedenOdenmisMi/1[double],false,368,0,4,4,0,2,0,3,1,0,1,0,0,0,0,1,0,0,0,1,0,0,0,0,0,0,6,2,0,false
D:\Project\BankaUygulamasi-master\BankaUygulamasi-master\src\gui\OdemelerEkrani.java,gui.OdemelerEkrani,dogalgazOdeButtonMouseEntered/1[java.awt.event.MouseEvent],false,313,1,2,1,1,1,2,3,0,0,1,2,1,1,0,0,0,0,0,0,0,0,0,0,0,0,6,2,0,false
D:\Project\BankaUygulamasi-master\BankaUygulamasi-master\src\gui\OdemelerEkrani.java,gui.OdemelerEkrani,initComponents/0,false,54,0,2,1,1,1,32,148,0,2,0,32,0,0,0,0,0,0,29,113,17,0,0,9,0,0,51,2,0,false
D:\Project\BankaUygulamasi-master\BankaUygulamasi-master\src\gui\OdemelerEkrani.java,gui.OdemelerEkrani,internetOdeButtonMouseEntered/1[java.awt.event.MouseEvent],false,321,1,2,1,1,1,2,3,0,0,1,2,1,1,0,0,0,0,0,0,0,0,0,0,0,0,6,2,0,false
D:\Project\BankaUygulamasi-master\BankaUygulamasi-master\src\gui\OdemelerEkrani.java,gui.OdemelerEkrani,internetOdeButtonMouseExited/1[java.awt.event.MouseEvent],false,325,1,2,1,1,1,2,3,0,0,1,2,0,0,0,0,0,0,0,0,0,0,0,0,0,0,7,2,0,false
D:\Project\BankaUygulamasi-master\BankaUygulamasi-master\src\gui\OdemelerEkrani.java,gui.OdemelerEkrani,suOdeButtonMouseExited/1[java.awt.event.MouseEvent],false,309,1,2,1,1,1,2,3,0,0,1,2,0,0,0,0,0,0,0,0,0,0,0,0,0,0,7,2,0,false
D:\Project\BankaUygulamasi-master\BankaUygulamasi-master\src\gui\OdemelerEkrani.java,gui.OdemelerEkrani,suOdeButtonActionPerformed/1[java.awt.event.ActionEvent],false,341,2,4,1,3,2,5,9,0,1,1,5,2,2,0,0,0,0,2,0,1,0,1,0,0,0,8,2,0,false
D:\Project\BankaUygulamasi-master\BankaUygulamasi-master\src\gui\OdemelerEkrani.java,gui.OdemelerEkrani,main/1[java.lang.String[]],false,384,1,1,0,1,7,9,28,0,0,1,9,0,0,1,0,1,0,1,0,0,0,3,1,0,0,15,9,0,false
D:\Project\BankaUygulamasi-master\BankaUygulamasi-master\src\gui\OdemelerEkrani.java,gui.OdemelerEkrani,bilgilerGecerliMi/0,false,36,0,0,0,0,1,0,3,0,0,0,0,0,0,0,0,0,0,1,0,0,0,0,0,0,0,7,1,0,false
D:\Project\BankaUygulamasi-master\BankaUygulamasi-master\src\gui\OdemelerEkrani.java,gui.OdemelerEkrani,"faturayiOde/2[java.lang.String,double]",false,372,5,11,4,7,2,6,11,0,0,2,6,1,1,0,0,0,0,2,0,0,0,1,0,0,0,11,2,0,false
D:\Project\BankaUygulamasi-master\BankaUygulamasi-master\src\gui\OdemelerEkrani.java,gui.OdemelerEkrani,suOdeButtonMouseEntered/1[java.awt.event.MouseEvent],false,305,1,2,1,1,1,2,3,0,0,1,2,1,1,0,0,0,0,0,0,0,0,0,0,0,0,6,2,0,false
D:\Project\BankaUygulamasi-master\BankaUygulamasi-master\src\gui\OdemelerEkrani.java,gui.OdemelerEkrani,elektrikOdeButtonActionPerformed/1[java.awt.event.ActionEvent],false,332,2,4,1,3,2,5,9,0,1,1,5,2,2,0,0,0,0,2,0,1,0,1,0,0,0,8,2,0,false
D:\Project\BankaUygulamasi-master\BankaUygulamasi-master\src\gui\OdemelerEkrani.java,gui.OdemelerEkrani,getHesapBilgileri/0,false,41,1,2,1,1,1,1,3,1,0,0,1,0,0,0,0,0,0,0,0,0,0,0,0,0,0,3,1,0,false
D:\Project\BankaUygulamasi-master\BankaUygulamasi-master\src\gui\OdemelerEkrani.java,gui.OdemelerEkrani,getFaturaOdemeleriObject/0,false,45,1,2,1,1,2,0,6,1,0,0,0,0,0,0,1,0,0,0,0,1,0,1,0,0,0,6,1,0,false
D:\Project\BankaUygulamasi-master\BankaUygulamasi-master\src\gui\OdemelerEkrani.java,gui.OdemelerEkrani,elektrikOdeButtonMouseEntered/1[java.awt.event.MouseEvent],false,297,1,2,1,1,1,2,3,0,0,1,2,1,1,0,0,0,0,0,0,0,0,0,0,0,0,6,2,0,false
D:\Project\BankaUygulamasi-master\BankaUygulamasi-master\src\gui\OdemelerEkrani.java,gui.OdemelerEkrani,internetOdeButtonActionPerformed/1[java.awt.event.ActionEvent],false,359,2,4,1,3,2,5,9,0,1,1,5,2,2,0,0,0,0,2,0,1,0,1,0,0,0,8,2,0,false
D:\Project\BankaUygulamasi-master\BankaUygulamasi-master\src\gui\OdemelerEkrani.java,gui.OdemelerEkrani,dogalgazOdeButtonMouseExited/1[java.awt.event.MouseEvent],false,317,1,2,1,1,1,2,3,0,0,1,2,0,0,0,0,0,0,0,0,0,0,0,0,0,0,7,2,0,false
D:\Project\BankaUygulamasi-master\BankaUygulamasi-master\src\gui\OdemelerEkrani.java,gui.OdemelerEkrani,dogalgazOdeButtonActionPerformed/1[java.awt.event.ActionEvent],false,350,2,4,1,3,2,5,9,0,1,1,5,2,2,0,0,0,0,2,0,1,0,1,0,0,0,8,2,0,false
D:\Project\BankaUygulamasi-master\BankaUygulamasi-master\src\gui\ayarlar\Dialogs.java,gui.ayarlar.Dialogs,"onayMesajiGoster/2[javax.swing.JFrame,java.lang.String]",false,18,0,1,1,0,2,1,8,2,2,2,1,0,0,0,1,0,0,1,2,2,0,1,0,0,0,9,9,0,false
D:\Project\BankaUygulamasi-master\BankaUygulamasi-master\src\gui\ayarlar\Dialogs.java,gui.ayarlar.Dialogs,bosOlamazMesajiGoster/1[javax.swing.JFrame],false,10,0,7,7,0,1,1,3,0,0,1,1,0,0,0,0,0,0,1,0,0,0,0,0,0,0,9,9,0,false
D:\Project\BankaUygulamasi-master\BankaUygulamasi-master\src\gui\ayarlar\Dialogs.java,gui.ayarlar.Dialogs,"ozelMesajGoster/2[javax.swing.JFrame,java.lang.String]",false,14,0,13,13,0,1,1,3,0,0,2,1,0,0,0,0,0,0,0,0,0,0,0,0,0,0,6,9,0,false
D:\Project\BankaUygulamasi-master\BankaUygulamasi-master\src\gui\OdemelerEkrani.java,gui.OdemelerEkrani$Anonymous9,actionPerformed/1[java.awt.event.ActionEvent],false,188,1,15,0,15,1,1,3,0,0,1,1,0,0,0,0,0,0,0,0,0,0,0,0,0,0,7,1,0,false
D:\Project\BankaUygulamasi-master\BankaUygulamasi-master\src\gui\OdemelerEkrani.java,gui.OdemelerEkrani$Anonymous5,actionPerformed/1[java.awt.event.ActionEvent],false,139,1,15,0,15,1,1,3,0,0,1,1,0,0,0,0,0,0,0,0,0,0,0,0,0,0,7,1,0,false
D:\Project\BankaUygulamasi-master\BankaUygulamasi-master\src\gui\BasvuruEkrani.java,gui.BasvuruEkrani,getEdits/0,false,23,1,4,1,3,1,7,11,0,0,0,7,0,0,0,0,0,0,0,2,0,0,0,0,0,0,23,1,0,false
D:\Project\BankaUygulamasi-master\BankaUygulamasi-master\src\gui\BasvuruEkrani.java,gui.BasvuruEkrani,randomMusteriNoAl/0,false,282,2,3,1,2,2,4,8,1,1,0,4,1,1,1,0,0,1,0,2,1,2,1,0,0,0,5,2,0,false
D:\Project\BankaUygulamasi-master\BankaUygulamasi-master\src\gui\BasvuruEkrani.java,gui.BasvuruEkrani,basvurButtonMouseExited/1[java.awt.event.MouseEvent],false,241,1,2,1,1,1,1,3,0,0,1,1,0,0,0,0,0,0,0,0,0,0,0,0,0,0,5,2,0,false
D:\Project\BankaUygulamasi-master\BankaUygulamasi-master\src\gui\BasvuruEkrani.java,gui.BasvuruEkrani,basvuruyuGerceklestir/0,false,255,5,17,1,16,2,19,16,0,0,0,19,3,2,0,0,0,0,5,0,0,3,1,0,0,0,8,2,0,false
D:\Project\BankaUygulamasi-master\BankaUygulamasi-master\src\gui\BasvuruEkrani.java,gui.BasvuruEkrani,initComponents/0,false,54,0,2,1,1,1,32,87,0,2,0,32,0,0,0,0,0,0,29,86,17,0,0,3,0,0,51,2,0,false
D:\Project\BankaUygulamasi-master\BankaUygulamasi-master\src\gui\BasvuruEkrani.java,gui.BasvuruEkrani,bilgilerGecerliMi/0,false,43,1,2,1,1,1,1,3,1,0,0,1,0,0,0,0,0,0,0,0,0,0,0,0,0,0,6,1,0,false
D:\Project\BankaUygulamasi-master\BankaUygulamasi-master\src\gui\BasvuruEkrani.java,gui.BasvuruEkrani,basvurButtonActionPerformed/1[java.awt.event.ActionEvent],false,246,2,4,1,3,2,3,8,0,0,1,3,2,3,0,0,0,0,0,0,0,0,1,0,0,0,5,2,0,false
D:\Project\BankaUygulamasi-master\BankaUygulamasi-master\src\gui\BasvuruEkrani.java,gui.BasvuruEkrani,randomSifreAl/0,false,290,0,1,1,0,1,2,5,1,1,0,2,0,0,0,0,0,1,0,2,1,2,0,0,0,0,4,2,0,false
D:\Project\BankaUygulamasi-master\BankaUygulamasi-master\src\gui\BasvuruEkrani.java,gui.BasvuruEkrani,main/1[java.lang.String[]],false,300,1,1,0,1,7,9,28,0,0,1,9,0,0,1,0,1,0,1,0,0,0,3,1,0,0,15,9,0,false
D:\Project\BankaUygulamasi-master\BankaUygulamasi-master\src\gui\BasvuruEkrani.java,gui.BasvuruEkrani,getKullaniciBasvuruObject/0,false,35,1,3,2,1,2,0,6,1,0,0,0,0,0,0,1,0,0,0,0,1,0,1,0,0,0,6,1,0,false
D:\Project\BankaUygulamasi-master\BankaUygulamasi-master\src\gui\BasvuruEkrani.java,gui.BasvuruEkrani,basvurButtonMouseEntered/1[java.awt.event.MouseEvent],false,237,1,2,1,1,1,1,3,0,0,1,1,0,0,0,0,0,0,0,0,0,0,0,0,0,0,5,2,0,false
D:\Project\BankaUygulamasi-master\BankaUygulamasi-master\src\gui\BasvuruEkrani.java,gui.BasvuruEkrani,BasvuruEkrani/0,true,17,1,4,2,2,1,2,4,0,0,0,2,2,1,0,0,0,0,0,0,0,0,0,0,0,0,6,1,0,false
D:\Project\BankaUygulamasi-master\BankaUygulamasi-master\src\gui\BasvuruEkrani.java,gui.BasvuruEkrani,getHesapBilgileri/0,false,48,1,1,0,1,1,1,3,1,0,0,1,0,0,0,0,0,0,0,0,0,0,0,0,0,0,3,1,0,false
D:\Project\BankaUygulamasi-master\BankaUygulamasi-master\src\gui\BasvuruEkrani.java,gui.BasvuruEkrani,geriIconMouseClicked/1[java.awt.event.MouseEvent],false,296,2,3,1,2,1,1,3,0,0,1,1,0,0,0,0,0,0,0,0,0,0,0,0,0,0,7,2,0,false
D:\Project\BankaUygulamasi-master\BankaUygulamasi-master\src\gui\OdemelerEkrani.java,gui.OdemelerEkrani$Anonymous6,mouseExited/1[java.awt.event.MouseEvent],false,152,1,12,0,12,1,1,3,0,0,1,1,0,0,0,0,0,0,0,0,0,0,0,0,0,0,7,1,0,false
D:\Project\BankaUygulamasi-master\BankaUygulamasi-master\src\gui\OdemelerEkrani.java,gui.OdemelerEkrani$Anonymous6,mouseEntered/1[java.awt.event.MouseEvent],false,149,1,12,0,12,1,1,3,0,0,1,1,0,0,0,0,0,0,0,0,0,0,0,0,0,0,7,1,0,false
D:\Project\BankaUygulamasi-master\BankaUygulamasi-master\src\gui\AyarlarEkrani.java,gui.AyarlarEkrani$Anonymous1,mouseClicked/1[java.awt.event.MouseEvent],false,77,1,12,0,12,1,1,3,0,0,1,1,0,0,0,0,0,0,0,0,0,0,0,0,0,0,6,1,0,false
D:\Project\BankaUygulamasi-master\BankaUygulamasi-master\src\gui\OdemelerEkrani.java,gui.OdemelerEkrani$Anonymous7,actionPerformed/1[java.awt.event.ActionEvent],false,157,1,15,0,15,1,1,3,0,0,1,1,0,0,0,0,0,0,0,0,0,0,0,0,0,0,7,1,0,false
D:\Project\BankaUygulamasi-master\BankaUygulamasi-master\src\gui\OdemelerEkrani.java,gui.OdemelerEkrani$Anonymous8,mouseEntered/1[java.awt.event.MouseEvent],false,180,1,12,0,12,1,1,3,0,0,1,1,0,0,0,0,0,0,0,0,0,0,0,0,0,0,7,1,0,false
D:\Project\BankaUygulamasi-master\BankaUygulamasi-master\src\gui\OdemelerEkrani.java,gui.OdemelerEkrani$Anonymous8,mouseExited/1[java.awt.event.MouseEvent],false,183,1,12,0,12,1,1,3,0,0,1,1,0,0,0,0,0,0,0,0,0,0,0,0,0,0,7,1,0,false
D:\Project\BankaUygulamasi-master\BankaUygulamasi-master\src\gui\AyarlarEkrani.java,gui.AyarlarEkrani$Anonymous3,mouseClicked/1[java.awt.event.MouseEvent],false,113,1,12,0,12,1,1,3,0,0,1,1,0,0,0,0,0,0,0,0,0,0,0,0,0,0,7,1,0,false
D:\Project\BankaUygulamasi-master\BankaUygulamasi-master\src\gui\OdemelerEkrani.java,gui.OdemelerEkrani$Anonymous1,mouseClicked/1[java.awt.event.MouseEvent],false,85,1,12,0,12,1,1,3,0,0,1,1,0,0,0,0,0,0,0,0,0,0,0,0,0,0,6,1,0,false
D:\Project\BankaUygulamasi-master\BankaUygulamasi-master\src\gui\SifreYenilemeEkrani.java,gui.SifreYenilemeEkrani$Anonymous3,actionPerformed/1[java.awt.event.ActionEvent],false,141,1,15,0,15,1,1,3,0,0,1,1,0,0,0,0,0,0,0,0,0,0,0,0,0,0,7,1,0,false
D:\Project\BankaUygulamasi-master\BankaUygulamasi-master\src\gui\AyarlarEkrani.java,gui.AyarlarEkrani$Anonymous2,mouseClicked/1[java.awt.event.MouseEvent],false,97,1,12,0,12,1,1,3,0,0,1,1,0,0,0,0,0,0,0,0,0,0,0,0,0,0,8,1,0,false
D:\Project\BankaUygulamasi-master\BankaUygulamasi-master\src\gui\HesapEkrani.java,gui.HesapEkrani,getEdits/0,false,23,2,4,1,3,1,9,8,0,0,0,9,1,1,0,0,0,0,0,0,0,0,0,0,0,0,19,1,0,false
D:\Project\BankaUygulamasi-master\BankaUygulamasi-master\src\gui\HesapEkrani.java,gui.HesapEkrani,odemelerButtonMouseExited/1[java.awt.event.MouseEvent],false,311,2,3,1,2,1,3,4,0,0,1,3,0,0,0,0,0,0,0,0,0,0,0,0,0,0,7,2,0,false
D:\Project\BankaUygulamasi-master\BankaUygulamasi-master\src\gui\HesapEkrani.java,gui.HesapEkrani,paraCekButtonMouseEntered/1[java.awt.event.MouseEvent],false,276,2,3,1,2,1,3,4,0,0,1,3,1,1,0,0,0,0,1,0,0,0,0,0,0,0,6,2,0,false
D:\Project\BankaUygulamasi-master\BankaUygulamasi-master\src\gui\HesapEkrani.java,gui.HesapEkrani,cikisYap/0,false,343,4,5,1,4,1,3,4,0,0,0,3,1,1,0,0,0,0,0,0,0,0,0,0,0,0,7,2,0,false
D:\Project\BankaUygulamasi-master\BankaUygulamasi-master\src\gui\HesapEkrani.java,gui.HesapEkrani,paraYatirButtonMouseEntered/1[java.awt.event.MouseEvent],false,286,2,3,1,2,1,3,4,0,0,1,3,1,1,0,0,0,0,1,0,0,0,0,0,0,0,6,2,0,false
D:\Project\BankaUygulamasi-master\BankaUygulamasi-master\src\gui\HesapEkrani.java,gui.HesapEkrani,paraCekButtonActionPerformed/1[java.awt.event.ActionEvent],false,319,2,3,1,2,1,1,3,0,0,1,1,0,0,0,0,0,0,0,0,0,0,0,0,0,0,9,2,0,false
D:\Project\BankaUygulamasi-master\BankaUygulamasi-master\src\gui\HesapEkrani.java,gui.HesapEkrani,settingsIconMouseClicked/1[java.awt.event.MouseEvent],false,349,2,3,1,2,1,1,3,0,0,1,1,0,0,0,0,0,0,0,0,0,0,0,0,0,0,7,2,0,false
D:\Project\BankaUygulamasi-master\BankaUygulamasi-master\src\gui\HesapEkrani.java,gui.HesapEkrani,getHesapBilgileri/0,false,38,1,3,2,1,1,1,3,1,0,0,1,0,0,0,0,0,0,0,0,0,0,0,0,0,0,3,1,0,false
D:\Project\BankaUygulamasi-master\BankaUygulamasi-master\src\gui\HesapEkrani.java,gui.HesapEkrani,havaleButtonActionPerformed/1[java.awt.event.ActionEvent],false,327,2,3,1,2,1,1,3,0,0,1,1,0,0,0,0,0,0,0,0,0,0,0,0,0,0,7,2,0,false
D:\Project\BankaUygulamasi-master\BankaUygulamasi-master\src\gui\HesapEkrani.java,gui.HesapEkrani,logoutIconMouseClicked/1[java.awt.event.MouseEvent],false,335,2,3,1,2,2,2,6,0,1,1,2,1,2,0,1,0,0,2,1,1,1,1,0,0,0,6,2,0,false
D:\Project\BankaUygulamasi-master\BankaUygulamasi-master\src\gui\HesapEkrani.java,gui.HesapEkrani,paraYatirButtonMouseExited/1[java.awt.event.MouseEvent],false,291,2,3,1,2,1,3,4,0,0,1,3,0,0,0,0,0,0,0,0,0,0,0,0,0,0,8,2,0,false
D:\Project\BankaUygulamasi-master\BankaUygulamasi-master\src\gui\HesapEkrani.java,gui.HesapEkrani,main/1[java.lang.String[]],false,353,1,1,0,1,7,9,28,0,0,1,9,0,0,1,0,1,0,1,0,0,0,3,1,0,0,15,9,0,false
D:\Project\BankaUygulamasi-master\BankaUygulamasi-master\src\gui\HesapEkrani.java,gui.HesapEkrani,odemelerButtonMouseEntered/1[java.awt.event.MouseEvent],false,306,2,3,1,2,1,3,4,0,0,1,3,1,1,0,0,0,0,1,0,0,0,0,0,0,0,5,2,0,false
D:\Project\BankaUygulamasi-master\BankaUygulamasi-master\src\gui\HesapEkrani.java,gui.HesapEkrani,bilgilerGecerliMi/0,false,33,0,0,0,0,1,0,3,0,0,0,0,0,0,0,0,0,0,1,0,0,0,0,0,0,0,7,1,0,false
D:\Project\BankaUygulamasi-master\BankaUygulamasi-master\src\gui\HesapEkrani.java,gui.HesapEkrani,HesapEkrani/0,true,16,1,14,12,2,1,2,4,0,0,0,2,2,2,0,0,0,0,0,0,0,0,0,0,0,0,6,1,0,false
D:\Project\BankaUygulamasi-master\BankaUygulamasi-master\src\gui\HesapEkrani.java,gui.HesapEkrani,setBgFg/1[java.awt.Component],false,273,1,5,4,1,1,1,3,0,0,1,1,0,0,0,0,0,0,0,0,0,0,0,0,0,0,7,2,0,false
D:\Project\BankaUygulamasi-master\BankaUygulamasi-master\src\gui\HesapEkrani.java,gui.HesapEkrani,paraCekButtonMouseExited/1[java.awt.event.MouseEvent],false,281,2,3,1,2,1,3,4,0,0,1,3,0,0,0,0,0,0,0,0,0,0,0,0,0,0,8,2,0,false
D:\Project\BankaUygulamasi-master\BankaUygulamasi-master\src\gui\HesapEkrani.java,gui.HesapEkrani,havaleButtonMouseExited/1[java.awt.event.MouseEvent],false,301,2,3,1,2,1,3,4,0,0,1,3,0,0,0,0,0,0,0,0,0,0,0,0,0,0,7,2,0,false
D:\Project\BankaUygulamasi-master\BankaUygulamasi-master\src\gui\HesapEkrani.java,gui.HesapEkrani,havaleButtonMouseEntered/1[java.awt.event.MouseEvent],false,296,2,3,1,2,1,3,4,0,0,1,3,1,1,0,0,0,0,1,0,0,0,0,0,0,0,5,2,0,false
D:\Project\BankaUygulamasi-master\BankaUygulamasi-master\src\gui\HesapEkrani.java,gui.HesapEkrani,paraYatirButtonActionPerformed/1[java.awt.event.ActionEvent],false,323,2,3,1,2,1,1,3,0,0,1,1,0,0,0,0,0,0,0,0,0,0,0,0,0,0,9,2,0,false
D:\Project\BankaUygulamasi-master\BankaUygulamasi-master\src\gui\HesapEkrani.java,gui.HesapEkrani,odemelerButtonActionPerformed/1[java.awt.event.ActionEvent],false,331,2,3,1,2,1,1,3,0,0,1,1,0,0,0,0,0,0,0,0,0,0,0,0,0,0,7,2,0,false
D:\Project\BankaUygulamasi-master\BankaUygulamasi-master\src\gui\HesapEkrani.java,gui.HesapEkrani,initComponents/0,false,44,0,2,1,1,1,29,136,0,2,0,29,0,0,0,0,0,0,23,112,17,0,0,10,0,0,51,2,0,false
D:\Project\BankaUygulamasi-master\BankaUygulamasi-master\src\gui\OdemelerEkrani.java,gui.OdemelerEkrani$Anonymous2,mouseExited/1[java.awt.event.MouseEvent],false,107,1,12,0,12,1,1,3,0,0,1,1,0,0,0,0,0,0,0,0,0,0,0,0,0,0,7,1,0,false
D:\Project\BankaUygulamasi-master\BankaUygulamasi-master\src\gui\OdemelerEkrani.java,gui.OdemelerEkrani$Anonymous2,mouseEntered/1[java.awt.event.MouseEvent],false,104,1,12,0,12,1,1,3,0,0,1,1,0,0,0,0,0,0,0,0,0,0,0,0,0,0,7,1,0,false
D:\Project\BankaUygulamasi-master\BankaUygulamasi-master\src\gui\SifreYenilemeEkrani.java,gui.SifreYenilemeEkrani$Anonymous4,run/0,false,322,1,9,0,9,1,1,3,0,0,0,1,0,0,0,0,0,0,0,0,0,0,0,0,0,0,5,1,0,false
D:\Project\BankaUygulamasi-master\BankaUygulamasi-master\src\gui\OdemelerEkrani.java,gui.OdemelerEkrani$Anonymous3,actionPerformed/1[java.awt.event.ActionEvent],false,112,1,15,0,15,1,1,3,0,0,1,1,0,0,0,0,0,0,0,0,0,0,0,0,0,0,7,1,0,false
D:\Project\BankaUygulamasi-master\BankaUygulamasi-master\src\gui\SifreYenilemeEkrani.java,gui.SifreYenilemeEkrani$Anonymous1,mouseClicked/1[java.awt.event.MouseEvent],false,95,1,12,0,12,1,1,3,0,0,1,1,0,0,0,0,0,0,0,0,0,0,0,0,0,0,6,1,0,false
D:\Project\BankaUygulamasi-master\BankaUygulamasi-master\src\gui\AyarlarEkrani.java,gui.AyarlarEkrani$Anonymous4,run/0,false,242,1,9,0,9,1,1,3,0,0,0,1,0,0,0,0,0,0,0,0,0,0,0,0,0,0,4,1,0,false
D:\Project\BankaUygulamasi-master\BankaUygulamasi-master\src\gui\OdemelerEkrani.java,gui.OdemelerEkrani$Anonymous4,mouseEntered/1[java.awt.event.MouseEvent],false,131,1,12,0,12,1,1,3,0,0,1,1,0,0,0,0,0,0,0,0,0,0,0,0,0,0,7,1,0,false
D:\Project\BankaUygulamasi-master\BankaUygulamasi-master\src\gui\OdemelerEkrani.java,gui.OdemelerEkrani$Anonymous4,mouseExited/1[java.awt.event.MouseEvent],false,134,1,12,0,12,1,1,3,0,0,1,1,0,0,0,0,0,0,0,0,0,0,0,0,0,0,7,1,0,false
D:\Project\BankaUygulamasi-master\BankaUygulamasi-master\src\gui\SifreYenilemeEkrani.java,gui.SifreYenilemeEkrani$Anonymous2,mouseExited/1[java.awt.event.MouseEvent],false,136,1,12,0,12,1,1,3,0,0,1,1,0,0,0,0,0,0,0,0,0,0,0,0,0,0,7,1,0,false
D:\Project\BankaUygulamasi-master\BankaUygulamasi-master\src\gui\SifreYenilemeEkrani.java,gui.SifreYenilemeEkrani$Anonymous2,mouseEntered/1[java.awt.event.MouseEvent],false,133,1,12,0,12,1,1,3,0,0,1,1,0,0,0,0,0,0,0,0,0,0,0,0,0,0,7,1,0,false
D:\Project\BankaUygulamasi-master\BankaUygulamasi-master\src\gui\ParaYatirmaEkrani.java,gui.ParaYatirmaEkrani$Anonymous4,run/0,false,242,1,9,0,9,1,1,3,0,0,0,1,0,0,0,0,0,0,0,0,0,0,0,0,0,0,5,1,0,false
D:\Project\BankaUygulamasi-master\BankaUygulamasi-master\src\gui\ParaYatirmaEkrani.java,gui.ParaYatirmaEkrani$Anonymous3,mouseClicked/1[java.awt.event.MouseEvent],false,109,1,12,0,12,1,1,3,0,0,1,1,0,0,0,0,0,0,0,0,0,0,0,0,0,0,6,1,0,false
D:\Project\BankaUygulamasi-master\BankaUygulamasi-master\src\gui\ParaCekmeEkrani.java,gui.ParaCekmeEkrani,getParaCekmeObject/0,false,45,1,2,1,1,2,0,6,1,0,0,0,0,0,0,1,0,0,0,0,1,0,1,0,0,0,6,1,0,false
D:\Project\BankaUygulamasi-master\BankaUygulamasi-master\src\gui\ParaCekmeEkrani.java,gui.ParaCekmeEkrani,paraCekButtonActionPerformed/1[java.awt.event.ActionEvent],false,192,2,4,1,3,2,3,8,0,0,1,3,2,2,0,0,0,0,0,0,0,0,1,0,0,0,6,2,0,false
D:\Project\BankaUygulamasi-master\BankaUygulamasi-master\src\gui\ParaCekmeEkrani.java,gui.ParaCekmeEkrani,getEdits/0,false,24,3,6,1,5,1,11,10,0,0,0,11,1,1,0,0,0,0,1,1,0,1,0,0,0,0,20,1,0,false
D:\Project\BankaUygulamasi-master\BankaUygulamasi-master\src\gui\ParaCekmeEkrani.java,gui.ParaCekmeEkrani,geriIconMouseClicked/1[java.awt.event.MouseEvent],false,188,2,3,1,2,1,1,3,0,0,1,1,0,0,0,0,0,0,0,0,0,0,0,0,0,0,7,2,0,false
D:\Project\BankaUygulamasi-master\BankaUygulamasi-master\src\gui\ParaCekmeEkrani.java,gui.ParaCekmeEkrani,bilgilerGecerliMi/0,false,36,0,1,1,0,1,2,3,1,0,0,2,0,0,0,0,0,1,1,0,0,0,0,0,0,0,3,1,0,false
D:\Project\BankaUygulamasi-master\BankaUygulamasi-master\src\gui\ParaCekmeEkrani.java,gui.ParaCekmeEkrani,main/1[java.lang.String[]],false,212,1,1,0,1,7,9,28,0,0,1,9,0,0,1,0,1,0,1,0,0,0,3,1,0,0,16,9,0,false
D:\Project\BankaUygulamasi-master\BankaUygulamasi-master\src\gui\ParaCekmeEkrani.java,gui.ParaCekmeEkrani,paraCek/0,false,200,5,7,1,6,2,5,10,0,0,0,5,1,1,0,0,0,0,4,0,0,2,1,0,0,0,11,2,0,false
D:\Project\BankaUygulamasi-master\BankaUygulamasi-master\src\gui\ParaCekmeEkrani.java,gui.ParaCekmeEkrani,initComponents/0,false,54,0,2,1,1,1,35,61,0,2,0,35,0,0,0,0,0,0,15,57,11,0,0,3,0,0,56,2,0,false
D:\Project\BankaUygulamasi-master\BankaUygulamasi-master\src\gui\ParaCekmeEkrani.java,gui.ParaCekmeEkrani,getHesapBilgileri/0,false,41,1,2,1,1,1,1,3,1,0,0,1,0,0,0,0,0,0,0,0,0,0,0,0,0,0,3,1,0,false
D:\Project\BankaUygulamasi-master\BankaUygulamasi-master\src\gui\ParaCekmeEkrani.java,gui.ParaCekmeEkrani,cekilecekMiktarTextKeyReleased/1[java.awt.event.KeyEvent],false,184,1,2,1,1,1,1,3,0,0,1,1,0,0,0,0,0,0,0,1,1,0,0,0,0,0,6,2,0,false
D:\Project\BankaUygulamasi-master\BankaUygulamasi-master\src\gui\ParaCekmeEkrani.java,gui.ParaCekmeEkrani,ParaCekmeEkrani/0,true,18,1,4,2,2,1,2,4,0,0,0,2,2,2,0,0,0,0,0,0,0,0,0,0,0,0,7,1,0,false
D:\Project\BankaUygulamasi-master\BankaUygulamasi-master\src\gui\OdemelerEkrani.java,gui.OdemelerEkrani$Anonymous10,run/0,false,410,1,9,0,9,1,1,3,0,0,0,1,0,0,0,0,0,0,0,0,0,0,0,0,0,0,4,1,0,false
D:\Project\BankaUygulamasi-master\BankaUygulamasi-master\src\gui\ParaYatirmaEkrani.java,gui.ParaYatirmaEkrani$Anonymous2,actionPerformed/1[java.awt.event.ActionEvent],false,101,1,15,0,15,1,1,3,0,0,1,1,0,0,0,0,0,0,0,0,0,0,0,0,0,0,7,1,0,false
D:\Project\BankaUygulamasi-master\BankaUygulamasi-master\src\database\transactions\FaturaOdemeleri.java,database.transactions.FaturaOdemeleri,getFaturaTutari/0,false,86,0,0,0,0,1,0,3,1,0,0,0,0,0,0,0,0,0,0,0,0,0,0,0,0,0,4,1,0,false
D:\Project\BankaUygulamasi-master\BankaUygulamasi-master\src\database\transactions\FaturaOdemeleri.java,database.transactions.FaturaOdemeleri,faturayiSifirla/0,false,59,2,7,1,6,6,6,18,0,0,0,6,2,2,0,0,0,0,4,4,0,0,2,0,0,0,8,2,0,false
D:\Project\BankaUygulamasi-master\BankaUygulamasi-master\src\database\transactions\FaturaOdemeleri.java,database.transactions.FaturaOdemeleri,getFaturaIsmi/0,false,78,0,0,0,0,1,0,3,1,0,0,0,0,0,0,0,0,0,0,0,0,0,0,0,0,0,4,1,0,false
D:\Project\BankaUygulamasi-master\BankaUygulamasi-master\src\database\transactions\FaturaOdemeleri.java,database.transactions.FaturaOdemeleri,setFaturaTutari/1[double],false,90,0,1,1,0,1,0,3,0,0,1,0,0,0,0,0,0,0,0,0,1,0,0,0,0,0,4,1,0,false
D:\Project\BankaUygulamasi-master\BankaUygulamasi-master\src\database\transactions\FaturaOdemeleri.java,database.transactions.FaturaOdemeleri,bakiyeAzalt/0,false,45,2,5,1,4,2,9,11,0,1,0,9,1,1,0,0,1,0,5,0,2,3,1,0,0,0,17,2,0,false
D:\Project\BankaUygulamasi-master\BankaUygulamasi-master\src\database\transactions\FaturaOdemeleri.java,database.transactions.FaturaOdemeleri,bilgilerGecerliMi/0,false,34,2,4,2,2,4,2,3,1,0,0,2,1,1,0,2,0,1,0,1,0,0,0,0,0,0,7,1,0,false
D:\Project\BankaUygulamasi-master\BankaUygulamasi-master\src\database\transactions\FaturaOdemeleri.java,database.transactions.FaturaOdemeleri,faturaOdendiMi/0,false,14,2,6,1,5,3,10,18,2,1,0,10,4,4,0,0,1,0,5,0,2,2,2,0,0,0,19,1,0,false
D:\Project\BankaUygulamasi-master\BankaUygulamasi-master\src\database\transactions\FaturaOdemeleri.java,database.transactions.FaturaOdemeleri,getHesapBilgileri/0,false,41,1,5,4,1,1,1,3,1,0,0,1,0,0,0,0,0,0,0,0,0,0,0,0,0,0,3,1,0,false
D:\Project\BankaUygulamasi-master\BankaUygulamasi-master\src\database\transactions\FaturaOdemeleri.java,database.transactions.FaturaOdemeleri,setFaturaIsmi/1[java.lang.String],false,82,0,1,1,0,1,0,3,0,0,1,0,0,0,0,0,0,0,0,0,1,0,0,0,0,0,4,1,0,false
D:\Project\BankaUygulamasi-master\BankaUygulamasi-master\src\gui\ParaYatirmaEkrani.java,gui.ParaYatirmaEkrani$Anonymous1,keyReleased/1[java.awt.event.KeyEvent],false,92,1,3,0,3,1,1,3,0,0,1,1,0,0,0,0,0,0,0,0,0,0,0,0,0,0,7,1,0,false
D:\Project\BankaUygulamasi-master\BankaUygulamasi-master\src\database\transactions\TelNoYenileme.java,database.transactions.TelNoYenileme,bilgilerGecerliMi/0,false,35,1,2,1,1,2,1,3,1,0,0,1,0,0,0,1,0,1,0,1,0,0,0,0,0,0,4,1,0,false
D:\Project\BankaUygulamasi-master\BankaUygulamasi-master\src\database\transactions\TelNoYenileme.java,database.transactions.TelNoYenileme,getTelNo/0,false,45,0,0,0,0,1,0,3,1,0,0,0,0,0,0,0,0,0,0,0,0,0,0,0,0,0,4,1,0,false
D:\Project\BankaUygulamasi-master\BankaUygulamasi-master\src\database\transactions\TelNoYenileme.java,database.transactions.TelNoYenileme,setTelNo/1[java.lang.String],false,49,0,1,1,0,1,0,3,0,0,1,0,0,0,0,0,0,0,0,0,1,0,0,0,0,0,4,1,0,false
D:\Project\BankaUygulamasi-master\BankaUygulamasi-master\src\database\transactions\TelNoYenileme.java,database.transactions.TelNoYenileme,getHesapBilgileri/0,false,41,1,2,1,1,1,1,3,1,0,0,1,0,0,0,0,0,0,0,0,0,0,0,0,0,0,3,1,0,false
D:\Project\BankaUygulamasi-master\BankaUygulamasi-master\src\database\transactions\TelNoYenileme.java,database.transactions.TelNoYenileme,telNoYenilendiMi/0,false,16,2,5,1,4,3,9,17,2,1,0,9,2,1,0,0,1,0,5,0,2,2,2,0,0,0,25,1,0,false
D:\Project\BankaUygulamasi-master\BankaUygulamasi-master\src\gui\HavaleEkrani.java,gui.HavaleEkrani$Anonymous5,run/0,false,279,1,9,0,9,1,1,3,0,0,0,1,0,0,0,0,0,0,0,0,0,0,0,0,0,0,4,1,0,false
D:\Project\BankaUygulamasi-master\BankaUygulamasi-master\src\gui\HavaleEkrani.java,gui.HavaleEkrani$Anonymous4,focusLost/1[java.awt.event.FocusEvent],false,126,1,3,0,3,1,1,3,0,0,1,1,0,0,0,0,0,0,0,0,0,0,0,0,0,0,7,1,0,false
D:\Project\BankaUygulamasi-master\BankaUygulamasi-master\src\gui\HavaleEkrani.java,gui.HavaleEkrani$Anonymous4,focusGained/1[java.awt.event.FocusEvent],false,123,1,3,0,3,1,1,3,0,0,1,1,0,0,0,0,0,0,0,0,0,0,0,0,0,0,7,1,0,false
D:\Project\BankaUygulamasi-master\BankaUygulamasi-master\src\gui\HavaleEkrani.java,gui.HavaleEkrani$Anonymous3,mouseClicked/1[java.awt.event.MouseEvent],false,115,1,12,0,12,1,1,3,0,0,1,1,0,0,0,0,0,0,0,0,0,0,0,0,0,0,6,1,0,false
D:\Project\BankaUygulamasi-master\BankaUygulamasi-master\src\gui\HavaleEkrani.java,gui.HavaleEkrani$Anonymous2,actionPerformed/1[java.awt.event.ActionEvent],false,107,1,15,0,15,1,1,3,0,0,1,1,0,0,0,0,0,0,0,0,0,0,0,0,0,0,6,1,0,false
D:\Project\BankaUygulamasi-master\BankaUygulamasi-master\src\gui\HavaleEkrani.java,gui.HavaleEkrani$Anonymous1,keyReleased/1[java.awt.event.KeyEvent],false,98,1,3,0,3,1,1,3,0,0,1,1,0,0,0,0,0,0,0,0,0,0,0,0,0,0,7,1,0,false
D:\Project\BankaUygulamasi-master\BankaUygulamasi-master\src\gui\ParaYatirmaEkrani.java,gui.ParaYatirmaEkrani,paraYatirButtonActionPerformed/1[java.awt.event.ActionEvent],false,191,2,4,1,3,2,3,8,0,0,1,3,2,2,0,0,0,0,0,0,0,0,1,0,0,0,6,2,0,false
D:\Project\BankaUygulamasi-master\BankaUygulamasi-master\src\gui\ParaYatirmaEkrani.java,gui.ParaYatirmaEkrani,getEdits/0,false,25,3,6,1,5,1,11,10,0,0,0,11,1,1,0,0,0,0,1,1,0,1,0,0,0,0,22,1,0,false
D:\Project\BankaUygulamasi-master\BankaUygulamasi-master\src\gui\ParaYatirmaEkrani.java,gui.ParaYatirmaEkrani,bilgilerGecerliMi/0,false,37,0,1,1,0,1,2,3,1,0,0,2,0,0,0,0,0,1,1,0,0,0,0,0,0,0,3,1,0,false
D:\Project\BankaUygulamasi-master\BankaUygulamasi-master\src\gui\ParaYatirmaEkrani.java,gui.ParaYatirmaEkrani,getParaYatirmaObject/0,false,46,1,2,1,1,2,0,6,1,0,0,0,0,0,0,1,0,0,0,0,1,0,1,0,0,0,6,1,0,false
D:\Project\BankaUygulamasi-master\BankaUygulamasi-master\src\gui\ParaYatirmaEkrani.java,gui.ParaYatirmaEkrani,paraYatir/0,false,199,5,7,1,6,2,5,10,0,0,0,5,1,1,0,0,0,0,4,0,0,2,1,0,0,0,10,2,0,false
D:\Project\BankaUygulamasi-master\BankaUygulamasi-master\src\gui\ParaYatirmaEkrani.java,gui.ParaYatirmaEkrani,initComponents/0,false,55,0,2,1,1,1,33,62,0,2,0,33,0,0,0,0,0,0,15,56,11,0,0,3,0,0,56,2,0,false
D:\Project\BankaUygulamasi-master\BankaUygulamasi-master\src\gui\ParaYatirmaEkrani.java,gui.ParaYatirmaEkrani,yatirilacakMiktarTextKeyReleased/1[java.awt.event.KeyEvent],false,187,1,2,1,1,1,1,3,0,0,1,1,0,0,0,0,0,0,0,1,1,0,0,0,0,0,6,2,0,false
D:\Project\BankaUygulamasi-master\BankaUygulamasi-master\src\gui\ParaYatirmaEkrani.java,gui.ParaYatirmaEkrani,getHesapBilgileri/0,false,42,1,2,1,1,1,1,3,1,0,0,1,0,0,0,0,0,0,0,0,0,0,0,0,0,0,3,1,0,false
D:\Project\BankaUygulamasi-master\BankaUygulamasi-master\src\gui\ParaYatirmaEkrani.java,gui.ParaYatirmaEkrani,main/1[java.lang.String[]],false,216,1,1,0,1,7,9,28,0,0,1,9,0,0,1,0,1,0,1,0,0,0,3,1,0,0,16,9,0,false
D:\Project\BankaUygulamasi-master\BankaUygulamasi-master\src\gui\ParaYatirmaEkrani.java,gui.ParaYatirmaEkrani,ParaYatirmaEkrani/0,true,19,1,4,2,2,1,2,4,0,0,0,2,2,2,0,0,0,0,0,0,0,0,0,0,0,0,7,1,0,false
D:\Project\BankaUygulamasi-master\BankaUygulamasi-master\src\gui\ParaYatirmaEkrani.java,gui.ParaYatirmaEkrani,geriIconMouseClicked/1[java.awt.event.MouseEvent],false,211,2,3,1,2,1,1,3,0,0,1,1,0,0,0,0,0,0,0,0,0,0,0,0,0,0,7,2,0,false
D:\Project\BankaUygulamasi-master\BankaUygulamasi-master\src\database\IBilgiController.java,database.IBilgiController,getHesapBilgileri/0,false,11,1,0,0,0,1,0,1,0,0,0,0,0,0,0,0,0,0,0,0,0,0,0,0,0,0,3,1,0,false
D:\Project\BankaUygulamasi-master\BankaUygulamasi-master\src\database\IBilgiController.java,database.IBilgiController,bilgilerGecerliMi/0,false,9,0,0,0,0,1,0,1,0,0,0,0,0,0,0,0,0,0,0,0,0,0,0,0,0,0,3,1,0,false
D:\Project\BankaUygulamasi-master\BankaUygulamasi-master\src\gui\SifreYenilemeEkrani.java,gui.SifreYenilemeEkrani,sifreyiYenileButtonMouseEntered/1[java.awt.event.MouseEvent],false,247,1,2,1,1,1,1,3,0,0,1,1,0,0,0,0,0,0,0,0,0,0,0,0,0,0,6,2,0,false
D:\Project\BankaUygulamasi-master\BankaUygulamasi-master\src\gui\SifreYenilemeEkrani.java,gui.SifreYenilemeEkrani,geriIcon2MouseClicked/1[java.awt.event.MouseEvent],false,239,4,5,1,4,2,2,8,0,0,1,2,1,2,0,0,0,0,0,0,0,0,1,0,0,0,13,2,0,false
D:\Project\BankaUygulamasi-master\BankaUygulamasi-master\src\gui\SifreYenilemeEkrani.java,gui.SifreYenilemeEkrani,sifreyiYenileButtonMouseExited/1[java.awt.event.MouseEvent],false,251,1,2,1,1,1,1,3,0,0,1,1,0,0,0,0,0,0,0,0,0,0,0,0,0,0,6,2,0,false
D:\Project\BankaUygulamasi-master\BankaUygulamasi-master\src\gui\SifreYenilemeEkrani.java,gui.SifreYenilemeEkrani,SifreYenilemeEkrani/0,true,21,1,5,3,2,1,2,4,0,0,0,2,2,2,0,0,0,0,0,0,0,0,0,0,0,0,7,1,0,false
D:\Project\BankaUygulamasi-master\BankaUygulamasi-master\src\gui\SifreYenilemeEkrani.java,gui.SifreYenilemeEkrani,bilgilerGecerliMi/0,false,50,1,2,1,1,1,1,3,1,0,0,1,0,0,0,0,0,0,0,0,0,0,0,0,0,0,3,1,0,false
D:\Project\BankaUygulamasi-master\BankaUygulamasi-master\src\gui\SifreYenilemeEkrani.java,gui.SifreYenilemeEkrani,initComponents/0,false,68,0,2,1,1,1,31,78,0,2,0,31,0,0,0,0,0,0,19,76,18,0,0,3,0,0,46,2,0,false
D:\Project\BankaUygulamasi-master\BankaUygulamasi-master\src\gui\SifreYenilemeEkrani.java,gui.SifreYenilemeEkrani,getSifreYenilemeObject/0,false,59,1,2,1,1,2,0,6,1,0,0,0,0,0,0,1,0,0,0,0,1,0,1,0,0,0,6,1,0,false
D:\Project\BankaUygulamasi-master\BankaUygulamasi-master\src\gui\SifreYenilemeEkrani.java,gui.SifreYenilemeEkrani,sifreyiYenileButtonActionPerformed/1[java.awt.event.ActionEvent],false,255,2,4,1,3,2,3,8,0,0,1,3,2,4,0,0,0,0,0,0,0,0,1,0,0,0,6,2,0,false
D:\Project\BankaUygulamasi-master\BankaUygulamasi-master\src\gui\SifreYenilemeEkrani.java,gui.SifreYenilemeEkrani,isEnabledEskiSifreText/0,false,45,1,3,2,1,1,2,3,1,0,0,2,1,1,0,0,0,0,0,0,0,0,0,0,0,0,5,2,0,false
D:\Project\BankaUygulamasi-master\BankaUygulamasi-master\src\gui\SifreYenilemeEkrani.java,gui.SifreYenilemeEkrani,main/1[java.lang.String[]],false,296,1,1,0,1,7,9,28,0,0,1,9,0,0,1,0,1,0,1,0,0,0,3,1,0,0,16,9,0,false
D:\Project\BankaUygulamasi-master\BankaUygulamasi-master\src\gui\SifreYenilemeEkrani.java,gui.SifreYenilemeEkrani,getEdits/0,false,27,3,5,1,4,2,9,13,0,0,0,9,1,1,0,1,0,0,0,3,0,0,1,0,0,0,23,1,0,false
D:\Project\BankaUygulamasi-master\BankaUygulamasi-master\src\gui\SifreYenilemeEkrani.java,gui.SifreYenilemeEkrani,sifreyiOnayla/0,false,274,6,13,1,12,4,13,21,0,0,0,13,2,2,0,0,0,0,3,0,0,1,2,0,0,0,9,2,0,false
D:\Project\BankaUygulamasi-master\BankaUygulamasi-master\src\gui\SifreYenilemeEkrani.java,gui.SifreYenilemeEkrani,getEskiSifreText/0,false,41,0,1,1,0,1,0,3,1,0,0,0,0,0,0,0,0,0,0,0,0,0,0,0,0,0,8,1,0,false
D:\Project\BankaUygulamasi-master\BankaUygulamasi-master\src\gui\SifreYenilemeEkrani.java,gui.SifreYenilemeEkrani,sifreyiYenile/0,false,263,2,3,1,2,2,5,10,0,2,0,5,1,3,0,0,0,0,1,0,2,0,1,0,0,0,5,2,0,false
D:\Project\BankaUygulamasi-master\BankaUygulamasi-master\src\gui\SifreYenilemeEkrani.java,gui.SifreYenilemeEkrani,getHesapBilgileri/0,false,55,1,2,1,1,1,1,3,1,0,0,1,0,0,0,0,0,0,0,0,0,0,0,0,0,0,3,1,0,false
D:\Project\BankaUygulamasi-master\BankaUygulamasi-master\src\gui\ayarlar\IconAyarlari.java,gui.ayarlar.IconAyarlari,"changeIcon/2[javax.swing.JLabel,java.lang.String]",false,13,0,5,5,0,1,5,4,0,0,2,5,0,0,0,0,0,0,2,0,1,1,0,0,0,0,10,9,0,false
D:\Project\BankaUygulamasi-master\BankaUygulamasi-master\src\gui\ayarlar\IconAyarlari.java,gui.ayarlar.IconAyarlari,setOriginalIcon/1[javax.swing.JLabel],false,18,0,5,5,0,1,1,3,0,0,1,1,0,0,0,0,0,0,0,0,0,0,0,0,0,0,7,9,0,false
D:\Project\BankaUygulamasi-master\BankaUygulamasi-master\src\database\transactions\Havale.java,database.transactions.Havale,getGonderilecekMiktar/0,false,54,0,0,0,0,1,0,3,1,0,0,0,0,0,0,0,0,0,0,0,0,0,0,0,0,0,4,1,0,false
D:\Project\BankaUygulamasi-master\BankaUygulamasi-master\src\database\transactions\Havale.java,database.transactions.Havale,getHesapBilgileri/0,false,50,1,3,2,1,1,1,3,1,0,0,1,0,0,0,0,0,0,0,0,0,0,0,0,0,0,3,1,0,false
D:\Project\BankaUygulamasi-master\BankaUygulamasi-master\src\database\transactions\Havale.java,database.transactions.Havale,setHavaleAlacakKisi/1[java.lang.String],false,66,0,1,1,0,1,0,3,0,0,1,0,0,0,0,0,0,0,0,0,1,0,0,0,0,0,5,1,0,false
D:\Project\BankaUygulamasi-master\BankaUygulamasi-master\src\database\transactions\Havale.java,database.transactions.Havale,setGonderilecekMiktar/1[int],false,58,0,1,1,0,1,0,3,0,0,1,0,0,0,0,0,0,0,0,0,1,0,0,0,0,0,4,1,0,false
D:\Project\BankaUygulamasi-master\BankaUygulamasi-master\src\database\transactions\Havale.java,database.transactions.Havale,getHavaleAlacakKisi/0,false,62,0,0,0,0,1,0,3,1,0,0,0,0,0,0,0,0,0,0,0,0,0,0,0,0,0,5,1,0,false
D:\Project\BankaUygulamasi-master\BankaUygulamasi-master\src\database\transactions\Havale.java,database.transactions.Havale,havaleYapildiMi/0,false,15,2,6,1,5,4,10,24,4,2,0,10,2,2,0,1,1,0,10,1,3,5,3,0,0,0,26,1,0,false
D:\Project\BankaUygulamasi-master\BankaUygulamasi-master\src\database\transactions\Havale.java,database.transactions.Havale,bilgilerGecerliMi/0,false,42,2,4,1,3,4,4,3,1,0,0,4,1,1,0,2,0,1,0,1,0,0,0,0,0,0,7,1,0,false
D:\Project\BankaUygulamasi-master\BankaUygulamasi-master\src\gui\BasvuruEkrani.java,gui.BasvuruEkrani$Anonymous4,run/0,false,326,1,9,0,9,1,1,3,0,0,0,1,0,0,0,0,0,0,0,0,0,0,0,0,0,0,4,1,0,false
D:\Project\BankaUygulamasi-master\BankaUygulamasi-master\src\gui\GirisEkrani.java,gui.GirisEkrani$Anonymous8,run/0,false,305,1,9,0,9,1,1,3,0,0,0,1,0,0,0,0,0,0,0,0,0,0,0,0,0,0,4,1,0,false
D:\Project\BankaUygulamasi-master\BankaUygulamasi-master\src\gui\BasvuruEkrani.java,gui.BasvuruEkrani$Anonymous2,actionPerformed/1[java.awt.event.ActionEvent],false,129,1,15,0,15,1,1,3,0,0,1,1,0,0,0,0,0,0,0,0,0,0,0,0,0,0,6,1,0,false
D:\Project\BankaUygulamasi-master\BankaUygulamasi-master\src\gui\GirisEkrani.java,gui.GirisEkrani$Anonymous6,actionPerformed/1[java.awt.event.ActionEvent],false,133,1,15,0,15,1,1,3,0,0,1,1,0,0,0,0,0,0,0,0,0,0,0,0,0,0,6,1,0,false
D:\Project\BankaUygulamasi-master\BankaUygulamasi-master\src\gui\BasvuruEkrani.java,gui.BasvuruEkrani$Anonymous3,mouseClicked/1[java.awt.event.MouseEvent],false,137,1,12,0,12,1,1,3,0,0,1,1,0,0,0,0,0,0,0,0,0,0,0,0,0,0,6,1,0,false
D:\Project\BankaUygulamasi-master\BankaUygulamasi-master\src\gui\GirisEkrani.java,gui.GirisEkrani$Anonymous7,mouseClicked/1[java.awt.event.MouseEvent],false,143,1,12,0,12,1,1,3,0,0,1,1,0,0,0,0,0,0,0,0,0,0,0,0,0,0,7,1,0,false
D:\Project\BankaUygulamasi-master\BankaUygulamasi-master\src\gui\GirisEkrani.java,gui.GirisEkrani$Anonymous4,actionPerformed/1[java.awt.event.ActionEvent],false,112,1,15,0,15,1,1,3,0,0,1,1,0,0,0,0,0,0,0,0,0,0,0,0,0,0,6,1,0,false
D:\Project\BankaUygulamasi-master\BankaUygulamasi-master\src\gui\BasvuruEkrani.java,gui.BasvuruEkrani$Anonymous1,mouseExited/1[java.awt.event.MouseEvent],false,124,1,12,0,12,1,1,3,0,0,1,1,0,0,0,0,0,0,0,0,0,0,0,0,0,0,6,1,0,false
D:\Project\BankaUygulamasi-master\BankaUygulamasi-master\src\gui\BasvuruEkrani.java,gui.BasvuruEkrani$Anonymous1,mouseEntered/1[java.awt.event.MouseEvent],false,121,1,12,0,12,1,1,3,0,0,1,1,0,0,0,0,0,0,0,0,0,0,0,0,0,0,6,1,0,false
D:\Project\BankaUygulamasi-master\BankaUygulamasi-master\src\gui\GirisEkrani.java,gui.GirisEkrani$Anonymous5,mouseExited/1[java.awt.event.MouseEvent],false,128,1,12,0,12,1,1,3,0,0,1,1,0,0,0,0,0,0,0,0,0,0,0,0,0,0,6,1,0,false
D:\Project\BankaUygulamasi-master\BankaUygulamasi-master\src\gui\GirisEkrani.java,gui.GirisEkrani$Anonymous5,mouseEntered/1[java.awt.event.MouseEvent],false,125,1,12,0,12,1,1,3,0,0,1,1,0,0,0,0,0,0,0,0,0,0,0,0,0,0,6,1,0,false
D:\Project\BankaUygulamasi-master\BankaUygulamasi-master\src\gui\GirisEkrani.java,gui.GirisEkrani$Anonymous2,focusLost/1[java.awt.event.FocusEvent],false,94,1,3,0,3,1,1,3,0,0,1,1,0,0,0,0,0,0,0,0,0,0,0,0,0,0,6,1,0,false
D:\Project\BankaUygulamasi-master\BankaUygulamasi-master\src\gui\GirisEkrani.java,gui.GirisEkrani$Anonymous2,focusGained/1[java.awt.event.FocusEvent],false,91,1,3,0,3,1,1,3,0,0,1,1,0,0,0,0,0,0,0,0,0,0,0,0,0,0,6,1,0,false
D:\Project\BankaUygulamasi-master\BankaUygulamasi-master\src\gui\GirisEkrani.java,gui.GirisEkrani$Anonymous3,mouseExited/1[java.awt.event.MouseEvent],false,107,1,12,0,12,1,1,3,0,0,1,1,0,0,0,0,0,0,0,0,0,0,0,0,0,0,6,1,0,false
D:\Project\BankaUygulamasi-master\BankaUygulamasi-master\src\gui\GirisEkrani.java,gui.GirisEkrani$Anonymous3,mouseEntered/1[java.awt.event.MouseEvent],false,104,1,12,0,12,1,1,3,0,0,1,1,0,0,0,0,0,0,0,0,0,0,0,0,0,0,6,1,0,false
D:\Project\BankaUygulamasi-master\BankaUygulamasi-master\src\gui\GirisEkrani.java,gui.GirisEkrani$Anonymous1,focusGained/1[java.awt.event.FocusEvent],false,80,1,3,0,3,1,1,3,0,0,1,1,0,0,0,0,0,0,0,0,0,0,0,0,0,0,6,1,0,false
D:\Project\BankaUygulamasi-master\BankaUygulamasi-master\src\gui\GirisEkrani.java,gui.GirisEkrani$Anonymous1,focusLost/1[java.awt.event.FocusEvent],false,83,1,3,0,3,1,1,3,0,0,1,1,0,0,0,0,0,0,0,0,0,0,0,0,0,0,6,1,0,false
D:\Project\BankaUygulamasi-master\BankaUygulamasi-master\src\gui\ayarlar\TextAyarlari.java,gui.ayarlar.TextAyarlari$Anonymous1,keyTyped/1[java.awt.event.KeyEvent],false,48,0,0,0,0,2,3,6,0,1,1,3,0,0,0,0,0,0,0,0,1,0,1,0,0,0,6,1,0,false
D:\Project\BankaUygulamasi-master\BankaUygulamasi-master\src\gui\HesapEkrani.java,gui.HesapEkrani$Anonymous11,run/0,false,379,1,9,0,9,1,1,3,0,0,0,1,0,0,0,0,0,0,0,0,0,0,0,0,0,0,4,1,0,false
D:\Project\BankaUygulamasi-master\BankaUygulamasi-master\src\gui\ParaCekmeEkrani.java,gui.ParaCekmeEkrani$Anonymous1,keyReleased/1[java.awt.event.KeyEvent],false,91,1,3,0,3,1,1,3,0,0,1,1,0,0,0,0,0,0,0,0,0,0,0,0,0,0,7,1,0,false
D:\Project\BankaUygulamasi-master\BankaUygulamasi-master\src\gui\HesapEkrani.java,gui.HesapEkrani$Anonymous10,mouseClicked/1[java.awt.event.MouseEvent],false,173,1,12,0,12,1,1,3,0,0,1,1,0,0,0,0,0,0,0,0,0,0,0,0,0,0,6,1,0,false
D:\Project\BankaUygulamasi-master\BankaUygulamasi-master\src\gui\ParaCekmeEkrani.java,gui.ParaCekmeEkrani$Anonymous2,actionPerformed/1[java.awt.event.ActionEvent],false,100,1,15,0,15,1,1,3,0,0,1,1,0,0,0,0,0,0,0,0,0,0,0,0,0,0,7,1,0,false
D:\Project\BankaUygulamasi-master\BankaUygulamasi-master\src\gui\ayarlar\TextAyarlari.java,gui.ayarlar.TextAyarlari$Anonymous3,"insertString/3[int,java.lang.String,javax.swing.text.AttributeSet]",false,82,0,0,0,0,3,3,8,1,0,3,3,0,0,0,1,0,1,0,0,0,1,1,0,0,0,11,1,0,false
D:\Project\BankaUygulamasi-master\BankaUygulamasi-master\src\gui\ayarlar\TextAyarlari.java,gui.ayarlar.TextAyarlari$Anonymous2,keyTyped/1[java.awt.event.KeyEvent],false,62,0,0,0,0,3,3,6,0,1,1,3,0,0,0,1,0,0,0,0,1,0,1,0,0,0,6,1,0,false
D:\Project\BankaUygulamasi-master\BankaUygulamasi-master\src\database\transactions\KullaniciGiris.java,database.transactions.KullaniciGiris,girisBilgileriDogruMu/0,false,15,2,5,1,4,3,4,14,3,0,0,4,3,1,0,0,0,0,0,0,0,0,2,0,0,0,12,1,0,false
D:\Project\BankaUygulamasi-master\BankaUygulamasi-master\src\database\transactions\KullaniciGiris.java,database.transactions.KullaniciGiris,girisBasariliMi/0,false,34,1,1,1,0,3,6,14,2,2,0,6,0,0,1,0,1,0,10,0,3,2,2,0,0,0,26,2,0,false
D:\Project\BankaUygulamasi-master\BankaUygulamasi-master\src\database\transactions\KullaniciGiris.java,database.transactions.KullaniciGiris,getMusteriKimlik/0,false,59,0,0,0,0,1,0,3,1,0,0,0,0,0,0,0,0,0,0,0,0,0,0,0,0,0,4,1,0,false
D:\Project\BankaUygulamasi-master\BankaUygulamasi-master\src\database\transactions\KullaniciGiris.java,database.transactions.KullaniciGiris,getHesapBilgileri/0,false,55,1,2,1,1,1,1,3,1,0,0,1,0,0,0,0,0,0,0,0,0,0,0,0,0,0,3,1,0,false
D:\Project\BankaUygulamasi-master\BankaUygulamasi-master\src\database\transactions\KullaniciGiris.java,database.transactions.KullaniciGiris,getSifre/0,false,67,0,0,0,0,1,0,3,1,0,0,0,0,0,0,0,0,0,0,0,0,0,0,0,0,0,3,1,0,false
D:\Project\BankaUygulamasi-master\BankaUygulamasi-master\src\database\transactions\KullaniciGiris.java,database.transactions.KullaniciGiris,setSifre/1[java.lang.String],false,71,0,1,1,0,1,0,3,0,0,1,0,0,0,0,0,0,0,0,0,1,0,0,0,0,0,3,1,0,false
D:\Project\BankaUygulamasi-master\BankaUygulamasi-master\src\database\transactions\KullaniciGiris.java,database.transactions.KullaniciGiris,bilgilerGecerliMi/0,false,29,0,1,1,0,3,0,3,1,0,0,0,0,0,0,2,0,1,0,0,0,0,0,0,0,0,4,1,0,false
D:\Project\BankaUygulamasi-master\BankaUygulamasi-master\src\database\transactions\KullaniciGiris.java,database.transactions.KullaniciGiris,setMusteriKimlik/1[java.lang.String],false,63,0,1,1,0,1,0,3,0,0,1,0,0,0,0,0,0,0,0,0,1,0,0,0,0,0,4,1,0,false
D:\Project\BankaUygulamasi-master\BankaUygulamasi-master\src\gui\ParaCekmeEkrani.java,gui.ParaCekmeEkrani$Anonymous3,mouseClicked/1[java.awt.event.MouseEvent],false,108,1,12,0,12,1,1,3,0,0,1,1,0,0,0,0,0,0,0,0,0,0,0,0,0,0,6,1,0,false
D:\Project\BankaUygulamasi-master\BankaUygulamasi-master\src\gui\ParaCekmeEkrani.java,gui.ParaCekmeEkrani$Anonymous4,run/0,false,238,1,9,0,9,1,1,3,0,0,0,1,0,0,0,0,0,0,0,0,0,0,0,0,0,0,5,1,0,false
D:\Project\BankaUygulamasi-master\BankaUygulamasi-master\src\database\transactions\SifreYenileme.java,database.transactions.SifreYenileme,setGuvenlikCevap/1[java.lang.String],false,77,0,1,1,0,1,0,3,0,0,1,0,0,0,0,0,0,0,0,0,1,0,0,0,0,0,4,1,0,false
D:\Project\BankaUygulamasi-master\BankaUygulamasi-master\src\database\transactions\SifreYenileme.java,database.transactions.SifreYenileme,setEskiSifre/1[java.lang.String],false,85,0,1,1,0,1,0,3,0,0,1,0,0,0,0,0,0,0,0,0,1,0,0,0,0,0,4,1,0,false
D:\Project\BankaUygulamasi-master\BankaUygulamasi-master\src\database\transactions\SifreYenileme.java,database.transactions.SifreYenileme,getYeniSifre/0,false,89,0,0,0,0,1,0,3,1,0,0,0,0,0,0,0,0,0,0,0,0,0,0,0,0,0,4,1,0,false
D:\Project\BankaUygulamasi-master\BankaUygulamasi-master\src\database\transactions\SifreYenileme.java,database.transactions.SifreYenileme,getGuvenlikCevap/0,false,73,0,0,0,0,1,0,3,1,0,0,0,0,0,0,0,0,0,0,0,0,0,0,0,0,0,4,1,0,false
D:\Project\BankaUygulamasi-master\BankaUygulamasi-master\src\database\transactions\SifreYenileme.java,database.transactions.SifreYenileme,bilgilerGecerliMi/0,false,45,0,1,1,0,5,0,3,1,0,0,0,0,0,0,4,0,1,0,0,0,0,0,0,0,0,4,1,0,false
D:\Project\BankaUygulamasi-master\BankaUygulamasi-master\src\database\transactions\SifreYenileme.java,database.transactions.SifreYenileme,sifreYenilendiMi/0,false,17,1,2,1,1,4,6,19,3,1,0,6,1,1,0,2,1,0,14,1,3,3,2,0,0,0,21,1,0,false
D:\Project\BankaUygulamasi-master\BankaUygulamasi-master\src\database\transactions\SifreYenileme.java,database.transactions.SifreYenileme,getEskiSifre/0,false,81,0,0,0,0,1,0,3,1,0,0,0,0,0,0,0,0,0,0,0,0,0,0,0,0,0,4,1,0,false
D:\Project\BankaUygulamasi-master\BankaUygulamasi-master\src\database\transactions\SifreYenileme.java,database.transactions.SifreYenileme,setTelNo/1[java.lang.String],false,69,0,1,1,0,1,0,3,0,0,1,0,0,0,0,0,0,0,0,0,1,0,0,0,0,0,4,1,0,false
D:\Project\BankaUygulamasi-master\BankaUygulamasi-master\src\database\transactions\SifreYenileme.java,database.transactions.SifreYenileme,getHesapBilgileri/0,false,53,1,1,0,1,1,1,3,1,0,0,1,0,0,0,0,0,0,0,0,0,0,0,0,0,0,3,1,0,false
D:\Project\BankaUygulamasi-master\BankaUygulamasi-master\src\database\transactions\SifreYenileme.java,database.transactions.SifreYenileme,setYeniSifre/1[java.lang.String],false,93,0,1,1,0,1,0,3,0,0,1,0,0,0,0,0,0,0,0,0,1,0,0,0,0,0,4,1,0,false
D:\Project\BankaUygulamasi-master\BankaUygulamasi-master\src\database\transactions\SifreYenileme.java,database.transactions.SifreYenileme,getTelNo/0,false,65,0,0,0,0,1,0,3,1,0,0,0,0,0,0,0,0,0,0,0,0,0,0,0,0,0,4,1,0,false
D:\Project\BankaUygulamasi-master\BankaUygulamasi-master\src\database\transactions\SifreYenileme.java,database.transactions.SifreYenileme,setTcNo/1[java.lang.String],false,61,0,1,1,0,1,0,3,0,0,1,0,0,0,0,0,0,0,0,0,1,0,0,0,0,0,4,1,0,false
D:\Project\BankaUygulamasi-master\BankaUygulamasi-master\src\database\transactions\SifreYenileme.java,database.transactions.SifreYenileme,getTcNo/0,false,57,0,0,0,0,1,0,3,1,0,0,0,0,0,0,0,0,0,0,0,0,0,0,0,0,0,4,1,0,false
D:\Project\BankaUygulamasi-master\BankaUygulamasi-master\src\gui\GirisEkrani.java,gui.GirisEkrani,girisButtonMouseEntered/1[java.awt.event.MouseEvent],false,208,1,2,1,1,1,1,3,0,0,1,1,0,0,0,0,0,0,0,0,0,0,0,0,0,0,5,2,0,false
D:\Project\BankaUygulamasi-master\BankaUygulamasi-master\src\gui\GirisEkrani.java,gui.GirisEkrani,basvurButtonActionPerformed/1[java.awt.event.ActionEvent],false,271,2,3,1,2,1,1,3,0,0,1,1,0,0,0,0,0,0,0,0,0,0,0,0,0,0,7,2,0,false
D:\Project\BankaUygulamasi-master\BankaUygulamasi-master\src\gui\GirisEkrani.java,gui.GirisEkrani,initComponents/0,false,55,0,2,1,1,1,32,101,0,2,0,32,0,0,0,0,0,0,14,61,10,0,0,7,0,0,48,2,0,false
D:\Project\BankaUygulamasi-master\BankaUygulamasi-master\src\gui\GirisEkrani.java,gui.GirisEkrani,GirisEkrani/0,true,21,1,8,6,2,1,2,4,0,0,0,2,2,1,0,0,0,0,0,0,0,0,0,0,0,0,6,1,0,false
D:\Project\BankaUygulamasi-master\BankaUygulamasi-master\src\gui\GirisEkrani.java,gui.GirisEkrani,girisButtonMouseExited/1[java.awt.event.MouseEvent],false,212,1,2,1,1,1,1,3,0,0,1,1,0,0,0,0,0,0,0,0,0,0,0,0,0,0,5,2,0,false
D:\Project\BankaUygulamasi-master\BankaUygulamasi-master\src\gui\GirisEkrani.java,gui.GirisEkrani,sifreTextFocusLost/1[java.awt.event.FocusEvent],false,240,1,2,1,1,1,1,3,0,0,1,1,0,0,0,0,0,0,0,0,0,0,0,0,0,0,5,2,0,false
D:\Project\BankaUygulamasi-master\BankaUygulamasi-master\src\gui\GirisEkrani.java,gui.GirisEkrani,basvurButtonMouseExited/1[java.awt.event.MouseEvent],false,220,1,2,1,1,1,1,3,0,0,1,1,0,0,0,0,0,0,0,0,0,0,0,0,0,0,5,2,0,false
D:\Project\BankaUygulamasi-master\BankaUygulamasi-master\src\gui\GirisEkrani.java,gui.GirisEkrani,"girisYap/2[java.lang.String,java.lang.String]",false,258,5,8,1,7,2,6,10,0,0,2,6,1,1,0,0,0,0,2,0,0,1,1,0,0,0,15,2,0,false
D:\Project\BankaUygulamasi-master\BankaUygulamasi-master\src\gui\GirisEkrani.java,gui.GirisEkrani,getEdits/0,false,27,1,2,1,1,1,5,7,0,0,0,5,0,0,0,0,0,0,0,0,0,0,0,0,0,0,21,1,0,false
D:\Project\BankaUygulamasi-master\BankaUygulamasi-master\src\gui\GirisEkrani.java,gui.GirisEkrani,sifremiUnuttumLabelMouseClicked/1[java.awt.event.MouseEvent],false,275,2,3,1,2,1,1,3,0,0,1,1,0,0,0,0,0,0,0,0,0,0,0,0,0,0,9,2,0,false
D:\Project\BankaUygulamasi-master\BankaUygulamasi-master\src\gui\GirisEkrani.java,gui.GirisEkrani,kimlikTextFocusLost/1[java.awt.event.FocusEvent],false,232,1,2,1,1,1,1,3,0,0,1,1,0,0,0,0,0,0,0,0,0,0,0,0,0,0,5,2,0,false
D:\Project\BankaUygulamasi-master\BankaUygulamasi-master\src\gui\GirisEkrani.java,gui.GirisEkrani,girisButtonActionPerformed/1[java.awt.event.ActionEvent],false,248,2,4,1,3,2,7,10,0,2,1,7,2,2,0,0,0,0,0,0,2,0,1,0,0,0,8,2,0,false
D:\Project\BankaUygulamasi-master\BankaUygulamasi-master\src\gui\GirisEkrani.java,gui.GirisEkrani,bilgilerGecerliMi/0,false,36,0,1,1,0,1,4,3,1,0,0,4,0,0,0,0,0,1,0,0,0,0,0,0,0,0,3,1,0,false
D:\Project\BankaUygulamasi-master\BankaUygulamasi-master\src\gui\GirisEkrani.java,gui.GirisEkrani,kimlikTextFocusGained/1[java.awt.event.FocusEvent],false,228,1,2,1,1,1,1,3,0,0,1,1,0,0,0,0,0,0,0,0,0,0,0,0,0,0,5,2,0,false
D:\Project\BankaUygulamasi-master\BankaUygulamasi-master\src\gui\GirisEkrani.java,gui.GirisEkrani,getHesapBilgileri/0,false,42,1,1,0,1,1,1,3,1,0,0,1,0,0,0,0,0,0,0,0,0,0,0,0,0,0,3,1,0,false
D:\Project\BankaUygulamasi-master\BankaUygulamasi-master\src\gui\GirisEkrani.java,gui.GirisEkrani,basvurButtonMouseEntered/1[java.awt.event.MouseEvent],false,216,1,2,1,1,1,1,3,0,0,1,1,0,0,0,0,0,0,0,0,0,0,0,0,0,0,5,2,0,false
D:\Project\BankaUygulamasi-master\BankaUygulamasi-master\src\gui\GirisEkrani.java,gui.GirisEkrani,main/1[java.lang.String[]],false,279,1,1,0,1,7,9,28,0,0,1,9,0,0,1,0,1,0,1,0,0,0,3,1,0,0,15,9,0,false
D:\Project\BankaUygulamasi-master\BankaUygulamasi-master\src\gui\GirisEkrani.java,gui.GirisEkrani,getKullaniciGirisObject/0,false,46,1,2,1,1,2,0,6,1,0,0,0,0,0,0,1,0,0,0,0,1,0,1,0,0,0,6,1,0,false
D:\Project\BankaUygulamasi-master\BankaUygulamasi-master\src\gui\GirisEkrani.java,gui.GirisEkrani,sifreTextFocusGained/1[java.awt.event.FocusEvent],false,236,1,2,1,1,1,1,3,0,0,1,1,0,0,0,0,0,0,0,0,0,0,0,0,0,0,5,2,0,false
D:\Project\BankaUygulamasi-master\BankaUygulamasi-master\src\database\DbConnection.java,database.DbConnection,DbConnection/0,true,23,1,0,0,0,3,5,15,0,1,0,5,0,0,0,0,2,0,4,0,2,1,1,0,0,0,11,1,0,false
D:\Project\BankaUygulamasi-master\BankaUygulamasi-master\src\database\DbConnection.java,database.DbConnection,getConnection/0,false,41,0,0,0,0,1,0,3,1,0,0,0,0,0,0,0,0,0,0,0,0,0,0,0,0,0,3,1,0,false
D:\Project\BankaUygulamasi-master\BankaUygulamasi-master\src\database\DbVeriMerkezi.java,database.DbVeriMerkezi,getBakiye/0,false,52,0,11,11,0,1,0,3,1,0,0,0,0,0,0,0,0,0,0,0,0,0,0,0,0,0,3,1,0,false
D:\Project\BankaUygulamasi-master\BankaUygulamasi-master\src\database\DbVeriMerkezi.java,database.DbVeriMerkezi,setInternetFaturasi/1[double],false,89,0,1,1,0,1,0,3,0,0,1,0,0,0,0,0,0,0,0,0,1,0,0,0,0,0,4,1,0,false
D:\Project\BankaUygulamasi-master\BankaUygulamasi-master\src\database\DbVeriMerkezi.java,database.DbVeriMerkezi,setDogalgazFaturasi/1[double],false,81,0,1,1,0,1,0,3,0,0,1,0,0,0,0,0,0,0,0,0,1,0,0,0,0,0,4,1,0,false
D:\Project\BankaUygulamasi-master\BankaUygulamasi-master\src\database\DbVeriMerkezi.java,database.DbVeriMerkezi,setAdSoyad/1[java.lang.String],false,24,0,0,0,0,1,0,3,0,0,1,0,0,0,0,0,0,0,0,0,1,0,0,0,0,0,4,1,0,false
D:\Project\BankaUygulamasi-master\BankaUygulamasi-master\src\database\DbVeriMerkezi.java,database.DbVeriMerkezi,setMusteriNo/1[java.lang.String],false,48,0,0,0,0,1,0,3,0,0,1,0,0,0,0,0,0,0,0,0,1,0,0,0,0,0,4,1,0,false
D:\Project\BankaUygulamasi-master\BankaUygulamasi-master\src\database\DbVeriMerkezi.java,database.DbVeriMerkezi,setKullaniciId/1[int],false,16,0,0,0,0,1,0,3,0,0,1,0,0,0,0,0,0,0,0,0,1,0,0,0,0,0,4,1,0,false
D:\Project\BankaUygulamasi-master\BankaUygulamasi-master\src\database\DbVeriMerkezi.java,database.DbVeriMerkezi,getAdSoyad/0,false,20,0,6,6,0,1,0,3,1,0,0,0,0,0,0,0,0,0,0,0,0,0,0,0,0,0,4,1,0,false
D:\Project\BankaUygulamasi-master\BankaUygulamasi-master\src\database\DbVeriMerkezi.java,database.DbVeriMerkezi,setTcNo/1[java.lang.String],false,40,0,0,0,0,1,0,3,0,0,1,0,0,0,0,0,0,0,0,0,1,0,0,0,0,0,4,1,0,false
D:\Project\BankaUygulamasi-master\BankaUygulamasi-master\src\database\DbVeriMerkezi.java,database.DbVeriMerkezi,getMusteriNo/0,false,44,0,1,1,0,1,0,3,1,0,0,0,0,0,0,0,0,0,0,0,0,0,0,0,0,0,4,1,0,false
D:\Project\BankaUygulamasi-master\BankaUygulamasi-master\src\database\DbVeriMerkezi.java,database.DbVeriMerkezi,getSuFaturasi/0,false,69,0,1,1,0,1,0,3,1,0,0,0,0,0,0,0,0,0,0,0,0,0,0,0,0,0,4,1,0,false
D:\Project\BankaUygulamasi-master\BankaUygulamasi-master\src\database\DbVeriMerkezi.java,database.DbVeriMerkezi,getDogalgazFaturasi/0,false,77,0,1,1,0,1,0,3,1,0,0,0,0,0,0,0,0,0,0,0,0,0,0,0,0,0,4,1,0,false
D:\Project\BankaUygulamasi-master\BankaUygulamasi-master\src\database\DbVeriMerkezi.java,database.DbVeriMerkezi,getElektrikFaturasi/0,false,61,0,1,1,0,1,0,3,1,0,0,0,0,0,0,0,0,0,0,0,0,0,0,0,0,0,4,1,0,false
D:\Project\BankaUygulamasi-master\BankaUygulamasi-master\src\database\DbVeriMerkezi.java,database.DbVeriMerkezi,setElektrikFaturasi/1[double],false,65,0,1,1,0,1,0,3,0,0,1,0,0,0,0,0,0,0,0,0,1,0,0,0,0,0,4,1,0,false
D:\Project\BankaUygulamasi-master\BankaUygulamasi-master\src\database\DbVeriMerkezi.java,database.DbVeriMerkezi,getInternetFaturasi/0,false,85,0,1,1,0,1,0,3,1,0,0,0,0,0,0,0,0,0,0,0,0,0,0,0,0,0,4,1,0,false
D:\Project\BankaUygulamasi-master\BankaUygulamasi-master\src\database\DbVeriMerkezi.java,database.DbVeriMerkezi,getTcNo/0,false,36,0,0,0,0,1,0,3,1,0,0,0,0,0,0,0,0,0,0,0,0,0,0,0,0,0,4,1,0,false
D:\Project\BankaUygulamasi-master\BankaUygulamasi-master\src\database\DbVeriMerkezi.java,database.DbVeriMerkezi,setBakiye/1[double],false,56,0,4,4,0,1,3,4,0,1,1,3,0,0,0,0,0,0,3,0,2,0,0,0,0,0,6,1,0,false
D:\Project\BankaUygulamasi-master\BankaUygulamasi-master\src\database\DbVeriMerkezi.java,database.DbVeriMerkezi,getKullaniciId/0,false,12,0,7,7,0,1,0,3,1,0,0,0,0,0,0,0,0,0,0,0,0,0,0,0,0,0,4,1,0,false
D:\Project\BankaUygulamasi-master\BankaUygulamasi-master\src\database\DbVeriMerkezi.java,database.DbVeriMerkezi,getTelNo/0,false,28,0,1,1,0,1,0,3,1,0,0,0,0,0,0,0,0,0,0,0,0,0,0,0,0,0,4,1,0,false
D:\Project\BankaUygulamasi-master\BankaUygulamasi-master\src\database\DbVeriMerkezi.java,database.DbVeriMerkezi,setTelNo/1[java.lang.String],false,32,0,1,1,0,1,0,3,0,0,1,0,0,0,0,0,0,0,0,0,1,0,0,0,0,0,4,1,0,false
D:\Project\BankaUygulamasi-master\BankaUygulamasi-master\src\database\DbVeriMerkezi.java,database.DbVeriMerkezi,setSuFaturasi/1[double],false,73,0,1,1,0,1,0,3,0,0,1,0,0,0,0,0,0,0,0,0,1,0,0,0,0,0,4,1,0,false
D:\Project\BankaUygulamasi-master\BankaUygulamasi-master\src\gui\HesapEkrani.java,gui.HesapEkrani$Anonymous4,actionPerformed/1[java.awt.event.ActionEvent],false,117,1,15,0,15,1,1,3,0,0,1,1,0,0,0,0,0,0,0,0,0,0,0,0,0,0,7,1,0,false
D:\Project\BankaUygulamasi-master\BankaUygulamasi-master\src\gui\ayarlar\ActionAyarlari.java,gui.ayarlar.ActionAyarlari,"setVisible/2[javax.swing.JFrame,javax.swing.JFrame]",false,9,0,23,23,0,1,1,4,0,0,2,1,0,0,0,0,0,0,0,0,0,0,0,0,0,0,7,9,0,false
D:\Project\BankaUygulamasi-master\BankaUygulamasi-master\src\gui\HesapEkrani.java,gui.HesapEkrani$Anonymous3,mouseExited/1[java.awt.event.MouseEvent],false,112,1,12,0,12,1,1,3,0,0,1,1,0,0,0,0,0,0,0,0,0,0,0,0,0,0,7,1,0,false
D:\Project\BankaUygulamasi-master\BankaUygulamasi-master\src\gui\HesapEkrani.java,gui.HesapEkrani$Anonymous3,mouseEntered/1[java.awt.event.MouseEvent],false,109,1,12,0,12,1,1,3,0,0,1,1,0,0,0,0,0,0,0,0,0,0,0,0,0,0,7,1,0,false
D:\Project\BankaUygulamasi-master\BankaUygulamasi-master\src\database\transactions\ParaYatirma.java,database.transactions.ParaYatirma,setYatirilacakMiktar/1[int],false,47,0,1,1,0,1,0,3,0,0,1,0,0,0,0,0,0,0,0,0,1,0,0,0,0,0,4,1,0,false
D:\Project\BankaUygulamasi-master\BankaUygulamasi-master\src\database\transactions\ParaYatirma.java,database.transactions.ParaYatirma,getHesapBilgileri/0,false,39,1,2,1,1,1,1,3,1,0,0,1,0,0,0,0,0,0,0,0,0,0,0,0,0,0,3,1,0,false
D:\Project\BankaUygulamasi-master\BankaUygulamasi-master\src\database\transactions\ParaYatirma.java,database.transactions.ParaYatirma,paraYatirildiMi/0,false,15,2,6,1,5,3,10,17,2,1,0,10,2,1,0,0,1,0,5,0,2,3,2,0,0,0,23,1,0,false
D:\Project\BankaUygulamasi-master\BankaUygulamasi-master\src\database\transactions\ParaYatirma.java,database.transactions.ParaYatirma,bilgilerGecerliMi/0,false,34,0,1,1,0,2,0,3,1,0,0,0,0,0,0,1,0,1,0,1,0,0,0,0,0,0,3,1,0,false
D:\Project\BankaUygulamasi-master\BankaUygulamasi-master\src\database\transactions\ParaYatirma.java,database.transactions.ParaYatirma,getYatirilacakMiktar/0,false,43,0,0,0,0,1,0,3,1,0,0,0,0,0,0,0,0,0,0,0,0,0,0,0,0,0,4,1,0,false
D:\Project\BankaUygulamasi-master\BankaUygulamasi-master\src\gui\HesapEkrani.java,gui.HesapEkrani$Anonymous6,actionPerformed/1[java.awt.event.ActionEvent],false,137,1,15,0,15,1,1,3,0,0,1,1,0,0,0,0,0,0,0,0,0,0,0,0,0,0,6,1,0,false
D:\Project\BankaUygulamasi-master\BankaUygulamasi-master\src\gui\AyarlarEkrani.java,gui.AyarlarEkrani,getEdits/0,false,25,3,6,1,5,1,12,11,0,0,0,12,1,1,0,0,0,0,1,1,1,1,0,0,0,0,22,1,0,false
D:\Project\BankaUygulamasi-master\BankaUygulamasi-master\src\gui\AyarlarEkrani.java,gui.AyarlarEkrani,bilgilerGecerliMi/0,false,38,0,1,1,0,1,2,3,1,0,0,2,0,0,0,0,0,1,1,0,0,0,0,0,0,0,3,1,0,false
D:\Project\BankaUygulamasi-master\BankaUygulamasi-master\src\gui\AyarlarEkrani.java,gui.AyarlarEkrani,AyarlarEkrani/0,true,19,1,5,3,2,1,2,4,0,0,0,2,2,2,0,0,0,0,0,0,0,0,0,0,0,0,6,1,0,false
D:\Project\BankaUygulamasi-master\BankaUygulamasi-master\src\gui\AyarlarEkrani.java,gui.AyarlarEkrani,getHesapBilgileri/0,false,43,1,2,1,1,1,1,3,1,0,0,1,0,0,0,0,0,0,0,0,0,0,0,0,0,0,3,1,0,false
D:\Project\BankaUygulamasi-master\BankaUygulamasi-master\src\gui\AyarlarEkrani.java,gui.AyarlarEkrani,getTelNoYenilemeObject/0,false,47,1,2,1,1,2,0,6,1,0,0,0,0,0,0,1,0,0,0,0,1,0,1,0,0,0,7,1,0,false
D:\Project\BankaUygulamasi-master\BankaUygulamasi-master\src\gui\AyarlarEkrani.java,gui.AyarlarEkrani,initComponents/0,false,56,0,2,1,1,1,34,63,0,2,0,34,0,0,0,0,0,0,14,41,11,0,0,3,0,0,44,2,0,false
D:\Project\BankaUygulamasi-master\BankaUygulamasi-master\src\gui\AyarlarEkrani.java,gui.AyarlarEkrani,main/1[java.lang.String[]],false,216,1,1,0,1,7,9,28,0,0,1,9,0,0,1,0,1,0,1,0,0,0,3,1,0,0,15,9,0,false
D:\Project\BankaUygulamasi-master\BankaUygulamasi-master\src\gui\AyarlarEkrani.java,gui.AyarlarEkrani,sifreDegistirIconMouseClicked/1[java.awt.event.MouseEvent],false,212,2,3,1,2,1,1,3,0,0,1,1,0,0,0,0,0,0,0,0,0,0,0,0,0,0,9,2,0,false
D:\Project\BankaUygulamasi-master\BankaUygulamasi-master\src\gui\AyarlarEkrani.java,gui.AyarlarEkrani,telNoYenile/0,false,196,3,7,1,6,3,9,17,0,1,0,9,2,1,0,0,0,0,3,0,1,1,2,0,0,0,11,2,0,false
D:\Project\BankaUygulamasi-master\BankaUygulamasi-master\src\gui\AyarlarEkrani.java,gui.AyarlarEkrani,geriIconMouseClicked/1[java.awt.event.MouseEvent],false,178,2,3,1,2,1,1,3,0,0,1,1,0,0,0,0,0,0,0,0,0,0,0,0,0,0,7,2,0,false
D:\Project\BankaUygulamasi-master\BankaUygulamasi-master\src\gui\AyarlarEkrani.java,gui.AyarlarEkrani,telNoDegistirIconMouseClicked/1[java.awt.event.MouseEvent],false,183,2,4,1,3,2,4,13,0,0,1,4,1,2,0,1,0,0,1,2,1,0,1,0,0,0,11,2,0,false
D:\Project\BankaUygulamasi-master\BankaUygulamasi-master\src\gui\HesapEkrani.java,gui.HesapEkrani$Anonymous5,mouseEntered/1[java.awt.event.MouseEvent],false,129,1,12,0,12,1,1,3,0,0,1,1,0,0,0,0,0,0,0,0,0,0,0,0,0,0,6,1,0,false
D:\Project\BankaUygulamasi-master\BankaUygulamasi-master\src\gui\HesapEkrani.java,gui.HesapEkrani$Anonymous5,mouseExited/1[java.awt.event.MouseEvent],false,132,1,12,0,12,1,1,3,0,0,1,1,0,0,0,0,0,0,0,0,0,0,0,0,0,0,6,1,0,false
D:\Project\BankaUygulamasi-master\BankaUygulamasi-master\src\gui\HesapEkrani.java,gui.HesapEkrani$Anonymous8,actionPerformed/1[java.awt.event.ActionEvent],false,157,1,15,0,15,1,1,3,0,0,1,1,0,0,0,0,0,0,0,0,0,0,0,0,0,0,6,1,0,false
D:\Project\BankaUygulamasi-master\BankaUygulamasi-master\src\gui\HesapEkrani.java,gui.HesapEkrani$Anonymous7,mouseExited/1[java.awt.event.MouseEvent],false,152,1,12,0,12,1,1,3,0,0,1,1,0,0,0,0,0,0,0,0,0,0,0,0,0,0,6,1,0,false
D:\Project\BankaUygulamasi-master\BankaUygulamasi-master\src\gui\HesapEkrani.java,gui.HesapEkrani$Anonymous7,mouseEntered/1[java.awt.event.MouseEvent],false,149,1,12,0,12,1,1,3,0,0,1,1,0,0,0,0,0,0,0,0,0,0,0,0,0,0,6,1,0,false
D:\Project\BankaUygulamasi-master\BankaUygulamasi-master\src\database\transactions\HesapBilgileri.java,database.transactions.HesapBilgileri,getInstance/0,false,19,1,17,16,1,2,0,6,1,0,0,0,0,0,0,1,0,0,0,0,1,0,1,0,0,0,6,9,0,false
D:\Project\BankaUygulamasi-master\BankaUygulamasi-master\src\database\transactions\HesapBilgileri.java,database.transactions.HesapBilgileri,getHesapBilgileri/0,false,32,1,0,0,0,1,0,3,0,0,0,0,0,0,0,0,0,0,1,0,0,0,0,0,0,0,7,1,0,false
D:\Project\BankaUygulamasi-master\BankaUygulamasi-master\src\database\transactions\HesapBilgileri.java,database.transactions.HesapBilgileri,kullaniciyiAl/1[java.lang.String],false,58,1,1,1,0,3,8,17,0,2,1,8,0,0,1,0,1,0,11,0,8,2,2,0,0,0,21,2,0,false
D:\Project\BankaUygulamasi-master\BankaUygulamasi-master\src\database\transactions\HesapBilgileri.java,database.transactions.HesapBilgileri,faturalariAl/0,false,95,1,2,1,1,4,9,18,0,2,0,9,1,1,1,0,1,0,8,0,7,2,3,0,0,0,18,2,0,false
D:\Project\BankaUygulamasi-master\BankaUygulamasi-master\src\database\transactions\HesapBilgileri.java,database.transactions.HesapBilgileri,girisYap/1[java.lang.String],false,36,1,4,1,3,1,3,5,0,0,1,3,3,3,0,0,0,0,0,0,0,0,0,0,0,0,4,1,0,false
D:\Project\BankaUygulamasi-master\BankaUygulamasi-master\src\database\transactions\HesapBilgileri.java,database.transactions.HesapBilgileri,bilgilerGecerliMi/0,false,27,0,2,2,0,2,0,3,1,0,0,0,0,0,0,1,0,1,0,1,0,0,0,0,0,0,3,1,0,false
D:\Project\BankaUygulamasi-master\BankaUygulamasi-master\src\database\transactions\HesapBilgileri.java,database.transactions.HesapBilgileri,cikisYap/0,false,42,0,1,1,0,1,0,12,0,0,0,0,0,0,0,0,0,0,0,6,10,0,0,0,0,0,3,1,0,false
D:\Project\BankaUygulamasi-master\BankaUygulamasi-master\src\database\transactions\HesapBilgileri.java,database.transactions.HesapBilgileri,bakiyeAl/0,false,78,1,2,1,1,4,9,15,0,2,0,9,1,1,1,0,1,0,5,0,4,2,3,0,0,0,18,2,0,false
D:\Project\BankaUygulamasi-master\BankaUygulamasi-master\src\gui\HesapEkrani.java,gui.HesapEkrani$Anonymous9,mouseClicked/1[java.awt.event.MouseEvent],false,165,1,12,0,12,1,1,3,0,0,1,1,0,0,0,0,0,0,0,0,0,0,0,0,0,0,6,1,0,false
D:\Project\BankaUygulamasi-master\BankaUygulamasi-master\src\database\transactions\ParaCekme.java,database.transactions.ParaCekme,paraCekildiMi/0,false,15,2,6,1,5,3,10,17,2,1,0,10,2,2,0,0,1,0,5,0,2,3,2,0,0,0,23,1,0,false
D:\Project\BankaUygulamasi-master\BankaUygulamasi-master\src\database\transactions\ParaCekme.java,database.transactions.ParaCekme,getCekilecekMiktar/0,false,44,0,0,0,0,1,0,3,1,0,0,0,0,0,0,0,0,0,0,0,0,0,0,0,0,0,4,1,0,false
D:\Project\BankaUygulamasi-master\BankaUygulamasi-master\src\database\transactions\ParaCekme.java,database.transactions.ParaCekme,bilgilerGecerliMi/0,false,34,2,3,1,2,3,2,3,1,0,0,2,1,1,0,1,0,1,0,1,0,0,0,0,0,0,6,1,0,false
D:\Project\BankaUygulamasi-master\BankaUygulamasi-master\src\database\transactions\ParaCekme.java,database.transactions.ParaCekme,getHesapBilgileri/0,false,40,1,3,2,1,1,1,3,1,0,0,1,0,0,0,0,0,0,0,0,0,0,0,0,0,0,3,1,0,false
D:\Project\BankaUygulamasi-master\BankaUygulamasi-master\src\database\transactions\ParaCekme.java,database.transactions.ParaCekme,setCekilecekMiktar/1[int],false,48,0,1,1,0,1,0,3,0,0,1,0,0,0,0,0,0,0,0,0,1,0,0,0,0,0,4,1,0,false
D:\Project\BankaUygulamasi-master\BankaUygulamasi-master\src\gui\ayarlar\TextAyarlari.java,gui.ayarlar.TextAyarlari,checkTheTextFocusLost/1[javax.swing.JTextField],false,32,0,3,3,0,2,5,9,0,0,1,5,0,0,0,0,0,0,1,0,0,0,1,0,0,0,11,9,0,false
D:\Project\BankaUygulamasi-master\BankaUygulamasi-master\src\gui\ayarlar\TextAyarlari.java,gui.ayarlar.TextAyarlari,setOnlyNumber/1[javax.swing.JTextField],false,44,0,8,7,1,1,1,11,0,0,1,1,0,0,0,0,0,0,0,0,0,0,0,1,0,0,14,9,0,false
D:\Project\BankaUygulamasi-master\BankaUygulamasi-master\src\gui\ayarlar\TextAyarlari.java,gui.ayarlar.TextAyarlari,"uzunlukSundanKucukMu/2[int,java.lang.String]",false,93,0,2,2,0,2,1,3,1,0,2,1,0,0,0,0,0,1,0,0,0,0,0,0,0,0,6,9,0,false
D:\Project\BankaUygulamasi-master\BankaUygulamasi-master\src\gui\ayarlar\TextAyarlari.java,gui.ayarlar.TextAyarlari,setOnlyAlphabetic/1[javax.swing.JTextField],false,58,0,2,1,1,1,1,11,0,0,1,1,0,0,0,0,0,0,0,0,0,0,0,1,0,0,14,9,0,false
D:\Project\BankaUygulamasi-master\BankaUygulamasi-master\src\gui\ayarlar\TextAyarlari.java,gui.ayarlar.TextAyarlari,"setMaxLimit/2[javax.swing.JTextField,int]",false,77,0,7,6,1,1,1,14,0,0,2,1,0,0,0,0,0,0,0,0,1,0,0,1,0,0,22,9,0,false
D:\Project\BankaUygulamasi-master\BankaUygulamasi-master\src\gui\ayarlar\TextAyarlari.java,gui.ayarlar.TextAyarlari,textAlanlariDolumu/1[javax.swing.JPanel],false,116,0,2,2,0,5,5,12,2,2,1,5,0,0,1,0,0,0,1,0,2,0,3,0,0,0,13,9,0,false
D:\Project\BankaUygulamasi-master\BankaUygulamasi-master\src\gui\ayarlar\TextAyarlari.java,gui.ayarlar.TextAyarlari,"checkTheTextKeyReleased/2[javax.swing.JTextField,int]",false,100,0,3,3,0,3,5,12,2,2,2,5,0,0,0,0,0,0,1,1,3,0,2,0,0,0,11,9,0,false
D:\Project\BankaUygulamasi-master\BankaUygulamasi-master\src\gui\ayarlar\TextAyarlari.java,gui.ayarlar.TextAyarlari,"checkTheTextFocusGained/2[javax.swing.JTextField,java.lang.String]",false,21,0,3,3,0,2,6,8,0,0,2,6,0,0,0,0,0,0,1,0,2,0,1,0,0,0,11,9,0,false
D:\Project\BankaUygulamasi-master\BankaUygulamasi-master\src\gui\HesapEkrani.java,gui.HesapEkrani$Anonymous2,actionPerformed/1[java.awt.event.ActionEvent],false,97,1,15,0,15,1,1,3,0,0,1,1,0,0,0,0,0,0,0,0,0,0,0,0,0,0,7,1,0,false
D:\Project\BankaUygulamasi-master\BankaUygulamasi-master\src\gui\HesapEkrani.java,gui.HesapEkrani$Anonymous1,mouseExited/1[java.awt.event.MouseEvent],false,92,1,12,0,12,1,1,3,0,0,1,1,0,0,0,0,0,0,0,0,0,0,0,0,0,0,7,1,0,false
D:\Project\BankaUygulamasi-master\BankaUygulamasi-master\src\gui\HesapEkrani.java,gui.HesapEkrani$Anonymous1,mouseEntered/1[java.awt.event.MouseEvent],false,89,1,12,0,12,1,1,3,0,0,1,1,0,0,0,0,0,0,0,0,0,0,0,0,0,0,7,1,0,false
