file,class,method,variable,usage
D:\Project\BankaUygulamasi-master\BankaUygulamasi-master\src\gui\ayarlar\ButtonAyarlari.java,gui.ayarlar.ButtonAyarlari,"setBgFg/3[javax.swing.JButton,java.awt.Color,java.awt.Color]",button,4
D:\Project\BankaUygulamasi-master\BankaUygulamasi-master\src\gui\ayarlar\ButtonAyarlari.java,gui.ayarlar.ButtonAyarlari,"setBgFg/3[javax.swing.JButton,java.awt.Color,java.awt.Color]",fgColor,1
D:\Project\BankaUygulamasi-master\BankaUygulamasi-master\src\gui\ayarlar\ButtonAyarlari.java,gui.ayarlar.ButtonAyarlari,"setBgFg/3[javax.swing.JButton,java.awt.Color,java.awt.Color]",bgColor,1
D:\Project\BankaUygulamasi-master\BankaUygulamasi-master\src\gui\ayarlar\ButtonAyarlari.java,gui.ayarlar.ButtonAyarlari,setOriginalBgFg/1[javax.swing.JButton],button,2
D:\Project\BankaUygulamasi-master\BankaUygulamasi-master\src\database\transactions\KullaniciBasvuru.java,database.transactions.KullaniciBasvuru,setGuvenlikSorusu/1[java.lang.String],guvenlikSorusu,2
D:\Project\BankaUygulamasi-master\BankaUygulamasi-master\src\database\transactions\KullaniciBasvuru.java,database.transactions.KullaniciBasvuru,tcNoTablodaVarMi/0,rs,1
D:\Project\BankaUygulamasi-master\BankaUygulamasi-master\src\database\transactions\KullaniciBasvuru.java,database.transactions.KullaniciBasvuru,tcNoTablodaVarMi/0,ex,1
D:\Project\BankaUygulamasi-master\BankaUygulamasi-master\src\database\transactions\KullaniciBasvuru.java,database.transactions.KullaniciBasvuru,tcNoTablodaVarMi/0,query,1
D:\Project\BankaUygulamasi-master\BankaUygulamasi-master\src\database\transactions\KullaniciBasvuru.java,database.transactions.KullaniciBasvuru,setSifre/1[java.lang.String],sifre,2
D:\Project\BankaUygulamasi-master\BankaUygulamasi-master\src\database\transactions\KullaniciBasvuru.java,database.transactions.KullaniciBasvuru,setMusteriNo/1[java.lang.String],musteriNo,2
D:\Project\BankaUygulamasi-master\BankaUygulamasi-master\src\database\transactions\KullaniciBasvuru.java,database.transactions.KullaniciBasvuru,musteriNoTablodaVarMi/0,rs,1
D:\Project\BankaUygulamasi-master\BankaUygulamasi-master\src\database\transactions\KullaniciBasvuru.java,database.transactions.KullaniciBasvuru,musteriNoTablodaVarMi/0,ex,1
D:\Project\BankaUygulamasi-master\BankaUygulamasi-master\src\database\transactions\KullaniciBasvuru.java,database.transactions.KullaniciBasvuru,musteriNoTablodaVarMi/0,query,1
D:\Project\BankaUygulamasi-master\BankaUygulamasi-master\src\database\transactions\KullaniciBasvuru.java,database.transactions.KullaniciBasvuru,setGuvenlikCevap/1[java.lang.String],guvenlikCevap,2
D:\Project\BankaUygulamasi-master\BankaUygulamasi-master\src\database\transactions\KullaniciBasvuru.java,database.transactions.KullaniciBasvuru,setTcNo/1[java.lang.String],tcNo,2
D:\Project\BankaUygulamasi-master\BankaUygulamasi-master\src\database\transactions\KullaniciBasvuru.java,database.transactions.KullaniciBasvuru,basvuruyuOnayla/0,ex,1
D:\Project\BankaUygulamasi-master\BankaUygulamasi-master\src\database\transactions\KullaniciBasvuru.java,database.transactions.KullaniciBasvuru,basvuruyuOnayla/0,query,1
D:\Project\BankaUygulamasi-master\BankaUygulamasi-master\src\database\transactions\KullaniciBasvuru.java,database.transactions.KullaniciBasvuru,setAdSoyad/1[java.lang.String],adSoyad,2
D:\Project\BankaUygulamasi-master\BankaUygulamasi-master\src\database\transactions\KullaniciBasvuru.java,database.transactions.KullaniciBasvuru,setTelNo/1[java.lang.String],telNo,2
D:\Project\BankaUygulamasi-master\BankaUygulamasi-master\src\gui\HavaleEkrani.java,gui.HavaleEkrani,musteriNoTextFocusLost/1[java.awt.event.FocusEvent],evt,0
D:\Project\BankaUygulamasi-master\BankaUygulamasi-master\src\gui\HavaleEkrani.java,gui.HavaleEkrani,initComponents/0,layout,5
D:\Project\BankaUygulamasi-master\BankaUygulamasi-master\src\gui\HavaleEkrani.java,gui.HavaleEkrani,initComponents/0,havaleEkraniPanelLayout,22
D:\Project\BankaUygulamasi-master\BankaUygulamasi-master\src\gui\HavaleEkrani.java,gui.HavaleEkrani,main/1[java.lang.String[]],args,0
D:\Project\BankaUygulamasi-master\BankaUygulamasi-master\src\gui\HavaleEkrani.java,gui.HavaleEkrani,main/1[java.lang.String[]],ex,7
D:\Project\BankaUygulamasi-master\BankaUygulamasi-master\src\gui\HavaleEkrani.java,gui.HavaleEkrani,main/1[java.lang.String[]],info,2
D:\Project\BankaUygulamasi-master\BankaUygulamasi-master\src\gui\HavaleEkrani.java,gui.HavaleEkrani,geriIconMouseClicked/1[java.awt.event.MouseEvent],evt,0
D:\Project\BankaUygulamasi-master\BankaUygulamasi-master\src\gui\HavaleEkrani.java,gui.HavaleEkrani,havaleButtonActionPerformed/1[java.awt.event.ActionEvent],evt,0
D:\Project\BankaUygulamasi-master\BankaUygulamasi-master\src\gui\HavaleEkrani.java,gui.HavaleEkrani,musteriNoTextFocusGained/1[java.awt.event.FocusEvent],evt,0
D:\Project\BankaUygulamasi-master\BankaUygulamasi-master\src\gui\HavaleEkrani.java,gui.HavaleEkrani,gonderilecekMiktarTextKeyReleased/1[java.awt.event.KeyEvent],evt,0
D:\Project\BankaUygulamasi-master\BankaUygulamasi-master\src\gui\OdemelerEkrani.java,gui.OdemelerEkrani,setBgFg/1[java.awt.Component],c,1
D:\Project\BankaUygulamasi-master\BankaUygulamasi-master\src\gui\OdemelerEkrani.java,gui.OdemelerEkrani,geriIconMouseClicked/1[java.awt.event.MouseEvent],evt,0
D:\Project\BankaUygulamasi-master\BankaUygulamasi-master\src\gui\OdemelerEkrani.java,gui.OdemelerEkrani,elektrikOdeButtonMouseExited/1[java.awt.event.MouseEvent],evt,1
D:\Project\BankaUygulamasi-master\BankaUygulamasi-master\src\gui\OdemelerEkrani.java,gui.OdemelerEkrani,faturaOncedenOdenmisMi/1[double],odenecekTutar,1
D:\Project\BankaUygulamasi-master\BankaUygulamasi-master\src\gui\OdemelerEkrani.java,gui.OdemelerEkrani,dogalgazOdeButtonMouseEntered/1[java.awt.event.MouseEvent],evt,1
D:\Project\BankaUygulamasi-master\BankaUygulamasi-master\src\gui\OdemelerEkrani.java,gui.OdemelerEkrani,initComponents/0,layout,5
D:\Project\BankaUygulamasi-master\BankaUygulamasi-master\src\gui\OdemelerEkrani.java,gui.OdemelerEkrani,initComponents/0,odemelerEkraniPanelLayout,21
D:\Project\BankaUygulamasi-master\BankaUygulamasi-master\src\gui\OdemelerEkrani.java,gui.OdemelerEkrani,internetOdeButtonMouseEntered/1[java.awt.event.MouseEvent],evt,1
D:\Project\BankaUygulamasi-master\BankaUygulamasi-master\src\gui\OdemelerEkrani.java,gui.OdemelerEkrani,internetOdeButtonMouseExited/1[java.awt.event.MouseEvent],evt,1
D:\Project\BankaUygulamasi-master\BankaUygulamasi-master\src\gui\OdemelerEkrani.java,gui.OdemelerEkrani,suOdeButtonMouseExited/1[java.awt.event.MouseEvent],evt,1
D:\Project\BankaUygulamasi-master\BankaUygulamasi-master\src\gui\OdemelerEkrani.java,gui.OdemelerEkrani,suOdeButtonActionPerformed/1[java.awt.event.ActionEvent],evt,0
D:\Project\BankaUygulamasi-master\BankaUygulamasi-master\src\gui\OdemelerEkrani.java,gui.OdemelerEkrani,suOdeButtonActionPerformed/1[java.awt.event.ActionEvent],suTutari,2
D:\Project\BankaUygulamasi-master\BankaUygulamasi-master\src\gui\OdemelerEkrani.java,gui.OdemelerEkrani,main/1[java.lang.String[]],args,0
D:\Project\BankaUygulamasi-master\BankaUygulamasi-master\src\gui\OdemelerEkrani.java,gui.OdemelerEkrani,main/1[java.lang.String[]],ex,7
D:\Project\BankaUygulamasi-master\BankaUygulamasi-master\src\gui\OdemelerEkrani.java,gui.OdemelerEkrani,main/1[java.lang.String[]],info,2
D:\Project\BankaUygulamasi-master\BankaUygulamasi-master\src\gui\OdemelerEkrani.java,gui.OdemelerEkrani,"faturayiOde/2[java.lang.String,double]",faturaIsmi,1
D:\Project\BankaUygulamasi-master\BankaUygulamasi-master\src\gui\OdemelerEkrani.java,gui.OdemelerEkrani,"faturayiOde/2[java.lang.String,double]",faturaTutari,1
D:\Project\BankaUygulamasi-master\BankaUygulamasi-master\src\gui\OdemelerEkrani.java,gui.OdemelerEkrani,suOdeButtonMouseEntered/1[java.awt.event.MouseEvent],evt,1
D:\Project\BankaUygulamasi-master\BankaUygulamasi-master\src\gui\OdemelerEkrani.java,gui.OdemelerEkrani,elektrikOdeButtonActionPerformed/1[java.awt.event.ActionEvent],evt,0
D:\Project\BankaUygulamasi-master\BankaUygulamasi-master\src\gui\OdemelerEkrani.java,gui.OdemelerEkrani,elektrikOdeButtonActionPerformed/1[java.awt.event.ActionEvent],elektrikTutari,2
D:\Project\BankaUygulamasi-master\BankaUygulamasi-master\src\gui\OdemelerEkrani.java,gui.OdemelerEkrani,elektrikOdeButtonMouseEntered/1[java.awt.event.MouseEvent],evt,1
D:\Project\BankaUygulamasi-master\BankaUygulamasi-master\src\gui\OdemelerEkrani.java,gui.OdemelerEkrani,internetOdeButtonActionPerformed/1[java.awt.event.ActionEvent],evt,0
D:\Project\BankaUygulamasi-master\BankaUygulamasi-master\src\gui\OdemelerEkrani.java,gui.OdemelerEkrani,internetOdeButtonActionPerformed/1[java.awt.event.ActionEvent],internetTutari,2
D:\Project\BankaUygulamasi-master\BankaUygulamasi-master\src\gui\OdemelerEkrani.java,gui.OdemelerEkrani,dogalgazOdeButtonMouseExited/1[java.awt.event.MouseEvent],evt,1
D:\Project\BankaUygulamasi-master\BankaUygulamasi-master\src\gui\OdemelerEkrani.java,gui.OdemelerEkrani,dogalgazOdeButtonActionPerformed/1[java.awt.event.ActionEvent],evt,0
D:\Project\BankaUygulamasi-master\BankaUygulamasi-master\src\gui\OdemelerEkrani.java,gui.OdemelerEkrani,dogalgazOdeButtonActionPerformed/1[java.awt.event.ActionEvent],dogalgazTutari,2
D:\Project\BankaUygulamasi-master\BankaUygulamasi-master\src\gui\ayarlar\Dialogs.java,gui.ayarlar.Dialogs,"onayMesajiGoster/2[javax.swing.JFrame,java.lang.String]",optionType,2
D:\Project\BankaUygulamasi-master\BankaUygulamasi-master\src\gui\ayarlar\Dialogs.java,gui.ayarlar.Dialogs,"onayMesajiGoster/2[javax.swing.JFrame,java.lang.String]",message,1
D:\Project\BankaUygulamasi-master\BankaUygulamasi-master\src\gui\ayarlar\Dialogs.java,gui.ayarlar.Dialogs,"onayMesajiGoster/2[javax.swing.JFrame,java.lang.String]",selected,1
D:\Project\BankaUygulamasi-master\BankaUygulamasi-master\src\gui\ayarlar\Dialogs.java,gui.ayarlar.Dialogs,"onayMesajiGoster/2[javax.swing.JFrame,java.lang.String]",frame,1
D:\Project\BankaUygulamasi-master\BankaUygulamasi-master\src\gui\ayarlar\Dialogs.java,gui.ayarlar.Dialogs,bosOlamazMesajiGoster/1[javax.swing.JFrame],frame,1
D:\Project\BankaUygulamasi-master\BankaUygulamasi-master\src\gui\ayarlar\Dialogs.java,gui.ayarlar.Dialogs,"ozelMesajGoster/2[javax.swing.JFrame,java.lang.String]",message,1
D:\Project\BankaUygulamasi-master\BankaUygulamasi-master\src\gui\ayarlar\Dialogs.java,gui.ayarlar.Dialogs,"ozelMesajGoster/2[javax.swing.JFrame,java.lang.String]",frame,1
D:\Project\BankaUygulamasi-master\BankaUygulamasi-master\src\gui\OdemelerEkrani.java,gui.OdemelerEkrani$Anonymous9,actionPerformed/1[java.awt.event.ActionEvent],evt,1
D:\Project\BankaUygulamasi-master\BankaUygulamasi-master\src\gui\OdemelerEkrani.java,gui.OdemelerEkrani$Anonymous5,actionPerformed/1[java.awt.event.ActionEvent],evt,1
D:\Project\BankaUygulamasi-master\BankaUygulamasi-master\src\gui\BasvuruEkrani.java,gui.BasvuruEkrani,randomMusteriNoAl/0,musteriNo,2
D:\Project\BankaUygulamasi-master\BankaUygulamasi-master\src\gui\BasvuruEkrani.java,gui.BasvuruEkrani,basvurButtonMouseExited/1[java.awt.event.MouseEvent],evt,0
D:\Project\BankaUygulamasi-master\BankaUygulamasi-master\src\gui\BasvuruEkrani.java,gui.BasvuruEkrani,initComponents/0,layout,5
D:\Project\BankaUygulamasi-master\BankaUygulamasi-master\src\gui\BasvuruEkrani.java,gui.BasvuruEkrani,initComponents/0,basvuruEkraniPanelLayout,26
D:\Project\BankaUygulamasi-master\BankaUygulamasi-master\src\gui\BasvuruEkrani.java,gui.BasvuruEkrani,basvurButtonActionPerformed/1[java.awt.event.ActionEvent],evt,0
D:\Project\BankaUygulamasi-master\BankaUygulamasi-master\src\gui\BasvuruEkrani.java,gui.BasvuruEkrani,randomSifreAl/0,sifre,2
D:\Project\BankaUygulamasi-master\BankaUygulamasi-master\src\gui\BasvuruEkrani.java,gui.BasvuruEkrani,main/1[java.lang.String[]],args,0
D:\Project\BankaUygulamasi-master\BankaUygulamasi-master\src\gui\BasvuruEkrani.java,gui.BasvuruEkrani,main/1[java.lang.String[]],ex,7
D:\Project\BankaUygulamasi-master\BankaUygulamasi-master\src\gui\BasvuruEkrani.java,gui.BasvuruEkrani,main/1[java.lang.String[]],info,2
D:\Project\BankaUygulamasi-master\BankaUygulamasi-master\src\gui\BasvuruEkrani.java,gui.BasvuruEkrani,basvurButtonMouseEntered/1[java.awt.event.MouseEvent],evt,0
D:\Project\BankaUygulamasi-master\BankaUygulamasi-master\src\gui\BasvuruEkrani.java,gui.BasvuruEkrani,geriIconMouseClicked/1[java.awt.event.MouseEvent],evt,0
D:\Project\BankaUygulamasi-master\BankaUygulamasi-master\src\gui\OdemelerEkrani.java,gui.OdemelerEkrani$Anonymous6,mouseExited/1[java.awt.event.MouseEvent],evt,1
D:\Project\BankaUygulamasi-master\BankaUygulamasi-master\src\gui\OdemelerEkrani.java,gui.OdemelerEkrani$Anonymous6,mouseEntered/1[java.awt.event.MouseEvent],evt,1
D:\Project\BankaUygulamasi-master\BankaUygulamasi-master\src\gui\AyarlarEkrani.java,gui.AyarlarEkrani$Anonymous1,mouseClicked/1[java.awt.event.MouseEvent],evt,1
D:\Project\BankaUygulamasi-master\BankaUygulamasi-master\src\gui\OdemelerEkrani.java,gui.OdemelerEkrani$Anonymous7,actionPerformed/1[java.awt.event.ActionEvent],evt,1
D:\Project\BankaUygulamasi-master\BankaUygulamasi-master\src\gui\OdemelerEkrani.java,gui.OdemelerEkrani$Anonymous8,mouseEntered/1[java.awt.event.MouseEvent],evt,1
D:\Project\BankaUygulamasi-master\BankaUygulamasi-master\src\gui\OdemelerEkrani.java,gui.OdemelerEkrani$Anonymous8,mouseExited/1[java.awt.event.MouseEvent],evt,1
D:\Project\BankaUygulamasi-master\BankaUygulamasi-master\src\gui\AyarlarEkrani.java,gui.AyarlarEkrani$Anonymous3,mouseClicked/1[java.awt.event.MouseEvent],evt,1
D:\Project\BankaUygulamasi-master\BankaUygulamasi-master\src\gui\OdemelerEkrani.java,gui.OdemelerEkrani$Anonymous1,mouseClicked/1[java.awt.event.MouseEvent],evt,1
D:\Project\BankaUygulamasi-master\BankaUygulamasi-master\src\gui\SifreYenilemeEkrani.java,gui.SifreYenilemeEkrani$Anonymous3,actionPerformed/1[java.awt.event.ActionEvent],evt,1
D:\Project\BankaUygulamasi-master\BankaUygulamasi-master\src\gui\AyarlarEkrani.java,gui.AyarlarEkrani$Anonymous2,mouseClicked/1[java.awt.event.MouseEvent],evt,1
D:\Project\BankaUygulamasi-master\BankaUygulamasi-master\src\gui\HesapEkrani.java,gui.HesapEkrani,odemelerButtonMouseExited/1[java.awt.event.MouseEvent],evt,1
D:\Project\BankaUygulamasi-master\BankaUygulamasi-master\src\gui\HesapEkrani.java,gui.HesapEkrani,paraCekButtonMouseEntered/1[java.awt.event.MouseEvent],evt,1
D:\Project\BankaUygulamasi-master\BankaUygulamasi-master\src\gui\HesapEkrani.java,gui.HesapEkrani,paraYatirButtonMouseEntered/1[java.awt.event.MouseEvent],evt,1
D:\Project\BankaUygulamasi-master\BankaUygulamasi-master\src\gui\HesapEkrani.java,gui.HesapEkrani,paraCekButtonActionPerformed/1[java.awt.event.ActionEvent],evt,0
D:\Project\BankaUygulamasi-master\BankaUygulamasi-master\src\gui\HesapEkrani.java,gui.HesapEkrani,settingsIconMouseClicked/1[java.awt.event.MouseEvent],evt,0
D:\Project\BankaUygulamasi-master\BankaUygulamasi-master\src\gui\HesapEkrani.java,gui.HesapEkrani,havaleButtonActionPerformed/1[java.awt.event.ActionEvent],evt,0
D:\Project\BankaUygulamasi-master\BankaUygulamasi-master\src\gui\HesapEkrani.java,gui.HesapEkrani,logoutIconMouseClicked/1[java.awt.event.MouseEvent],evt,0
D:\Project\BankaUygulamasi-master\BankaUygulamasi-master\src\gui\HesapEkrani.java,gui.HesapEkrani,logoutIconMouseClicked/1[java.awt.event.MouseEvent],question,1
D:\Project\BankaUygulamasi-master\BankaUygulamasi-master\src\gui\HesapEkrani.java,gui.HesapEkrani,paraYatirButtonMouseExited/1[java.awt.event.MouseEvent],evt,1
D:\Project\BankaUygulamasi-master\BankaUygulamasi-master\src\gui\HesapEkrani.java,gui.HesapEkrani,main/1[java.lang.String[]],args,0
D:\Project\BankaUygulamasi-master\BankaUygulamasi-master\src\gui\HesapEkrani.java,gui.HesapEkrani,main/1[java.lang.String[]],ex,7
D:\Project\BankaUygulamasi-master\BankaUygulamasi-master\src\gui\HesapEkrani.java,gui.HesapEkrani,main/1[java.lang.String[]],info,2
D:\Project\BankaUygulamasi-master\BankaUygulamasi-master\src\gui\HesapEkrani.java,gui.HesapEkrani,odemelerButtonMouseEntered/1[java.awt.event.MouseEvent],evt,1
D:\Project\BankaUygulamasi-master\BankaUygulamasi-master\src\gui\HesapEkrani.java,gui.HesapEkrani,setBgFg/1[java.awt.Component],c,1
D:\Project\BankaUygulamasi-master\BankaUygulamasi-master\src\gui\HesapEkrani.java,gui.HesapEkrani,paraCekButtonMouseExited/1[java.awt.event.MouseEvent],evt,1
D:\Project\BankaUygulamasi-master\BankaUygulamasi-master\src\gui\HesapEkrani.java,gui.HesapEkrani,havaleButtonMouseExited/1[java.awt.event.MouseEvent],evt,1
D:\Project\BankaUygulamasi-master\BankaUygulamasi-master\src\gui\HesapEkrani.java,gui.HesapEkrani,havaleButtonMouseEntered/1[java.awt.event.MouseEvent],evt,1
D:\Project\BankaUygulamasi-master\BankaUygulamasi-master\src\gui\HesapEkrani.java,gui.HesapEkrani,paraYatirButtonActionPerformed/1[java.awt.event.ActionEvent],evt,0
D:\Project\BankaUygulamasi-master\BankaUygulamasi-master\src\gui\HesapEkrani.java,gui.HesapEkrani,odemelerButtonActionPerformed/1[java.awt.event.ActionEvent],evt,0
D:\Project\BankaUygulamasi-master\BankaUygulamasi-master\src\gui\HesapEkrani.java,gui.HesapEkrani,initComponents/0,layout,5
D:\Project\BankaUygulamasi-master\BankaUygulamasi-master\src\gui\HesapEkrani.java,gui.HesapEkrani,initComponents/0,hesapEkraniPanelLayout,23
D:\Project\BankaUygulamasi-master\BankaUygulamasi-master\src\gui\OdemelerEkrani.java,gui.OdemelerEkrani$Anonymous2,mouseExited/1[java.awt.event.MouseEvent],evt,1
D:\Project\BankaUygulamasi-master\BankaUygulamasi-master\src\gui\OdemelerEkrani.java,gui.OdemelerEkrani$Anonymous2,mouseEntered/1[java.awt.event.MouseEvent],evt,1
D:\Project\BankaUygulamasi-master\BankaUygulamasi-master\src\gui\OdemelerEkrani.java,gui.OdemelerEkrani$Anonymous3,actionPerformed/1[java.awt.event.ActionEvent],evt,1
D:\Project\BankaUygulamasi-master\BankaUygulamasi-master\src\gui\SifreYenilemeEkrani.java,gui.SifreYenilemeEkrani$Anonymous1,mouseClicked/1[java.awt.event.MouseEvent],evt,1
D:\Project\BankaUygulamasi-master\BankaUygulamasi-master\src\gui\OdemelerEkrani.java,gui.OdemelerEkrani$Anonymous4,mouseEntered/1[java.awt.event.MouseEvent],evt,1
D:\Project\BankaUygulamasi-master\BankaUygulamasi-master\src\gui\OdemelerEkrani.java,gui.OdemelerEkrani$Anonymous4,mouseExited/1[java.awt.event.MouseEvent],evt,1
D:\Project\BankaUygulamasi-master\BankaUygulamasi-master\src\gui\SifreYenilemeEkrani.java,gui.SifreYenilemeEkrani$Anonymous2,mouseExited/1[java.awt.event.MouseEvent],evt,1
D:\Project\BankaUygulamasi-master\BankaUygulamasi-master\src\gui\SifreYenilemeEkrani.java,gui.SifreYenilemeEkrani$Anonymous2,mouseEntered/1[java.awt.event.MouseEvent],evt,1
D:\Project\BankaUygulamasi-master\BankaUygulamasi-master\src\gui\ParaYatirmaEkrani.java,gui.ParaYatirmaEkrani$Anonymous3,mouseClicked/1[java.awt.event.MouseEvent],evt,1
D:\Project\BankaUygulamasi-master\BankaUygulamasi-master\src\gui\ParaCekmeEkrani.java,gui.ParaCekmeEkrani,paraCekButtonActionPerformed/1[java.awt.event.ActionEvent],evt,0
D:\Project\BankaUygulamasi-master\BankaUygulamasi-master\src\gui\ParaCekmeEkrani.java,gui.ParaCekmeEkrani,geriIconMouseClicked/1[java.awt.event.MouseEvent],evt,0
D:\Project\BankaUygulamasi-master\BankaUygulamasi-master\src\gui\ParaCekmeEkrani.java,gui.ParaCekmeEkrani,main/1[java.lang.String[]],args,0
D:\Project\BankaUygulamasi-master\BankaUygulamasi-master\src\gui\ParaCekmeEkrani.java,gui.ParaCekmeEkrani,main/1[java.lang.String[]],ex,7
D:\Project\BankaUygulamasi-master\BankaUygulamasi-master\src\gui\ParaCekmeEkrani.java,gui.ParaCekmeEkrani,main/1[java.lang.String[]],info,2
D:\Project\BankaUygulamasi-master\BankaUygulamasi-master\src\gui\ParaCekmeEkrani.java,gui.ParaCekmeEkrani,initComponents/0,layout,5
D:\Project\BankaUygulamasi-master\BankaUygulamasi-master\src\gui\ParaCekmeEkrani.java,gui.ParaCekmeEkrani,initComponents/0,paraCekmeEkraniPanelLayout,21
D:\Project\BankaUygulamasi-master\BankaUygulamasi-master\src\gui\ParaCekmeEkrani.java,gui.ParaCekmeEkrani,cekilecekMiktarTextKeyReleased/1[java.awt.event.KeyEvent],evt,0
D:\Project\BankaUygulamasi-master\BankaUygulamasi-master\src\gui\ParaYatirmaEkrani.java,gui.ParaYatirmaEkrani$Anonymous2,actionPerformed/1[java.awt.event.ActionEvent],evt,1
D:\Project\BankaUygulamasi-master\BankaUygulamasi-master\src\database\transactions\FaturaOdemeleri.java,database.transactions.FaturaOdemeleri,setFaturaTutari/1[double],faturaTutari,2
D:\Project\BankaUygulamasi-master\BankaUygulamasi-master\src\database\transactions\FaturaOdemeleri.java,database.transactions.FaturaOdemeleri,bakiyeAzalt/0,ex,1
D:\Project\BankaUygulamasi-master\BankaUygulamasi-master\src\database\transactions\FaturaOdemeleri.java,database.transactions.FaturaOdemeleri,bakiyeAzalt/0,query,1
D:\Project\BankaUygulamasi-master\BankaUygulamasi-master\src\database\transactions\FaturaOdemeleri.java,database.transactions.FaturaOdemeleri,faturaOdendiMi/0,ex,1
D:\Project\BankaUygulamasi-master\BankaUygulamasi-master\src\database\transactions\FaturaOdemeleri.java,database.transactions.FaturaOdemeleri,faturaOdendiMi/0,query,1
D:\Project\BankaUygulamasi-master\BankaUygulamasi-master\src\database\transactions\FaturaOdemeleri.java,database.transactions.FaturaOdemeleri,setFaturaIsmi/1[java.lang.String],faturaIsmi,2
D:\Project\BankaUygulamasi-master\BankaUygulamasi-master\src\gui\ParaYatirmaEkrani.java,gui.ParaYatirmaEkrani$Anonymous1,keyReleased/1[java.awt.event.KeyEvent],evt,1
D:\Project\BankaUygulamasi-master\BankaUygulamasi-master\src\database\transactions\TelNoYenileme.java,database.transactions.TelNoYenileme,setTelNo/1[java.lang.String],telNo,2
D:\Project\BankaUygulamasi-master\BankaUygulamasi-master\src\database\transactions\TelNoYenileme.java,database.transactions.TelNoYenileme,telNoYenilendiMi/0,ex,1
D:\Project\BankaUygulamasi-master\BankaUygulamasi-master\src\database\transactions\TelNoYenileme.java,database.transactions.TelNoYenileme,telNoYenilendiMi/0,query,1
D:\Project\BankaUygulamasi-master\BankaUygulamasi-master\src\gui\HavaleEkrani.java,gui.HavaleEkrani$Anonymous4,focusLost/1[java.awt.event.FocusEvent],evt,1
D:\Project\BankaUygulamasi-master\BankaUygulamasi-master\src\gui\HavaleEkrani.java,gui.HavaleEkrani$Anonymous4,focusGained/1[java.awt.event.FocusEvent],evt,1
D:\Project\BankaUygulamasi-master\BankaUygulamasi-master\src\gui\HavaleEkrani.java,gui.HavaleEkrani$Anonymous3,mouseClicked/1[java.awt.event.MouseEvent],evt,1
D:\Project\BankaUygulamasi-master\BankaUygulamasi-master\src\gui\HavaleEkrani.java,gui.HavaleEkrani$Anonymous2,actionPerformed/1[java.awt.event.ActionEvent],evt,1
D:\Project\BankaUygulamasi-master\BankaUygulamasi-master\src\gui\HavaleEkrani.java,gui.HavaleEkrani$Anonymous1,keyReleased/1[java.awt.event.KeyEvent],evt,1
D:\Project\BankaUygulamasi-master\BankaUygulamasi-master\src\gui\ParaYatirmaEkrani.java,gui.ParaYatirmaEkrani,paraYatirButtonActionPerformed/1[java.awt.event.ActionEvent],evt,0
D:\Project\BankaUygulamasi-master\BankaUygulamasi-master\src\gui\ParaYatirmaEkrani.java,gui.ParaYatirmaEkrani,initComponents/0,layout,5
D:\Project\BankaUygulamasi-master\BankaUygulamasi-master\src\gui\ParaYatirmaEkrani.java,gui.ParaYatirmaEkrani,initComponents/0,paraYatirmaEkraniPanelLayout,21
D:\Project\BankaUygulamasi-master\BankaUygulamasi-master\src\gui\ParaYatirmaEkrani.java,gui.ParaYatirmaEkrani,yatirilacakMiktarTextKeyReleased/1[java.awt.event.KeyEvent],evt,0
D:\Project\BankaUygulamasi-master\BankaUygulamasi-master\src\gui\ParaYatirmaEkrani.java,gui.ParaYatirmaEkrani,main/1[java.lang.String[]],args,0
D:\Project\BankaUygulamasi-master\BankaUygulamasi-master\src\gui\ParaYatirmaEkrani.java,gui.ParaYatirmaEkrani,main/1[java.lang.String[]],ex,7
D:\Project\BankaUygulamasi-master\BankaUygulamasi-master\src\gui\ParaYatirmaEkrani.java,gui.ParaYatirmaEkrani,main/1[java.lang.String[]],info,2
D:\Project\BankaUygulamasi-master\BankaUygulamasi-master\src\gui\ParaYatirmaEkrani.java,gui.ParaYatirmaEkrani,geriIconMouseClicked/1[java.awt.event.MouseEvent],evt,0
D:\Project\BankaUygulamasi-master\BankaUygulamasi-master\src\gui\SifreYenilemeEkrani.java,gui.SifreYenilemeEkrani,sifreyiYenileButtonMouseEntered/1[java.awt.event.MouseEvent],evt,0
D:\Project\BankaUygulamasi-master\BankaUygulamasi-master\src\gui\SifreYenilemeEkrani.java,gui.SifreYenilemeEkrani,geriIcon2MouseClicked/1[java.awt.event.MouseEvent],evt,0
D:\Project\BankaUygulamasi-master\BankaUygulamasi-master\src\gui\SifreYenilemeEkrani.java,gui.SifreYenilemeEkrani,sifreyiYenileButtonMouseExited/1[java.awt.event.MouseEvent],evt,0
D:\Project\BankaUygulamasi-master\BankaUygulamasi-master\src\gui\SifreYenilemeEkrani.java,gui.SifreYenilemeEkrani,initComponents/0,layout,5
D:\Project\BankaUygulamasi-master\BankaUygulamasi-master\src\gui\SifreYenilemeEkrani.java,gui.SifreYenilemeEkrani,initComponents/0,sifreYenilemePanelLayout,26
D:\Project\BankaUygulamasi-master\BankaUygulamasi-master\src\gui\SifreYenilemeEkrani.java,gui.SifreYenilemeEkrani,sifreyiYenileButtonActionPerformed/1[java.awt.event.ActionEvent],evt,0
D:\Project\BankaUygulamasi-master\BankaUygulamasi-master\src\gui\SifreYenilemeEkrani.java,gui.SifreYenilemeEkrani,main/1[java.lang.String[]],args,0
D:\Project\BankaUygulamasi-master\BankaUygulamasi-master\src\gui\SifreYenilemeEkrani.java,gui.SifreYenilemeEkrani,main/1[java.lang.String[]],ex,7
D:\Project\BankaUygulamasi-master\BankaUygulamasi-master\src\gui\SifreYenilemeEkrani.java,gui.SifreYenilemeEkrani,main/1[java.lang.String[]],info,2
D:\Project\BankaUygulamasi-master\BankaUygulamasi-master\src\gui\SifreYenilemeEkrani.java,gui.SifreYenilemeEkrani,sifreyiYenile/0,yeniSifre,1
D:\Project\BankaUygulamasi-master\BankaUygulamasi-master\src\gui\SifreYenilemeEkrani.java,gui.SifreYenilemeEkrani,sifreyiYenile/0,yeniSifreTekrar,1
D:\Project\BankaUygulamasi-master\BankaUygulamasi-master\src\gui\ayarlar\IconAyarlari.java,gui.ayarlar.IconAyarlari,"changeIcon/2[javax.swing.JLabel,java.lang.String]",fileName,1
D:\Project\BankaUygulamasi-master\BankaUygulamasi-master\src\gui\ayarlar\IconAyarlari.java,gui.ayarlar.IconAyarlari,"changeIcon/2[javax.swing.JLabel,java.lang.String]",label,2
D:\Project\BankaUygulamasi-master\BankaUygulamasi-master\src\gui\ayarlar\IconAyarlari.java,gui.ayarlar.IconAyarlari,setOriginalIcon/1[javax.swing.JLabel],label,1
D:\Project\BankaUygulamasi-master\BankaUygulamasi-master\src\database\transactions\Havale.java,database.transactions.Havale,setHavaleAlacakKisi/1[java.lang.String],havaleAlacakKisi,2
D:\Project\BankaUygulamasi-master\BankaUygulamasi-master\src\database\transactions\Havale.java,database.transactions.Havale,setGonderilecekMiktar/1[int],gonderilecekMiktar,2
D:\Project\BankaUygulamasi-master\BankaUygulamasi-master\src\database\transactions\Havale.java,database.transactions.Havale,havaleYapildiMi/0,ex,1
D:\Project\BankaUygulamasi-master\BankaUygulamasi-master\src\database\transactions\Havale.java,database.transactions.Havale,havaleYapildiMi/0,query,1
D:\Project\BankaUygulamasi-master\BankaUygulamasi-master\src\database\transactions\Havale.java,database.transactions.Havale,havaleYapildiMi/0,query2,1
D:\Project\BankaUygulamasi-master\BankaUygulamasi-master\src\gui\BasvuruEkrani.java,gui.BasvuruEkrani$Anonymous2,actionPerformed/1[java.awt.event.ActionEvent],evt,1
D:\Project\BankaUygulamasi-master\BankaUygulamasi-master\src\gui\GirisEkrani.java,gui.GirisEkrani$Anonymous6,actionPerformed/1[java.awt.event.ActionEvent],evt,1
D:\Project\BankaUygulamasi-master\BankaUygulamasi-master\src\gui\BasvuruEkrani.java,gui.BasvuruEkrani$Anonymous3,mouseClicked/1[java.awt.event.MouseEvent],evt,1
D:\Project\BankaUygulamasi-master\BankaUygulamasi-master\src\gui\GirisEkrani.java,gui.GirisEkrani$Anonymous7,mouseClicked/1[java.awt.event.MouseEvent],evt,1
D:\Project\BankaUygulamasi-master\BankaUygulamasi-master\src\gui\GirisEkrani.java,gui.GirisEkrani$Anonymous4,actionPerformed/1[java.awt.event.ActionEvent],evt,1
D:\Project\BankaUygulamasi-master\BankaUygulamasi-master\src\gui\BasvuruEkrani.java,gui.BasvuruEkrani$Anonymous1,mouseExited/1[java.awt.event.MouseEvent],evt,1
D:\Project\BankaUygulamasi-master\BankaUygulamasi-master\src\gui\BasvuruEkrani.java,gui.BasvuruEkrani$Anonymous1,mouseEntered/1[java.awt.event.MouseEvent],evt,1
D:\Project\BankaUygulamasi-master\BankaUygulamasi-master\src\gui\GirisEkrani.java,gui.GirisEkrani$Anonymous5,mouseExited/1[java.awt.event.MouseEvent],evt,1
D:\Project\BankaUygulamasi-master\BankaUygulamasi-master\src\gui\GirisEkrani.java,gui.GirisEkrani$Anonymous5,mouseEntered/1[java.awt.event.MouseEvent],evt,1
D:\Project\BankaUygulamasi-master\BankaUygulamasi-master\src\gui\GirisEkrani.java,gui.GirisEkrani$Anonymous2,focusLost/1[java.awt.event.FocusEvent],evt,1
D:\Project\BankaUygulamasi-master\BankaUygulamasi-master\src\gui\GirisEkrani.java,gui.GirisEkrani$Anonymous2,focusGained/1[java.awt.event.FocusEvent],evt,1
D:\Project\BankaUygulamasi-master\BankaUygulamasi-master\src\gui\GirisEkrani.java,gui.GirisEkrani$Anonymous3,mouseExited/1[java.awt.event.MouseEvent],evt,1
D:\Project\BankaUygulamasi-master\BankaUygulamasi-master\src\gui\GirisEkrani.java,gui.GirisEkrani$Anonymous3,mouseEntered/1[java.awt.event.MouseEvent],evt,1
D:\Project\BankaUygulamasi-master\BankaUygulamasi-master\src\gui\GirisEkrani.java,gui.GirisEkrani$Anonymous1,focusGained/1[java.awt.event.FocusEvent],evt,1
D:\Project\BankaUygulamasi-master\BankaUygulamasi-master\src\gui\GirisEkrani.java,gui.GirisEkrani$Anonymous1,focusLost/1[java.awt.event.FocusEvent],evt,1
D:\Project\BankaUygulamasi-master\BankaUygulamasi-master\src\gui\ayarlar\TextAyarlari.java,gui.ayarlar.TextAyarlari$Anonymous1,keyTyped/1[java.awt.event.KeyEvent],c,1
D:\Project\BankaUygulamasi-master\BankaUygulamasi-master\src\gui\ayarlar\TextAyarlari.java,gui.ayarlar.TextAyarlari$Anonymous1,keyTyped/1[java.awt.event.KeyEvent],e,2
D:\Project\BankaUygulamasi-master\BankaUygulamasi-master\src\gui\ParaCekmeEkrani.java,gui.ParaCekmeEkrani$Anonymous1,keyReleased/1[java.awt.event.KeyEvent],evt,1
D:\Project\BankaUygulamasi-master\BankaUygulamasi-master\src\gui\HesapEkrani.java,gui.HesapEkrani$Anonymous10,mouseClicked/1[java.awt.event.MouseEvent],evt,1
D:\Project\BankaUygulamasi-master\BankaUygulamasi-master\src\gui\ParaCekmeEkrani.java,gui.ParaCekmeEkrani$Anonymous2,actionPerformed/1[java.awt.event.ActionEvent],evt,1
D:\Project\BankaUygulamasi-master\BankaUygulamasi-master\src\gui\ayarlar\TextAyarlari.java,gui.ayarlar.TextAyarlari$Anonymous3,"insertString/3[int,java.lang.String,javax.swing.text.AttributeSet]",offs,1
D:\Project\BankaUygulamasi-master\BankaUygulamasi-master\src\gui\ayarlar\TextAyarlari.java,gui.ayarlar.TextAyarlari$Anonymous3,"insertString/3[int,java.lang.String,javax.swing.text.AttributeSet]",str,3
D:\Project\BankaUygulamasi-master\BankaUygulamasi-master\src\gui\ayarlar\TextAyarlari.java,gui.ayarlar.TextAyarlari$Anonymous3,"insertString/3[int,java.lang.String,javax.swing.text.AttributeSet]",a,1
D:\Project\BankaUygulamasi-master\BankaUygulamasi-master\src\gui\ayarlar\TextAyarlari.java,gui.ayarlar.TextAyarlari$Anonymous2,keyTyped/1[java.awt.event.KeyEvent],c,2
D:\Project\BankaUygulamasi-master\BankaUygulamasi-master\src\gui\ayarlar\TextAyarlari.java,gui.ayarlar.TextAyarlari$Anonymous2,keyTyped/1[java.awt.event.KeyEvent],e,2
D:\Project\BankaUygulamasi-master\BankaUygulamasi-master\src\database\transactions\KullaniciGiris.java,database.transactions.KullaniciGiris,girisBasariliMi/0,rs,1
D:\Project\BankaUygulamasi-master\BankaUygulamasi-master\src\database\transactions\KullaniciGiris.java,database.transactions.KullaniciGiris,girisBasariliMi/0,ex,1
D:\Project\BankaUygulamasi-master\BankaUygulamasi-master\src\database\transactions\KullaniciGiris.java,database.transactions.KullaniciGiris,girisBasariliMi/0,query,1
D:\Project\BankaUygulamasi-master\BankaUygulamasi-master\src\database\transactions\KullaniciGiris.java,database.transactions.KullaniciGiris,setSifre/1[java.lang.String],sifre,2
D:\Project\BankaUygulamasi-master\BankaUygulamasi-master\src\database\transactions\KullaniciGiris.java,database.transactions.KullaniciGiris,setMusteriKimlik/1[java.lang.String],musteriKimlik,2
D:\Project\BankaUygulamasi-master\BankaUygulamasi-master\src\gui\ParaCekmeEkrani.java,gui.ParaCekmeEkrani$Anonymous3,mouseClicked/1[java.awt.event.MouseEvent],evt,1
D:\Project\BankaUygulamasi-master\BankaUygulamasi-master\src\database\transactions\SifreYenileme.java,database.transactions.SifreYenileme,setGuvenlikCevap/1[java.lang.String],guvenlikCevap,2
D:\Project\BankaUygulamasi-master\BankaUygulamasi-master\src\database\transactions\SifreYenileme.java,database.transactions.SifreYenileme,setEskiSifre/1[java.lang.String],eskiSifre,2
D:\Project\BankaUygulamasi-master\BankaUygulamasi-master\src\database\transactions\SifreYenileme.java,database.transactions.SifreYenileme,sifreYenilendiMi/0,ex,1
D:\Project\BankaUygulamasi-master\BankaUygulamasi-master\src\database\transactions\SifreYenileme.java,database.transactions.SifreYenileme,sifreYenilendiMi/0,query,2
D:\Project\BankaUygulamasi-master\BankaUygulamasi-master\src\database\transactions\SifreYenileme.java,database.transactions.SifreYenileme,setTelNo/1[java.lang.String],telNo,2
D:\Project\BankaUygulamasi-master\BankaUygulamasi-master\src\database\transactions\SifreYenileme.java,database.transactions.SifreYenileme,setYeniSifre/1[java.lang.String],yeniSifre,2
D:\Project\BankaUygulamasi-master\BankaUygulamasi-master\src\database\transactions\SifreYenileme.java,database.transactions.SifreYenileme,setTcNo/1[java.lang.String],tcNo,2
D:\Project\BankaUygulamasi-master\BankaUygulamasi-master\src\gui\GirisEkrani.java,gui.GirisEkrani,girisButtonMouseEntered/1[java.awt.event.MouseEvent],evt,0
D:\Project\BankaUygulamasi-master\BankaUygulamasi-master\src\gui\GirisEkrani.java,gui.GirisEkrani,basvurButtonActionPerformed/1[java.awt.event.ActionEvent],evt,0
D:\Project\BankaUygulamasi-master\BankaUygulamasi-master\src\gui\GirisEkrani.java,gui.GirisEkrani,initComponents/0,layout,5
D:\Project\BankaUygulamasi-master\BankaUygulamasi-master\src\gui\GirisEkrani.java,gui.GirisEkrani,initComponents/0,girisEkraniPanelLayout,12
D:\Project\BankaUygulamasi-master\BankaUygulamasi-master\src\gui\GirisEkrani.java,gui.GirisEkrani,girisButtonMouseExited/1[java.awt.event.MouseEvent],evt,0
D:\Project\BankaUygulamasi-master\BankaUygulamasi-master\src\gui\GirisEkrani.java,gui.GirisEkrani,sifreTextFocusLost/1[java.awt.event.FocusEvent],evt,0
D:\Project\BankaUygulamasi-master\BankaUygulamasi-master\src\gui\GirisEkrani.java,gui.GirisEkrani,basvurButtonMouseExited/1[java.awt.event.MouseEvent],evt,0
D:\Project\BankaUygulamasi-master\BankaUygulamasi-master\src\gui\GirisEkrani.java,gui.GirisEkrani,"girisYap/2[java.lang.String,java.lang.String]",sifre,1
D:\Project\BankaUygulamasi-master\BankaUygulamasi-master\src\gui\GirisEkrani.java,gui.GirisEkrani,"girisYap/2[java.lang.String,java.lang.String]",musteriKimlik,1
D:\Project\BankaUygulamasi-master\BankaUygulamasi-master\src\gui\GirisEkrani.java,gui.GirisEkrani,sifremiUnuttumLabelMouseClicked/1[java.awt.event.MouseEvent],evt,0
D:\Project\BankaUygulamasi-master\BankaUygulamasi-master\src\gui\GirisEkrani.java,gui.GirisEkrani,kimlikTextFocusLost/1[java.awt.event.FocusEvent],evt,0
D:\Project\BankaUygulamasi-master\BankaUygulamasi-master\src\gui\GirisEkrani.java,gui.GirisEkrani,girisButtonActionPerformed/1[java.awt.event.ActionEvent],evt,0
D:\Project\BankaUygulamasi-master\BankaUygulamasi-master\src\gui\GirisEkrani.java,gui.GirisEkrani,girisButtonActionPerformed/1[java.awt.event.ActionEvent],sifre,1
D:\Project\BankaUygulamasi-master\BankaUygulamasi-master\src\gui\GirisEkrani.java,gui.GirisEkrani,girisButtonActionPerformed/1[java.awt.event.ActionEvent],musteriKimlik,1
D:\Project\BankaUygulamasi-master\BankaUygulamasi-master\src\gui\GirisEkrani.java,gui.GirisEkrani,kimlikTextFocusGained/1[java.awt.event.FocusEvent],evt,0
D:\Project\BankaUygulamasi-master\BankaUygulamasi-master\src\gui\GirisEkrani.java,gui.GirisEkrani,basvurButtonMouseEntered/1[java.awt.event.MouseEvent],evt,0
D:\Project\BankaUygulamasi-master\BankaUygulamasi-master\src\gui\GirisEkrani.java,gui.GirisEkrani,main/1[java.lang.String[]],args,0
D:\Project\BankaUygulamasi-master\BankaUygulamasi-master\src\gui\GirisEkrani.java,gui.GirisEkrani,main/1[java.lang.String[]],ex,7
D:\Project\BankaUygulamasi-master\BankaUygulamasi-master\src\gui\GirisEkrani.java,gui.GirisEkrani,main/1[java.lang.String[]],info,2
D:\Project\BankaUygulamasi-master\BankaUygulamasi-master\src\gui\GirisEkrani.java,gui.GirisEkrani,sifreTextFocusGained/1[java.awt.event.FocusEvent],evt,0
D:\Project\BankaUygulamasi-master\BankaUygulamasi-master\src\database\DbConnection.java,database.DbConnection,DbConnection/0,ex,3
D:\Project\BankaUygulamasi-master\BankaUygulamasi-master\src\database\DbConnection.java,database.DbConnection,DbConnection/0,url,1
D:\Project\BankaUygulamasi-master\BankaUygulamasi-master\src\database\DbVeriMerkezi.java,database.DbVeriMerkezi,setInternetFaturasi/1[double],internetFaturasi,2
D:\Project\BankaUygulamasi-master\BankaUygulamasi-master\src\database\DbVeriMerkezi.java,database.DbVeriMerkezi,setDogalgazFaturasi/1[double],dogalgazFaturasi,2
D:\Project\BankaUygulamasi-master\BankaUygulamasi-master\src\database\DbVeriMerkezi.java,database.DbVeriMerkezi,setAdSoyad/1[java.lang.String],adSoyad,2
D:\Project\BankaUygulamasi-master\BankaUygulamasi-master\src\database\DbVeriMerkezi.java,database.DbVeriMerkezi,setMusteriNo/1[java.lang.String],musteriNo,2
D:\Project\BankaUygulamasi-master\BankaUygulamasi-master\src\database\DbVeriMerkezi.java,database.DbVeriMerkezi,setKullaniciId/1[int],kullaniciId,2
D:\Project\BankaUygulamasi-master\BankaUygulamasi-master\src\database\DbVeriMerkezi.java,database.DbVeriMerkezi,setTcNo/1[java.lang.String],tcNo,2
D:\Project\BankaUygulamasi-master\BankaUygulamasi-master\src\database\DbVeriMerkezi.java,database.DbVeriMerkezi,setElektrikFaturasi/1[double],elektrikFaturasi,2
D:\Project\BankaUygulamasi-master\BankaUygulamasi-master\src\database\DbVeriMerkezi.java,database.DbVeriMerkezi,setBakiye/1[double],b,1
D:\Project\BankaUygulamasi-master\BankaUygulamasi-master\src\database\DbVeriMerkezi.java,database.DbVeriMerkezi,setBakiye/1[double],bakiye,2
D:\Project\BankaUygulamasi-master\BankaUygulamasi-master\src\database\DbVeriMerkezi.java,database.DbVeriMerkezi,setTelNo/1[java.lang.String],telNo,2
D:\Project\BankaUygulamasi-master\BankaUygulamasi-master\src\database\DbVeriMerkezi.java,database.DbVeriMerkezi,setSuFaturasi/1[double],suFaturasi,2
D:\Project\BankaUygulamasi-master\BankaUygulamasi-master\src\gui\HesapEkrani.java,gui.HesapEkrani$Anonymous4,actionPerformed/1[java.awt.event.ActionEvent],evt,1
D:\Project\BankaUygulamasi-master\BankaUygulamasi-master\src\gui\ayarlar\ActionAyarlari.java,gui.ayarlar.ActionAyarlari,"setVisible/2[javax.swing.JFrame,javax.swing.JFrame]",oldFrame,1
D:\Project\BankaUygulamasi-master\BankaUygulamasi-master\src\gui\ayarlar\ActionAyarlari.java,gui.ayarlar.ActionAyarlari,"setVisible/2[javax.swing.JFrame,javax.swing.JFrame]",newFrame,1
D:\Project\BankaUygulamasi-master\BankaUygulamasi-master\src\gui\HesapEkrani.java,gui.HesapEkrani$Anonymous3,mouseExited/1[java.awt.event.MouseEvent],evt,1
D:\Project\BankaUygulamasi-master\BankaUygulamasi-master\src\gui\HesapEkrani.java,gui.HesapEkrani$Anonymous3,mouseEntered/1[java.awt.event.MouseEvent],evt,1
D:\Project\BankaUygulamasi-master\BankaUygulamasi-master\src\database\transactions\ParaYatirma.java,database.transactions.ParaYatirma,setYatirilacakMiktar/1[int],yatirilacakMiktar,2
D:\Project\BankaUygulamasi-master\BankaUygulamasi-master\src\database\transactions\ParaYatirma.java,database.transactions.ParaYatirma,paraYatirildiMi/0,ex,1
D:\Project\BankaUygulamasi-master\BankaUygulamasi-master\src\database\transactions\ParaYatirma.java,database.transactions.ParaYatirma,paraYatirildiMi/0,query,1
D:\Project\BankaUygulamasi-master\BankaUygulamasi-master\src\gui\HesapEkrani.java,gui.HesapEkrani$Anonymous6,actionPerformed/1[java.awt.event.ActionEvent],evt,1
D:\Project\BankaUygulamasi-master\BankaUygulamasi-master\src\gui\AyarlarEkrani.java,gui.AyarlarEkrani,initComponents/0,layout,5
D:\Project\BankaUygulamasi-master\BankaUygulamasi-master\src\gui\AyarlarEkrani.java,gui.AyarlarEkrani,initComponents/0,ayarlarEkraniPanelLayout,14
D:\Project\BankaUygulamasi-master\BankaUygulamasi-master\src\gui\AyarlarEkrani.java,gui.AyarlarEkrani,main/1[java.lang.String[]],args,0
D:\Project\BankaUygulamasi-master\BankaUygulamasi-master\src\gui\AyarlarEkrani.java,gui.AyarlarEkrani,main/1[java.lang.String[]],ex,7
D:\Project\BankaUygulamasi-master\BankaUygulamasi-master\src\gui\AyarlarEkrani.java,gui.AyarlarEkrani,main/1[java.lang.String[]],info,2
D:\Project\BankaUygulamasi-master\BankaUygulamasi-master\src\gui\AyarlarEkrani.java,gui.AyarlarEkrani,sifreDegistirIconMouseClicked/1[java.awt.event.MouseEvent],evt,0
D:\Project\BankaUygulamasi-master\BankaUygulamasi-master\src\gui\AyarlarEkrani.java,gui.AyarlarEkrani,telNoYenile/0,yeniTelNo,2
D:\Project\BankaUygulamasi-master\BankaUygulamasi-master\src\gui\AyarlarEkrani.java,gui.AyarlarEkrani,geriIconMouseClicked/1[java.awt.event.MouseEvent],evt,0
D:\Project\BankaUygulamasi-master\BankaUygulamasi-master\src\gui\AyarlarEkrani.java,gui.AyarlarEkrani,telNoDegistirIconMouseClicked/1[java.awt.event.MouseEvent],evt,0
D:\Project\BankaUygulamasi-master\BankaUygulamasi-master\src\gui\HesapEkrani.java,gui.HesapEkrani$Anonymous5,mouseEntered/1[java.awt.event.MouseEvent],evt,1
D:\Project\BankaUygulamasi-master\BankaUygulamasi-master\src\gui\HesapEkrani.java,gui.HesapEkrani$Anonymous5,mouseExited/1[java.awt.event.MouseEvent],evt,1
D:\Project\BankaUygulamasi-master\BankaUygulamasi-master\src\gui\HesapEkrani.java,gui.HesapEkrani$Anonymous8,actionPerformed/1[java.awt.event.ActionEvent],evt,1
D:\Project\BankaUygulamasi-master\BankaUygulamasi-master\src\gui\HesapEkrani.java,gui.HesapEkrani$Anonymous7,mouseExited/1[java.awt.event.MouseEvent],evt,1
D:\Project\BankaUygulamasi-master\BankaUygulamasi-master\src\gui\HesapEkrani.java,gui.HesapEkrani$Anonymous7,mouseEntered/1[java.awt.event.MouseEvent],evt,1
D:\Project\BankaUygulamasi-master\BankaUygulamasi-master\src\database\transactions\HesapBilgileri.java,database.transactions.HesapBilgileri,kullaniciyiAl/1[java.lang.String],rs,6
D:\Project\BankaUygulamasi-master\BankaUygulamasi-master\src\database\transactions\HesapBilgileri.java,database.transactions.HesapBilgileri,kullaniciyiAl/1[java.lang.String],ex,1
D:\Project\BankaUygulamasi-master\BankaUygulamasi-master\src\database\transactions\HesapBilgileri.java,database.transactions.HesapBilgileri,kullaniciyiAl/1[java.lang.String],query,1
D:\Project\BankaUygulamasi-master\BankaUygulamasi-master\src\database\transactions\HesapBilgileri.java,database.transactions.HesapBilgileri,kullaniciyiAl/1[java.lang.String],musteriKimlik,2
D:\Project\BankaUygulamasi-master\BankaUygulamasi-master\src\database\transactions\HesapBilgileri.java,database.transactions.HesapBilgileri,faturalariAl/0,rs,5
D:\Project\BankaUygulamasi-master\BankaUygulamasi-master\src\database\transactions\HesapBilgileri.java,database.transactions.HesapBilgileri,faturalariAl/0,ex,1
D:\Project\BankaUygulamasi-master\BankaUygulamasi-master\src\database\transactions\HesapBilgileri.java,database.transactions.HesapBilgileri,faturalariAl/0,query,1
D:\Project\BankaUygulamasi-master\BankaUygulamasi-master\src\database\transactions\HesapBilgileri.java,database.transactions.HesapBilgileri,girisYap/1[java.lang.String],musteriKimlik,1
D:\Project\BankaUygulamasi-master\BankaUygulamasi-master\src\database\transactions\HesapBilgileri.java,database.transactions.HesapBilgileri,bakiyeAl/0,rs,2
D:\Project\BankaUygulamasi-master\BankaUygulamasi-master\src\database\transactions\HesapBilgileri.java,database.transactions.HesapBilgileri,bakiyeAl/0,ex,1
D:\Project\BankaUygulamasi-master\BankaUygulamasi-master\src\database\transactions\HesapBilgileri.java,database.transactions.HesapBilgileri,bakiyeAl/0,query,1
D:\Project\BankaUygulamasi-master\BankaUygulamasi-master\src\gui\HesapEkrani.java,gui.HesapEkrani$Anonymous9,mouseClicked/1[java.awt.event.MouseEvent],evt,1
D:\Project\BankaUygulamasi-master\BankaUygulamasi-master\src\database\transactions\ParaCekme.java,database.transactions.ParaCekme,paraCekildiMi/0,ex,1
D:\Project\BankaUygulamasi-master\BankaUygulamasi-master\src\database\transactions\ParaCekme.java,database.transactions.ParaCekme,paraCekildiMi/0,query,1
D:\Project\BankaUygulamasi-master\BankaUygulamasi-master\src\database\transactions\ParaCekme.java,database.transactions.ParaCekme,setCekilecekMiktar/1[int],cekilecekMiktar,2
D:\Project\BankaUygulamasi-master\BankaUygulamasi-master\src\gui\ayarlar\TextAyarlari.java,gui.ayarlar.TextAyarlari,checkTheTextFocusLost/1[javax.swing.JTextField],textField,4
D:\Project\BankaUygulamasi-master\BankaUygulamasi-master\src\gui\ayarlar\TextAyarlari.java,gui.ayarlar.TextAyarlari,setOnlyNumber/1[javax.swing.JTextField],textField,1
D:\Project\BankaUygulamasi-master\BankaUygulamasi-master\src\gui\ayarlar\TextAyarlari.java,gui.ayarlar.TextAyarlari,"uzunlukSundanKucukMu/2[int,java.lang.String]",str,1
D:\Project\BankaUygulamasi-master\BankaUygulamasi-master\src\gui\ayarlar\TextAyarlari.java,gui.ayarlar.TextAyarlari,"uzunlukSundanKucukMu/2[int,java.lang.String]",length,2
D:\Project\BankaUygulamasi-master\BankaUygulamasi-master\src\gui\ayarlar\TextAyarlari.java,gui.ayarlar.TextAyarlari,setOnlyAlphabetic/1[javax.swing.JTextField],textField,1
D:\Project\BankaUygulamasi-master\BankaUygulamasi-master\src\gui\ayarlar\TextAyarlari.java,gui.ayarlar.TextAyarlari,"setMaxLimit/2[javax.swing.JTextField,int]",lim,1
D:\Project\BankaUygulamasi-master\BankaUygulamasi-master\src\gui\ayarlar\TextAyarlari.java,gui.ayarlar.TextAyarlari,"setMaxLimit/2[javax.swing.JTextField,int]",textField,1
D:\Project\BankaUygulamasi-master\BankaUygulamasi-master\src\gui\ayarlar\TextAyarlari.java,gui.ayarlar.TextAyarlari,textAlanlariDolumu/1[javax.swing.JPanel],components,1
D:\Project\BankaUygulamasi-master\BankaUygulamasi-master\src\gui\ayarlar\TextAyarlari.java,gui.ayarlar.TextAyarlari,textAlanlariDolumu/1[javax.swing.JPanel],c,2
D:\Project\BankaUygulamasi-master\BankaUygulamasi-master\src\gui\ayarlar\TextAyarlari.java,gui.ayarlar.TextAyarlari,textAlanlariDolumu/1[javax.swing.JPanel],panel,1
D:\Project\BankaUygulamasi-master\BankaUygulamasi-master\src\gui\ayarlar\TextAyarlari.java,gui.ayarlar.TextAyarlari,textAlanlariDolumu/1[javax.swing.JPanel],textField,2
D:\Project\BankaUygulamasi-master\BankaUygulamasi-master\src\gui\ayarlar\TextAyarlari.java,gui.ayarlar.TextAyarlari,"checkTheTextKeyReleased/2[javax.swing.JTextField,int]",moneyLimit,2
D:\Project\BankaUygulamasi-master\BankaUygulamasi-master\src\gui\ayarlar\TextAyarlari.java,gui.ayarlar.TextAyarlari,"checkTheTextKeyReleased/2[javax.swing.JTextField,int]",text,2
D:\Project\BankaUygulamasi-master\BankaUygulamasi-master\src\gui\ayarlar\TextAyarlari.java,gui.ayarlar.TextAyarlari,"checkTheTextKeyReleased/2[javax.swing.JTextField,int]",miktar,4
D:\Project\BankaUygulamasi-master\BankaUygulamasi-master\src\gui\ayarlar\TextAyarlari.java,gui.ayarlar.TextAyarlari,"checkTheTextKeyReleased/2[javax.swing.JTextField,int]",textField,2
D:\Project\BankaUygulamasi-master\BankaUygulamasi-master\src\gui\ayarlar\TextAyarlari.java,gui.ayarlar.TextAyarlari,"checkTheTextFocusGained/2[javax.swing.JTextField,java.lang.String]",org,2
D:\Project\BankaUygulamasi-master\BankaUygulamasi-master\src\gui\ayarlar\TextAyarlari.java,gui.ayarlar.TextAyarlari,"checkTheTextFocusGained/2[javax.swing.JTextField,java.lang.String]",textField,4
D:\Project\BankaUygulamasi-master\BankaUygulamasi-master\src\gui\HesapEkrani.java,gui.HesapEkrani$Anonymous2,actionPerformed/1[java.awt.event.ActionEvent],evt,1
D:\Project\BankaUygulamasi-master\BankaUygulamasi-master\src\gui\HesapEkrani.java,gui.HesapEkrani$Anonymous1,mouseExited/1[java.awt.event.MouseEvent],evt,1
D:\Project\BankaUygulamasi-master\BankaUygulamasi-master\src\gui\HesapEkrani.java,gui.HesapEkrani$Anonymous1,mouseEntered/1[java.awt.event.MouseEvent],evt,1
