file,class,type,cbo,cboModified,fanin,fanout,wmc,dit,noc,rfc,lcom,lcom*,tcc,lcc,totalMethodsQty,staticMethodsQty,publicMethodsQty,privateMethodsQty,protectedMethodsQty,defaultMethodsQty,visibleMethodsQty,abstractMethodsQty,finalMethodsQty,synchronizedMethodsQty,totalFieldsQty,staticFieldsQty,publicFieldsQty,privateFieldsQty,protectedFieldsQty,defaultFieldsQty,finalFieldsQty,synchronizedFieldsQty,nosi,loc,returnQty,loopQty,comparisonsQty,tryCatchQty,parenthesizedExpsQty,stringLiteralsQty,numbersQty,assignmentsQty,mathOperationsQty,variablesQty,maxNestedBlocksQty,anonymousClassesQty,innerClassesQty,lambdasQty,uniqueWordsQty,modifiers,logStatementsQty
D:\Project\spselasa-master\spselasa-master\SistemPakar_Anggara_Client\src\com\anggaranothing\pakar\dyslexia\client\FrameDiagnosticHistory.java,com.anggaranothing.pakar.dyslexia.client.FrameDiagnosticHistory$Anonymous16,anonymous,1,1,0,1,1,1,0,4,0,0.0,NaN,NaN,1,0,1,0,0,0,1,0,0,0,0,0,0,0,0,0,0,0,0,8,0,0,0,0,0,0,2,0,0,0,0,0,0,0,9,-1,0
D:\Project\spselasa-master\spselasa-master\SistemPakar_Anggara_Client\src\com\anggaranothing\pakar\dyslexia\client\FrameDiagnosticHistory.java,com.anggaranothing.pakar.dyslexia.client.FrameDiagnosticHistory$Anonymous14,anonymous,1,1,0,1,1,1,0,1,0,0.0,NaN,NaN,1,0,1,0,0,0,1,0,0,0,0,0,0,0,0,0,0,0,0,5,0,0,0,0,0,0,0,0,0,0,0,0,0,0,6,-1,0
D:\Project\spselasa-master\spselasa-master\SistemPakar_Anggara_Client\src\com\anggaranothing\pakar\dyslexia\client\FrameDiagnosticHistory.java,com.anggaranothing.pakar.dyslexia.client.FrameDiagnosticHistory$Anonymous15,anonymous,1,1,0,1,1,1,0,1,0,0.0,NaN,NaN,1,0,1,0,0,0,1,0,0,0,0,0,0,0,0,0,0,0,0,5,0,0,0,0,0,0,0,0,0,0,0,0,0,0,6,-1,0
D:\Project\spselasa-master\spselasa-master\SistemPakar_Anggara_Client\src\com\anggaranothing\pakar\dyslexia\client\FrameDiagnosticHistory.java,com.anggaranothing.pakar.dyslexia.client.FrameDiagnosticHistory$Anonymous12,anonymous,1,1,0,1,1,1,0,1,0,0.0,NaN,NaN,1,0,1,0,0,0,1,0,0,0,0,0,0,0,0,0,0,0,0,5,0,0,0,0,0,0,0,0,0,0,0,0,0,0,7,-1,0
D:\Project\spselasa-master\spselasa-master\SistemPakar_Anggara_Client\src\com\anggaranothing\pakar\dyslexia\client\ErrorCode.java,com.anggaranothing.pakar.dyslexia.client.ErrorCode,class,0,0,0,0,0,1,0,0,0,NaN,-1.0,-1.0,0,0,0,0,0,0,0,0,0,0,2,2,2,0,0,0,2,0,0,4,0,0,0,0,0,0,2,2,0,2,0,0,0,0,17,1,0
D:\Project\spselasa-master\spselasa-master\SistemPakar_Anggara_Client\src\com\anggaranothing\pakar\dyslexia\client\FrameDiagnosticHistory.java,com.anggaranothing.pakar.dyslexia.client.FrameDiagnosticHistory$Anonymous13,anonymous,1,1,0,1,1,1,0,1,0,0.0,NaN,NaN,1,0,1,0,0,0,1,0,0,0,0,0,0,0,0,0,0,0,0,5,0,0,0,0,0,0,0,0,0,0,0,0,0,0,7,-1,0
D:\Project\spselasa-master\spselasa-master\SistemPakar_Anggara_Client\src\com\anggaranothing\pakar\dyslexia\client\FrameDiagnosticHistory.java,com.anggaranothing.pakar.dyslexia.client.FrameDiagnosticHistory$Anonymous10,anonymous,1,1,0,1,1,1,0,1,0,0.0,NaN,NaN,1,0,1,0,0,0,1,0,0,0,0,0,0,0,0,0,0,0,0,5,0,0,0,0,0,0,0,0,0,0,0,0,0,0,7,-1,0
D:\Project\spselasa-master\spselasa-master\SistemPakar_Anggara_Client\src\com\anggaranothing\pakar\dyslexia\client\FrameDiagnosticHistory.java,com.anggaranothing.pakar.dyslexia.client.FrameDiagnosticHistory$Anonymous11,anonymous,1,1,0,1,1,1,0,1,0,0.0,NaN,NaN,1,0,1,0,0,0,1,0,0,0,0,0,0,0,0,0,0,0,0,5,0,0,0,0,0,0,0,0,0,0,0,0,0,0,6,-1,0
D:\Project\spselasa-master\spselasa-master\SistemPakar_Anggara_Client\src\com\anggaranothing\pakar\dyslexia\client\FrameUser.java,com.anggaranothing.pakar.dyslexia.client.FrameUser$Anonymous14,anonymous,1,1,0,1,1,1,0,1,0,0.0,NaN,NaN,1,0,1,0,0,0,1,0,0,0,0,0,0,0,0,0,0,0,0,5,0,0,0,0,0,0,0,0,0,0,0,0,0,0,6,-1,0
D:\Project\spselasa-master\spselasa-master\SistemPakar_Anggara_Client\src\com\anggaranothing\pakar\dyslexia\client\Main.java,com.anggaranothing.pakar.dyslexia.client.Main$Anonymous1,anonymous,1,1,0,1,1,1,0,2,0,0.0,NaN,NaN,1,0,1,0,0,0,1,0,0,0,0,0,0,0,0,0,0,0,0,6,0,0,0,0,0,0,0,0,0,0,0,0,0,0,7,-1,0
D:\Project\spselasa-master\spselasa-master\SistemPakar_Anggara_Client\src\com\anggaranothing\pakar\dyslexia\client\FrameUser.java,com.anggaranothing.pakar.dyslexia.client.FrameUser$Anonymous15,anonymous,1,1,0,1,1,1,0,1,0,0.0,NaN,NaN,1,0,1,0,0,0,1,0,0,0,0,0,0,0,0,0,0,0,0,5,0,0,0,0,0,0,0,0,0,0,0,0,0,0,6,-1,0
D:\Project\spselasa-master\spselasa-master\SistemPakar_Anggara_Client\src\com\anggaranothing\pakar\dyslexia\client\FrameUser.java,com.anggaranothing.pakar.dyslexia.client.FrameUser$Anonymous16,anonymous,1,1,0,1,1,1,0,1,0,0.0,NaN,NaN,1,0,1,0,0,0,1,0,0,0,0,0,0,0,0,0,0,0,0,5,0,0,0,0,0,0,0,0,0,0,0,0,0,0,7,-1,0
D:\Project\spselasa-master\spselasa-master\SistemPakar_Anggara_Client\src\com\anggaranothing\pakar\dyslexia\client\FrameUser.java,com.anggaranothing.pakar.dyslexia.client.FrameUser$Anonymous17,anonymous,1,1,0,1,1,1,0,1,0,0.0,NaN,NaN,1,0,1,0,0,0,1,0,0,0,0,0,0,0,0,0,0,0,0,5,0,0,0,0,0,0,0,0,0,0,0,0,0,0,6,-1,0
D:\Project\spselasa-master\spselasa-master\SistemPakar_Anggara_Client\src\com\anggaranothing\pakar\dyslexia\client\FrameUser.java,com.anggaranothing.pakar.dyslexia.client.FrameUser$Anonymous10,anonymous,1,1,0,1,1,1,0,1,0,0.0,NaN,NaN,1,0,1,0,0,0,1,0,0,0,0,0,0,0,0,0,0,0,0,5,0,0,0,0,0,0,0,0,0,0,0,0,0,0,5,-1,0
D:\Project\spselasa-master\spselasa-master\SistemPakar_Anggara_Client\src\com\anggaranothing\pakar\dyslexia\client\FrameUser.java,com.anggaranothing.pakar.dyslexia.client.FrameUser$Anonymous11,anonymous,1,1,0,1,1,1,0,0,0,0.0,NaN,NaN,1,0,1,0,0,0,1,0,0,0,1,0,0,0,0,1,0,0,0,6,1,0,0,0,0,0,0,1,0,1,0,0,0,0,7,-1,0
D:\Project\spselasa-master\spselasa-master\SistemPakar_Anggara_Client\src\com\anggaranothing\pakar\dyslexia\client\FrameDiagnosticResult.java,com.anggaranothing.pakar.dyslexia.client.FrameDiagnosticResult$Anonymous3,anonymous,3,3,0,3,7,1,0,12,0,0.0,NaN,NaN,1,0,1,0,0,0,1,0,0,0,0,0,0,0,0,0,0,0,2,32,0,2,2,0,0,0,3,4,0,4,3,1,0,0,17,-1,0
D:\Project\spselasa-master\spselasa-master\SistemPakar_Anggara_Client\src\com\anggaranothing\pakar\dyslexia\client\FrameUser.java,com.anggaranothing.pakar.dyslexia.client.FrameUser$Anonymous12,anonymous,1,1,0,1,1,1,0,1,0,0.0,NaN,NaN,1,0,1,0,0,0,1,0,0,0,0,0,0,0,0,0,0,0,0,5,0,0,0,0,0,0,0,0,0,0,0,0,0,0,6,-1,0
D:\Project\spselasa-master\spselasa-master\SistemPakar_Anggara_Client\src\com\anggaranothing\pakar\dyslexia\client\FrameDiagnosticResult.java,com.anggaranothing.pakar.dyslexia.client.FrameDiagnosticResult$Anonymous2,anonymous,1,1,0,1,1,1,0,1,0,0.0,NaN,NaN,1,0,1,0,0,0,1,0,0,0,0,0,0,0,0,0,0,0,0,5,0,0,0,0,0,0,0,0,0,0,0,0,0,0,5,-1,0
D:\Project\spselasa-master\spselasa-master\SistemPakar_Anggara_Client\src\com\anggaranothing\pakar\dyslexia\client\FrameUser.java,com.anggaranothing.pakar.dyslexia.client.FrameUser$Anonymous13,anonymous,1,1,0,1,1,1,0,1,0,0.0,NaN,NaN,1,0,1,0,0,0,1,0,0,0,0,0,0,0,0,0,0,0,0,5,0,0,0,0,0,0,0,0,0,0,0,0,0,0,6,-1,0
D:\Project\spselasa-master\spselasa-master\SistemPakar_Anggara_Client\src\com\anggaranothing\pakar\dyslexia\client\FrameRelation.java,com.anggaranothing.pakar.dyslexia.client.FrameRelation$Anonymous20,anonymous,1,1,0,1,1,1,0,1,0,0.0,NaN,NaN,1,0,1,0,0,0,1,0,0,0,0,0,0,0,0,0,0,0,0,5,0,0,0,0,0,0,0,0,0,0,0,0,0,0,7,-1,0
D:\Project\spselasa-master\spselasa-master\SistemPakar_Anggara_Client\src\com\anggaranothing\pakar\dyslexia\client\Main.java,com.anggaranothing.pakar.dyslexia.client.Main$Anonymous9,anonymous,1,1,0,1,1,1,0,1,0,0.0,NaN,NaN,1,0,1,0,0,0,1,0,0,0,0,0,0,0,0,0,0,0,0,5,0,0,0,0,0,0,0,0,0,0,0,0,0,0,7,-1,0
D:\Project\spselasa-master\spselasa-master\SistemPakar_Anggara_Client\src\com\anggaranothing\pakar\dyslexia\client\FrameRelation.java,com.anggaranothing.pakar.dyslexia.client.FrameRelation$Anonymous21,anonymous,1,1,0,1,1,1,0,1,0,0.0,NaN,NaN,1,0,1,0,0,0,1,0,0,0,0,0,0,0,0,0,0,0,0,5,0,0,0,0,0,0,0,0,0,0,0,0,0,0,6,-1,0
D:\Project\spselasa-master\spselasa-master\SistemPakar_Anggara_Client\src\com\anggaranothing\pakar\dyslexia\client\Main.java,com.anggaranothing.pakar.dyslexia.client.Main$Anonymous8,anonymous,1,1,0,1,1,1,0,1,0,0.0,NaN,NaN,1,0,1,0,0,0,1,0,0,0,0,0,0,0,0,0,0,0,0,5,0,0,0,0,0,0,0,0,0,0,0,0,0,0,7,-1,0
D:\Project\spselasa-master\spselasa-master\SistemPakar_Anggara_Client\src\com\anggaranothing\pakar\dyslexia\client\FrameRelation.java,com.anggaranothing.pakar.dyslexia.client.FrameRelation$Anonymous22,anonymous,1,1,0,1,1,1,0,1,0,0.0,NaN,NaN,1,0,1,0,0,0,1,0,0,0,0,0,0,0,0,0,0,0,0,5,0,0,0,0,0,0,0,0,0,0,0,0,0,0,6,-1,0
D:\Project\spselasa-master\spselasa-master\SistemPakar_Anggara_Client\src\com\anggaranothing\pakar\dyslexia\client\Main.java,com.anggaranothing.pakar.dyslexia.client.Main$Anonymous7,anonymous,1,1,0,1,1,1,0,1,0,0.0,NaN,NaN,1,0,1,0,0,0,1,0,0,0,0,0,0,0,0,0,0,0,0,5,0,0,0,0,0,0,0,0,0,0,0,0,0,0,7,-1,0
D:\Project\spselasa-master\spselasa-master\SistemPakar_Anggara_Server\src\com\anggaranothing\pakar\dyslexia\impl\DaoFactory.java,com.anggaranothing.pakar.dyslexia.impl.DaoFactory,class,4,13,9,4,18,1,8,16,72,0.8461539,0.03846154,0.03846154,13,0,7,0,6,0,13,1,3,0,3,0,0,3,0,0,0,0,5,55,8,0,0,1,1,3,1,7,0,5,1,0,0,0,59,1025,1
D:\Project\spselasa-master\spselasa-master\SistemPakar_Anggara_Client\src\com\anggaranothing\pakar\dyslexia\client\FrameRelation.java,com.anggaranothing.pakar.dyslexia.client.FrameRelation$Anonymous23,anonymous,1,1,0,1,1,1,0,1,0,0.0,NaN,NaN,1,0,1,0,0,0,1,0,0,0,0,0,0,0,0,0,0,0,0,5,0,0,0,0,0,0,0,0,0,0,0,0,0,0,6,-1,0
D:\Project\spselasa-master\spselasa-master\SistemPakar_Anggara_Client\src\com\anggaranothing\pakar\dyslexia\client\Main.java,com.anggaranothing.pakar.dyslexia.client.Main$Anonymous6,anonymous,1,1,0,1,1,1,0,1,0,0.0,NaN,NaN,1,0,1,0,0,0,1,0,0,0,0,0,0,0,0,0,0,0,0,5,0,0,0,0,0,0,0,0,0,0,0,0,0,0,7,-1,0
D:\Project\spselasa-master\spselasa-master\SistemPakar_Anggara_Client\src\com\anggaranothing\pakar\dyslexia\client\FrameRelation.java,com.anggaranothing.pakar.dyslexia.client.FrameRelation$Anonymous24,anonymous,1,1,0,1,1,1,0,1,0,0.0,NaN,NaN,1,0,1,0,0,0,1,0,0,0,0,0,0,0,0,0,0,0,0,5,0,0,0,0,0,0,0,0,0,0,0,0,0,0,6,-1,0
D:\Project\spselasa-master\spselasa-master\SistemPakar_Anggara_Client\src\com\anggaranothing\pakar\dyslexia\client\Main.java,com.anggaranothing.pakar.dyslexia.client.Main$Anonymous5,anonymous,1,1,0,1,1,1,0,1,0,0.0,NaN,NaN,1,0,1,0,0,0,1,0,0,0,0,0,0,0,0,0,0,0,0,5,0,0,0,0,0,0,0,0,0,0,0,0,0,0,7,-1,0
D:\Project\spselasa-master\spselasa-master\SistemPakar_Anggara_Client\src\com\anggaranothing\pakar\dyslexia\client\FrameRelation.java,com.anggaranothing.pakar.dyslexia.client.FrameRelation$Anonymous25,anonymous,1,1,0,1,1,1,0,1,0,0.0,NaN,NaN,1,0,1,0,0,0,1,0,0,0,0,0,0,0,0,0,0,0,0,5,0,0,0,0,0,0,0,0,0,0,0,0,0,0,7,-1,0
D:\Project\spselasa-master\spselasa-master\SistemPakar_Anggara_Client\src\com\anggaranothing\pakar\dyslexia\client\Main.java,com.anggaranothing.pakar.dyslexia.client.Main$Anonymous4,anonymous,1,1,0,1,1,1,0,1,0,0.0,NaN,NaN,1,0,1,0,0,0,1,0,0,0,0,0,0,0,0,0,0,0,0,5,0,0,0,0,0,0,0,0,0,0,0,0,0,0,7,-1,0
D:\Project\spselasa-master\spselasa-master\SistemPakar_Anggara_Client\src\com\anggaranothing\pakar\dyslexia\client\FrameRelation.java,com.anggaranothing.pakar.dyslexia.client.FrameRelation$Anonymous26,anonymous,1,1,0,1,1,1,0,4,0,0.0,NaN,NaN,1,0,1,0,0,0,1,0,0,0,0,0,0,0,0,0,0,0,0,8,0,0,0,0,0,0,3,0,0,0,0,0,0,0,9,-1,0
D:\Project\spselasa-master\spselasa-master\SistemPakar_Anggara_Client\src\com\anggaranothing\pakar\dyslexia\client\Main.java,com.anggaranothing.pakar.dyslexia.client.Main$Anonymous3,anonymous,1,1,0,1,4,1,0,4,6,0.0,0.0,0.0,4,0,4,0,0,0,4,0,0,0,0,0,0,0,0,0,0,0,0,14,0,0,0,0,0,0,0,0,0,0,0,0,0,0,8,-1,0
D:\Project\spselasa-master\spselasa-master\SistemPakar_Anggara_Client\src\com\anggaranothing\pakar\dyslexia\client\Main.java,com.anggaranothing.pakar.dyslexia.client.Main$Anonymous2,anonymous,1,1,0,1,2,1,0,2,1,0.0,0.0,0.0,2,0,2,0,0,0,2,0,0,0,0,0,0,0,0,0,0,0,0,8,0,0,0,0,0,0,0,0,0,0,0,0,0,0,6,-1,0
D:\Project\spselasa-master\spselasa-master\SistemPakar_Anggara_Library\src\com\anggaranothing\pakar\dyslexia\dao\IfAuthenticationDao.java,com.anggaranothing.pakar.dyslexia.dao.IfAuthenticationDao,interface,1,3,2,1,4,1,0,0,6,0.0,0.0,0.0,4,0,0,0,0,4,4,0,0,0,0,0,0,0,0,0,0,0,0,6,0,0,0,0,0,0,0,0,0,0,0,0,0,0,14,1,0
D:\Project\spselasa-master\spselasa-master\SistemPakar_Anggara_Client\src\com\anggaranothing\pakar\dyslexia\client\FrameSymptom.java,com.anggaranothing.pakar.dyslexia.client.FrameSymptom,class,10,34,24,10,71,5,0,150,570,0.9648522,NaN,NaN,36,0,1,35,0,0,1,0,0,0,49,0,0,49,0,0,1,0,26,648,12,1,8,4,6,74,123,84,12,71,2,24,0,0,196,1,0
D:\Project\spselasa-master\spselasa-master\SistemPakar_Anggara_Library\src\com\anggaranothing\pakar\dyslexia\Config.java,com.anggaranothing.pakar.dyslexia.Config,class,3,7,4,3,8,1,2,7,21,0.92857146,0.0,0.0,7,7,7,0,0,0,7,0,0,0,2,2,0,0,2,0,0,0,8,28,5,0,1,0,0,1,0,0,0,2,1,0,0,0,46,1025,0
D:\Project\spselasa-master\spselasa-master\SistemPakar_Anggara_Client\src\com\anggaranothing\pakar\dyslexia\client\FrameDiagnosticResult.java,com.anggaranothing.pakar.dyslexia.client.FrameDiagnosticResult,class,9,15,6,9,8,5,0,41,21,0.85714287,0.0,0.0,7,0,3,4,0,0,3,0,0,0,6,0,0,6,0,0,0,0,1,122,2,0,0,1,0,6,9,11,0,10,1,3,0,0,91,1,0
D:\Project\spselasa-master\spselasa-master\SistemPakar_Anggara_Library\src\com\anggaranothing\pakar\dyslexia\model\Diagnostic.java,com.anggaranothing.pakar.dyslexia.model.Diagnostic,class,2,9,7,2,14,1,0,0,77,0.85714287,0.07692308,0.07692308,14,0,14,0,0,0,14,0,0,0,7,0,0,7,0,0,0,0,0,52,7,0,0,0,0,0,0,7,0,7,0,0,1,0,37,1,0
D:\Project\spselasa-master\spselasa-master\SistemPakar_Anggara_Client\src\com\anggaranothing\pakar\dyslexia\client\FrameCfLevel.java,com.anggaranothing.pakar.dyslexia.client.FrameCfLevel$Anonymous3,anonymous,1,1,0,1,2,1,0,5,0,0.0,NaN,NaN,1,0,1,0,0,0,1,0,0,0,0,0,0,0,0,0,0,0,0,11,0,0,0,0,0,0,0,2,0,1,1,0,0,0,13,-1,0
D:\Project\spselasa-master\spselasa-master\SistemPakar_Anggara_Client\src\com\anggaranothing\pakar\dyslexia\client\FrameCfLevel.java,com.anggaranothing.pakar.dyslexia.client.FrameCfLevel$Anonymous4,anonymous,1,1,0,1,1,1,0,4,0,0.0,NaN,NaN,1,0,1,0,0,0,1,0,0,0,0,0,0,0,0,0,0,0,0,7,0,0,0,0,0,0,0,0,0,0,0,0,0,0,7,-1,0
D:\Project\spselasa-master\spselasa-master\SistemPakar_Anggara_Client\src\com\anggaranothing\pakar\dyslexia\client\FrameCfLevel.java,com.anggaranothing.pakar.dyslexia.client.FrameCfLevel$Anonymous1,anonymous,0,0,0,0,1,1,0,5,0,0.0,NaN,NaN,1,0,1,0,0,0,1,0,0,0,0,0,0,0,0,0,0,0,2,6,0,0,0,0,0,0,1,0,1,0,0,0,0,0,6,-1,0
D:\Project\spselasa-master\spselasa-master\SistemPakar_Anggara_Client\src\com\anggaranothing\pakar\dyslexia\client\FrameDiagnostic.java,com.anggaranothing.pakar.dyslexia.client.FrameDiagnostic$Anonymous9,anonymous,1,1,0,1,7,1,0,1,21,0.0,0.0,0.0,7,0,7,0,0,0,7,0,0,0,0,0,0,0,0,0,0,0,0,17,0,0,0,0,0,0,0,0,0,0,0,0,0,0,12,-1,0
D:\Project\spselasa-master\spselasa-master\SistemPakar_Anggara_Client\src\com\anggaranothing\pakar\dyslexia\client\FrameGroup.java,com.anggaranothing.pakar.dyslexia.client.FrameGroup$Anonymous24,anonymous,1,1,0,1,1,1,0,4,0,0.0,NaN,NaN,1,0,1,0,0,0,1,0,0,0,0,0,0,0,0,0,0,0,0,8,0,0,0,0,0,0,2,0,0,0,0,0,0,0,9,-1,0
D:\Project\spselasa-master\spselasa-master\SistemPakar_Anggara_Client\src\com\anggaranothing\pakar\dyslexia\client\FrameCfLevel.java,com.anggaranothing.pakar.dyslexia.client.FrameCfLevel$Anonymous2,anonymous,3,3,0,3,19,1,0,20,0,0.0,NaN,NaN,1,0,1,0,0,0,1,0,0,0,0,0,0,0,0,0,0,0,2,65,0,2,4,0,2,0,6,16,6,8,3,0,0,0,35,-1,0
D:\Project\spselasa-master\spselasa-master\SistemPakar_Anggara_Client\src\com\anggaranothing\pakar\dyslexia\client\FrameGroup.java,com.anggaranothing.pakar.dyslexia.client.FrameGroup$Anonymous23,anonymous,1,1,0,1,1,1,0,1,0,0.0,NaN,NaN,1,0,1,0,0,0,1,0,0,0,0,0,0,0,0,0,0,0,0,5,0,0,0,0,0,0,0,0,0,0,0,0,0,0,6,-1,0
D:\Project\spselasa-master\spselasa-master\SistemPakar_Anggara_Client\src\com\anggaranothing\pakar\dyslexia\client\FrameDiagnostic.java,com.anggaranothing.pakar.dyslexia.client.FrameDiagnostic$Anonymous7,anonymous,0,0,0,0,2,1,0,0,0,0.0,0.0,0.0,2,0,2,0,0,0,2,0,0,0,1,0,0,0,0,1,0,0,0,9,2,0,0,0,0,5,0,1,0,1,0,0,0,0,6,-1,0
D:\Project\spselasa-master\spselasa-master\SistemPakar_Anggara_Client\src\com\anggaranothing\pakar\dyslexia\client\FrameGroup.java,com.anggaranothing.pakar.dyslexia.client.FrameGroup$Anonymous22,anonymous,1,1,0,1,1,1,0,1,0,0.0,NaN,NaN,1,0,1,0,0,0,1,0,0,0,0,0,0,0,0,0,0,0,0,5,0,0,0,0,0,0,0,0,0,0,0,0,0,0,6,-1,0
D:\Project\spselasa-master\spselasa-master\SistemPakar_Anggara_Client\src\com\anggaranothing\pakar\dyslexia\client\FrameDiagnostic.java,com.anggaranothing.pakar.dyslexia.client.FrameDiagnostic$Anonymous8,anonymous,1,1,0,1,1,1,0,1,0,0.0,NaN,NaN,1,0,1,0,0,0,1,0,0,0,0,0,0,0,0,0,0,0,0,5,0,0,0,0,0,0,0,0,0,0,0,0,0,0,6,-1,0
D:\Project\spselasa-master\spselasa-master\SistemPakar_Anggara_Client\src\com\anggaranothing\pakar\dyslexia\client\FrameGroup.java,com.anggaranothing.pakar.dyslexia.client.FrameGroup$Anonymous21,anonymous,1,1,0,1,1,1,0,1,0,0.0,NaN,NaN,1,0,1,0,0,0,1,0,0,0,0,0,0,0,0,0,0,0,0,5,0,0,0,0,0,0,0,0,0,0,0,0,0,0,6,-1,0
D:\Project\spselasa-master\spselasa-master\SistemPakar_Anggara_Client\src\com\anggaranothing\pakar\dyslexia\client\FrameDiagnostic.java,com.anggaranothing.pakar.dyslexia.client.FrameDiagnostic$Anonymous5,anonymous,0,0,0,0,2,1,0,0,0,0.0,0.0,0.0,2,0,2,0,0,0,2,0,0,0,1,0,0,0,0,1,0,0,0,9,2,0,0,0,0,5,0,1,0,1,0,0,0,0,6,-1,0
D:\Project\spselasa-master\spselasa-master\SistemPakar_Anggara_Client\src\com\anggaranothing\pakar\dyslexia\client\FrameGroup.java,com.anggaranothing.pakar.dyslexia.client.FrameGroup$Anonymous20,anonymous,1,1,0,1,1,1,0,1,0,0.0,NaN,NaN,1,0,1,0,0,0,1,0,0,0,0,0,0,0,0,0,0,0,0,5,0,0,0,0,0,0,0,0,0,0,0,0,0,0,6,-1,0
D:\Project\spselasa-master\spselasa-master\SistemPakar_Anggara_Client\src\com\anggaranothing\pakar\dyslexia\client\FrameDiagnostic.java,com.anggaranothing.pakar.dyslexia.client.FrameDiagnostic$Anonymous6,anonymous,0,0,0,0,2,1,0,0,0,0.0,0.0,0.0,2,0,2,0,0,0,2,0,0,0,1,0,0,0,0,1,0,0,0,9,2,0,0,0,0,5,0,1,0,1,0,0,0,0,6,-1,0
D:\Project\spselasa-master\spselasa-master\SistemPakar_Anggara_Client\src\com\anggaranothing\pakar\dyslexia\client\FrameCfLevel.java,com.anggaranothing.pakar.dyslexia.client.FrameCfLevel$Anonymous20,anonymous,1,1,0,1,1,1,0,1,0,0.0,NaN,NaN,1,0,1,0,0,0,1,0,0,0,0,0,0,0,0,0,0,0,0,5,0,0,0,0,0,0,0,0,0,0,0,0,0,0,6,-1,0
D:\Project\spselasa-master\spselasa-master\SistemPakar_Anggara_Client\src\com\anggaranothing\pakar\dyslexia\client\FrameCfLevel.java,com.anggaranothing.pakar.dyslexia.client.FrameCfLevel$Anonymous22,anonymous,1,1,0,1,1,1,0,1,0,0.0,NaN,NaN,1,0,1,0,0,0,1,0,0,0,0,0,0,0,0,0,0,0,0,5,0,0,0,0,0,0,0,0,0,0,0,0,0,0,6,-1,0
D:\Project\spselasa-master\spselasa-master\SistemPakar_Anggara_Client\src\com\anggaranothing\pakar\dyslexia\client\FrameCfLevel.java,com.anggaranothing.pakar.dyslexia.client.FrameCfLevel$Anonymous21,anonymous,1,1,0,1,1,1,0,1,0,0.0,NaN,NaN,1,0,1,0,0,0,1,0,0,0,0,0,0,0,0,0,0,0,0,5,0,0,0,0,0,0,0,0,0,0,0,0,0,0,6,-1,0
D:\Project\spselasa-master\spselasa-master\SistemPakar_Anggara_Client\src\com\anggaranothing\pakar\dyslexia\client\FrameCfLevel.java,com.anggaranothing.pakar.dyslexia.client.FrameCfLevel$Anonymous24,anonymous,1,1,0,1,1,1,0,4,0,0.0,NaN,NaN,1,0,1,0,0,0,1,0,0,0,0,0,0,0,0,0,0,0,0,8,0,0,0,0,0,0,2,0,0,0,0,0,0,0,9,-1,0
D:\Project\spselasa-master\spselasa-master\SistemPakar_Anggara_Client\src\com\anggaranothing\pakar\dyslexia\client\FrameCfLevel.java,com.anggaranothing.pakar.dyslexia.client.FrameCfLevel$Anonymous23,anonymous,1,1,0,1,1,1,0,1,0,0.0,NaN,NaN,1,0,1,0,0,0,1,0,0,0,0,0,0,0,0,0,0,0,0,5,0,0,0,0,0,0,0,0,0,0,0,0,0,0,6,-1,0
D:\Project\spselasa-master\spselasa-master\SistemPakar_Anggara_Client\src\com\anggaranothing\pakar\dyslexia\client\FrameRelation.java,com.anggaranothing.pakar.dyslexia.client.FrameRelation,class,16,42,26,16,88,5,0,173,690,0.96499956,0.0,0.0,40,0,2,38,0,0,2,0,0,0,60,0,0,60,0,0,1,0,35,759,14,7,8,4,6,90,173,112,11,86,3,26,0,0,216,1,0
D:\Project\spselasa-master\spselasa-master\SistemPakar_Anggara_Client\src\com\anggaranothing\pakar\dyslexia\client\Main.java,com.anggaranothing.pakar.dyslexia.client.Main$Anonymous10,anonymous,1,1,0,1,1,1,0,2,0,0.0,NaN,NaN,1,0,1,0,0,0,1,0,0,0,0,0,0,0,0,0,0,0,1,6,0,0,0,0,0,0,0,0,0,0,0,0,0,0,6,-1,0
D:\Project\spselasa-master\spselasa-master\SistemPakar_Anggara_Library\src\com\anggaranothing\pakar\dyslexia\dao\IfSymptomDao.java,com.anggaranothing.pakar.dyslexia.dao.IfSymptomDao,interface,1,5,4,1,5,1,0,0,10,0.0,0.0,0.0,5,0,0,0,0,5,5,0,0,0,0,0,0,0,0,0,0,0,0,7,0,0,0,0,0,0,0,0,0,0,0,0,0,0,16,1,0
D:\Project\spselasa-master\spselasa-master\SistemPakar_Anggara_Client\src\com\anggaranothing\pakar\dyslexia\client\FrameCfLevel.java,com.anggaranothing.pakar.dyslexia.client.FrameCfLevel$Anonymous9,anonymous,1,1,0,1,7,1,0,1,21,0.0,0.0,0.0,7,0,7,0,0,0,7,0,0,0,0,0,0,0,0,0,0,0,0,17,0,0,0,0,0,0,0,0,0,0,0,0,0,0,12,-1,0
D:\Project\spselasa-master\spselasa-master\SistemPakar_Anggara_Client\src\com\anggaranothing\pakar\dyslexia\client\FrameCfLevel.java,com.anggaranothing.pakar.dyslexia.client.FrameCfLevel$Anonymous7,anonymous,1,1,0,1,1,1,0,1,0,0.0,NaN,NaN,1,0,1,0,0,0,1,0,0,0,0,0,0,0,0,0,0,0,0,5,0,0,0,0,0,0,0,0,0,0,0,0,0,0,7,-1,0
D:\Project\spselasa-master\spselasa-master\SistemPakar_Anggara_Client\src\com\anggaranothing\pakar\dyslexia\client\FrameUser.java,com.anggaranothing.pakar.dyslexia.client.FrameUser$Anonymous9,anonymous,1,1,0,1,7,1,0,1,21,0.0,0.0,0.0,7,0,7,0,0,0,7,0,0,0,0,0,0,0,0,0,0,0,0,17,0,0,0,0,0,0,0,0,0,0,0,0,0,0,12,-1,0
D:\Project\spselasa-master\spselasa-master\SistemPakar_Anggara_Client\src\com\anggaranothing\pakar\dyslexia\client\FrameCfLevel.java,com.anggaranothing.pakar.dyslexia.client.FrameCfLevel$Anonymous8,anonymous,1,1,0,1,1,1,0,1,0,0.0,NaN,NaN,1,0,1,0,0,0,1,0,0,0,0,0,0,0,0,0,0,0,0,5,0,0,0,0,0,0,0,0,0,0,0,0,0,0,7,-1,0
D:\Project\spselasa-master\spselasa-master\SistemPakar_Anggara_Client\src\com\anggaranothing\pakar\dyslexia\client\FrameCfLevel.java,com.anggaranothing.pakar.dyslexia.client.FrameCfLevel$Anonymous5,anonymous,1,1,0,1,1,1,0,1,0,0.0,NaN,NaN,1,0,1,0,0,0,1,0,0,0,0,0,0,0,0,0,0,0,0,5,0,0,0,0,0,0,0,0,0,0,0,0,0,0,7,-1,0
D:\Project\spselasa-master\spselasa-master\SistemPakar_Anggara_Client\src\com\anggaranothing\pakar\dyslexia\client\FrameCfLevel.java,com.anggaranothing.pakar.dyslexia.client.FrameCfLevel$Anonymous6,anonymous,1,1,0,1,1,1,0,1,0,0.0,NaN,NaN,1,0,1,0,0,0,1,0,0,0,0,0,0,0,0,0,0,0,0,5,0,0,0,0,0,0,0,0,0,0,0,0,0,0,7,-1,0
D:\Project\spselasa-master\spselasa-master\SistemPakar_Anggara_Client\src\com\anggaranothing\pakar\dyslexia\client\FrameGroup.java,com.anggaranothing.pakar.dyslexia.client.FrameGroup$Anonymous15,anonymous,1,1,0,1,1,1,0,1,0,0.0,NaN,NaN,1,0,1,0,0,0,1,0,0,0,0,0,0,0,0,0,0,0,0,5,0,0,0,0,0,0,0,0,0,0,0,0,0,0,6,-1,0
D:\Project\spselasa-master\spselasa-master\SistemPakar_Anggara_Client\src\com\anggaranothing\pakar\dyslexia\client\FrameGroup.java,com.anggaranothing.pakar.dyslexia.client.FrameGroup$Anonymous14,anonymous,1,1,0,1,1,1,0,1,0,0.0,NaN,NaN,1,0,1,0,0,0,1,0,0,0,0,0,0,0,0,0,0,0,0,5,0,0,0,0,0,0,0,0,0,0,0,0,0,0,6,-1,0
D:\Project\spselasa-master\spselasa-master\SistemPakar_Anggara_Client\src\com\anggaranothing\pakar\dyslexia\client\FrameGroup.java,com.anggaranothing.pakar.dyslexia.client.FrameGroup$Anonymous13,anonymous,1,1,0,1,1,1,0,1,0,0.0,NaN,NaN,1,0,1,0,0,0,1,0,0,0,0,0,0,0,0,0,0,0,0,5,0,0,0,0,0,0,0,0,0,0,0,0,0,0,6,-1,0
D:\Project\spselasa-master\spselasa-master\SistemPakar_Anggara_Client\src\com\anggaranothing\pakar\dyslexia\client\FrameGroup.java,com.anggaranothing.pakar.dyslexia.client.FrameGroup$Anonymous12,anonymous,1,1,0,1,1,1,0,1,0,0.0,NaN,NaN,1,0,1,0,0,0,1,0,0,0,0,0,0,0,0,0,0,0,0,5,0,0,0,0,0,0,0,0,0,0,0,0,0,0,6,-1,0
D:\Project\spselasa-master\spselasa-master\SistemPakar_Anggara_Client\src\com\anggaranothing\pakar\dyslexia\client\FrameGroup.java,com.anggaranothing.pakar.dyslexia.client.FrameGroup$Anonymous11,anonymous,1,1,0,1,1,1,0,0,0,0.0,NaN,NaN,1,0,1,0,0,0,1,0,0,0,1,0,0,0,0,1,0,0,0,6,1,0,0,0,0,0,0,1,0,1,0,0,0,0,7,-1,0
D:\Project\spselasa-master\spselasa-master\SistemPakar_Anggara_Client\src\com\anggaranothing\pakar\dyslexia\client\FrameGroup.java,com.anggaranothing.pakar.dyslexia.client.FrameGroup$Anonymous10,anonymous,1,1,0,1,1,1,0,1,0,0.0,NaN,NaN,1,0,1,0,0,0,1,0,0,0,0,0,0,0,0,0,0,0,0,5,0,0,0,0,0,0,0,0,0,0,0,0,0,0,5,-1,0
D:\Project\spselasa-master\spselasa-master\SistemPakar_Anggara_Server\src\com\anggaranothing\pakar\dyslexia\server\ServerConfig.java,com.anggaranothing.pakar.dyslexia.server.ServerConfig,class,5,17,12,5,32,2,0,16,70,0.8857144,0.30409357,0.30409357,21,21,18,2,1,0,19,0,0,0,25,25,0,25,0,0,25,0,25,161,22,1,1,2,0,47,5,31,1,28,2,0,0,0,80,1,2
D:\Project\spselasa-master\spselasa-master\SistemPakar_Anggara_Client\src\com\anggaranothing\pakar\dyslexia\client\FrameGroup.java,com.anggaranothing.pakar.dyslexia.client.FrameGroup$Anonymous19,anonymous,1,1,0,1,1,1,0,1,0,0.0,NaN,NaN,1,0,1,0,0,0,1,0,0,0,0,0,0,0,0,0,0,0,0,5,0,0,0,0,0,0,0,0,0,0,0,0,0,0,7,-1,0
D:\Project\spselasa-master\spselasa-master\SistemPakar_Anggara_Client\src\com\anggaranothing\pakar\dyslexia\client\FrameUser.java,com.anggaranothing.pakar.dyslexia.client.FrameUser$Anonymous18,anonymous,1,1,0,1,1,1,0,1,0,0.0,NaN,NaN,1,0,1,0,0,0,1,0,0,0,0,0,0,0,0,0,0,0,0,5,0,0,0,0,0,0,0,0,0,0,0,0,0,0,7,-1,0
D:\Project\spselasa-master\spselasa-master\SistemPakar_Anggara_Client\src\com\anggaranothing\pakar\dyslexia\client\FrameGroup.java,com.anggaranothing.pakar.dyslexia.client.FrameGroup$Anonymous18,anonymous,1,1,0,1,1,1,0,1,0,0.0,NaN,NaN,1,0,1,0,0,0,1,0,0,0,0,0,0,0,0,0,0,0,0,5,0,0,0,0,0,0,0,0,0,0,0,0,0,0,7,-1,0
D:\Project\spselasa-master\spselasa-master\SistemPakar_Anggara_Client\src\com\anggaranothing\pakar\dyslexia\client\FrameUser.java,com.anggaranothing.pakar.dyslexia.client.FrameUser$Anonymous19,anonymous,1,1,0,1,1,1,0,1,0,0.0,NaN,NaN,1,0,1,0,0,0,1,0,0,0,0,0,0,0,0,0,0,0,0,5,0,0,0,0,0,0,0,0,0,0,0,0,0,0,7,-1,0
D:\Project\spselasa-master\spselasa-master\SistemPakar_Anggara_Client\src\com\anggaranothing\pakar\dyslexia\client\FrameGroup.java,com.anggaranothing.pakar.dyslexia.client.FrameGroup$Anonymous17,anonymous,1,1,0,1,1,1,0,1,0,0.0,NaN,NaN,1,0,1,0,0,0,1,0,0,0,0,0,0,0,0,0,0,0,0,5,0,0,0,0,0,0,0,0,0,0,0,0,0,0,6,-1,0
D:\Project\spselasa-master\spselasa-master\SistemPakar_Anggara_Client\src\com\anggaranothing\pakar\dyslexia\client\FrameGroup.java,com.anggaranothing.pakar.dyslexia.client.FrameGroup$Anonymous16,anonymous,1,1,0,1,1,1,0,1,0,0.0,NaN,NaN,1,0,1,0,0,0,1,0,0,0,0,0,0,0,0,0,0,0,0,5,0,0,0,0,0,0,0,0,0,0,0,0,0,0,7,-1,0
D:\Project\spselasa-master\spselasa-master\SistemPakar_Anggara_Client\src\com\anggaranothing\pakar\dyslexia\client\FrameUser.java,com.anggaranothing.pakar.dyslexia.client.FrameUser,class,13,37,24,13,82,5,0,179,560,0.96370924,NaN,NaN,36,0,1,35,0,0,1,0,0,0,62,0,0,62,0,0,2,0,38,749,14,4,10,4,8,109,174,110,9,88,3,24,0,0,213,1,0
D:\Project\spselasa-master\spselasa-master\SistemPakar_Anggara_Client\src\com\anggaranothing\pakar\dyslexia\client\FrameUser.java,com.anggaranothing.pakar.dyslexia.client.FrameUser$Anonymous21,anonymous,1,1,0,1,1,1,0,1,0,0.0,NaN,NaN,1,0,1,0,0,0,1,0,0,0,0,0,0,0,0,0,0,0,0,5,0,0,0,0,0,0,0,0,0,0,0,0,0,0,6,-1,0
D:\Project\spselasa-master\spselasa-master\SistemPakar_Anggara_Client\src\com\anggaranothing\pakar\dyslexia\client\FrameUser.java,com.anggaranothing.pakar.dyslexia.client.FrameUser$Anonymous22,anonymous,1,1,0,1,1,1,0,1,0,0.0,NaN,NaN,1,0,1,0,0,0,1,0,0,0,0,0,0,0,0,0,0,0,0,5,0,0,0,0,0,0,0,0,0,0,0,0,0,0,6,-1,0
D:\Project\spselasa-master\spselasa-master\SistemPakar_Anggara_Client\src\com\anggaranothing\pakar\dyslexia\client\FrameUser.java,com.anggaranothing.pakar.dyslexia.client.FrameUser$Anonymous23,anonymous,1,1,0,1,1,1,0,1,0,0.0,NaN,NaN,1,0,1,0,0,0,1,0,0,0,0,0,0,0,0,0,0,0,0,5,0,0,0,0,0,0,0,0,0,0,0,0,0,0,6,-1,0
D:\Project\spselasa-master\spselasa-master\SistemPakar_Anggara_Client\src\com\anggaranothing\pakar\dyslexia\client\FrameUser.java,com.anggaranothing.pakar.dyslexia.client.FrameUser$Anonymous24,anonymous,1,1,0,1,1,1,0,4,0,0.0,NaN,NaN,1,0,1,0,0,0,1,0,0,0,0,0,0,0,0,0,0,0,0,8,0,0,0,0,0,0,2,0,0,0,0,0,0,0,9,-1,0
D:\Project\spselasa-master\spselasa-master\SistemPakar_Anggara_Client\src\com\anggaranothing\pakar\dyslexia\client\FrameDiagnostic.java,com.anggaranothing.pakar.dyslexia.client.FrameDiagnostic$Anonymous3,anonymous,1,1,0,1,1,1,0,4,0,0.0,NaN,NaN,1,0,1,0,0,0,1,0,0,0,0,0,0,0,0,0,0,0,0,7,0,0,0,0,0,0,0,0,0,0,0,0,0,0,7,-1,0
D:\Project\spselasa-master\spselasa-master\SistemPakar_Anggara_Client\src\com\anggaranothing\pakar\dyslexia\client\FrameDiagnostic.java,com.anggaranothing.pakar.dyslexia.client.FrameDiagnostic$Anonymous4,anonymous,1,1,0,1,1,1,0,1,0,0.0,NaN,NaN,1,0,1,0,0,0,1,0,0,0,0,0,0,0,0,0,0,0,0,5,0,0,0,0,0,0,0,0,0,0,0,0,0,0,7,-1,0
D:\Project\spselasa-master\spselasa-master\SistemPakar_Anggara_Client\src\com\anggaranothing\pakar\dyslexia\client\FrameDiagnostic.java,com.anggaranothing.pakar.dyslexia.client.FrameDiagnostic$Anonymous1,anonymous,0,0,0,0,1,1,0,5,0,0.0,NaN,NaN,1,0,1,0,0,0,1,0,0,0,0,0,0,0,0,0,0,0,2,6,0,0,0,0,0,0,1,0,1,0,0,0,0,0,6,-1,0
D:\Project\spselasa-master\spselasa-master\SistemPakar_Anggara_Client\src\com\anggaranothing\pakar\dyslexia\client\FrameDiagnostic.java,com.anggaranothing.pakar.dyslexia.client.FrameDiagnostic$Anonymous2,anonymous,3,3,0,3,17,1,0,17,0,0.0,NaN,NaN,1,0,1,0,0,0,1,0,0,0,0,0,0,0,0,0,0,0,0,57,0,2,2,0,2,0,6,14,6,8,3,0,0,0,34,-1,0
D:\Project\spselasa-master\spselasa-master\SistemPakar_Anggara_Client\src\com\anggaranothing\pakar\dyslexia\client\FrameUser.java,com.anggaranothing.pakar.dyslexia.client.FrameUser$Anonymous20,anonymous,1,1,0,1,1,1,0,1,0,0.0,NaN,NaN,1,0,1,0,0,0,1,0,0,0,0,0,0,0,0,0,0,0,0,5,0,0,0,0,0,0,0,0,0,0,0,0,0,0,6,-1,0
D:\Project\spselasa-master\spselasa-master\SistemPakar_Anggara_Server\src\com\anggaranothing\pakar\dyslexia\impl\InferenceEngine.java,com.anggaranothing.pakar.dyslexia.impl.InferenceEngine,class,0,1,1,0,6,1,0,1,1,0.0,0.0,0.0,2,2,2,0,0,0,2,0,0,0,0,0,0,0,0,0,0,0,1,15,2,0,0,0,2,0,7,3,10,1,1,0,0,0,13,1,0
D:\Project\spselasa-master\spselasa-master\SistemPakar_Anggara_Server\src\com\anggaranothing\pakar\dyslexia\impl\UserDao.java,com.anggaranothing.pakar.dyslexia.impl.UserDao,class,5,6,1,5,14,2,0,44,15,0.0,0.0,0.0,6,0,6,0,0,0,6,0,0,0,0,0,0,0,0,0,0,0,2,97,5,1,3,4,2,41,19,13,8,10,2,0,0,0,65,1,8
D:\Project\spselasa-master\spselasa-master\SistemPakar_Anggara_Client\src\com\anggaranothing\pakar\dyslexia\client\FrameStartDiagnostic.java,com.anggaranothing.pakar.dyslexia.client.FrameStartDiagnostic,class,15,25,10,15,46,5,0,111,57,0.8848484,NaN,NaN,15,0,1,14,0,0,1,0,0,0,22,0,0,22,0,0,3,0,23,300,8,3,4,3,2,29,34,45,6,34,3,9,0,0,135,1,0
D:\Project\spselasa-master\spselasa-master\SistemPakar_Anggara_Library\src\com\anggaranothing\pakar\dyslexia\model\Relation.java,com.anggaranothing.pakar.dyslexia.model.Relation,class,2,5,3,2,2,4,0,0,0,0.0,1.0,1.0,2,0,2,0,0,0,2,0,0,0,1,0,0,1,0,0,0,0,0,9,1,0,0,0,0,0,0,1,0,1,0,0,0,0,12,1,0
D:\Project\spselasa-master\spselasa-master\SistemPakar_Anggara_Client\src\com\anggaranothing\pakar\dyslexia\client\FrameRelation.java,com.anggaranothing.pakar.dyslexia.client.FrameRelation$Anonymous6,anonymous,1,1,0,1,1,1,0,1,0,0.0,NaN,NaN,1,0,1,0,0,0,1,0,0,0,0,0,0,0,0,0,0,0,0,5,0,0,0,0,0,0,0,0,0,0,0,0,0,0,7,-1,0
D:\Project\spselasa-master\spselasa-master\SistemPakar_Anggara_Client\src\com\anggaranothing\pakar\dyslexia\client\FrameUser.java,com.anggaranothing.pakar.dyslexia.client.FrameUser$Anonymous5,anonymous,1,1,0,1,1,1,0,1,0,0.0,NaN,NaN,1,0,1,0,0,0,1,0,0,0,0,0,0,0,0,0,0,0,0,5,0,0,0,0,0,0,0,0,0,0,0,0,0,0,7,-1,0
D:\Project\spselasa-master\spselasa-master\SistemPakar_Anggara_Client\src\com\anggaranothing\pakar\dyslexia\client\FrameRelation.java,com.anggaranothing.pakar.dyslexia.client.FrameRelation$Anonymous7,anonymous,1,1,0,1,1,1,0,1,0,0.0,NaN,NaN,1,0,1,0,0,0,1,0,0,0,0,0,0,0,0,0,0,0,0,5,0,0,0,0,0,0,0,0,0,0,0,0,0,0,7,-1,0
D:\Project\spselasa-master\spselasa-master\SistemPakar_Anggara_Client\src\com\anggaranothing\pakar\dyslexia\client\FrameUser.java,com.anggaranothing.pakar.dyslexia.client.FrameUser$Anonymous6,anonymous,1,1,0,1,1,1,0,1,0,0.0,NaN,NaN,1,0,1,0,0,0,1,0,0,0,0,0,0,0,0,0,0,0,0,5,0,0,0,0,0,0,0,0,0,0,0,0,0,0,7,-1,0
D:\Project\spselasa-master\spselasa-master\SistemPakar_Anggara_Client\src\com\anggaranothing\pakar\dyslexia\client\FrameRelation.java,com.anggaranothing.pakar.dyslexia.client.FrameRelation$Anonymous8,anonymous,1,1,0,1,1,1,0,1,0,0.0,NaN,NaN,1,0,1,0,0,0,1,0,0,0,0,0,0,0,0,0,0,0,0,5,0,0,0,0,0,0,0,0,0,0,0,0,0,0,7,-1,0
D:\Project\spselasa-master\spselasa-master\SistemPakar_Anggara_Client\src\com\anggaranothing\pakar\dyslexia\client\FrameUser.java,com.anggaranothing.pakar.dyslexia.client.FrameUser$Anonymous7,anonymous,1,1,0,1,1,1,0,1,0,0.0,NaN,NaN,1,0,1,0,0,0,1,0,0,0,0,0,0,0,0,0,0,0,0,5,0,0,0,0,0,0,0,0,0,0,0,0,0,0,7,-1,0
D:\Project\spselasa-master\spselasa-master\SistemPakar_Anggara_Client\src\com\anggaranothing\pakar\dyslexia\client\FrameRelation.java,com.anggaranothing.pakar.dyslexia.client.FrameRelation$Anonymous9,anonymous,1,1,0,1,1,1,0,1,0,0.0,NaN,NaN,1,0,1,0,0,0,1,0,0,0,0,0,0,0,0,0,0,0,0,5,0,0,0,0,0,0,0,0,0,0,0,0,0,0,9,-1,0
D:\Project\spselasa-master\spselasa-master\SistemPakar_Anggara_Client\src\com\anggaranothing\pakar\dyslexia\client\FrameUser.java,com.anggaranothing.pakar.dyslexia.client.FrameUser$Anonymous8,anonymous,1,1,0,1,1,1,0,1,0,0.0,NaN,NaN,1,0,1,0,0,0,1,0,0,0,0,0,0,0,0,0,0,0,0,5,0,0,0,0,0,0,0,0,0,0,0,0,0,0,7,-1,0
D:\Project\spselasa-master\spselasa-master\SistemPakar_Anggara_Client\src\com\anggaranothing\pakar\dyslexia\client\FrameRelation.java,com.anggaranothing.pakar.dyslexia.client.FrameRelation$Anonymous2,anonymous,2,2,0,2,19,1,0,20,0,0.0,NaN,NaN,1,0,1,0,0,0,1,0,0,0,0,0,0,0,0,0,0,0,1,66,0,2,2,0,2,1,7,16,6,9,3,0,0,0,36,-1,0
D:\Project\spselasa-master\spselasa-master\SistemPakar_Anggara_Client\src\com\anggaranothing\pakar\dyslexia\client\FrameUser.java,com.anggaranothing.pakar.dyslexia.client.FrameUser$Anonymous1,anonymous,0,0,0,0,1,1,0,5,0,0.0,NaN,NaN,1,0,1,0,0,0,1,0,0,0,0,0,0,0,0,0,0,0,2,6,0,0,0,0,0,0,1,0,1,0,0,0,0,0,6,-1,0
D:\Project\spselasa-master\spselasa-master\SistemPakar_Anggara_Client\src\com\anggaranothing\pakar\dyslexia\client\FrameRelation.java,com.anggaranothing.pakar.dyslexia.client.FrameRelation$Anonymous3,anonymous,1,1,0,1,2,1,0,8,0,0.0,NaN,NaN,1,0,1,0,0,0,1,0,0,0,0,0,0,0,0,0,0,0,0,14,0,0,0,0,0,0,0,4,0,3,1,0,0,0,16,-1,0
D:\Project\spselasa-master\spselasa-master\SistemPakar_Anggara_Client\src\com\anggaranothing\pakar\dyslexia\client\FrameUser.java,com.anggaranothing.pakar.dyslexia.client.FrameUser$Anonymous2,anonymous,3,3,0,3,19,1,0,20,0,0.0,NaN,NaN,1,0,1,0,0,0,1,0,0,0,0,0,0,0,0,0,0,0,1,67,0,2,2,0,2,0,7,18,6,9,3,0,0,0,35,-1,0
D:\Project\spselasa-master\spselasa-master\SistemPakar_Anggara_Client\src\com\anggaranothing\pakar\dyslexia\client\FrameGroup.java,com.anggaranothing.pakar.dyslexia.client.FrameGroup$Anonymous2,anonymous,2,2,0,2,17,1,0,16,0,0.0,NaN,NaN,1,0,1,0,0,0,1,0,0,0,0,0,0,0,0,0,0,0,0,57,0,2,2,0,2,0,6,14,6,8,3,0,0,0,34,-1,0
D:\Project\spselasa-master\spselasa-master\SistemPakar_Anggara_Client\src\com\anggaranothing\pakar\dyslexia\client\FrameRelation.java,com.anggaranothing.pakar.dyslexia.client.FrameRelation$Anonymous4,anonymous,1,1,0,1,1,1,0,5,0,0.0,NaN,NaN,1,0,1,0,0,0,1,0,0,0,0,0,0,0,0,0,0,0,0,9,0,0,0,0,0,0,0,2,0,2,0,0,0,0,10,-1,0
D:\Project\spselasa-master\spselasa-master\SistemPakar_Anggara_Client\src\com\anggaranothing\pakar\dyslexia\client\FrameUser.java,com.anggaranothing.pakar.dyslexia.client.FrameUser$Anonymous3,anonymous,1,1,0,1,2,1,0,5,0,0.0,NaN,NaN,1,0,1,0,0,0,1,0,0,0,0,0,0,0,0,0,0,0,0,11,0,0,0,0,0,0,0,2,0,1,1,0,0,0,13,-1,0
D:\Project\spselasa-master\spselasa-master\SistemPakar_Anggara_Client\src\com\anggaranothing\pakar\dyslexia\client\FrameGroup.java,com.anggaranothing.pakar.dyslexia.client.FrameGroup$Anonymous1,anonymous,0,0,0,0,1,1,0,5,0,0.0,NaN,NaN,1,0,1,0,0,0,1,0,0,0,0,0,0,0,0,0,0,0,2,6,0,0,0,0,0,0,1,0,1,0,0,0,0,0,6,-1,0
D:\Project\spselasa-master\spselasa-master\SistemPakar_Anggara_Client\src\com\anggaranothing\pakar\dyslexia\client\FrameRelation.java,com.anggaranothing.pakar.dyslexia.client.FrameRelation$Anonymous5,anonymous,1,1,0,1,1,1,0,1,0,0.0,NaN,NaN,1,0,1,0,0,0,1,0,0,0,0,0,0,0,0,0,0,0,0,5,0,0,0,0,0,0,0,0,0,0,0,0,0,0,7,-1,0
D:\Project\spselasa-master\spselasa-master\SistemPakar_Anggara_Client\src\com\anggaranothing\pakar\dyslexia\client\FrameUser.java,com.anggaranothing.pakar.dyslexia.client.FrameUser$Anonymous4,anonymous,1,1,0,1,1,1,0,4,0,0.0,NaN,NaN,1,0,1,0,0,0,1,0,0,0,0,0,0,0,0,0,0,0,0,7,0,0,0,0,0,0,0,0,0,0,0,0,0,0,7,-1,0
D:\Project\spselasa-master\spselasa-master\SistemPakar_Anggara_Client\src\com\anggaranothing\pakar\dyslexia\client\FrameRelation.java,com.anggaranothing.pakar.dyslexia.client.FrameRelation$Anonymous1,anonymous,0,0,0,0,1,1,0,5,0,0.0,NaN,NaN,1,0,1,0,0,0,1,0,0,0,0,0,0,0,0,0,0,0,2,6,0,0,0,0,0,0,1,0,1,0,0,0,0,0,6,-1,0
D:\Project\spselasa-master\spselasa-master\SistemPakar_Anggara_Server\src\com\anggaranothing\pakar\dyslexia\impl\DiagnosticDao.java,com.anggaranothing.pakar.dyslexia.impl.DiagnosticDao,class,11,13,2,11,46,2,0,88,45,0.0,0.0,0.0,10,0,9,1,0,0,9,0,0,0,0,0,0,0,0,0,0,0,9,273,9,10,7,9,5,108,35,61,19,51,6,0,0,0,108,1,16
D:\Project\spselasa-master\spselasa-master\SistemPakar_Anggara_Client\src\com\anggaranothing\pakar\dyslexia\client\ContainerMap.java,com.anggaranothing.pakar.dyslexia.client.ContainerMap,class,1,16,15,1,13,1,0,18,13,0.36363637,0.38181818,0.38181818,11,0,11,0,0,0,11,0,0,0,1,0,0,1,0,0,1,0,0,45,10,0,1,0,0,0,0,3,0,1,1,0,0,0,52,1,0
D:\Project\spselasa-master\spselasa-master\SistemPakar_Anggara_Client\src\com\anggaranothing\pakar\dyslexia\client\FrameGroup.java,com.anggaranothing.pakar.dyslexia.client.FrameGroup$Anonymous4,anonymous,1,1,0,1,1,1,0,4,0,0.0,NaN,NaN,1,0,1,0,0,0,1,0,0,0,0,0,0,0,0,0,0,0,0,7,0,0,0,0,0,0,0,0,0,0,0,0,0,0,7,-1,0
D:\Project\spselasa-master\spselasa-master\SistemPakar_Anggara_Client\src\com\anggaranothing\pakar\dyslexia\client\FrameGroup.java,com.anggaranothing.pakar.dyslexia.client.FrameGroup$Anonymous3,anonymous,1,1,0,1,2,1,0,5,0,0.0,NaN,NaN,1,0,1,0,0,0,1,0,0,0,0,0,0,0,0,0,0,0,0,11,0,0,0,0,0,0,0,2,0,1,1,0,0,0,13,-1,0
D:\Project\spselasa-master\spselasa-master\SistemPakar_Anggara_Client\src\com\anggaranothing\pakar\dyslexia\client\FrameGroup.java,com.anggaranothing.pakar.dyslexia.client.FrameGroup$Anonymous6,anonymous,1,1,0,1,1,1,0,1,0,0.0,NaN,NaN,1,0,1,0,0,0,1,0,0,0,0,0,0,0,0,0,0,0,0,5,0,0,0,0,0,0,0,0,0,0,0,0,0,0,7,-1,0
D:\Project\spselasa-master\spselasa-master\SistemPakar_Anggara_Client\src\com\anggaranothing\pakar\dyslexia\client\FrameCfLevel.java,com.anggaranothing.pakar.dyslexia.client.FrameCfLevel,class,10,34,24,10,71,5,0,149,570,0.96453863,NaN,NaN,36,0,1,35,0,0,1,0,0,0,47,0,0,47,0,0,1,0,26,646,12,1,8,4,7,70,123,83,9,70,2,24,0,0,196,1,0
D:\Project\spselasa-master\spselasa-master\SistemPakar_Anggara_Client\src\com\anggaranothing\pakar\dyslexia\client\FrameGroup.java,com.anggaranothing.pakar.dyslexia.client.FrameGroup$Anonymous5,anonymous,1,1,0,1,1,1,0,1,0,0.0,NaN,NaN,1,0,1,0,0,0,1,0,0,0,0,0,0,0,0,0,0,0,0,5,0,0,0,0,0,0,0,0,0,0,0,0,0,0,7,-1,0
D:\Project\spselasa-master\spselasa-master\SistemPakar_Anggara_Client\src\com\anggaranothing\pakar\dyslexia\client\FrameGroup.java,com.anggaranothing.pakar.dyslexia.client.FrameGroup$Anonymous8,anonymous,1,1,0,1,1,1,0,1,0,0.0,NaN,NaN,1,0,1,0,0,0,1,0,0,0,0,0,0,0,0,0,0,0,0,5,0,0,0,0,0,0,0,0,0,0,0,0,0,0,7,-1,0
D:\Project\spselasa-master\spselasa-master\SistemPakar_Anggara_Client\src\com\anggaranothing\pakar\dyslexia\client\FrameGroup.java,com.anggaranothing.pakar.dyslexia.client.FrameGroup$Anonymous7,anonymous,1,1,0,1,1,1,0,1,0,0.0,NaN,NaN,1,0,1,0,0,0,1,0,0,0,0,0,0,0,0,0,0,0,0,5,0,0,0,0,0,0,0,0,0,0,0,0,0,0,7,-1,0
D:\Project\spselasa-master\spselasa-master\SistemPakar_Anggara_Client\src\com\anggaranothing\pakar\dyslexia\client\FrameGroup.java,com.anggaranothing.pakar.dyslexia.client.FrameGroup$Anonymous9,anonymous,1,1,0,1,7,1,0,1,21,0.0,0.0,0.0,7,0,7,0,0,0,7,0,0,0,0,0,0,0,0,0,0,0,0,17,0,0,0,0,0,0,0,0,0,0,0,0,0,0,12,-1,0
D:\Project\spselasa-master\spselasa-master\SistemPakar_Anggara_Client\src\com\anggaranothing\pakar\dyslexia\client\FrameDiagnostic.java,com.anggaranothing.pakar.dyslexia.client.FrameDiagnostic$Anonymous20,anonymous,1,1,0,1,1,1,0,1,0,0.0,NaN,NaN,1,0,1,0,0,0,1,0,0,0,0,0,0,0,0,0,0,0,0,5,0,0,0,0,0,0,0,0,0,0,0,0,0,0,6,-1,0
D:\Project\spselasa-master\spselasa-master\SistemPakar_Anggara_Server\src\com\anggaranothing\pakar\dyslexia\impl\GejalaDao.java,com.anggaranothing.pakar.dyslexia.impl.GejalaDao,class,6,7,1,6,19,2,0,29,21,0.0,0.0,0.0,7,0,7,0,0,0,7,0,0,0,0,0,0,0,0,0,0,0,2,103,6,2,3,5,3,37,8,18,10,15,2,0,0,0,71,1,10
D:\Project\spselasa-master\spselasa-master\SistemPakar_Anggara_Client\src\com\anggaranothing\pakar\dyslexia\client\FrameDiagnostic.java,com.anggaranothing.pakar.dyslexia.client.FrameDiagnostic$Anonymous23,anonymous,1,1,0,1,1,1,0,4,0,0.0,NaN,NaN,1,0,1,0,0,0,1,0,0,0,0,0,0,0,0,0,0,0,0,8,0,0,0,0,0,0,2,0,0,0,0,0,0,0,9,-1,0
D:\Project\spselasa-master\spselasa-master\SistemPakar_Anggara_Client\src\com\anggaranothing\pakar\dyslexia\client\FrameDiagnostic.java,com.anggaranothing.pakar.dyslexia.client.FrameDiagnostic$Anonymous22,anonymous,1,1,0,1,1,1,0,1,0,0.0,NaN,NaN,1,0,1,0,0,0,1,0,0,0,0,0,0,0,0,0,0,0,0,5,0,0,0,0,0,0,0,0,0,0,0,0,0,0,6,-1,0
D:\Project\spselasa-master\spselasa-master\SistemPakar_Anggara_Client\src\com\anggaranothing\pakar\dyslexia\client\FrameDiagnostic.java,com.anggaranothing.pakar.dyslexia.client.FrameDiagnostic$Anonymous21,anonymous,1,1,0,1,1,1,0,1,0,0.0,NaN,NaN,1,0,1,0,0,0,1,0,0,0,0,0,0,0,0,0,0,0,0,5,0,0,0,0,0,0,0,0,0,0,0,0,0,0,6,-1,0
D:\Project\spselasa-master\spselasa-master\SistemPakar_Anggara_Server\src\com\anggaranothing\pakar\dyslexia\impl\RelationDao.java,com.anggaranothing.pakar.dyslexia.impl.RelationDao,class,8,9,1,8,20,2,0,37,15,0.0,0.0,0.0,6,0,6,0,0,0,6,0,0,0,0,0,0,0,0,0,0,0,2,110,5,4,5,4,2,33,11,23,8,18,4,0,0,0,81,1,8
D:\Project\spselasa-master\spselasa-master\SistemPakar_Anggara_Server\src\com\anggaranothing\pakar\dyslexia\impl\GroupDao.java,com.anggaranothing.pakar.dyslexia.impl.GroupDao,class,6,7,1,6,14,2,0,28,15,0.0,0.0,0.0,6,0,6,0,0,0,6,0,0,0,0,0,0,0,0,0,0,0,2,79,5,1,3,4,2,29,7,13,8,10,2,0,0,0,61,1,8
D:\Project\spselasa-master\spselasa-master\SistemPakar_Anggara_Client\src\com\anggaranothing\pakar\dyslexia\client\FrameLauncher.java,com.anggaranothing.pakar.dyslexia.client.FrameLauncher$Anonymous1,anonymous,1,1,0,1,2,1,0,2,0,0.0,NaN,NaN,1,0,1,0,0,0,1,0,0,0,0,0,0,0,0,0,0,0,0,9,0,0,0,0,0,2,0,2,0,1,1,0,0,0,2,-1,0
D:\Project\spselasa-master\spselasa-master\SistemPakar_Anggara_Client\src\com\anggaranothing\pakar\dyslexia\client\FrameLauncher.java,com.anggaranothing.pakar.dyslexia.client.FrameLauncher$Anonymous2,anonymous,1,1,0,1,7,1,0,3,21,0.0,0.0,0.0,7,0,7,0,0,0,7,0,0,0,0,0,0,0,0,0,0,0,0,19,0,0,0,0,0,0,0,0,0,0,0,0,0,0,12,-1,0
D:\Project\spselasa-master\spselasa-master\SistemPakar_Anggara_Client\src\com\anggaranothing\pakar\dyslexia\client\FrameLauncher.java,com.anggaranothing.pakar.dyslexia.client.FrameLauncher$Anonymous3,anonymous,1,1,0,1,2,1,0,2,1,0.0,0.0,0.0,2,0,2,0,0,0,2,0,0,0,0,0,0,0,0,0,0,0,0,8,0,0,0,0,0,0,0,0,0,0,0,0,0,0,6,-1,0
D:\Project\spselasa-master\spselasa-master\SistemPakar_Anggara_Client\src\com\anggaranothing\pakar\dyslexia\client\FrameLauncher.java,com.anggaranothing.pakar.dyslexia.client.FrameLauncher$Anonymous4,anonymous,1,1,0,1,1,1,0,1,0,0.0,NaN,NaN,1,0,1,0,0,0,1,0,0,0,0,0,0,0,0,0,0,0,0,5,0,0,0,0,0,0,0,0,0,0,0,0,0,0,6,-1,0
D:\Project\spselasa-master\spselasa-master\SistemPakar_Anggara_Client\src\com\anggaranothing\pakar\dyslexia\client\FrameLauncher.java,com.anggaranothing.pakar.dyslexia.client.FrameLauncher$Anonymous5,anonymous,1,1,0,1,1,1,0,1,0,0.0,NaN,NaN,1,0,1,0,0,0,1,0,0,0,0,0,0,0,0,0,0,0,0,5,0,0,0,0,0,0,0,0,0,0,0,0,0,0,6,-1,0
D:\Project\spselasa-master\spselasa-master\SistemPakar_Anggara_Client\src\com\anggaranothing\pakar\dyslexia\client\FrameDiagnosticResult.java,com.anggaranothing.pakar.dyslexia.client.FrameDiagnosticResult$Anonymous1,anonymous,1,1,0,1,7,1,0,1,21,0.0,0.0,0.0,7,0,7,0,0,0,7,0,0,0,0,0,0,0,0,0,0,0,0,17,0,0,0,0,0,0,0,0,0,0,0,0,0,0,12,-1,0
D:\Project\spselasa-master\spselasa-master\SistemPakar_Anggara_Client\src\com\anggaranothing\pakar\dyslexia\client\FrameLauncher.java,com.anggaranothing.pakar.dyslexia.client.FrameLauncher$Anonymous6,anonymous,1,1,0,1,1,1,0,1,0,0.0,NaN,NaN,1,0,1,0,0,0,1,0,0,0,0,0,0,0,0,0,0,0,0,5,0,0,0,0,0,0,0,0,0,0,0,0,0,0,6,-1,0
D:\Project\spselasa-master\spselasa-master\SistemPakar_Anggara_Client\src\com\anggaranothing\pakar\dyslexia\client\FrameDisease.java,com.anggaranothing.pakar.dyslexia.client.FrameDisease$Anonymous10,anonymous,1,1,0,1,1,1,0,1,0,0.0,NaN,NaN,1,0,1,0,0,0,1,0,0,0,0,0,0,0,0,0,0,0,0,5,0,0,0,0,0,0,0,0,0,0,0,0,0,0,5,-1,0
D:\Project\spselasa-master\spselasa-master\SistemPakar_Anggara_Client\src\com\anggaranothing\pakar\dyslexia\client\FrameLauncher.java,com.anggaranothing.pakar.dyslexia.client.FrameLauncher$Anonymous7,anonymous,1,1,0,1,1,1,0,1,0,0.0,NaN,NaN,1,0,1,0,0,0,1,0,0,0,0,0,0,0,0,0,0,0,0,5,0,0,0,0,0,0,0,0,0,0,0,0,0,0,6,-1,0
D:\Project\spselasa-master\spselasa-master\SistemPakar_Anggara_Client\src\com\anggaranothing\pakar\dyslexia\client\FrameLauncher.java,com.anggaranothing.pakar.dyslexia.client.FrameLauncher$Anonymous8,anonymous,1,1,0,1,1,1,0,1,0,0.0,NaN,NaN,1,0,1,0,0,0,1,0,0,0,0,0,0,0,0,0,0,0,0,5,0,0,0,0,0,0,0,0,0,0,0,0,0,0,6,-1,0
D:\Project\spselasa-master\spselasa-master\SistemPakar_Anggara_Client\src\com\anggaranothing\pakar\dyslexia\client\FrameLauncher.java,com.anggaranothing.pakar.dyslexia.client.FrameLauncher$Anonymous9,anonymous,1,1,0,1,1,1,0,1,0,0.0,NaN,NaN,1,0,1,0,0,0,1,0,0,0,0,0,0,0,0,0,0,0,0,5,0,0,0,0,0,0,0,0,0,0,0,0,0,0,6,-1,0
D:\Project\spselasa-master\spselasa-master\SistemPakar_Anggara_Library\src\com\anggaranothing\pakar\dyslexia\dao\IfDiseaseDao.java,com.anggaranothing.pakar.dyslexia.dao.IfDiseaseDao,interface,1,4,3,1,4,1,0,0,6,0.0,0.0,0.0,4,0,0,0,0,4,4,0,0,0,0,0,0,0,0,0,0,0,0,6,0,0,0,0,0,0,0,0,0,0,0,0,0,0,13,1,0
D:\Project\spselasa-master\spselasa-master\SistemPakar_Anggara_Client\src\com\anggaranothing\pakar\dyslexia\client\FrameDiagnostic.java,com.anggaranothing.pakar.dyslexia.client.FrameDiagnostic$Anonymous13,anonymous,1,1,0,1,1,1,0,1,0,0.0,NaN,NaN,1,0,1,0,0,0,1,0,0,0,0,0,0,0,0,0,0,0,0,5,0,0,0,0,0,0,0,0,0,0,0,0,0,0,6,-1,0
D:\Project\spselasa-master\spselasa-master\SistemPakar_Anggara_Client\src\com\anggaranothing\pakar\dyslexia\client\FrameDiagnostic.java,com.anggaranothing.pakar.dyslexia.client.FrameDiagnostic$Anonymous12,anonymous,1,1,0,1,1,1,0,1,0,0.0,NaN,NaN,1,0,1,0,0,0,1,0,0,0,0,0,0,0,0,0,0,0,0,5,0,0,0,0,0,0,0,0,0,0,0,0,0,0,6,-1,0
D:\Project\spselasa-master\spselasa-master\SistemPakar_Anggara_Client\src\com\anggaranothing\pakar\dyslexia\client\FrameDiagnostic.java,com.anggaranothing.pakar.dyslexia.client.FrameDiagnostic$Anonymous11,anonymous,1,1,0,1,1,1,0,0,0,0.0,NaN,NaN,1,0,1,0,0,0,1,0,0,0,1,0,0,0,0,1,0,0,0,6,1,0,0,0,0,0,0,1,0,1,0,0,0,0,7,-1,0
D:\Project\spselasa-master\spselasa-master\SistemPakar_Anggara_Client\src\com\anggaranothing\pakar\dyslexia\client\FrameDiagnostic.java,com.anggaranothing.pakar.dyslexia.client.FrameDiagnostic$Anonymous10,anonymous,1,1,0,1,1,1,0,1,0,0.0,NaN,NaN,1,0,1,0,0,0,1,0,0,0,0,0,0,0,0,0,0,0,0,5,0,0,0,0,0,0,0,0,0,0,0,0,0,0,5,-1,0
D:\Project\spselasa-master\spselasa-master\SistemPakar_Anggara_Client\src\com\anggaranothing\pakar\dyslexia\client\FrameDiagnostic.java,com.anggaranothing.pakar.dyslexia.client.FrameDiagnostic$Anonymous17,anonymous,1,1,0,1,1,1,0,1,0,0.0,NaN,NaN,1,0,1,0,0,0,1,0,0,0,0,0,0,0,0,0,0,0,0,5,0,0,0,0,0,0,0,0,0,0,0,0,0,0,6,-1,0
D:\Project\spselasa-master\spselasa-master\SistemPakar_Anggara_Client\src\com\anggaranothing\pakar\dyslexia\client\FrameDiagnostic.java,com.anggaranothing.pakar.dyslexia.client.FrameDiagnostic$Anonymous16,anonymous,1,1,0,1,1,1,0,1,0,0.0,NaN,NaN,1,0,1,0,0,0,1,0,0,0,0,0,0,0,0,0,0,0,0,5,0,0,0,0,0,0,0,0,0,0,0,0,0,0,7,-1,0
D:\Project\spselasa-master\spselasa-master\SistemPakar_Anggara_Client\src\com\anggaranothing\pakar\dyslexia\client\FrameDiagnostic.java,com.anggaranothing.pakar.dyslexia.client.FrameDiagnostic$Anonymous15,anonymous,1,1,0,1,1,1,0,1,0,0.0,NaN,NaN,1,0,1,0,0,0,1,0,0,0,0,0,0,0,0,0,0,0,0,5,0,0,0,0,0,0,0,0,0,0,0,0,0,0,6,-1,0
D:\Project\spselasa-master\spselasa-master\SistemPakar_Anggara_Client\src\com\anggaranothing\pakar\dyslexia\client\FrameDiagnostic.java,com.anggaranothing.pakar.dyslexia.client.FrameDiagnostic$Anonymous14,anonymous,1,1,0,1,1,1,0,1,0,0.0,NaN,NaN,1,0,1,0,0,0,1,0,0,0,0,0,0,0,0,0,0,0,0,5,0,0,0,0,0,0,0,0,0,0,0,0,0,0,6,-1,0
D:\Project\spselasa-master\spselasa-master\SistemPakar_Anggara_Server\src\com\anggaranothing\pakar\dyslexia\server\Session.java,com.anggaranothing.pakar.dyslexia.server.Session,class,3,14,11,3,17,1,0,22,19,0.6,0.3611111,0.3611111,10,1,9,1,0,0,9,0,0,0,2,0,0,2,0,0,2,0,5,54,9,1,4,0,1,0,1,6,2,5,3,0,0,0,35,1,0
D:\Project\spselasa-master\spselasa-master\SistemPakar_Anggara_Client\src\com\anggaranothing\pakar\dyslexia\client\FrameDiagnostic.java,com.anggaranothing.pakar.dyslexia.client.FrameDiagnostic$Anonymous19,anonymous,1,1,0,1,1,1,0,1,0,0.0,NaN,NaN,1,0,1,0,0,0,1,0,0,0,0,0,0,0,0,0,0,0,0,5,0,0,0,0,0,0,0,0,0,0,0,0,0,0,7,-1,0
D:\Project\spselasa-master\spselasa-master\SistemPakar_Anggara_Client\src\com\anggaranothing\pakar\dyslexia\client\FrameDiagnostic.java,com.anggaranothing.pakar.dyslexia.client.FrameDiagnostic$Anonymous18,anonymous,1,1,0,1,1,1,0,1,0,0.0,NaN,NaN,1,0,1,0,0,0,1,0,0,0,0,0,0,0,0,0,0,0,0,5,0,0,0,0,0,0,0,0,0,0,0,0,0,0,7,-1,0
D:\Project\spselasa-master\spselasa-master\SistemPakar_Anggara_Client\src\com\anggaranothing\pakar\dyslexia\client\FrameDisease.java,com.anggaranothing.pakar.dyslexia.client.FrameDisease$Anonymous20,anonymous,1,1,0,1,1,1,0,1,0,0.0,NaN,NaN,1,0,1,0,0,0,1,0,0,0,0,0,0,0,0,0,0,0,0,5,0,0,0,0,0,0,0,0,0,0,0,0,0,0,6,-1,0
D:\Project\spselasa-master\spselasa-master\SistemPakar_Anggara_Client\src\com\anggaranothing\pakar\dyslexia\client\FrameDisease.java,com.anggaranothing.pakar.dyslexia.client.FrameDisease$Anonymous21,anonymous,1,1,0,1,1,1,0,1,0,0.0,NaN,NaN,1,0,1,0,0,0,1,0,0,0,0,0,0,0,0,0,0,0,0,5,0,0,0,0,0,0,0,0,0,0,0,0,0,0,6,-1,0
D:\Project\spselasa-master\spselasa-master\SistemPakar_Anggara_Client\src\com\anggaranothing\pakar\dyslexia\client\FrameDisease.java,com.anggaranothing.pakar.dyslexia.client.FrameDisease$Anonymous17,anonymous,1,1,0,1,1,1,0,1,0,0.0,NaN,NaN,1,0,1,0,0,0,1,0,0,0,0,0,0,0,0,0,0,0,0,5,0,0,0,0,0,0,0,0,0,0,0,0,0,0,6,-1,0
D:\Project\spselasa-master\spselasa-master\SistemPakar_Anggara_Client\src\com\anggaranothing\pakar\dyslexia\client\FrameSymptom.java,com.anggaranothing.pakar.dyslexia.client.FrameSymptom$Anonymous4,anonymous,1,1,0,1,1,1,0,4,0,0.0,NaN,NaN,1,0,1,0,0,0,1,0,0,0,0,0,0,0,0,0,0,0,0,7,0,0,0,0,0,0,0,0,0,0,0,0,0,0,7,-1,0
D:\Project\spselasa-master\spselasa-master\SistemPakar_Anggara_Server\src\com\anggaranothing\pakar\dyslexia\server\ErrorCode.java,com.anggaranothing.pakar.dyslexia.server.ErrorCode,class,0,0,0,0,0,1,0,0,0,NaN,-1.0,-1.0,0,0,0,0,0,0,0,0,0,0,2,2,2,0,0,0,2,0,0,4,0,0,0,0,0,0,2,2,0,2,0,0,0,0,17,1,0
D:\Project\spselasa-master\spselasa-master\SistemPakar_Anggara_Client\src\com\anggaranothing\pakar\dyslexia\client\FrameDisease.java,com.anggaranothing.pakar.dyslexia.client.FrameDisease$Anonymous18,anonymous,1,1,0,1,1,1,0,1,0,0.0,NaN,NaN,1,0,1,0,0,0,1,0,0,0,0,0,0,0,0,0,0,0,0,5,0,0,0,0,0,0,0,0,0,0,0,0,0,0,7,-1,0
D:\Project\spselasa-master\spselasa-master\SistemPakar_Anggara_Client\src\com\anggaranothing\pakar\dyslexia\client\FrameSymptom.java,com.anggaranothing.pakar.dyslexia.client.FrameSymptom$Anonymous3,anonymous,1,1,0,1,2,1,0,5,0,0.0,NaN,NaN,1,0,1,0,0,0,1,0,0,0,0,0,0,0,0,0,0,0,0,11,0,0,0,0,0,0,0,2,0,1,1,0,0,0,13,-1,0
D:\Project\spselasa-master\spselasa-master\SistemPakar_Anggara_Server\src\com\anggaranothing\pakar\dyslexia\server\Main.java,com.anggaranothing.pakar.dyslexia.server.Main,class,13,14,1,13,8,1,0,18,1,0.625,0.0,0.0,2,2,2,0,0,0,2,0,0,0,4,4,4,0,0,0,4,0,16,53,1,0,0,3,0,17,0,14,0,14,3,0,0,0,71,1,3
D:\Project\spselasa-master\spselasa-master\SistemPakar_Anggara_Client\src\com\anggaranothing\pakar\dyslexia\client\FrameDisease.java,com.anggaranothing.pakar.dyslexia.client.FrameDisease$Anonymous15,anonymous,1,1,0,1,1,1,0,1,0,0.0,NaN,NaN,1,0,1,0,0,0,1,0,0,0,0,0,0,0,0,0,0,0,0,5,0,0,0,0,0,0,0,0,0,0,0,0,0,0,6,-1,0
D:\Project\spselasa-master\spselasa-master\SistemPakar_Anggara_Client\src\com\anggaranothing\pakar\dyslexia\client\FrameSymptom.java,com.anggaranothing.pakar.dyslexia.client.FrameSymptom$Anonymous2,anonymous,2,2,0,2,19,1,0,20,0,0.0,NaN,NaN,1,0,1,0,0,0,1,0,0,0,0,0,0,0,0,0,0,0,1,66,0,2,2,0,2,1,7,17,6,9,3,0,0,0,35,-1,0
D:\Project\spselasa-master\spselasa-master\SistemPakar_Anggara_Client\src\com\anggaranothing\pakar\dyslexia\client\FrameDisease.java,com.anggaranothing.pakar.dyslexia.client.FrameDisease$Anonymous16,anonymous,1,1,0,1,1,1,0,1,0,0.0,NaN,NaN,1,0,1,0,0,0,1,0,0,0,0,0,0,0,0,0,0,0,0,5,0,0,0,0,0,0,0,0,0,0,0,0,0,0,7,-1,0
D:\Project\spselasa-master\spselasa-master\SistemPakar_Anggara_Client\src\com\anggaranothing\pakar\dyslexia\client\FrameSymptom.java,com.anggaranothing.pakar.dyslexia.client.FrameSymptom$Anonymous1,anonymous,0,0,0,0,1,1,0,5,0,0.0,NaN,NaN,1,0,1,0,0,0,1,0,0,0,0,0,0,0,0,0,0,0,2,6,0,0,0,0,0,0,1,0,1,0,0,0,0,0,6,-1,0
D:\Project\spselasa-master\spselasa-master\SistemPakar_Anggara_Client\src\com\anggaranothing\pakar\dyslexia\client\FrameDisease.java,com.anggaranothing.pakar.dyslexia.client.FrameDisease$Anonymous13,anonymous,1,1,0,1,1,1,0,1,0,0.0,NaN,NaN,1,0,1,0,0,0,1,0,0,0,0,0,0,0,0,0,0,0,0,5,0,0,0,0,0,0,0,0,0,0,0,0,0,0,6,-1,0
D:\Project\spselasa-master\spselasa-master\SistemPakar_Anggara_Client\src\com\anggaranothing\pakar\dyslexia\client\FrameDisease.java,com.anggaranothing.pakar.dyslexia.client.FrameDisease$Anonymous14,anonymous,1,1,0,1,1,1,0,1,0,0.0,NaN,NaN,1,0,1,0,0,0,1,0,0,0,0,0,0,0,0,0,0,0,0,5,0,0,0,0,0,0,0,0,0,0,0,0,0,0,6,-1,0
D:\Project\spselasa-master\spselasa-master\SistemPakar_Anggara_Client\src\com\anggaranothing\pakar\dyslexia\client\FrameDisease.java,com.anggaranothing.pakar.dyslexia.client.FrameDisease$Anonymous11,anonymous,1,1,0,1,1,1,0,0,0,0.0,NaN,NaN,1,0,1,0,0,0,1,0,0,0,1,0,0,0,0,1,0,0,0,6,1,0,0,0,0,0,0,1,0,1,0,0,0,0,7,-1,0
D:\Project\spselasa-master\spselasa-master\SistemPakar_Anggara_Client\src\com\anggaranothing\pakar\dyslexia\client\MenuLogin.java,com.anggaranothing.pakar.dyslexia.client.MenuLogin,class,7,16,9,7,16,6,0,57,34,0.888889,NaN,NaN,9,0,1,8,0,0,1,0,0,0,12,0,0,12,0,0,1,0,6,131,2,0,0,1,0,20,42,16,1,14,1,6,0,0,94,17,1
D:\Project\spselasa-master\spselasa-master\SistemPakar_Anggara_Client\src\com\anggaranothing\pakar\dyslexia\client\FrameDisease.java,com.anggaranothing.pakar.dyslexia.client.FrameDisease$Anonymous12,anonymous,1,1,0,1,1,1,0,1,0,0.0,NaN,NaN,1,0,1,0,0,0,1,0,0,0,0,0,0,0,0,0,0,0,0,5,0,0,0,0,0,0,0,0,0,0,0,0,0,0,6,-1,0
D:\Project\spselasa-master\spselasa-master\SistemPakar_Anggara_Client\src\com\anggaranothing\pakar\dyslexia\client\FrameSymptom.java,com.anggaranothing.pakar.dyslexia.client.FrameSymptom$Anonymous9,anonymous,1,1,0,1,7,1,0,1,21,0.0,0.0,0.0,7,0,7,0,0,0,7,0,0,0,0,0,0,0,0,0,0,0,0,17,0,0,0,0,0,0,0,0,0,0,0,0,0,0,12,-1,0
D:\Project\spselasa-master\spselasa-master\SistemPakar_Anggara_Client\src\com\anggaranothing\pakar\dyslexia\client\FrameSymptom.java,com.anggaranothing.pakar.dyslexia.client.FrameSymptom$Anonymous8,anonymous,1,1,0,1,1,1,0,1,0,0.0,NaN,NaN,1,0,1,0,0,0,1,0,0,0,0,0,0,0,0,0,0,0,0,5,0,0,0,0,0,0,0,0,0,0,0,0,0,0,7,-1,0
D:\Project\spselasa-master\spselasa-master\SistemPakar_Anggara_Client\src\com\anggaranothing\pakar\dyslexia\client\FrameSymptom.java,com.anggaranothing.pakar.dyslexia.client.FrameSymptom$Anonymous7,anonymous,1,1,0,1,1,1,0,1,0,0.0,NaN,NaN,1,0,1,0,0,0,1,0,0,0,0,0,0,0,0,0,0,0,0,5,0,0,0,0,0,0,0,0,0,0,0,0,0,0,7,-1,0
D:\Project\spselasa-master\spselasa-master\SistemPakar_Anggara_Server\src\com\anggaranothing\pakar\dyslexia\impl\DiseaseDao.java,com.anggaranothing.pakar.dyslexia.impl.DiseaseDao,class,6,7,1,6,14,2,0,38,15,0.0,0.0,0.0,6,0,6,0,0,0,6,0,0,0,0,0,0,0,0,0,0,0,2,95,5,1,3,4,2,39,18,13,8,10,2,0,0,0,65,1,8
D:\Project\spselasa-master\spselasa-master\SistemPakar_Anggara_Client\src\com\anggaranothing\pakar\dyslexia\client\FrameDisease.java,com.anggaranothing.pakar.dyslexia.client.FrameDisease$Anonymous19,anonymous,1,1,0,1,1,1,0,1,0,0.0,NaN,NaN,1,0,1,0,0,0,1,0,0,0,0,0,0,0,0,0,0,0,0,5,0,0,0,0,0,0,0,0,0,0,0,0,0,0,7,-1,0
D:\Project\spselasa-master\spselasa-master\SistemPakar_Anggara_Client\src\com\anggaranothing\pakar\dyslexia\client\FrameSymptom.java,com.anggaranothing.pakar.dyslexia.client.FrameSymptom$Anonymous6,anonymous,1,1,0,1,1,1,0,1,0,0.0,NaN,NaN,1,0,1,0,0,0,1,0,0,0,0,0,0,0,0,0,0,0,0,5,0,0,0,0,0,0,0,0,0,0,0,0,0,0,7,-1,0
D:\Project\spselasa-master\spselasa-master\SistemPakar_Anggara_Client\src\com\anggaranothing\pakar\dyslexia\client\FrameSymptom.java,com.anggaranothing.pakar.dyslexia.client.FrameSymptom$Anonymous5,anonymous,1,1,0,1,1,1,0,1,0,0.0,NaN,NaN,1,0,1,0,0,0,1,0,0,0,0,0,0,0,0,0,0,0,0,5,0,0,0,0,0,0,0,0,0,0,0,0,0,0,7,-1,0
D:\Project\spselasa-master\spselasa-master\SistemPakar_Anggara_Client\src\com\anggaranothing\pakar\dyslexia\client\FrameDisease.java,com.anggaranothing.pakar.dyslexia.client.FrameDisease$Anonymous4,anonymous,1,1,0,1,1,1,0,4,0,0.0,NaN,NaN,1,0,1,0,0,0,1,0,0,0,0,0,0,0,0,0,0,0,0,7,0,0,0,0,0,0,0,0,0,0,0,0,0,0,7,-1,0
D:\Project\spselasa-master\spselasa-master\SistemPakar_Anggara_Client\src\com\anggaranothing\pakar\dyslexia\client\FrameDisease.java,com.anggaranothing.pakar.dyslexia.client.FrameDisease$Anonymous5,anonymous,1,1,0,1,1,1,0,1,0,0.0,NaN,NaN,1,0,1,0,0,0,1,0,0,0,0,0,0,0,0,0,0,0,0,5,0,0,0,0,0,0,0,0,0,0,0,0,0,0,7,-1,0
D:\Project\spselasa-master\spselasa-master\SistemPakar_Anggara_Client\src\com\anggaranothing\pakar\dyslexia\client\FrameDisease.java,com.anggaranothing.pakar.dyslexia.client.FrameDisease$Anonymous6,anonymous,1,1,0,1,1,1,0,1,0,0.0,NaN,NaN,1,0,1,0,0,0,1,0,0,0,0,0,0,0,0,0,0,0,0,5,0,0,0,0,0,0,0,0,0,0,0,0,0,0,7,-1,0
D:\Project\spselasa-master\spselasa-master\SistemPakar_Anggara_Client\src\com\anggaranothing\pakar\dyslexia\client\FrameDisease.java,com.anggaranothing.pakar.dyslexia.client.FrameDisease$Anonymous7,anonymous,1,1,0,1,1,1,0,1,0,0.0,NaN,NaN,1,0,1,0,0,0,1,0,0,0,0,0,0,0,0,0,0,0,0,5,0,0,0,0,0,0,0,0,0,0,0,0,0,0,7,-1,0
D:\Project\spselasa-master\spselasa-master\SistemPakar_Anggara_Client\src\com\anggaranothing\pakar\dyslexia\client\FrameDisease.java,com.anggaranothing.pakar.dyslexia.client.FrameDisease$Anonymous1,anonymous,0,0,0,0,1,1,0,5,0,0.0,NaN,NaN,1,0,1,0,0,0,1,0,0,0,0,0,0,0,0,0,0,0,2,6,0,0,0,0,0,0,1,0,1,0,0,0,0,0,6,-1,0
D:\Project\spselasa-master\spselasa-master\SistemPakar_Anggara_Client\src\com\anggaranothing\pakar\dyslexia\client\FrameDisease.java,com.anggaranothing.pakar.dyslexia.client.FrameDisease$Anonymous2,anonymous,2,2,0,2,19,1,0,20,0,0.0,NaN,NaN,1,0,1,0,0,0,1,0,0,0,0,0,0,0,0,0,0,0,1,66,0,2,2,0,2,1,7,17,6,9,3,0,0,0,35,-1,0
D:\Project\spselasa-master\spselasa-master\SistemPakar_Anggara_Server\src\com\anggaranothing\pakar\dyslexia\impl\AuthenticationDao.java,com.anggaranothing.pakar.dyslexia.impl.AuthenticationDao,class,6,8,2,6,20,2,0,39,36,0.0,0.0,0.0,9,0,6,3,0,0,6,0,0,0,0,0,0,0,0,0,0,0,2,80,9,0,6,2,4,25,4,12,5,8,3,0,0,0,91,1,5
D:\Project\spselasa-master\spselasa-master\SistemPakar_Anggara_Client\src\com\anggaranothing\pakar\dyslexia\client\FrameDisease.java,com.anggaranothing.pakar.dyslexia.client.FrameDisease$Anonymous3,anonymous,1,1,0,1,2,1,0,5,0,0.0,NaN,NaN,1,0,1,0,0,0,1,0,0,0,0,0,0,0,0,0,0,0,0,11,0,0,0,0,0,0,0,2,0,1,1,0,0,0,13,-1,0
D:\Project\spselasa-master\spselasa-master\SistemPakar_Anggara_Client\src\com\anggaranothing\pakar\dyslexia\client\FrameSymptom.java,com.anggaranothing.pakar.dyslexia.client.FrameSymptom$Anonymous20,anonymous,1,1,0,1,1,1,0,1,0,0.0,NaN,NaN,1,0,1,0,0,0,1,0,0,0,0,0,0,0,0,0,0,0,0,5,0,0,0,0,0,0,0,0,0,0,0,0,0,0,6,-1,0
D:\Project\spselasa-master\spselasa-master\SistemPakar_Anggara_Client\src\com\anggaranothing\pakar\dyslexia\client\FrameDisease.java,com.anggaranothing.pakar.dyslexia.client.FrameDisease$Anonymous8,anonymous,1,1,0,1,1,1,0,1,0,0.0,NaN,NaN,1,0,1,0,0,0,1,0,0,0,0,0,0,0,0,0,0,0,0,5,0,0,0,0,0,0,0,0,0,0,0,0,0,0,7,-1,0
D:\Project\spselasa-master\spselasa-master\SistemPakar_Anggara_Client\src\com\anggaranothing\pakar\dyslexia\client\FrameSymptom.java,com.anggaranothing.pakar.dyslexia.client.FrameSymptom$Anonymous24,anonymous,1,1,0,1,1,1,0,4,0,0.0,NaN,NaN,1,0,1,0,0,0,1,0,0,0,0,0,0,0,0,0,0,0,0,8,0,0,0,0,0,0,2,0,0,0,0,0,0,0,9,-1,0
D:\Project\spselasa-master\spselasa-master\SistemPakar_Anggara_Client\src\com\anggaranothing\pakar\dyslexia\client\FrameDisease.java,com.anggaranothing.pakar.dyslexia.client.FrameDisease$Anonymous9,anonymous,1,1,0,1,7,1,0,1,21,0.0,0.0,0.0,7,0,7,0,0,0,7,0,0,0,0,0,0,0,0,0,0,0,0,17,0,0,0,0,0,0,0,0,0,0,0,0,0,0,12,-1,0
D:\Project\spselasa-master\spselasa-master\SistemPakar_Anggara_Client\src\com\anggaranothing\pakar\dyslexia\client\FrameSymptom.java,com.anggaranothing.pakar.dyslexia.client.FrameSymptom$Anonymous23,anonymous,1,1,0,1,1,1,0,1,0,0.0,NaN,NaN,1,0,1,0,0,0,1,0,0,0,0,0,0,0,0,0,0,0,0,5,0,0,0,0,0,0,0,0,0,0,0,0,0,0,6,-1,0
D:\Project\spselasa-master\spselasa-master\SistemPakar_Anggara_Client\src\com\anggaranothing\pakar\dyslexia\client\FrameSymptom.java,com.anggaranothing.pakar.dyslexia.client.FrameSymptom$Anonymous22,anonymous,1,1,0,1,1,1,0,1,0,0.0,NaN,NaN,1,0,1,0,0,0,1,0,0,0,0,0,0,0,0,0,0,0,0,5,0,0,0,0,0,0,0,0,0,0,0,0,0,0,6,-1,0
D:\Project\spselasa-master\spselasa-master\SistemPakar_Anggara_Client\src\com\anggaranothing\pakar\dyslexia\client\FrameSymptom.java,com.anggaranothing.pakar.dyslexia.client.FrameSymptom$Anonymous21,anonymous,1,1,0,1,1,1,0,1,0,0.0,NaN,NaN,1,0,1,0,0,0,1,0,0,0,0,0,0,0,0,0,0,0,0,5,0,0,0,0,0,0,0,0,0,0,0,0,0,0,6,-1,0
D:\Project\spselasa-master\spselasa-master\SistemPakar_Anggara_Client\src\com\anggaranothing\pakar\dyslexia\client\MenuAbout.java,com.anggaranothing.pakar.dyslexia.client.MenuAbout$Anonymous3,anonymous,1,1,0,1,1,1,0,1,0,0.0,NaN,NaN,1,0,1,0,0,0,1,0,0,0,0,0,0,0,0,0,0,0,0,5,0,0,0,0,0,0,0,0,0,0,0,0,0,0,7,-1,0
D:\Project\spselasa-master\spselasa-master\SistemPakar_Anggara_Client\src\com\anggaranothing\pakar\dyslexia\client\FrameDisease.java,com.anggaranothing.pakar.dyslexia.client.FrameDisease$Anonymous24,anonymous,1,1,0,1,1,1,0,4,0,0.0,NaN,NaN,1,0,1,0,0,0,1,0,0,0,0,0,0,0,0,0,0,0,0,8,0,0,0,0,0,0,2,0,0,0,0,0,0,0,9,-1,0
D:\Project\spselasa-master\spselasa-master\SistemPakar_Anggara_Client\src\com\anggaranothing\pakar\dyslexia\client\MenuAbout.java,com.anggaranothing.pakar.dyslexia.client.MenuAbout$Anonymous2,anonymous,1,1,0,1,1,1,0,1,0,0.0,NaN,NaN,1,0,1,0,0,0,1,0,0,0,0,0,0,0,0,0,0,0,0,5,0,0,0,0,0,0,0,0,0,0,0,0,0,0,7,-1,0
D:\Project\spselasa-master\spselasa-master\SistemPakar_Anggara_Client\src\com\anggaranothing\pakar\dyslexia\client\MenuAbout.java,com.anggaranothing.pakar.dyslexia.client.MenuAbout$Anonymous1,anonymous,1,1,0,1,1,1,0,1,0,0.0,NaN,NaN,1,0,1,0,0,0,1,0,0,0,0,0,0,0,0,0,0,0,0,5,0,0,0,0,0,0,0,0,0,0,0,0,0,0,5,-1,0
D:\Project\spselasa-master\spselasa-master\SistemPakar_Anggara_Client\src\com\anggaranothing\pakar\dyslexia\client\FrameDisease.java,com.anggaranothing.pakar.dyslexia.client.FrameDisease$Anonymous22,anonymous,1,1,0,1,1,1,0,1,0,0.0,NaN,NaN,1,0,1,0,0,0,1,0,0,0,0,0,0,0,0,0,0,0,0,5,0,0,0,0,0,0,0,0,0,0,0,0,0,0,6,-1,0
D:\Project\spselasa-master\spselasa-master\SistemPakar_Anggara_Client\src\com\anggaranothing\pakar\dyslexia\client\MenuConnect.java,com.anggaranothing.pakar.dyslexia.client.MenuConnect$Anonymous5,anonymous,1,1,0,1,1,1,0,1,0,0.0,NaN,NaN,1,0,1,0,0,0,1,0,0,0,0,0,0,0,0,0,0,0,0,5,0,0,0,0,0,0,0,0,0,0,0,0,0,0,3,-1,0
D:\Project\spselasa-master\spselasa-master\SistemPakar_Anggara_Library\src\com\anggaranothing\pakar\dyslexia\model\Disease.java,com.anggaranothing.pakar.dyslexia.model.Disease,class,0,16,16,0,14,1,0,0,77,0.85714287,0.07692308,0.07692308,14,0,14,0,0,0,14,0,0,0,7,0,0,7,0,0,0,0,0,51,7,0,0,0,0,0,0,7,0,7,0,0,0,0,31,1,0
D:\Project\spselasa-master\spselasa-master\SistemPakar_Anggara_Client\src\com\anggaranothing\pakar\dyslexia\client\FrameDisease.java,com.anggaranothing.pakar.dyslexia.client.FrameDisease$Anonymous23,anonymous,1,1,0,1,1,1,0,1,0,0.0,NaN,NaN,1,0,1,0,0,0,1,0,0,0,0,0,0,0,0,0,0,0,0,5,0,0,0,0,0,0,0,0,0,0,0,0,0,0,6,-1,0
D:\Project\spselasa-master\spselasa-master\SistemPakar_Anggara_Client\src\com\anggaranothing\pakar\dyslexia\client\MenuConnect.java,com.anggaranothing.pakar.dyslexia.client.MenuConnect$Anonymous4,anonymous,1,1,0,1,1,1,0,1,0,0.0,NaN,NaN,1,0,1,0,0,0,1,0,0,0,0,0,0,0,0,0,0,0,0,5,0,0,0,0,0,0,0,0,0,0,0,0,0,0,7,-1,0
D:\Project\spselasa-master\spselasa-master\SistemPakar_Anggara_Client\src\com\anggaranothing\pakar\dyslexia\client\MenuConnect.java,com.anggaranothing.pakar.dyslexia.client.MenuConnect$Anonymous3,anonymous,1,1,0,1,1,1,0,1,0,0.0,NaN,NaN,1,0,1,0,0,0,1,0,0,0,0,0,0,0,0,0,0,0,0,5,0,0,0,0,0,0,0,0,0,0,0,0,0,0,6,-1,0
D:\Project\spselasa-master\spselasa-master\SistemPakar_Anggara_Client\src\com\anggaranothing\pakar\dyslexia\client\MenuConnect.java,com.anggaranothing.pakar.dyslexia.client.MenuConnect$Anonymous2,anonymous,1,1,0,1,1,1,0,1,0,0.0,NaN,NaN,1,0,1,0,0,0,1,0,0,0,0,0,0,0,0,0,0,0,0,5,0,0,0,0,0,0,0,0,0,0,0,0,0,0,7,-1,0
D:\Project\spselasa-master\spselasa-master\SistemPakar_Anggara_Client\src\com\anggaranothing\pakar\dyslexia\client\MenuConnect.java,com.anggaranothing.pakar.dyslexia.client.MenuConnect$Anonymous1,anonymous,1,1,0,1,1,1,0,1,0,0.0,NaN,NaN,1,0,1,0,0,0,1,0,0,0,0,0,0,0,0,0,0,0,0,5,0,0,0,0,0,0,0,0,0,0,0,0,0,0,5,-1,0
D:\Project\spselasa-master\spselasa-master\SistemPakar_Anggara_Client\src\com\anggaranothing\pakar\dyslexia\client\ClientConfig.java,com.anggaranothing.pakar.dyslexia.client.ClientConfig,class,5,19,14,5,15,2,0,15,7,0.8645834,0.16666667,0.16666667,6,6,1,2,3,0,4,0,0,0,16,16,0,3,13,0,16,0,10,84,7,1,1,2,0,23,3,22,1,19,2,0,0,0,62,1,2
D:\Project\spselasa-master\spselasa-master\SistemPakar_Anggara_Client\src\com\anggaranothing\pakar\dyslexia\client\FrameDiagnosticHistory.java,com.anggaranothing.pakar.dyslexia.client.FrameDiagnosticHistory$Anonymous9,anonymous,1,1,0,1,1,1,0,1,0,0.0,NaN,NaN,1,0,1,0,0,0,1,0,0,0,0,0,0,0,0,0,0,0,0,5,0,0,0,0,0,0,0,0,0,0,0,0,0,0,6,-1,0
D:\Project\spselasa-master\spselasa-master\SistemPakar_Anggara_Client\src\com\anggaranothing\pakar\dyslexia\client\FrameDiagnosticHistory.java,com.anggaranothing.pakar.dyslexia.client.FrameDiagnosticHistory$Anonymous5,anonymous,1,1,0,1,1,1,0,0,0,0.0,NaN,NaN,1,0,1,0,0,0,1,0,0,0,1,0,0,0,0,1,0,0,0,6,1,0,0,0,0,0,0,1,0,1,0,0,0,0,7,-1,0
D:\Project\spselasa-master\spselasa-master\SistemPakar_Anggara_Client\src\com\anggaranothing\pakar\dyslexia\client\FrameDiagnosticHistory.java,com.anggaranothing.pakar.dyslexia.client.FrameDiagnosticHistory$Anonymous6,anonymous,1,1,0,1,1,1,0,1,0,0.0,NaN,NaN,1,0,1,0,0,0,1,0,0,0,0,0,0,0,0,0,0,0,0,5,0,0,0,0,0,0,0,0,0,0,0,0,0,0,6,-1,0
D:\Project\spselasa-master\spselasa-master\SistemPakar_Anggara_Client\src\com\anggaranothing\pakar\dyslexia\client\FrameDiagnosticHistory.java,com.anggaranothing.pakar.dyslexia.client.FrameDiagnosticHistory$Anonymous7,anonymous,1,1,0,1,1,1,0,1,0,0.0,NaN,NaN,1,0,1,0,0,0,1,0,0,0,0,0,0,0,0,0,0,0,0,5,0,0,0,0,0,0,0,0,0,0,0,0,0,0,6,-1,0
D:\Project\spselasa-master\spselasa-master\SistemPakar_Anggara_Client\src\com\anggaranothing\pakar\dyslexia\client\FrameDiagnosticHistory.java,com.anggaranothing.pakar.dyslexia.client.FrameDiagnosticHistory$Anonymous8,anonymous,1,1,0,1,1,1,0,1,0,0.0,NaN,NaN,1,0,1,0,0,0,1,0,0,0,0,0,0,0,0,0,0,0,0,5,0,0,0,0,0,0,0,0,0,0,0,0,0,0,6,-1,0
D:\Project\spselasa-master\spselasa-master\SistemPakar_Anggara_Client\src\com\anggaranothing\pakar\dyslexia\client\FrameDiagnosticHistory.java,com.anggaranothing.pakar.dyslexia.client.FrameDiagnosticHistory$Anonymous1,anonymous,0,0,0,0,1,1,0,5,0,0.0,NaN,NaN,1,0,1,0,0,0,1,0,0,0,0,0,0,0,0,0,0,0,2,6,0,0,0,0,0,0,1,0,1,0,0,0,0,0,6,-1,0
D:\Project\spselasa-master\spselasa-master\SistemPakar_Anggara_Client\src\com\anggaranothing\pakar\dyslexia\client\FrameSymptom.java,com.anggaranothing.pakar.dyslexia.client.FrameSymptom$Anonymous13,anonymous,1,1,0,1,1,1,0,1,0,0.0,NaN,NaN,1,0,1,0,0,0,1,0,0,0,0,0,0,0,0,0,0,0,0,5,0,0,0,0,0,0,0,0,0,0,0,0,0,0,6,-1,0
D:\Project\spselasa-master\spselasa-master\SistemPakar_Anggara_Library\src\com\anggaranothing\pakar\dyslexia\model\RelationOBSOLETE.java,com.anggaranothing.pakar.dyslexia.model.RelationOBSOLETE,class,3,4,1,3,25,1,0,21,48,0.4375,0.3,0.3,16,0,16,0,0,0,16,0,0,0,1,0,0,1,0,0,1,0,0,63,12,3,4,0,0,0,0,1,0,1,3,0,0,0,61,1,0
D:\Project\spselasa-master\spselasa-master\SistemPakar_Anggara_Client\src\com\anggaranothing\pakar\dyslexia\client\FrameDiagnosticHistory.java,com.anggaranothing.pakar.dyslexia.client.FrameDiagnosticHistory$Anonymous2,anonymous,2,2,0,2,17,1,0,17,0,0.0,NaN,NaN,1,0,1,0,0,0,1,0,0,0,0,0,0,0,0,0,0,0,0,57,0,2,2,0,2,0,6,14,6,8,3,0,0,0,34,-1,0
D:\Project\spselasa-master\spselasa-master\SistemPakar_Anggara_Client\src\com\anggaranothing\pakar\dyslexia\client\FrameSymptom.java,com.anggaranothing.pakar.dyslexia.client.FrameSymptom$Anonymous12,anonymous,1,1,0,1,1,1,0,1,0,0.0,NaN,NaN,1,0,1,0,0,0,1,0,0,0,0,0,0,0,0,0,0,0,0,5,0,0,0,0,0,0,0,0,0,0,0,0,0,0,6,-1,0
D:\Project\spselasa-master\spselasa-master\SistemPakar_Anggara_Client\src\com\anggaranothing\pakar\dyslexia\client\FrameDiagnosticHistory.java,com.anggaranothing.pakar.dyslexia.client.FrameDiagnosticHistory$Anonymous3,anonymous,1,1,0,1,7,1,0,1,21,0.0,0.0,0.0,7,0,7,0,0,0,7,0,0,0,0,0,0,0,0,0,0,0,0,17,0,0,0,0,0,0,0,0,0,0,0,0,0,0,12,-1,0
D:\Project\spselasa-master\spselasa-master\SistemPakar_Anggara_Client\src\com\anggaranothing\pakar\dyslexia\client\FrameSymptom.java,com.anggaranothing.pakar.dyslexia.client.FrameSymptom$Anonymous11,anonymous,1,1,0,1,1,1,0,0,0,0.0,NaN,NaN,1,0,1,0,0,0,1,0,0,0,1,0,0,0,0,1,0,0,0,6,1,0,0,0,0,0,0,1,0,1,0,0,0,0,7,-1,0
D:\Project\spselasa-master\spselasa-master\SistemPakar_Anggara_Client\src\com\anggaranothing\pakar\dyslexia\client\FrameDiagnosticHistory.java,com.anggaranothing.pakar.dyslexia.client.FrameDiagnosticHistory$Anonymous4,anonymous,1,1,0,1,1,1,0,1,0,0.0,NaN,NaN,1,0,1,0,0,0,1,0,0,0,0,0,0,0,0,0,0,0,0,5,0,0,0,0,0,0,0,0,0,0,0,0,0,0,5,-1,0
D:\Project\spselasa-master\spselasa-master\SistemPakar_Anggara_Client\src\com\anggaranothing\pakar\dyslexia\client\FrameSymptom.java,com.anggaranothing.pakar.dyslexia.client.FrameSymptom$Anonymous10,anonymous,1,1,0,1,1,1,0,1,0,0.0,NaN,NaN,1,0,1,0,0,0,1,0,0,0,0,0,0,0,0,0,0,0,0,5,0,0,0,0,0,0,0,0,0,0,0,0,0,0,5,-1,0
D:\Project\spselasa-master\spselasa-master\SistemPakar_Anggara_Client\src\com\anggaranothing\pakar\dyslexia\client\FrameSymptom.java,com.anggaranothing.pakar.dyslexia.client.FrameSymptom$Anonymous17,anonymous,1,1,0,1,1,1,0,1,0,0.0,NaN,NaN,1,0,1,0,0,0,1,0,0,0,0,0,0,0,0,0,0,0,0,5,0,0,0,0,0,0,0,0,0,0,0,0,0,0,6,-1,0
D:\Project\spselasa-master\spselasa-master\SistemPakar_Anggara_Client\src\com\anggaranothing\pakar\dyslexia\client\FrameSymptom.java,com.anggaranothing.pakar.dyslexia.client.FrameSymptom$Anonymous16,anonymous,1,1,0,1,1,1,0,1,0,0.0,NaN,NaN,1,0,1,0,0,0,1,0,0,0,0,0,0,0,0,0,0,0,0,5,0,0,0,0,0,0,0,0,0,0,0,0,0,0,7,-1,0
D:\Project\spselasa-master\spselasa-master\SistemPakar_Anggara_Client\src\com\anggaranothing\pakar\dyslexia\client\FrameSymptom.java,com.anggaranothing.pakar.dyslexia.client.FrameSymptom$Anonymous15,anonymous,1,1,0,1,1,1,0,1,0,0.0,NaN,NaN,1,0,1,0,0,0,1,0,0,0,0,0,0,0,0,0,0,0,0,5,0,0,0,0,0,0,0,0,0,0,0,0,0,0,6,-1,0
D:\Project\spselasa-master\spselasa-master\SistemPakar_Anggara_Client\src\com\anggaranothing\pakar\dyslexia\client\FrameSymptom.java,com.anggaranothing.pakar.dyslexia.client.FrameSymptom$Anonymous14,anonymous,1,1,0,1,1,1,0,1,0,0.0,NaN,NaN,1,0,1,0,0,0,1,0,0,0,0,0,0,0,0,0,0,0,0,5,0,0,0,0,0,0,0,0,0,0,0,0,0,0,6,-1,0
D:\Project\spselasa-master\spselasa-master\SistemPakar_Anggara_Client\src\com\anggaranothing\pakar\dyslexia\client\FrameSymptom.java,com.anggaranothing.pakar.dyslexia.client.FrameSymptom$Anonymous19,anonymous,1,1,0,1,1,1,0,1,0,0.0,NaN,NaN,1,0,1,0,0,0,1,0,0,0,0,0,0,0,0,0,0,0,0,5,0,0,0,0,0,0,0,0,0,0,0,0,0,0,7,-1,0
D:\Project\spselasa-master\spselasa-master\SistemPakar_Anggara_Client\src\com\anggaranothing\pakar\dyslexia\client\FrameSymptom.java,com.anggaranothing.pakar.dyslexia.client.FrameSymptom$Anonymous18,anonymous,1,1,0,1,1,1,0,1,0,0.0,NaN,NaN,1,0,1,0,0,0,1,0,0,0,0,0,0,0,0,0,0,0,0,5,0,0,0,0,0,0,0,0,0,0,0,0,0,0,7,-1,0
D:\Project\spselasa-master\spselasa-master\SistemPakar_Anggara_Client\src\com\anggaranothing\pakar\dyslexia\client\FrameLauncher.java,com.anggaranothing.pakar.dyslexia.client.FrameLauncher,class,17,32,15,17,22,5,0,42,171,0.9473685,NaN,NaN,19,0,1,18,0,0,1,0,0,0,19,0,0,19,0,0,0,0,3,253,1,0,1,0,0,15,23,25,0,25,1,14,0,0,98,1,0
D:\Project\spselasa-master\spselasa-master\SistemPakar_Anggara_Library\src\com\anggaranothing\pakar\dyslexia\model\Symptom.java,com.anggaranothing.pakar.dyslexia.model.Symptom,class,0,12,12,0,4,1,0,0,2,0.5,0.33333334,0.33333334,4,0,4,0,0,0,4,0,0,0,2,0,0,2,0,0,0,0,0,16,2,0,0,0,0,0,0,2,0,2,0,0,0,0,17,1,0
D:\Project\spselasa-master\spselasa-master\SistemPakar_Anggara_Library\src\org\mindrot\BCrypt.java,org.mindrot.BCrypt,class,3,4,1,3,64,1,0,24,73,0.8714285,0.2,0.2,14,9,6,8,0,0,6,0,1,0,10,8,0,10,0,0,8,0,20,245,13,16,12,2,37,22,1330,123,42,63,3,0,0,0,259,1,0
D:\Project\spselasa-master\spselasa-master\SistemPakar_Anggara_Client\src\com\anggaranothing\pakar\dyslexia\client\Helper.java,com.anggaranothing.pakar.dyslexia.client.Helper,class,8,24,16,8,29,3,0,36,105,0.98333335,0.0,0.0,15,15,14,1,0,0,14,0,0,0,4,4,0,4,0,0,4,0,28,107,11,1,3,0,1,40,0,22,5,15,2,0,1,0,96,1,2
D:\Project\spselasa-master\spselasa-master\SistemPakar_Anggara_Library\src\com\anggaranothing\pakar\dyslexia\model\CfLevel.java,com.anggaranothing.pakar.dyslexia.model.CfLevel,class,0,6,6,0,4,1,0,0,2,0.5,0.33333334,0.33333334,4,0,4,0,0,0,4,0,0,0,2,0,0,2,0,0,0,0,0,16,2,0,0,0,0,0,0,2,0,2,0,0,0,0,18,1,0
D:\Project\spselasa-master\spselasa-master\SistemPakar_Anggara_Client\src\com\anggaranothing\pakar\dyslexia\client\MenuLogin.java,com.anggaranothing.pakar.dyslexia.client.MenuLogin$Anonymous2,anonymous,1,1,0,1,1,1,0,1,0,0.0,NaN,NaN,1,0,1,0,0,0,1,0,0,0,0,0,0,0,0,0,0,0,0,5,0,0,0,0,0,0,0,0,0,0,0,0,0,0,6,-1,0
D:\Project\spselasa-master\spselasa-master\SistemPakar_Anggara_Client\src\com\anggaranothing\pakar\dyslexia\client\MenuLogin.java,com.anggaranothing.pakar.dyslexia.client.MenuLogin$Anonymous1,anonymous,1,1,0,1,1,1,0,1,0,0.0,NaN,NaN,1,0,1,0,0,0,1,0,0,0,0,0,0,0,0,0,0,0,0,5,0,0,0,0,0,0,0,0,0,0,0,0,0,0,5,-1,0
D:\Project\spselasa-master\spselasa-master\SistemPakar_Anggara_Client\src\com\anggaranothing\pakar\dyslexia\client\MenuLogin.java,com.anggaranothing.pakar.dyslexia.client.MenuLogin$Anonymous6,anonymous,1,1,0,1,1,1,0,2,0,0.0,NaN,NaN,1,0,1,0,0,0,1,0,0,0,0,0,0,0,0,0,0,0,0,7,0,0,0,0,0,0,0,0,0,0,0,0,0,0,5,-1,0
D:\Project\spselasa-master\spselasa-master\SistemPakar_Anggara_Client\src\com\anggaranothing\pakar\dyslexia\client\MenuLogin.java,com.anggaranothing.pakar.dyslexia.client.MenuLogin$Anonymous5,anonymous,1,1,0,1,1,1,0,1,0,0.0,NaN,NaN,1,0,1,0,0,0,1,0,0,0,0,0,0,0,0,0,0,0,0,5,0,0,0,0,0,0,0,0,0,0,0,0,0,0,6,-1,0
D:\Project\spselasa-master\spselasa-master\SistemPakar_Anggara_Client\src\com\anggaranothing\pakar\dyslexia\client\MenuLogin.java,com.anggaranothing.pakar.dyslexia.client.MenuLogin$Anonymous4,anonymous,1,1,0,1,1,1,0,1,0,0.0,NaN,NaN,1,0,1,0,0,0,1,0,0,0,0,0,0,0,0,0,0,0,0,5,0,0,0,0,0,0,0,0,0,0,0,0,0,0,6,-1,0
D:\Project\spselasa-master\spselasa-master\SistemPakar_Anggara_Client\src\com\anggaranothing\pakar\dyslexia\client\MenuLogin.java,com.anggaranothing.pakar.dyslexia.client.MenuLogin$Anonymous3,anonymous,1,1,0,1,1,1,0,1,0,0.0,NaN,NaN,1,0,1,0,0,0,1,0,0,0,0,0,0,0,0,0,0,0,0,5,0,0,0,0,0,0,0,0,0,0,0,0,0,0,7,-1,0
D:\Project\spselasa-master\spselasa-master\SistemPakar_Anggara_Client\src\com\anggaranothing\pakar\dyslexia\client\FrameGroup.java,com.anggaranothing.pakar.dyslexia.client.FrameGroup,class,10,34,24,10,71,5,0,146,570,0.9645386,NaN,NaN,36,0,1,35,0,0,1,0,0,0,47,0,0,47,0,0,1,0,24,630,12,1,8,4,6,72,120,81,9,69,2,24,0,0,190,1,0
D:\Project\spselasa-master\spselasa-master\SistemPakar_Anggara_Client\src\com\anggaranothing\pakar\dyslexia\client\PanelDiagnosticResult.java,com.anggaranothing.pakar.dyslexia.client.PanelDiagnosticResult,class,5,7,2,5,5,5,0,48,3,0.66666657,0.0,0.0,3,0,2,1,0,0,2,0,0,0,12,0,0,12,0,0,0,0,4,86,0,0,1,1,0,10,36,17,0,17,2,0,0,0,64,1,0
D:\Project\spselasa-master\spselasa-master\SistemPakar_Anggara_Library\src\com\anggaranothing\pakar\dyslexia\dao\IfGroupDao.java,com.anggaranothing.pakar.dyslexia.dao.IfGroupDao,interface,1,4,3,1,4,1,0,0,6,0.0,0.0,0.0,4,0,0,0,0,4,4,0,0,0,0,0,0,0,0,0,0,0,0,6,0,0,0,0,0,0,0,0,0,0,0,0,0,0,13,1,0
D:\Project\spselasa-master\spselasa-master\SistemPakar_Anggara_Library\src\com\anggaranothing\pakar\dyslexia\dao\IfRelationDao.java,com.anggaranothing.pakar.dyslexia.dao.IfRelationDao,interface,1,3,2,1,4,1,0,0,6,0.0,0.0,0.0,4,0,0,0,0,4,4,0,0,0,0,0,0,0,0,0,0,0,0,6,0,0,0,0,0,0,0,0,0,0,0,0,0,0,13,1,0
D:\Project\spselasa-master\spselasa-master\SistemPakar_Anggara_Library\src\com\anggaranothing\pakar\dyslexia\dao\IfUserDao.java,com.anggaranothing.pakar.dyslexia.dao.IfUserDao,interface,1,3,2,1,4,1,0,0,6,0.0,0.0,0.0,4,0,0,0,0,4,4,0,0,0,0,0,0,0,0,0,0,0,0,6,0,0,0,0,0,0,0,0,0,0,0,0,0,0,13,1,0
D:\Project\spselasa-master\spselasa-master\SistemPakar_Anggara_Library\src\com\anggaranothing\pakar\dyslexia\model\Diagnostic.java,com.anggaranothing.pakar.dyslexia.model.Diagnostic$StatusEnum,enum,0,0,0,0,0,1,0,0,0,0.0,-1.0,-1.0,0,0,0,0,0,0,0,0,0,0,0,0,0,0,0,0,0,0,0,1,0,0,0,0,0,0,0,0,0,0,0,0,0,0,4,1,0
D:\Project\spselasa-master\spselasa-master\SistemPakar_Anggara_Server\src\com\anggaranothing\pakar\dyslexia\server\Helper.java,com.anggaranothing.pakar.dyslexia.server.Helper,class,1,3,2,1,1,2,0,2,0,0.0,NaN,NaN,1,1,1,0,0,0,1,0,0,0,0,0,0,0,0,0,0,0,0,6,0,0,0,0,0,0,0,0,0,0,0,0,0,0,7,1,2
D:\Project\spselasa-master\spselasa-master\SistemPakar_Anggara_Client\src\com\anggaranothing\pakar\dyslexia\client\FrameCfLevel.java,com.anggaranothing.pakar.dyslexia.client.FrameCfLevel$Anonymous15,anonymous,1,1,0,1,1,1,0,1,0,0.0,NaN,NaN,1,0,1,0,0,0,1,0,0,0,0,0,0,0,0,0,0,0,0,5,0,0,0,0,0,0,0,0,0,0,0,0,0,0,6,-1,0
D:\Project\spselasa-master\spselasa-master\SistemPakar_Anggara_Client\src\com\anggaranothing\pakar\dyslexia\client\FrameCfLevel.java,com.anggaranothing.pakar.dyslexia.client.FrameCfLevel$Anonymous14,anonymous,1,1,0,1,1,1,0,1,0,0.0,NaN,NaN,1,0,1,0,0,0,1,0,0,0,0,0,0,0,0,0,0,0,0,5,0,0,0,0,0,0,0,0,0,0,0,0,0,0,6,-1,0
D:\Project\spselasa-master\spselasa-master\SistemPakar_Anggara_Client\src\com\anggaranothing\pakar\dyslexia\client\FrameCfLevel.java,com.anggaranothing.pakar.dyslexia.client.FrameCfLevel$Anonymous17,anonymous,1,1,0,1,1,1,0,1,0,0.0,NaN,NaN,1,0,1,0,0,0,1,0,0,0,0,0,0,0,0,0,0,0,0,5,0,0,0,0,0,0,0,0,0,0,0,0,0,0,6,-1,0
D:\Project\spselasa-master\spselasa-master\SistemPakar_Anggara_Client\src\com\anggaranothing\pakar\dyslexia\client\FrameCfLevel.java,com.anggaranothing.pakar.dyslexia.client.FrameCfLevel$Anonymous16,anonymous,1,1,0,1,1,1,0,1,0,0.0,NaN,NaN,1,0,1,0,0,0,1,0,0,0,0,0,0,0,0,0,0,0,0,5,0,0,0,0,0,0,0,0,0,0,0,0,0,0,7,-1,0
D:\Project\spselasa-master\spselasa-master\SistemPakar_Anggara_Client\src\com\anggaranothing\pakar\dyslexia\client\FrameCfLevel.java,com.anggaranothing.pakar.dyslexia.client.FrameCfLevel$Anonymous19,anonymous,1,1,0,1,1,1,0,1,0,0.0,NaN,NaN,1,0,1,0,0,0,1,0,0,0,0,0,0,0,0,0,0,0,0,5,0,0,0,0,0,0,0,0,0,0,0,0,0,0,7,-1,0
D:\Project\spselasa-master\spselasa-master\SistemPakar_Anggara_Client\src\com\anggaranothing\pakar\dyslexia\client\FrameLauncher.java,com.anggaranothing.pakar.dyslexia.client.FrameLauncher$Anonymous13,anonymous,1,1,0,1,1,1,0,1,0,0.0,NaN,NaN,1,0,1,0,0,0,1,0,0,0,0,0,0,0,0,0,0,0,0,5,0,0,0,0,0,0,0,0,0,0,0,0,0,0,6,-1,0
D:\Project\spselasa-master\spselasa-master\SistemPakar_Anggara_Client\src\com\anggaranothing\pakar\dyslexia\client\FrameCfLevel.java,com.anggaranothing.pakar.dyslexia.client.FrameCfLevel$Anonymous18,anonymous,1,1,0,1,1,1,0,1,0,0.0,NaN,NaN,1,0,1,0,0,0,1,0,0,0,0,0,0,0,0,0,0,0,0,5,0,0,0,0,0,0,0,0,0,0,0,0,0,0,7,-1,0
D:\Project\spselasa-master\spselasa-master\SistemPakar_Anggara_Client\src\com\anggaranothing\pakar\dyslexia\client\FrameLauncher.java,com.anggaranothing.pakar.dyslexia.client.FrameLauncher$Anonymous14,anonymous,1,1,0,1,1,1,0,1,0,0.0,NaN,NaN,1,0,1,0,0,0,1,0,0,0,0,0,0,0,0,0,0,0,0,5,0,0,0,0,0,0,0,0,0,0,0,0,0,0,7,-1,0
D:\Project\spselasa-master\spselasa-master\SistemPakar_Anggara_Client\src\com\anggaranothing\pakar\dyslexia\client\FrameCfLevel.java,com.anggaranothing.pakar.dyslexia.client.FrameCfLevel$Anonymous11,anonymous,1,1,0,1,2,1,0,0,1,0.5,0.0,0.0,2,0,2,0,0,0,2,0,0,0,2,0,0,0,0,2,0,0,0,10,2,0,0,0,0,0,0,2,0,2,0,0,0,0,11,-1,0
D:\Project\spselasa-master\spselasa-master\SistemPakar_Anggara_Library\src\com\anggaranothing\pakar\dyslexia\dao\IfCfLevelDao.java,com.anggaranothing.pakar.dyslexia.dao.IfCfLevelDao,interface,1,5,4,1,4,1,0,0,6,0.0,0.0,0.0,4,0,0,0,0,4,4,0,0,0,0,0,0,0,0,0,0,0,0,6,0,0,0,0,0,0,0,0,0,0,0,0,0,0,14,1,0
D:\Project\spselasa-master\spselasa-master\SistemPakar_Anggara_Client\src\com\anggaranothing\pakar\dyslexia\client\FrameCfLevel.java,com.anggaranothing.pakar.dyslexia.client.FrameCfLevel$Anonymous10,anonymous,1,1,0,1,1,1,0,1,0,0.0,NaN,NaN,1,0,1,0,0,0,1,0,0,0,0,0,0,0,0,0,0,0,0,5,0,0,0,0,0,0,0,0,0,0,0,0,0,0,5,-1,0
D:\Project\spselasa-master\spselasa-master\SistemPakar_Anggara_Client\src\com\anggaranothing\pakar\dyslexia\client\FrameCfLevel.java,com.anggaranothing.pakar.dyslexia.client.FrameCfLevel$Anonymous13,anonymous,1,1,0,1,1,1,0,1,0,0.0,NaN,NaN,1,0,1,0,0,0,1,0,0,0,0,0,0,0,0,0,0,0,0,5,0,0,0,0,0,0,0,0,0,0,0,0,0,0,6,-1,0
D:\Project\spselasa-master\spselasa-master\SistemPakar_Anggara_Client\src\com\anggaranothing\pakar\dyslexia\client\FrameCfLevel.java,com.anggaranothing.pakar.dyslexia.client.FrameCfLevel$Anonymous12,anonymous,1,1,0,1,1,1,0,1,0,0.0,NaN,NaN,1,0,1,0,0,0,1,0,0,0,0,0,0,0,0,0,0,0,0,5,0,0,0,0,0,0,0,0,0,0,0,0,0,0,6,-1,0
D:\Project\spselasa-master\spselasa-master\SistemPakar_Anggara_Library\src\com\anggaranothing\pakar\dyslexia\Helper.java,com.anggaranothing.pakar.dyslexia.Helper,class,2,8,6,2,10,1,2,7,10,1.0,0.0,0.0,5,5,5,0,0,0,5,0,0,0,1,1,1,0,0,0,1,0,4,45,4,0,3,1,2,0,9,18,12,14,1,0,0,0,59,1025,0
D:\Project\spselasa-master\spselasa-master\SistemPakar_Anggara_Client\src\com\anggaranothing\pakar\dyslexia\client\FrameDiagnostic.java,com.anggaranothing.pakar.dyslexia.client.FrameDiagnostic,class,11,31,20,11,64,5,0,150,454,0.96428573,NaN,NaN,32,0,1,31,0,0,1,0,0,0,56,0,0,56,0,0,1,0,19,646,11,4,6,3,6,83,141,90,8,76,2,23,0,0,202,1,0
D:\Project\spselasa-master\spselasa-master\SistemPakar_Anggara_Client\src\com\anggaranothing\pakar\dyslexia\client\Main.java,com.anggaranothing.pakar.dyslexia.client.Main,class,11,25,14,11,41,6,0,54,225,0.9545454,0.0,0.0,22,4,3,17,2,0,5,0,0,0,19,5,3,14,0,2,3,0,22,256,2,1,3,3,0,19,5,24,0,23,3,10,0,0,139,17,0
D:\Project\spselasa-master\spselasa-master\SistemPakar_Anggara_Client\src\com\anggaranothing\pakar\dyslexia\client\FrameLauncher.java,com.anggaranothing.pakar.dyslexia.client.FrameLauncher$Anonymous10,anonymous,1,1,0,1,1,1,0,1,0,0.0,NaN,NaN,1,0,1,0,0,0,1,0,0,0,0,0,0,0,0,0,0,0,0,5,0,0,0,0,0,0,0,0,0,0,0,0,0,0,6,-1,0
D:\Project\spselasa-master\spselasa-master\SistemPakar_Anggara_Client\src\com\anggaranothing\pakar\dyslexia\client\FrameLauncher.java,com.anggaranothing.pakar.dyslexia.client.FrameLauncher$Anonymous11,anonymous,1,1,0,1,1,1,0,1,0,0.0,NaN,NaN,1,0,1,0,0,0,1,0,0,0,0,0,0,0,0,0,0,0,0,5,0,0,0,0,0,0,0,0,0,0,0,0,0,0,7,-1,0
D:\Project\spselasa-master\spselasa-master\SistemPakar_Anggara_Client\src\com\anggaranothing\pakar\dyslexia\client\FrameLauncher.java,com.anggaranothing.pakar.dyslexia.client.FrameLauncher$Anonymous12,anonymous,1,1,0,1,1,1,0,1,0,0.0,NaN,NaN,1,0,1,0,0,0,1,0,0,0,0,0,0,0,0,0,0,0,0,5,0,0,0,0,0,0,0,0,0,0,0,0,0,0,7,-1,0
D:\Project\spselasa-master\spselasa-master\SistemPakar_Anggara_Client\src\com\anggaranothing\pakar\dyslexia\client\FrameStartDiagnostic.java,com.anggaranothing.pakar.dyslexia.client.FrameStartDiagnostic$Anonymous8,anonymous,1,1,0,1,1,1,0,1,0,0.0,NaN,NaN,1,0,1,0,0,0,1,0,0,0,0,0,0,0,0,0,0,0,0,5,0,0,0,0,0,0,0,0,0,0,0,0,0,0,6,-1,0
D:\Project\spselasa-master\spselasa-master\SistemPakar_Anggara_Client\src\com\anggaranothing\pakar\dyslexia\client\FrameStartDiagnostic.java,com.anggaranothing.pakar.dyslexia.client.FrameStartDiagnostic$Anonymous7,anonymous,1,1,0,1,1,1,0,1,0,0.0,NaN,NaN,1,0,1,0,0,0,1,0,0,0,0,0,0,0,0,0,0,0,0,5,0,0,0,0,0,0,0,0,0,0,0,0,0,0,6,-1,0
D:\Project\spselasa-master\spselasa-master\SistemPakar_Anggara_Client\src\com\anggaranothing\pakar\dyslexia\client\MenuConnect.java,com.anggaranothing.pakar.dyslexia.client.MenuConnect,class,7,14,7,7,13,6,0,49,28,0.875,NaN,NaN,8,0,1,7,0,0,1,0,0,0,7,0,0,7,0,0,1,0,14,110,0,0,0,2,0,13,5,11,0,10,1,5,0,0,97,17,1
D:\Project\spselasa-master\spselasa-master\SistemPakar_Anggara_Client\src\com\anggaranothing\pakar\dyslexia\client\FrameStartDiagnostic.java,com.anggaranothing.pakar.dyslexia.client.FrameStartDiagnostic$Anonymous6,anonymous,1,1,0,1,1,1,0,1,0,0.0,NaN,NaN,1,0,1,0,0,0,1,0,0,0,0,0,0,0,0,0,0,0,0,5,0,0,0,0,0,0,0,0,0,0,0,0,0,0,6,-1,0
D:\Project\spselasa-master\spselasa-master\SistemPakar_Anggara_Client\src\com\anggaranothing\pakar\dyslexia\client\FrameStartDiagnostic.java,com.anggaranothing.pakar.dyslexia.client.FrameStartDiagnostic$Anonymous5,anonymous,1,1,0,1,1,1,0,1,0,0.0,NaN,NaN,1,0,1,0,0,0,1,0,0,0,0,0,0,0,0,0,0,0,0,5,0,0,0,0,0,0,0,0,0,0,0,0,0,0,8,-1,0
D:\Project\spselasa-master\spselasa-master\SistemPakar_Anggara_Client\src\com\anggaranothing\pakar\dyslexia\client\FrameStartDiagnostic.java,com.anggaranothing.pakar.dyslexia.client.FrameStartDiagnostic$Anonymous9,anonymous,1,1,0,1,1,1,0,4,0,0.0,NaN,NaN,1,0,1,0,0,0,1,0,0,0,0,0,0,0,0,0,0,0,0,8,0,0,0,0,0,0,0,0,0,0,0,0,0,0,8,-1,0
D:\Project\spselasa-master\spselasa-master\SistemPakar_Anggara_Server\src\com\anggaranothing\pakar\dyslexia\impl\CfLevelDao.java,com.anggaranothing.pakar.dyslexia.impl.CfLevelDao,class,6,7,1,6,16,2,0,32,15,0.0,0.0,0.0,6,0,6,0,0,0,6,0,0,0,0,0,0,0,0,0,0,0,2,82,5,1,3,4,3,29,8,14,8,11,2,0,0,0,69,1,8
D:\Project\spselasa-master\spselasa-master\SistemPakar_Anggara_Client\src\com\anggaranothing\pakar\dyslexia\client\Helper.java,com.anggaranothing.pakar.dyslexia.client.Helper$NoSpaceInputVerifier,innerclass,0,0,0,0,2,2,0,2,0,0.0,NaN,NaN,1,0,1,0,0,0,1,0,0,0,0,0,0,0,0,0,0,0,0,5,1,0,1,0,1,0,1,0,0,0,0,0,0,0,9,8,0
D:\Project\spselasa-master\spselasa-master\SistemPakar_Anggara_Client\src\com\anggaranothing\pakar\dyslexia\client\FrameStartDiagnostic.java,com.anggaranothing.pakar.dyslexia.client.FrameStartDiagnostic$Anonymous4,anonymous,1,1,0,1,1,1,0,1,0,0.0,NaN,NaN,1,0,1,0,0,0,1,0,0,0,0,0,0,0,0,0,0,0,0,5,0,0,0,0,0,0,0,0,0,0,0,0,0,0,6,-1,0
D:\Project\spselasa-master\spselasa-master\SistemPakar_Anggara_Client\src\com\anggaranothing\pakar\dyslexia\client\FrameStartDiagnostic.java,com.anggaranothing.pakar.dyslexia.client.FrameStartDiagnostic$Anonymous3,anonymous,0,0,0,0,2,1,0,0,0,0.0,0.0,0.0,2,0,2,0,0,0,2,0,0,0,1,0,0,0,0,1,0,0,0,9,2,0,0,0,0,5,0,1,0,1,0,0,0,0,6,-1,0
D:\Project\spselasa-master\spselasa-master\SistemPakar_Anggara_Client\src\com\anggaranothing\pakar\dyslexia\client\FrameStartDiagnostic.java,com.anggaranothing.pakar.dyslexia.client.FrameStartDiagnostic$Anonymous2,anonymous,1,1,0,1,7,1,0,2,21,0.0,0.0,0.0,7,0,7,0,0,0,7,0,0,0,0,0,0,0,0,0,0,0,0,18,0,0,0,0,0,0,0,0,0,0,0,0,0,0,12,-1,0
D:\Project\spselasa-master\spselasa-master\SistemPakar_Anggara_Client\src\com\anggaranothing\pakar\dyslexia\client\FrameStartDiagnostic.java,com.anggaranothing.pakar.dyslexia.client.FrameStartDiagnostic$Anonymous1,anonymous,1,1,0,1,1,1,0,1,0,0.0,NaN,NaN,1,0,1,0,0,0,1,0,0,0,0,0,0,0,0,0,0,0,0,5,0,0,0,0,0,0,0,0,0,0,0,0,0,0,8,-1,0
D:\Project\spselasa-master\spselasa-master\SistemPakar_Anggara_Client\src\com\anggaranothing\pakar\dyslexia\client\MenuAbout.java,com.anggaranothing.pakar.dyslexia.client.MenuAbout,class,7,12,5,7,5,6,0,29,10,0.8,NaN,NaN,5,0,1,4,0,0,1,0,0,0,22,0,0,22,0,0,0,0,1,131,0,0,0,0,0,15,3,24,0,24,0,3,0,0,430,1,0
D:\Project\spselasa-master\spselasa-master\SistemPakar_Anggara_Client\src\com\anggaranothing\pakar\dyslexia\client\FrameRelation.java,com.anggaranothing.pakar.dyslexia.client.FrameRelation$Anonymous17,anonymous,1,1,0,1,1,1,0,1,0,0.0,NaN,NaN,1,0,1,0,0,0,1,0,0,0,0,0,0,0,0,0,0,0,0,5,0,0,0,0,0,0,0,0,0,0,0,0,0,0,7,-1,0
D:\Project\spselasa-master\spselasa-master\SistemPakar_Anggara_Client\src\com\anggaranothing\pakar\dyslexia\client\FrameRelation.java,com.anggaranothing.pakar.dyslexia.client.FrameRelation$Anonymous18,anonymous,1,1,0,1,1,1,0,1,0,0.0,NaN,NaN,1,0,1,0,0,0,1,0,0,0,0,0,0,0,0,0,0,0,0,5,0,0,0,0,0,0,0,0,0,0,0,0,0,0,6,-1,0
D:\Project\spselasa-master\spselasa-master\SistemPakar_Anggara_Client\src\com\anggaranothing\pakar\dyslexia\client\FrameRelation.java,com.anggaranothing.pakar.dyslexia.client.FrameRelation$Anonymous19,anonymous,1,1,0,1,1,1,0,1,0,0.0,NaN,NaN,1,0,1,0,0,0,1,0,0,0,0,0,0,0,0,0,0,0,0,5,0,0,0,0,0,0,0,0,0,0,0,0,0,0,7,-1,0
D:\Project\spselasa-master\spselasa-master\SistemPakar_Anggara_Library\src\com\anggaranothing\pakar\dyslexia\model\Group.java,com.anggaranothing.pakar.dyslexia.model.Group,class,0,5,5,0,4,1,0,0,2,0.5,0.33333334,0.33333334,4,0,4,0,0,0,4,0,0,0,2,0,0,2,0,0,0,0,0,16,2,0,0,0,0,0,0,2,0,2,0,0,0,0,16,1,0
D:\Project\spselasa-master\spselasa-master\SistemPakar_Anggara_Client\src\com\anggaranothing\pakar\dyslexia\client\FrameDisease.java,com.anggaranothing.pakar.dyslexia.client.FrameDisease,class,10,34,24,10,71,5,0,161,570,0.9661012,NaN,NaN,36,0,1,35,0,0,1,0,0,0,59,0,0,59,0,0,1,0,31,702,12,1,8,4,6,88,160,105,12,85,2,24,0,0,207,1,0
D:\Project\spselasa-master\spselasa-master\SistemPakar_Anggara_Client\src\com\anggaranothing\pakar\dyslexia\client\Session.java,com.anggaranothing.pakar.dyslexia.client.Session,class,2,10,8,2,5,1,0,2,4,0.5,0.16666667,0.16666667,4,0,4,0,0,0,4,0,0,0,1,0,0,1,0,0,0,0,0,15,2,0,1,0,0,0,0,2,0,1,0,0,0,0,20,1,0
D:\Project\spselasa-master\spselasa-master\SistemPakar_Anggara_Library\src\com\anggaranothing\pakar\dyslexia\model\User.java,com.anggaranothing.pakar.dyslexia.model.User,class,0,22,22,0,16,1,0,0,104,0.875,0.06666667,0.06666667,16,0,16,0,0,0,16,0,0,0,8,0,0,8,0,0,0,0,0,58,8,0,0,0,0,0,0,8,0,8,0,0,0,0,30,1,0
D:\Project\spselasa-master\spselasa-master\SistemPakar_Anggara_Library\src\com\anggaranothing\pakar\dyslexia\dao\IfDiagnosticDao.java,com.anggaranothing.pakar.dyslexia.dao.IfDiagnosticDao,interface,4,8,4,4,7,1,0,0,21,0.0,0.0,0.0,7,0,0,0,0,7,7,0,0,0,0,0,0,0,0,0,0,0,0,9,0,0,0,0,0,0,0,0,0,0,0,0,0,0,22,1,0
D:\Project\spselasa-master\spselasa-master\SistemPakar_Anggara_Client\src\com\anggaranothing\pakar\dyslexia\client\FrameDiagnosticHistory.java,com.anggaranothing.pakar.dyslexia.client.FrameDiagnosticHistory,class,13,29,16,13,50,5,0,124,346,0.95634896,NaN,NaN,28,0,1,27,0,0,1,0,0,0,36,0,0,36,0,0,1,0,14,460,9,1,3,3,6,46,78,61,8,53,2,16,0,0,173,1,0
D:\Project\spselasa-master\spselasa-master\SistemPakar_Anggara_Client\src\com\anggaranothing\pakar\dyslexia\client\FrameDiagnosticResult.java,com.anggaranothing.pakar.dyslexia.client.FrameDiagnosticResult$Anonymous3$Anonymous4,anonymous,1,1,0,1,1,1,0,2,0,0.0,NaN,NaN,1,0,1,0,0,0,1,0,0,0,0,0,0,0,0,0,0,0,0,5,1,0,0,0,0,0,0,0,0,0,0,0,0,0,2,-1,0
D:\Project\spselasa-master\spselasa-master\SistemPakar_Anggara_Client\src\com\anggaranothing\pakar\dyslexia\client\FrameRelation.java,com.anggaranothing.pakar.dyslexia.client.FrameRelation$Anonymous10,anonymous,1,1,0,1,7,1,0,1,21,0.0,0.0,0.0,7,0,7,0,0,0,7,0,0,0,0,0,0,0,0,0,0,0,0,17,0,0,0,0,0,0,0,0,0,0,0,0,0,0,12,-1,0
D:\Project\spselasa-master\spselasa-master\SistemPakar_Anggara_Client\src\com\anggaranothing\pakar\dyslexia\client\FrameRelation.java,com.anggaranothing.pakar.dyslexia.client.FrameRelation$Anonymous11,anonymous,1,1,0,1,1,1,0,1,0,0.0,NaN,NaN,1,0,1,0,0,0,1,0,0,0,0,0,0,0,0,0,0,0,0,5,0,0,0,0,0,0,0,0,0,0,0,0,0,0,5,-1,0
D:\Project\spselasa-master\spselasa-master\SistemPakar_Anggara_Client\src\com\anggaranothing\pakar\dyslexia\client\FrameRelation.java,com.anggaranothing.pakar.dyslexia.client.FrameRelation$Anonymous12,anonymous,1,1,0,1,2,1,0,0,1,0.5,0.0,0.0,2,0,2,0,0,0,2,0,0,0,2,0,0,0,0,2,0,0,0,10,2,0,0,0,0,0,0,2,0,2,0,0,0,0,11,-1,0
D:\Project\spselasa-master\spselasa-master\SistemPakar_Anggara_Client\src\com\anggaranothing\pakar\dyslexia\client\FrameRelation.java,com.anggaranothing.pakar.dyslexia.client.FrameRelation$Anonymous13,anonymous,1,1,0,1,1,1,0,1,0,0.0,NaN,NaN,1,0,1,0,0,0,1,0,0,0,0,0,0,0,0,0,0,0,0,5,0,0,0,0,0,0,0,0,0,0,0,0,0,0,6,-1,0
D:\Project\spselasa-master\spselasa-master\SistemPakar_Anggara_Client\src\com\anggaranothing\pakar\dyslexia\client\FrameRelation.java,com.anggaranothing.pakar.dyslexia.client.FrameRelation$Anonymous14,anonymous,1,1,0,1,1,1,0,1,0,0.0,NaN,NaN,1,0,1,0,0,0,1,0,0,0,0,0,0,0,0,0,0,0,0,5,0,0,0,0,0,0,0,0,0,0,0,0,0,0,6,-1,0
D:\Project\spselasa-master\spselasa-master\SistemPakar_Anggara_Client\src\com\anggaranothing\pakar\dyslexia\client\FrameRelation.java,com.anggaranothing.pakar.dyslexia.client.FrameRelation$Anonymous15,anonymous,1,1,0,1,1,1,0,1,0,0.0,NaN,NaN,1,0,1,0,0,0,1,0,0,0,0,0,0,0,0,0,0,0,0,5,0,0,0,0,0,0,0,0,0,0,0,0,0,0,6,-1,0
D:\Project\spselasa-master\spselasa-master\SistemPakar_Anggara_Client\src\com\anggaranothing\pakar\dyslexia\client\FrameRelation.java,com.anggaranothing.pakar.dyslexia.client.FrameRelation$Anonymous16,anonymous,1,1,0,1,1,1,0,1,0,0.0,NaN,NaN,1,0,1,0,0,0,1,0,0,0,0,0,0,0,0,0,0,0,0,5,0,0,0,0,0,0,0,0,0,0,0,0,0,0,6,-1,0
