file,class,type,cbo,wmc,rfc,lcom
D:\Project\sobelDeteccaoDeBordas-master\sobelDeteccaoDeBordas-master\Arquivos\openCVLibrary343\src\main\java\org\opencv\core\Algorithm.java,org.opencv.core.Algorithm,class,1,13,5,0
D:\Project\sobelDeteccaoDeBordas-master\sobelDeteccaoDeBordas-master\Arquivos\openCVLibrary343\src\main\java\org\opencv\imgcodecs\Imgcodecs.java,org.opencv.imgcodecs.Imgcodecs,class,5,18,11,153
D:\Project\sobelDeteccaoDeBordas-master\sobelDeteccaoDeBordas-master\Arquivos\openCVLibrary343\src\main\java\org\opencv\core\Rect.java,org.opencv.core.Rect,class,4,37,2,0
D:\Project\sobelDeteccaoDeBordas-master\sobelDeteccaoDeBordas-master\Arquivos\openCVLibrary343\src\main\java\org\opencv\ml\RTrees.java,org.opencv.ml.RTrees,class,5,26,13,325
D:\Project\sobelDeteccaoDeBordas-master\sobelDeteccaoDeBordas-master\Arquivos\openCVLibrary343\src\main\java\org\opencv\android\JavaCamera2View.java,org.opencv.android.JavaCamera2View$Anonymous1,anonymous,2,3,2,3
D:\Project\sobelDeteccaoDeBordas-master\sobelDeteccaoDeBordas-master\Arquivos\openCVLibrary343\src\main\java\org\opencv\android\JavaCamera2View.java,org.opencv.android.JavaCamera2View$Anonymous2,anonymous,5,7,8,0
D:\Project\sobelDeteccaoDeBordas-master\sobelDeteccaoDeBordas-master\Arquivos\openCVLibrary343\src\main\java\org\opencv\photo\CalibrateCRF.java,org.opencv.photo.CalibrateCRF,class,4,6,3,15
D:\Project\sobelDeteccaoDeBordas-master\sobelDeteccaoDeBordas-master\Arquivos\openCVLibrary343\src\main\java\org\opencv\core\Point3.java,org.opencv.core.Point3,class,3,20,2,0
D:\Project\sobelDeteccaoDeBordas-master\sobelDeteccaoDeBordas-master\Arquivos\openCVLibrary343\src\main\java\org\opencv\osgi\OpenCVNativeLoader.java,org.opencv.osgi.OpenCVNativeLoader,class,1,1,3,0
D:\Project\sobelDeteccaoDeBordas-master\sobelDeteccaoDeBordas-master\Arquivos\openCVLibrary343\src\main\java\org\opencv\android\CameraRenderer.java,org.opencv.android.CameraRenderer,class,6,41,24,0
D:\Project\sobelDeteccaoDeBordas-master\sobelDeteccaoDeBordas-master\Arquivos\openCVLibrary343\src\main\java\org\opencv\android\OpenCVLoader.java,org.opencv.android.OpenCVLoader,class,4,3,2,3
D:\Project\sobelDeteccaoDeBordas-master\sobelDeteccaoDeBordas-master\Arquivos\openCVLibrary343\src\main\java\org\opencv\core\TermCriteria.java,org.opencv.core.TermCriteria,class,2,17,2,0
D:\Project\sobelDeteccaoDeBordas-master\sobelDeteccaoDeBordas-master\Arquivos\app\src\main\java\com\example\sobeldeteccaodebordas\MainActivity.java,com.example.sobeldeteccaodebordas.MainActivity,class,7,5,11,3
D:\Project\sobelDeteccaoDeBordas-master\sobelDeteccaoDeBordas-master\Arquivos\openCVLibrary343\src\main\java\org\opencv\android\JavaCameraView.java,org.opencv.android.JavaCameraView$JavaCameraFrame,innerclass,3,6,3,6
D:\Project\sobelDeteccaoDeBordas-master\sobelDeteccaoDeBordas-master\Arquivos\openCVLibrary343\src\main\java\org\opencv\core\CvException.java,org.opencv.core.CvException,class,0,2,1,1
D:\Project\sobelDeteccaoDeBordas-master\sobelDeteccaoDeBordas-master\Arquivos\openCVLibrary343\src\main\java\org\opencv\ml\ANN_MLP_ANNEAL.java,org.opencv.ml.ANN_MLP_ANNEAL,class,2,20,9,190
D:\Project\sobelDeteccaoDeBordas-master\sobelDeteccaoDeBordas-master\Arquivos\openCVLibrary343\src\main\java\org\opencv\features2d\AKAZE.java,org.opencv.features2d.AKAZE,class,2,50,25,1225
D:\Project\sobelDeteccaoDeBordas-master\sobelDeteccaoDeBordas-master\Arquivos\openCVLibrary343\src\main\java\org\opencv\ml\EM.java,org.opencv.ml.EM,class,6,64,34,2016
D:\Project\sobelDeteccaoDeBordas-master\sobelDeteccaoDeBordas-master\Arquivos\openCVLibrary343\src\main\java\org\opencv\photo\MergeDebevec.java,org.opencv.photo.MergeDebevec,class,4,8,4,28
D:\Project\sobelDeteccaoDeBordas-master\sobelDeteccaoDeBordas-master\Arquivos\openCVLibrary343\src\main\java\org\opencv\ml\ParamGrid.java,org.opencv.ml.ParamGrid,class,1,25,12,60
D:\Project\sobelDeteccaoDeBordas-master\sobelDeteccaoDeBordas-master\Arquivos\openCVLibrary343\src\main\java\org\opencv\videoio\VideoWriter.java,org.opencv.videoio.VideoWriter,class,3,35,16,0
D:\Project\sobelDeteccaoDeBordas-master\sobelDeteccaoDeBordas-master\Arquivos\app\src\test\java\com\example\sobeldeteccaodebordas\ExampleUnitTest.java,com.example.sobeldeteccaodebordas.ExampleUnitTest,class,1,1,1,0
D:\Project\sobelDeteccaoDeBordas-master\sobelDeteccaoDeBordas-master\Arquivos\openCVLibrary343\src\main\java\org\opencv\core\Size.java,org.opencv.core.Size,class,3,20,2,0
D:\Project\sobelDeteccaoDeBordas-master\sobelDeteccaoDeBordas-master\Arquivos\openCVLibrary343\src\main\java\org\opencv\features2d\DescriptorMatcher.java,org.opencv.features2d.DescriptorMatcher,class,5,60,34,1770
D:\Project\sobelDeteccaoDeBordas-master\sobelDeteccaoDeBordas-master\Arquivos\openCVLibrary343\src\main\java\org\opencv\imgproc\LineSegmentDetector.java,org.opencv.imgproc.LineSegmentDetector,class,4,18,8,153
D:\Project\sobelDeteccaoDeBordas-master\sobelDeteccaoDeBordas-master\Arquivos\openCVLibrary343\build\generated\source\buildConfig\debug\org\opencv\BuildConfig.java,org.opencv.BuildConfig,class,0,0,1,0
D:\Project\sobelDeteccaoDeBordas-master\sobelDeteccaoDeBordas-master\Arquivos\openCVLibrary343\src\main\java\org\opencv\core\Core.java,org.opencv.core.Core,class,9,392,202,76245
D:\Project\sobelDeteccaoDeBordas-master\sobelDeteccaoDeBordas-master\Arquivos\openCVLibrary343\src\main\java\org\opencv\video\SparsePyrLKOpticalFlow.java,org.opencv.video.SparsePyrLKOpticalFlow,class,5,36,18,630
D:\Project\sobelDeteccaoDeBordas-master\sobelDeteccaoDeBordas-master\Arquivos\openCVLibrary343\src\main\java\org\opencv\android\CameraBridgeViewBase.java,org.opencv.android.CameraBridgeViewBase$CvCameraViewListener,interface,1,3,0,3
D:\Project\sobelDeteccaoDeBordas-master\sobelDeteccaoDeBordas-master\Arquivos\openCVLibrary343\src\main\java\org\opencv\android\Utils.java,org.opencv.android.Utils,class,7,17,26,45
D:\Project\sobelDeteccaoDeBordas-master\sobelDeteccaoDeBordas-master\Arquivos\openCVLibrary343\src\main\java\org\opencv\core\MatOfRotatedRect.java,org.opencv.core.MatOfRotatedRect,class,8,20,13,25
D:\Project\sobelDeteccaoDeBordas-master\sobelDeteccaoDeBordas-master\Arquivos\openCVLibrary343\src\main\java\org\opencv\features2d\ORB.java,org.opencv.features2d.ORB,class,2,62,31,1891
D:\Project\sobelDeteccaoDeBordas-master\sobelDeteccaoDeBordas-master\Arquivos\openCVLibrary343\src\main\java\org\opencv\photo\AlignExposures.java,org.opencv.photo.AlignExposures,class,4,6,3,15
D:\Project\sobelDeteccaoDeBordas-master\sobelDeteccaoDeBordas-master\Arquivos\openCVLibrary343\src\main\java\org\opencv\android\CameraGLSurfaceView.java,org.opencv.android.CameraGLSurfaceView,class,10,13,20,8
D:\Project\sobelDeteccaoDeBordas-master\sobelDeteccaoDeBordas-master\Arquivos\openCVLibrary343\src\main\java\org\opencv\core\Point.java,org.opencv.core.Point,class,3,17,3,3
D:\Project\sobelDeteccaoDeBordas-master\sobelDeteccaoDeBordas-master\Arquivos\openCVLibrary343\src\main\java\org\opencv\features2d\FlannBasedMatcher.java,org.opencv.features2d.FlannBasedMatcher,class,2,8,4,28
D:\Project\sobelDeteccaoDeBordas-master\sobelDeteccaoDeBordas-master\Arquivos\openCVLibrary343\src\main\java\org\opencv\core\MatOfFloat.java,org.opencv.core.MatOfFloat,class,5,23,14,25
D:\Project\sobelDeteccaoDeBordas-master\sobelDeteccaoDeBordas-master\Arquivos\openCVLibrary343\src\main\java\org\opencv\android\CameraBridgeViewBase.java,org.opencv.android.CameraBridgeViewBase$ListItemAccessor,interface,0,2,0,1
D:\Project\sobelDeteccaoDeBordas-master\sobelDeteccaoDeBordas-master\Arquivos\openCVLibrary343\src\main\java\org\opencv\dnn\Net.java,org.opencv.dnn.Net,class,10,83,42,0
D:\Project\sobelDeteccaoDeBordas-master\sobelDeteccaoDeBordas-master\Arquivos\openCVLibrary343\src\main\java\org\opencv\android\CameraBridgeViewBase.java,org.opencv.android.CameraBridgeViewBase$CvCameraViewFrame,interface,1,2,0,1
D:\Project\sobelDeteccaoDeBordas-master\sobelDeteccaoDeBordas-master\Arquivos\openCVLibrary343\src\main\java\org\opencv\core\Rect2d.java,org.opencv.core.Rect2d,class,4,37,2,0
D:\Project\sobelDeteccaoDeBordas-master\sobelDeteccaoDeBordas-master\Arquivos\openCVLibrary343\src\main\java\org\opencv\ml\ANN_MLP.java,org.opencv.ml.ANN_MLP,class,5,76,38,2850
D:\Project\sobelDeteccaoDeBordas-master\sobelDeteccaoDeBordas-master\Arquivos\openCVLibrary343\src\main\java\org\opencv\video\BackgroundSubtractor.java,org.opencv.video.BackgroundSubtractor,class,3,10,4,45
D:\Project\sobelDeteccaoDeBordas-master\sobelDeteccaoDeBordas-master\Arquivos\openCVLibrary343\src\main\java\org\opencv\ml\Ml.java,org.opencv.ml.Ml,class,0,0,0,0
D:\Project\sobelDeteccaoDeBordas-master\sobelDeteccaoDeBordas-master\Arquivos\openCVLibrary343\src\main\java\org\opencv\ml\StatModel.java,org.opencv.ml.StatModel,class,4,26,13,325
D:\Project\sobelDeteccaoDeBordas-master\sobelDeteccaoDeBordas-master\Arquivos\openCVLibrary343\src\main\java\org\opencv\core\MatOfInt4.java,org.opencv.core.MatOfInt4,class,5,23,14,25
D:\Project\sobelDeteccaoDeBordas-master\sobelDeteccaoDeBordas-master\Arquivos\openCVLibrary343\src\main\java\org\opencv\android\Camera2Renderer.java,org.opencv.android.Camera2Renderer,class,16,56,32,0
D:\Project\sobelDeteccaoDeBordas-master\sobelDeteccaoDeBordas-master\Arquivos\openCVLibrary343\build\generated\aidl_source_output_dir\debug\compileDebugAidl\out\org\opencv\engine\OpenCVEngineInterface.java,org.opencv.engine.OpenCVEngineInterface$Stub$Proxy,innerclass,3,8,8,0
D:\Project\sobelDeteccaoDeBordas-master\sobelDeteccaoDeBordas-master\Arquivos\openCVLibrary343\src\main\java\org\opencv\core\Range.java,org.opencv.core.Range,class,2,22,5,0
D:\Project\sobelDeteccaoDeBordas-master\sobelDeteccaoDeBordas-master\Arquivos\openCVLibrary343\src\main\java\org\opencv\calib3d\StereoBM.java,org.opencv.calib3d.StereoBM,class,4,42,21,861
D:\Project\sobelDeteccaoDeBordas-master\sobelDeteccaoDeBordas-master\Arquivos\openCVLibrary343\src\main\java\org\opencv\core\MatOfPoint2f.java,org.opencv.core.MatOfPoint2f,class,6,20,13,25
D:\Project\sobelDeteccaoDeBordas-master\sobelDeteccaoDeBordas-master\Arquivos\openCVLibrary343\src\main\java\org\opencv\features2d\KAZE.java,org.opencv.features2d.KAZE,class,2,44,22,946
D:\Project\sobelDeteccaoDeBordas-master\sobelDeteccaoDeBordas-master\Arquivos\openCVLibrary343\src\main\java\org\opencv\photo\Tonemap.java,org.opencv.photo.Tonemap,class,3,10,4,45
D:\Project\sobelDeteccaoDeBordas-master\sobelDeteccaoDeBordas-master\Arquivos\openCVLibrary343\src\main\java\org\opencv\photo\TonemapReinhard.java,org.opencv.photo.TonemapReinhard,class,2,16,7,120
D:\Project\sobelDeteccaoDeBordas-master\sobelDeteccaoDeBordas-master\Arquivos\openCVLibrary343\src\main\java\org\opencv\android\BaseLoaderCallback.java,org.opencv.android.BaseLoaderCallback$Anonymous7,anonymous,2,1,1,0
D:\Project\sobelDeteccaoDeBordas-master\sobelDeteccaoDeBordas-master\Arquivos\openCVLibrary343\src\main\java\org\opencv\android\BaseLoaderCallback.java,org.opencv.android.BaseLoaderCallback$Anonymous6,anonymous,2,1,1,0
D:\Project\sobelDeteccaoDeBordas-master\sobelDeteccaoDeBordas-master\Arquivos\openCVLibrary343\src\main\java\org\opencv\features2d\BOWTrainer.java,org.opencv.features2d.BOWTrainer,class,3,17,8,0
D:\Project\sobelDeteccaoDeBordas-master\sobelDeteccaoDeBordas-master\Arquivos\openCVLibrary343\src\main\java\org\opencv\android\BaseLoaderCallback.java,org.opencv.android.BaseLoaderCallback$Anonymous5,anonymous,2,1,1,0
D:\Project\sobelDeteccaoDeBordas-master\sobelDeteccaoDeBordas-master\Arquivos\openCVLibrary343\src\main\java\org\opencv\android\BaseLoaderCallback.java,org.opencv.android.BaseLoaderCallback$Anonymous4,anonymous,2,1,1,0
D:\Project\sobelDeteccaoDeBordas-master\sobelDeteccaoDeBordas-master\Arquivos\openCVLibrary343\src\main\java\org\opencv\features2d\BRISK.java,org.opencv.features2d.BRISK,class,5,30,15,435
D:\Project\sobelDeteccaoDeBordas-master\sobelDeteccaoDeBordas-master\Arquivos\openCVLibrary343\src\main\java\org\opencv\android\BaseLoaderCallback.java,org.opencv.android.BaseLoaderCallback$Anonymous3,anonymous,2,1,1,0
D:\Project\sobelDeteccaoDeBordas-master\sobelDeteccaoDeBordas-master\Arquivos\openCVLibrary343\src\main\java\org\opencv\video\FarnebackOpticalFlow.java,org.opencv.video.FarnebackOpticalFlow,class,2,54,27,1431
D:\Project\sobelDeteccaoDeBordas-master\sobelDeteccaoDeBordas-master\Arquivos\openCVLibrary343\src\main\java\org\opencv\android\BaseLoaderCallback.java,org.opencv.android.BaseLoaderCallback$Anonymous2,anonymous,2,1,1,0
D:\Project\sobelDeteccaoDeBordas-master\sobelDeteccaoDeBordas-master\Arquivos\openCVLibrary343\src\main\java\org\opencv\core\RotatedRect.java,org.opencv.core.RotatedRect,class,5,19,13,0
D:\Project\sobelDeteccaoDeBordas-master\sobelDeteccaoDeBordas-master\Arquivos\openCVLibrary343\src\main\java\org\opencv\android\BaseLoaderCallback.java,org.opencv.android.BaseLoaderCallback$Anonymous1,anonymous,2,1,1,0
D:\Project\sobelDeteccaoDeBordas-master\sobelDeteccaoDeBordas-master\Arquivos\openCVLibrary343\src\main\java\org\opencv\photo\MergeRobertson.java,org.opencv.photo.MergeRobertson,class,4,8,4,28
D:\Project\sobelDeteccaoDeBordas-master\sobelDeteccaoDeBordas-master\Arquivos\openCVLibrary343\src\main\java\org\opencv\videoio\Videoio.java,org.opencv.videoio.Videoio,class,0,0,0,0
D:\Project\sobelDeteccaoDeBordas-master\sobelDeteccaoDeBordas-master\Arquivos\openCVLibrary343\src\main\java\org\opencv\ml\LogisticRegression.java,org.opencv.ml.LogisticRegression,class,5,42,21,861
D:\Project\sobelDeteccaoDeBordas-master\sobelDeteccaoDeBordas-master\Arquivos\openCVLibrary343\src\main\java\org\opencv\android\CameraGLRendererBase.java,org.opencv.android.CameraGLRendererBase,class,10,50,75,91
D:\Project\sobelDeteccaoDeBordas-master\sobelDeteccaoDeBordas-master\Arquivos\openCVLibrary343\src\main\java\org\opencv\features2d\MSER.java,org.opencv.features2d.MSER,class,6,44,24,946
D:\Project\sobelDeteccaoDeBordas-master\sobelDeteccaoDeBordas-master\Arquivos\openCVLibrary343\src\main\java\org\opencv\video\SparseOpticalFlow.java,org.opencv.video.SparseOpticalFlow,class,3,8,3,28
D:\Project\sobelDeteccaoDeBordas-master\sobelDeteccaoDeBordas-master\Arquivos\openCVLibrary343\src\main\java\org\opencv\android\StaticHelper.java,org.opencv.android.StaticHelper,class,2,12,14,6
D:\Project\sobelDeteccaoDeBordas-master\sobelDeteccaoDeBordas-master\Arquivos\openCVLibrary343\src\main\java\org\opencv\videoio\VideoCapture.java,org.opencv.videoio.VideoCapture,class,2,37,17,0
D:\Project\sobelDeteccaoDeBordas-master\sobelDeteccaoDeBordas-master\Arquivos\openCVLibrary343\src\main\java\org\opencv\core\MatOfByte.java,org.opencv.core.MatOfByte,class,5,30,17,36
D:\Project\sobelDeteccaoDeBordas-master\sobelDeteccaoDeBordas-master\Arquivos\openCVLibrary343\src\main\java\org\opencv\video\DenseOpticalFlow.java,org.opencv.video.DenseOpticalFlow,class,3,8,3,28
D:\Project\sobelDeteccaoDeBordas-master\sobelDeteccaoDeBordas-master\Arquivos\openCVLibrary343\src\main\java\org\opencv\ml\SVM.java,org.opencv.ml.SVM,class,6,74,39,2701
D:\Project\sobelDeteccaoDeBordas-master\sobelDeteccaoDeBordas-master\Arquivos\openCVLibrary343\src\main\java\org\opencv\core\MatOfInt.java,org.opencv.core.MatOfInt,class,5,23,14,25
D:\Project\sobelDeteccaoDeBordas-master\sobelDeteccaoDeBordas-master\Arquivos\openCVLibrary343\src\main\java\org\opencv\android\BaseLoaderCallback.java,org.opencv.android.BaseLoaderCallback,class,7,10,11,6
D:\Project\sobelDeteccaoDeBordas-master\sobelDeteccaoDeBordas-master\Arquivos\openCVLibrary343\src\main\java\org\opencv\core\MatOfPoint3f.java,org.opencv.core.MatOfPoint3f,class,6,20,13,25
D:\Project\sobelDeteccaoDeBordas-master\sobelDeteccaoDeBordas-master\Arquivos\openCVLibrary343\src\main\java\org\opencv\ml\TrainData.java,org.opencv.ml.TrainData,class,2,101,50,0
D:\Project\sobelDeteccaoDeBordas-master\sobelDeteccaoDeBordas-master\Arquivos\openCVLibrary343\src\main\java\org\opencv\objdetect\CascadeClassifier.java,org.opencv.objdetect.CascadeClassifier,class,7,59,28,0
D:\Project\sobelDeteccaoDeBordas-master\sobelDeteccaoDeBordas-master\Arquivos\openCVLibrary343\src\main\java\org\opencv\core\TickMeter.java,org.opencv.core.TickMeter,class,1,23,10,0
D:\Project\sobelDeteccaoDeBordas-master\sobelDeteccaoDeBordas-master\Arquivos\openCVLibrary343\src\main\java\org\opencv\ml\Boost.java,org.opencv.ml.Boost,class,2,22,11,231
D:\Project\sobelDeteccaoDeBordas-master\sobelDeteccaoDeBordas-master\Arquivos\openCVLibrary343\src\main\java\org\opencv\core\MatOfKeyPoint.java,org.opencv.core.MatOfKeyPoint,class,6,20,13,25
D:\Project\sobelDeteccaoDeBordas-master\sobelDeteccaoDeBordas-master\Arquivos\openCVLibrary343\src\main\java\org\opencv\android\JavaCamera2View.java,org.opencv.android.JavaCamera2View,class,19,49,33,0
D:\Project\sobelDeteccaoDeBordas-master\sobelDeteccaoDeBordas-master\Arquivos\openCVLibrary343\src\main\java\org\opencv\calib3d\Calib3d.java,org.opencv.calib3d.Calib3d,class,11,338,168,51681
D:\Project\sobelDeteccaoDeBordas-master\sobelDeteccaoDeBordas-master\Arquivos\openCVLibrary343\src\main\java\org\opencv\core\MatOfRect2d.java,org.opencv.core.MatOfRect2d,class,6,20,13,25
D:\Project\sobelDeteccaoDeBordas-master\sobelDeteccaoDeBordas-master\Arquivos\openCVLibrary343\src\main\java\org\opencv\features2d\FastFeatureDetector.java,org.opencv.features2d.FastFeatureDetector,class,2,26,13,325
D:\Project\sobelDeteccaoDeBordas-master\sobelDeteccaoDeBordas-master\Arquivos\openCVLibrary343\src\main\java\org\opencv\features2d\GFTTDetector.java,org.opencv.features2d.GFTTDetector,class,2,50,25,1225
D:\Project\sobelDeteccaoDeBordas-master\sobelDeteccaoDeBordas-master\Arquivos\openCVLibrary343\src\main\java\org\opencv\android\JavaCameraView.java,org.opencv.android.JavaCameraView,class,17,52,46,1
D:\Project\sobelDeteccaoDeBordas-master\sobelDeteccaoDeBordas-master\Arquivos\openCVLibrary343\src\main\java\org\opencv\imgproc\CLAHE.java,org.opencv.imgproc.CLAHE,class,5,16,7,120
D:\Project\sobelDeteccaoDeBordas-master\sobelDeteccaoDeBordas-master\Arquivos\openCVLibrary343\src\main\java\org\opencv\android\CameraBridgeViewBase.java,org.opencv.android.CameraBridgeViewBase$CvCameraViewListenerAdapter,innerclass,4,7,6,10
D:\Project\sobelDeteccaoDeBordas-master\sobelDeteccaoDeBordas-master\Arquivos\openCVLibrary343\src\main\java\org\opencv\android\AsyncServiceHelper.java,org.opencv.android.AsyncServiceHelper,class,7,15,15,3
D:\Project\sobelDeteccaoDeBordas-master\sobelDeteccaoDeBordas-master\Arquivos\openCVLibrary343\src\main\java\org\opencv\android\AsyncServiceHelper.java,org.opencv.android.AsyncServiceHelper$Anonymous2,anonymous,2,4,4,6
D:\Project\sobelDeteccaoDeBordas-master\sobelDeteccaoDeBordas-master\Arquivos\openCVLibrary343\src\main\java\org\opencv\android\AsyncServiceHelper.java,org.opencv.android.AsyncServiceHelper$Anonymous3,anonymous,8,10,16,1
D:\Project\sobelDeteccaoDeBordas-master\sobelDeteccaoDeBordas-master\Arquivos\openCVLibrary343\src\main\java\org\opencv\imgproc\Imgproc.java,org.opencv.imgproc.Imgproc,class,20,635,312,185745
D:\Project\sobelDeteccaoDeBordas-master\sobelDeteccaoDeBordas-master\Arquivos\openCVLibrary343\src\main\java\org\opencv\photo\AlignMTB.java,org.opencv.photo.AlignMTB,class,6,26,13,325
D:\Project\sobelDeteccaoDeBordas-master\sobelDeteccaoDeBordas-master\Arquivos\openCVLibrary343\src\main\java\org\opencv\core\DMatch.java,org.opencv.core.DMatch,class,1,6,0,0
D:\Project\sobelDeteccaoDeBordas-master\sobelDeteccaoDeBordas-master\Arquivos\openCVLibrary343\src\main\java\org\opencv\android\AsyncServiceHelper.java,org.opencv.android.AsyncServiceHelper$Anonymous1,anonymous,2,5,4,4
D:\Project\sobelDeteccaoDeBordas-master\sobelDeteccaoDeBordas-master\Arquivos\openCVLibrary343\src\main\java\org\opencv\core\MatOfRect.java,org.opencv.core.MatOfRect,class,6,20,13,25
D:\Project\sobelDeteccaoDeBordas-master\sobelDeteccaoDeBordas-master\Arquivos\openCVLibrary343\src\main\java\org\opencv\features2d\BOWImgDescriptorExtractor.java,org.opencv.features2d.BOWImgDescriptorExtractor,class,3,15,6,0
D:\Project\sobelDeteccaoDeBordas-master\sobelDeteccaoDeBordas-master\Arquivos\openCVLibrary343\src\main\java\org\opencv\core\MatOfPoint.java,org.opencv.core.MatOfPoint,class,6,20,13,25
D:\Project\sobelDeteccaoDeBordas-master\sobelDeteccaoDeBordas-master\Arquivos\openCVLibrary343\src\main\java\org\opencv\photo\TonemapDrago.java,org.opencv.photo.TonemapDrago,class,2,12,5,66
D:\Project\sobelDeteccaoDeBordas-master\sobelDeteccaoDeBordas-master\Arquivos\openCVLibrary343\src\main\java\org\opencv\imgproc\Subdiv2D.java,org.opencv.imgproc.Subdiv2D,class,11,55,25,0
D:\Project\sobelDeteccaoDeBordas-master\sobelDeteccaoDeBordas-master\Arquivos\openCVLibrary343\src\main\java\org\opencv\dnn\Layer.java,org.opencv.dnn.Layer,class,4,22,13,231
D:\Project\sobelDeteccaoDeBordas-master\sobelDeteccaoDeBordas-master\Arquivos\openCVLibrary343\src\main\java\org\opencv\calib3d\StereoMatcher.java,org.opencv.calib3d.StereoMatcher,class,3,30,14,435
D:\Project\sobelDeteccaoDeBordas-master\sobelDeteccaoDeBordas-master\Arquivos\openCVLibrary343\src\main\java\org\opencv\android\InstallCallbackInterface.java,org.opencv.android.InstallCallbackInterface,interface,0,4,0,6
D:\Project\sobelDeteccaoDeBordas-master\sobelDeteccaoDeBordas-master\Arquivos\openCVLibrary343\src\main\java\org\opencv\video\BackgroundSubtractorKNN.java,org.opencv.video.BackgroundSubtractorKNN,class,2,32,15,496
D:\Project\sobelDeteccaoDeBordas-master\sobelDeteccaoDeBordas-master\Arquivos\openCVLibrary343\src\main\java\org\opencv\android\JavaCamera2View.java,org.opencv.android.JavaCamera2View$JavaCamera2Frame,innerclass,3,8,4,10
D:\Project\sobelDeteccaoDeBordas-master\sobelDeteccaoDeBordas-master\Arquivos\openCVLibrary343\build\generated\source\buildConfig\androidTest\debug\org\opencv\test\BuildConfig.java,org.opencv.test.BuildConfig,class,0,0,1,0
D:\Project\sobelDeteccaoDeBordas-master\sobelDeteccaoDeBordas-master\Arquivos\openCVLibrary343\src\main\java\org\opencv\objdetect\Objdetect.java,org.opencv.objdetect.Objdetect,class,4,4,2,6
D:\Project\sobelDeteccaoDeBordas-master\sobelDeteccaoDeBordas-master\Arquivos\openCVLibrary343\src\main\java\org\opencv\android\LoaderCallbackInterface.java,org.opencv.android.LoaderCallbackInterface,interface,1,2,0,1
D:\Project\sobelDeteccaoDeBordas-master\sobelDeteccaoDeBordas-master\Arquivos\openCVLibrary343\src\main\java\org\opencv\core\KeyPoint.java,org.opencv.core.KeyPoint,class,1,7,0,19
D:\Project\sobelDeteccaoDeBordas-master\sobelDeteccaoDeBordas-master\Arquivos\openCVLibrary343\src\main\java\org\opencv\ml\NormalBayesClassifier.java,org.opencv.ml.NormalBayesClassifier,class,3,14,7,91
D:\Project\sobelDeteccaoDeBordas-master\sobelDeteccaoDeBordas-master\Arquivos\openCVLibrary343\src\main\java\org\opencv\photo\MergeExposures.java,org.opencv.photo.MergeExposures,class,4,6,3,15
D:\Project\sobelDeteccaoDeBordas-master\sobelDeteccaoDeBordas-master\Arquivos\openCVLibrary343\build\generated\aidl_source_output_dir\debug\compileDebugAidl\out\org\opencv\engine\OpenCVEngineInterface.java,org.opencv.engine.OpenCVEngineInterface$Stub,innerclass,8,13,12,0
D:\Project\sobelDeteccaoDeBordas-master\sobelDeteccaoDeBordas-master\Arquivos\openCVLibrary343\src\main\java\org\opencv\core\MatOfFloat4.java,org.opencv.core.MatOfFloat4,class,5,23,14,25
D:\Project\sobelDeteccaoDeBordas-master\sobelDeteccaoDeBordas-master\Arquivos\openCVLibrary343\src\main\java\org\opencv\core\MatOfFloat6.java,org.opencv.core.MatOfFloat6,class,5,23,14,25
D:\Project\sobelDeteccaoDeBordas-master\sobelDeteccaoDeBordas-master\Arquivos\openCVLibrary343\src\main\java\org\opencv\core\MatOfPoint3.java,org.opencv.core.MatOfPoint3,class,6,20,13,25
D:\Project\sobelDeteccaoDeBordas-master\sobelDeteccaoDeBordas-master\Arquivos\openCVLibrary343\src\main\java\org\opencv\core\Mat.java,org.opencv.core.Mat,class,12,225,93,0
D:\Project\sobelDeteccaoDeBordas-master\sobelDeteccaoDeBordas-master\Arquivos\openCVLibrary343\src\main\java\org\opencv\photo\Photo.java,org.opencv.photo.Photo,class,16,190,107,17955
D:\Project\sobelDeteccaoDeBordas-master\sobelDeteccaoDeBordas-master\Arquivos\openCVLibrary343\src\main\java\org\opencv\features2d\Params.java,org.opencv.features2d.Params,class,1,79,38,0
D:\Project\sobelDeteccaoDeBordas-master\sobelDeteccaoDeBordas-master\Arquivos\openCVLibrary343\src\main\java\org\opencv\ml\DTrees.java,org.opencv.ml.DTrees,class,3,46,23,1035
D:\Project\sobelDeteccaoDeBordas-master\sobelDeteccaoDeBordas-master\Arquivos\openCVLibrary343\src\main\java\org\opencv\video\KalmanFilter.java,org.opencv.video.KalmanFilter,class,2,59,28,0
D:\Project\sobelDeteccaoDeBordas-master\sobelDeteccaoDeBordas-master\Arquivos\openCVLibrary343\src\main\java\org\opencv\android\AsyncServiceHelper.java,org.opencv.android.AsyncServiceHelper$Anonymous3$Anonymous5,anonymous,2,6,6,6
D:\Project\sobelDeteccaoDeBordas-master\sobelDeteccaoDeBordas-master\Arquivos\openCVLibrary343\src\main\java\org\opencv\android\JavaCameraView.java,org.opencv.android.JavaCameraView$JavaCameraSizeAccessor,innerclass,2,2,0,1
D:\Project\sobelDeteccaoDeBordas-master\sobelDeteccaoDeBordas-master\Arquivos\openCVLibrary343\src\main\java\org\opencv\android\AsyncServiceHelper.java,org.opencv.android.AsyncServiceHelper$Anonymous3$Anonymous4,anonymous,2,6,6,6
D:\Project\sobelDeteccaoDeBordas-master\sobelDeteccaoDeBordas-master\Arquivos\openCVLibrary343\src\main\java\org\opencv\objdetect\BaseCascadeClassifier.java,org.opencv.objdetect.BaseCascadeClassifier,class,2,4,1,6
D:\Project\sobelDeteccaoDeBordas-master\sobelDeteccaoDeBordas-master\Arquivos\openCVLibrary343\src\main\java\org\opencv\video\BackgroundSubtractorMOG2.java,org.opencv.video.BackgroundSubtractorMOG2,class,3,56,27,1540
D:\Project\sobelDeteccaoDeBordas-master\sobelDeteccaoDeBordas-master\Arquivos\openCVLibrary343\src\main\java\org\opencv\ml\SVMSGD.java,org.opencv.ml.SVMSGD,class,5,44,22,946
D:\Project\sobelDeteccaoDeBordas-master\sobelDeteccaoDeBordas-master\Arquivos\openCVLibrary343\src\main\java\org\opencv\utils\Converters.java,org.opencv.utils.Converters,class,19,185,77,1081
D:\Project\sobelDeteccaoDeBordas-master\sobelDeteccaoDeBordas-master\Arquivos\openCVLibrary343\src\main\java\org\opencv\features2d\DescriptorExtractor.java,org.opencv.features2d.DescriptorExtractor,class,4,22,16,0
D:\Project\sobelDeteccaoDeBordas-master\sobelDeteccaoDeBordas-master\Arquivos\openCVLibrary343\src\main\java\org\opencv\android\CameraBridgeViewBase.java,org.opencv.android.CameraBridgeViewBase$Anonymous1,anonymous,2,1,3,0
D:\Project\sobelDeteccaoDeBordas-master\sobelDeteccaoDeBordas-master\Arquivos\openCVLibrary343\src\main\java\org\opencv\dnn\DictValue.java,org.opencv.dnn.DictValue,class,1,29,13,0
D:\Project\sobelDeteccaoDeBordas-master\sobelDeteccaoDeBordas-master\Arquivos\openCVLibrary343\src\main\java\org\opencv\features2d\BFMatcher.java,org.opencv.features2d.BFMatcher,class,2,16,8,120
D:\Project\sobelDeteccaoDeBordas-master\sobelDeteccaoDeBordas-master\Arquivos\openCVLibrary343\src\main\java\org\opencv\objdetect\HOGDescriptor.java,org.opencv.objdetect.HOGDescriptor,class,8,109,54,0
D:\Project\sobelDeteccaoDeBordas-master\sobelDeteccaoDeBordas-master\Arquivos\openCVLibrary343\src\main\java\org\opencv\dnn\Dnn.java,org.opencv.dnn.Dnn,class,10,84,45,3486
D:\Project\sobelDeteccaoDeBordas-master\sobelDeteccaoDeBordas-master\Arquivos\app\src\main\java\com\example\sobeldeteccaodebordas\MainActivity.java,com.example.sobeldeteccaodebordas.MainActivity$Anonymous1,anonymous,2,1,2,0
D:\Project\sobelDeteccaoDeBordas-master\sobelDeteccaoDeBordas-master\Arquivos\openCVLibrary343\src\main\java\org\opencv\android\JavaCameraView.java,org.opencv.android.JavaCameraView$CameraWorker,innerclass,2,9,5,0
D:\Project\sobelDeteccaoDeBordas-master\sobelDeteccaoDeBordas-master\Arquivos\openCVLibrary343\src\main\java\org\opencv\photo\TonemapDurand.java,org.opencv.photo.TonemapDurand,class,2,20,9,190
D:\Project\sobelDeteccaoDeBordas-master\sobelDeteccaoDeBordas-master\Arquivos\openCVLibrary343\src\main\java\org\opencv\core\Scalar.java,org.opencv.core.Scalar,class,2,28,5,0
D:\Project\sobelDeteccaoDeBordas-master\sobelDeteccaoDeBordas-master\Arquivos\openCVLibrary343\src\main\java\org\opencv\ml\KNearest.java,org.opencv.ml.KNearest,class,3,28,14,378
D:\Project\sobelDeteccaoDeBordas-master\sobelDeteccaoDeBordas-master\Arquivos\openCVLibrary343\src\main\java\org\opencv\photo\TonemapMantiuk.java,org.opencv.photo.TonemapMantiuk,class,2,12,5,66
D:\Project\sobelDeteccaoDeBordas-master\sobelDeteccaoDeBordas-master\Arquivos\openCVLibrary343\src\main\java\org\opencv\features2d\Feature2D.java,org.opencv.features2d.Feature2D,class,5,35,22,561
D:\Project\sobelDeteccaoDeBordas-master\sobelDeteccaoDeBordas-master\Arquivos\openCVLibrary343\src\main\java\org\opencv\android\Camera2Renderer.java,org.opencv.android.Camera2Renderer$Anonymous2,anonymous,1,3,6,1
D:\Project\sobelDeteccaoDeBordas-master\sobelDeteccaoDeBordas-master\Arquivos\openCVLibrary343\src\main\java\org\opencv\android\FpsMeter.java,org.opencv.android.FpsMeter,class,4,8,10,0
D:\Project\sobelDeteccaoDeBordas-master\sobelDeteccaoDeBordas-master\Arquivos\openCVLibrary343\src\main\java\org\opencv\features2d\BOWKMeansTrainer.java,org.opencv.features2d.BOWKMeansTrainer,class,4,16,7,120
D:\Project\sobelDeteccaoDeBordas-master\sobelDeteccaoDeBordas-master\Arquivos\openCVLibrary343\src\main\java\org\opencv\photo\CalibrateRobertson.java,org.opencv.photo.CalibrateRobertson,class,3,14,6,91
D:\Project\sobelDeteccaoDeBordas-master\sobelDeteccaoDeBordas-master\Arquivos\openCVLibrary343\src\main\java\org\opencv\android\Camera2Renderer.java,org.opencv.android.Camera2Renderer$Anonymous1,anonymous,2,3,3,3
D:\Project\sobelDeteccaoDeBordas-master\sobelDeteccaoDeBordas-master\Arquivos\openCVLibrary343\src\main\java\org\opencv\features2d\FeatureDetector.java,org.opencv.features2d.FeatureDetector,class,4,21,13,0
D:\Project\sobelDeteccaoDeBordas-master\sobelDeteccaoDeBordas-master\Arquivos\openCVLibrary343\src\main\java\org\opencv\imgproc\Moments.java,org.opencv.imgproc.Moments,class,2,66,4,1043
D:\Project\sobelDeteccaoDeBordas-master\sobelDeteccaoDeBordas-master\Arquivos\openCVLibrary343\src\main\java\org\opencv\photo\MergeMertens.java,org.opencv.photo.MergeMertens,class,4,20,10,190
D:\Project\sobelDeteccaoDeBordas-master\sobelDeteccaoDeBordas-master\Arquivos\openCVLibrary343\src\main\java\org\opencv\video\Video.java,org.opencv.video.Video,class,14,60,34,1653
D:\Project\sobelDeteccaoDeBordas-master\sobelDeteccaoDeBordas-master\Arquivos\app\src\main\java\com\example\sobeldeteccaodebordas\Main2Activity.java,com.example.sobeldeteccaodebordas.Main2Activity,class,15,5,29,3
D:\Project\sobelDeteccaoDeBordas-master\sobelDeteccaoDeBordas-master\Arquivos\openCVLibrary343\src\main\java\org\opencv\photo\CalibrateDebevec.java,org.opencv.photo.CalibrateDebevec,class,2,16,7,120
D:\Project\sobelDeteccaoDeBordas-master\sobelDeteccaoDeBordas-master\Arquivos\openCVLibrary343\src\main\java\org\opencv\features2d\Features2d.java,org.opencv.features2d.Features2d,class,7,50,22,630
D:\Project\sobelDeteccaoDeBordas-master\sobelDeteccaoDeBordas-master\Arquivos\openCVLibrary343\src\main\java\org\opencv\android\CameraBridgeViewBase.java,org.opencv.android.CameraBridgeViewBase$CvCameraViewListener2,interface,2,3,0,3
D:\Project\sobelDeteccaoDeBordas-master\sobelDeteccaoDeBordas-master\Arquivos\openCVLibrary343\src\main\java\org\opencv\android\JavaCamera2View.java,org.opencv.android.JavaCamera2View$Anonymous3,anonymous,1,4,5,1
D:\Project\sobelDeteccaoDeBordas-master\sobelDeteccaoDeBordas-master\Arquivos\openCVLibrary343\src\main\java\org\opencv\android\CameraBridgeViewBase.java,org.opencv.android.CameraBridgeViewBase,class,21,60,46,213
D:\Project\sobelDeteccaoDeBordas-master\sobelDeteccaoDeBordas-master\Arquivos\openCVLibrary343\src\main\java\org\opencv\core\MatOfDouble.java,org.opencv.core.MatOfDouble,class,5,23,14,25
D:\Project\sobelDeteccaoDeBordas-master\sobelDeteccaoDeBordas-master\Arquivos\openCVLibrary343\build\generated\aidl_source_output_dir\debug\compileDebugAidl\out\org\opencv\engine\OpenCVEngineInterface.java,org.opencv.engine.OpenCVEngineInterface,interface,3,4,0,6
D:\Project\sobelDeteccaoDeBordas-master\sobelDeteccaoDeBordas-master\Arquivos\openCVLibrary343\src\main\java\org\opencv\calib3d\StereoSGBM.java,org.opencv.calib3d.StereoSGBM,class,2,48,24,1128
D:\Project\sobelDeteccaoDeBordas-master\sobelDeteccaoDeBordas-master\Arquivos\openCVLibrary343\src\main\java\org\opencv\core\CvType.java,org.opencv.core.CvType,class,1,34,10,38
D:\Project\sobelDeteccaoDeBordas-master\sobelDeteccaoDeBordas-master\Arquivos\openCVLibrary343\src\main\java\org\opencv\android\CameraGLSurfaceView.java,org.opencv.android.CameraGLSurfaceView$CameraTextureListener,interface,0,3,0,3
D:\Project\sobelDeteccaoDeBordas-master\sobelDeteccaoDeBordas-master\Arquivos\openCVLibrary343\src\main\java\org\opencv\video\DualTVL1OpticalFlow.java,org.opencv.video.DualTVL1OpticalFlow,class,2,78,39,3003
D:\Project\sobelDeteccaoDeBordas-master\sobelDeteccaoDeBordas-master\Arquivos\openCVLibrary343\src\main\java\org\opencv\core\MatOfDMatch.java,org.opencv.core.MatOfDMatch,class,6,20,14,25
D:\Project\sobelDeteccaoDeBordas-master\sobelDeteccaoDeBordas-master\Arquivos\openCVLibrary343\src\main\java\org\opencv\osgi\OpenCVInterface.java,org.opencv.osgi.OpenCVInterface,interface,0,0,0,0
D:\Project\sobelDeteccaoDeBordas-master\sobelDeteccaoDeBordas-master\Arquivos\app\src\androidTest\java\com\example\sobeldeteccaodebordas\ExampleInstrumentedTest.java,com.example.sobeldeteccaodebordas.ExampleInstrumentedTest,class,4,1,4,0
D:\Project\sobelDeteccaoDeBordas-master\sobelDeteccaoDeBordas-master\Arquivos\openCVLibrary343\src\main\java\org\opencv\features2d\AgastFeatureDetector.java,org.opencv.features2d.AgastFeatureDetector,class,2,26,13,325
D:\Project\sobelDeteccaoDeBordas-master\sobelDeteccaoDeBordas-master\Arquivos\openCVLibrary343\src\main\java\org\opencv\core\Core.java,org.opencv.core.Core$MinMaxLocResult,innerclass,1,1,0,0
,,,4.323529412,33.94117647,17.83529412,2199.935294
