file,class,type,cbo,wmc,rfc,lcom
D:\Project\Kamosi-Personal-Dictionary-master\Kamosi-Personal-Dictionary-master\src\kamosi\WelcomeScreen.java,kamosi.WelcomeScreen$Anonymous1,anonymous,1,1,1,0
D:\Project\Kamosi-Personal-Dictionary-master\Kamosi-Personal-Dictionary-master\src\kamosi\ChangePassword.java,kamosi.ChangePassword,class,1,9,33,0
D:\Project\Kamosi-Personal-Dictionary-master\Kamosi-Personal-Dictionary-master\src\kamosi\ViewAllUsers.java,kamosi.ViewAllUsers$Anonymous1,anonymous,0,1,0,0
D:\Project\Kamosi-Personal-Dictionary-master\Kamosi-Personal-Dictionary-master\src\kamosi\KamosiHelp.java,kamosi.HtmlPane,class,2,6,12,1
D:\Project\Kamosi-Personal-Dictionary-master\Kamosi-Personal-Dictionary-master\src\kamosi\ViewAllUsers.java,kamosi.ViewAllUsers,class,2,7,28,3
D:\Project\Kamosi-Personal-Dictionary-master\Kamosi-Personal-Dictionary-master\src\kamosi\WelcomeScreen.java,kamosi.WelcomePanel,class,2,5,14,1
D:\Project\Kamosi-Personal-Dictionary-master\Kamosi-Personal-Dictionary-master\src\kamosi\ViewLastWeekWords.java,kamosi.ViewLastWeekWords$Anonymous1,anonymous,0,1,0,0
D:\Project\Kamosi-Personal-Dictionary-master\Kamosi-Personal-Dictionary-master\src\kamosi\KamosiIndexPanel.java,kamosi.KamosiIndexPanel,class,2,6,12,1
D:\Project\Kamosi-Personal-Dictionary-master\Kamosi-Personal-Dictionary-master\src\kamosi\Main.java,kamosi.Main,class,1,2,0,1
D:\Project\Kamosi-Personal-Dictionary-master\Kamosi-Personal-Dictionary-master\src\kamosi\SearchWordPanel.java,kamosi.SearchWordPanel,class,2,33,46,11
D:\Project\Kamosi-Personal-Dictionary-master\Kamosi-Personal-Dictionary-master\src\kamosi\AddWordPanel.java,kamosi.AddWordPanel,class,2,20,40,0
D:\Project\Kamosi-Personal-Dictionary-master\Kamosi-Personal-Dictionary-master\src\kamosi\DictionaryFrame.java,kamosi.DictionaryFrame,class,2,26,41,9
D:\Project\Kamosi-Personal-Dictionary-master\Kamosi-Personal-Dictionary-master\src\kamosi\Login.java,kamosi.Login$Anonymous1,anonymous,0,1,3,0
D:\Project\Kamosi-Personal-Dictionary-master\Kamosi-Personal-Dictionary-master\src\kamosi\NewUser.java,kamosi.NewUser,class,1,9,39,0
D:\Project\Kamosi-Personal-Dictionary-master\Kamosi-Personal-Dictionary-master\src\kamosi\KamosiHelp.java,kamosi.KamosiHelp,class,1,1,11,0
D:\Project\Kamosi-Personal-Dictionary-master\Kamosi-Personal-Dictionary-master\src\kamosi\EditWordFrame.java,kamosi.EditWordFrame,class,2,21,50,0
D:\Project\Kamosi-Personal-Dictionary-master\Kamosi-Personal-Dictionary-master\src\kamosi\KamosiIndexPanel.java,kamosi.KamosiIndexPanel$PageLoader,innerclass,0,4,9,1
D:\Project\Kamosi-Personal-Dictionary-master\Kamosi-Personal-Dictionary-master\src\kamosi\KamosiUI.java,kamosi.KamosiUI$Anonymous1,anonymous,1,1,1,0
D:\Project\Kamosi-Personal-Dictionary-master\Kamosi-Personal-Dictionary-master\src\kamosi\SearchByDatePanel.java,kamosi.SearchByDatePanel,class,3,22,33,0
D:\Project\Kamosi-Personal-Dictionary-master\Kamosi-Personal-Dictionary-master\src\kamosi\InformationPage.java,kamosi.InformationPage,class,2,2,16,1
D:\Project\Kamosi-Personal-Dictionary-master\Kamosi-Personal-Dictionary-master\src\kamosi\ViewAllWordsPanel.java,kamosi.ViewAllWordsPanel,class,3,25,38,0
D:\Project\Kamosi-Personal-Dictionary-master\Kamosi-Personal-Dictionary-master\src\kamosi\KamosiUI.java,kamosi.KamosiUI,class,17,36,60,7
D:\Project\Kamosi-Personal-Dictionary-master\Kamosi-Personal-Dictionary-master\src\kamosi\AddCategoryUI.java,kamosi.AddCategoryUI,class,2,11,40,0
D:\Project\Kamosi-Personal-Dictionary-master\Kamosi-Personal-Dictionary-master\src\kamosi\DeleteCategoryUI.java,kamosi.DeleteCategoryUI,class,2,11,40,0
D:\Project\Kamosi-Personal-Dictionary-master\Kamosi-Personal-Dictionary-master\src\kamosi\SearchByDatePanel.java,kamosi.SearchByDatePanel$Anonymous1,anonymous,0,1,0,0
D:\Project\Kamosi-Personal-Dictionary-master\Kamosi-Personal-Dictionary-master\src\kamosi\ViewAllWordsPanel.java,kamosi.ViewAllWordsPanel$Anonymous1,anonymous,0,1,0,0
D:\Project\Kamosi-Personal-Dictionary-master\Kamosi-Personal-Dictionary-master\src\kamosi\SoundManger.java,kamosi.SoundManger,class,1,8,9,0
D:\Project\Kamosi-Personal-Dictionary-master\Kamosi-Personal-Dictionary-master\src\kamosi\WelcomeScreen.java,kamosi.WelcomeScreen,class,1,3,19,1
D:\Project\Kamosi-Personal-Dictionary-master\Kamosi-Personal-Dictionary-master\src\kamosi\ViewLastWeekWords.java,kamosi.ViewLastWeekWords,class,2,7,28,1
D:\Project\Kamosi-Personal-Dictionary-master\Kamosi-Personal-Dictionary-master\src\kamosi\DeleteWordsUI.java,kamosi.DeleteWordsUI,class,2,14,39,0
D:\Project\Kamosi-Personal-Dictionary-master\Kamosi-Personal-Dictionary-master\src\kamosi\InformationPage.java,kamosi.InformationPagePanel,class,3,35,45,1
D:\Project\Kamosi-Personal-Dictionary-master\Kamosi-Personal-Dictionary-master\src\kamosi\KamosiHelp.java,kamosi.HtmlPane$PageLoader,innerclass,0,4,9,1
D:\Project\Kamosi-Personal-Dictionary-master\Kamosi-Personal-Dictionary-master\src\kamosi\Login.java,kamosi.Login,class,3,20,37,4
D:\Project\Kamosi-Personal-Dictionary-master\Kamosi-Personal-Dictionary-master\src\kamosi\ReportsPanel.java,kamosi.ReportsPanel,class,4,15,34,2
D:\Project\Kamosi-Personal-Dictionary-master\Kamosi-Personal-Dictionary-master\src\kamosi\DBConnection.java,kamosi.DBConnection,class,1,7,4,4
D:\Project\Kamosi-Personal-Dictionary-master\Kamosi-Personal-Dictionary-master\src\kamosi\InformationPage.java,kamosi.InformationPagePanel$Anonymous1,anonymous,0,1,0,0
D:\Project\Kamosi-Personal-Dictionary-master\Kamosi-Personal-Dictionary-master\src\kamosi\RegisterUI.java,kamosi.RegisterUI,class,3,16,45,2
,,,1.918918919,10.62162162,22.59459459,1.405405405
