file,class,method,variable,usage
D:\Project\Kamosi-Personal-Dictionary-master\Kamosi-Personal-Dictionary-master\src\kamosi\ChangePassword.java,kamosi.ChangePassword,actionPerformed/1[java.awt.event.ActionEvent],txtPass,6
D:\Project\Kamosi-Personal-Dictionary-master\Kamosi-Personal-Dictionary-master\src\kamosi\ChangePassword.java,kamosi.ChangePassword,actionPerformed/1[java.awt.event.ActionEvent],btnCancel,1
D:\Project\Kamosi-Personal-Dictionary-master\Kamosi-Personal-Dictionary-master\src\kamosi\ChangePassword.java,kamosi.ChangePassword,actionPerformed/1[java.awt.event.ActionEvent],btnOk,1
D:\Project\Kamosi-Personal-Dictionary-master\Kamosi-Personal-Dictionary-master\src\kamosi\ChangePassword.java,kamosi.ChangePassword,actionPerformed/1[java.awt.event.ActionEvent],txtNew,4
D:\Project\Kamosi-Personal-Dictionary-master\Kamosi-Personal-Dictionary-master\src\kamosi\ChangePassword.java,kamosi.ChangePassword,actionPerformed/1[java.awt.event.ActionEvent],userName,2
D:\Project\Kamosi-Personal-Dictionary-master\Kamosi-Personal-Dictionary-master\src\kamosi\ChangePassword.java,kamosi.ChangePassword,ChangePassword/1[java.lang.String],lbPass,4
D:\Project\Kamosi-Personal-Dictionary-master\Kamosi-Personal-Dictionary-master\src\kamosi\ChangePassword.java,kamosi.ChangePassword,ChangePassword/1[java.lang.String],txtPass,3
D:\Project\Kamosi-Personal-Dictionary-master\Kamosi-Personal-Dictionary-master\src\kamosi\ChangePassword.java,kamosi.ChangePassword,ChangePassword/1[java.lang.String],btnCancel,4
D:\Project\Kamosi-Personal-Dictionary-master\Kamosi-Personal-Dictionary-master\src\kamosi\ChangePassword.java,kamosi.ChangePassword,ChangePassword/1[java.lang.String],txtNew,3
D:\Project\Kamosi-Personal-Dictionary-master\Kamosi-Personal-Dictionary-master\src\kamosi\ChangePassword.java,kamosi.ChangePassword,ChangePassword/1[java.lang.String],btnOk,4
D:\Project\Kamosi-Personal-Dictionary-master\Kamosi-Personal-Dictionary-master\src\kamosi\ChangePassword.java,kamosi.ChangePassword,ChangePassword/1[java.lang.String],lbNew,4
D:\Project\Kamosi-Personal-Dictionary-master\Kamosi-Personal-Dictionary-master\src\kamosi\ChangePassword.java,kamosi.ChangePassword,ChangePassword/1[java.lang.String],pChange,11
D:\Project\Kamosi-Personal-Dictionary-master\Kamosi-Personal-Dictionary-master\src\kamosi\ChangePassword.java,kamosi.ChangePassword,ChangePassword/1[java.lang.String],width,1
D:\Project\Kamosi-Personal-Dictionary-master\Kamosi-Personal-Dictionary-master\src\kamosi\ChangePassword.java,kamosi.ChangePassword,ChangePassword/1[java.lang.String],txtUser,5
D:\Project\Kamosi-Personal-Dictionary-master\Kamosi-Personal-Dictionary-master\src\kamosi\ChangePassword.java,kamosi.ChangePassword,ChangePassword/1[java.lang.String],lbUser,4
D:\Project\Kamosi-Personal-Dictionary-master\Kamosi-Personal-Dictionary-master\src\kamosi\ChangePassword.java,kamosi.ChangePassword,ChangePassword/1[java.lang.String],userName,1
D:\Project\Kamosi-Personal-Dictionary-master\Kamosi-Personal-Dictionary-master\src\kamosi\ChangePassword.java,kamosi.ChangePassword,ChangePassword/1[java.lang.String],height,1
D:\Project\Kamosi-Personal-Dictionary-master\Kamosi-Personal-Dictionary-master\src\kamosi\KamosiHelp.java,kamosi.HtmlPane,HtmlPane/1[java.lang.String],html,4
D:\Project\Kamosi-Personal-Dictionary-master\Kamosi-Personal-Dictionary-master\src\kamosi\KamosiHelp.java,kamosi.HtmlPane,linkActivated/1[java.net.URL],html,2
D:\Project\Kamosi-Personal-Dictionary-master\Kamosi-Personal-Dictionary-master\src\kamosi\ViewAllUsers.java,kamosi.ViewAllUsers,ViewAllUsers/0,usersPanel,4
D:\Project\Kamosi-Personal-Dictionary-master\Kamosi-Personal-Dictionary-master\src\kamosi\ViewAllUsers.java,kamosi.ViewAllUsers,ViewAllUsers/0,listLabel,3
D:\Project\Kamosi-Personal-Dictionary-master\Kamosi-Personal-Dictionary-master\src\kamosi\ViewAllUsers.java,kamosi.ViewAllUsers,ViewAllUsers/0,width,1
D:\Project\Kamosi-Personal-Dictionary-master\Kamosi-Personal-Dictionary-master\src\kamosi\ViewAllUsers.java,kamosi.ViewAllUsers,ViewAllUsers/0,resultTable,2
D:\Project\Kamosi-Personal-Dictionary-master\Kamosi-Personal-Dictionary-master\src\kamosi\ViewAllUsers.java,kamosi.ViewAllUsers,ViewAllUsers/0,scrolPane,3
D:\Project\Kamosi-Personal-Dictionary-master\Kamosi-Personal-Dictionary-master\src\kamosi\ViewAllUsers.java,kamosi.ViewAllUsers,ViewAllUsers/0,height,1
D:\Project\Kamosi-Personal-Dictionary-master\Kamosi-Personal-Dictionary-master\src\kamosi\ViewAllUsers.java,kamosi.ViewAllUsers,createTable/0,rec,4
D:\Project\Kamosi-Personal-Dictionary-master\Kamosi-Personal-Dictionary-master\src\kamosi\ViewAllUsers.java,kamosi.ViewAllUsers,createTable/0,total,4
D:\Project\Kamosi-Personal-Dictionary-master\Kamosi-Personal-Dictionary-master\src\kamosi\ViewAllUsers.java,kamosi.ViewAllUsers,createTable/0,rowRec,4
D:\Project\Kamosi-Personal-Dictionary-master\Kamosi-Personal-Dictionary-master\src\kamosi\WelcomeScreen.java,kamosi.WelcomePanel,WelcomePanel/1[javax.swing.JFrame],progNameLabel,5
D:\Project\Kamosi-Personal-Dictionary-master\Kamosi-Personal-Dictionary-master\src\kamosi\WelcomeScreen.java,kamosi.WelcomePanel,WelcomePanel/1[javax.swing.JFrame],versionLabel,5
D:\Project\Kamosi-Personal-Dictionary-master\Kamosi-Personal-Dictionary-master\src\kamosi\WelcomeScreen.java,kamosi.WelcomePanel,WelcomePanel/1[javax.swing.JFrame],f,3
D:\Project\Kamosi-Personal-Dictionary-master\Kamosi-Personal-Dictionary-master\src\kamosi\WelcomeScreen.java,kamosi.WelcomePanel,WelcomePanel/1[javax.swing.JFrame],tetosoftLabel,5
D:\Project\Kamosi-Personal-Dictionary-master\Kamosi-Personal-Dictionary-master\src\kamosi\WelcomeScreen.java,kamosi.WelcomePanel,WelcomePanel/1[javax.swing.JFrame],copyrightLabel,5
D:\Project\Kamosi-Personal-Dictionary-master\Kamosi-Personal-Dictionary-master\src\kamosi\WelcomeScreen.java,kamosi.WelcomePanel,WelcomePanel/1[javax.swing.JFrame],mailLabel,5
D:\Project\Kamosi-Personal-Dictionary-master\Kamosi-Personal-Dictionary-master\src\kamosi\WelcomeScreen.java,kamosi.WelcomePanel,WelcomePanel/1[javax.swing.JFrame],loginBut,4
D:\Project\Kamosi-Personal-Dictionary-master\Kamosi-Personal-Dictionary-master\src\kamosi\WelcomeScreen.java,kamosi.WelcomePanel,WelcomePanel/1[javax.swing.JFrame],newUserBut,4
D:\Project\Kamosi-Personal-Dictionary-master\Kamosi-Personal-Dictionary-master\src\kamosi\WelcomeScreen.java,kamosi.WelcomePanel,actionPerformed/1[java.awt.event.ActionEvent],f,4
D:\Project\Kamosi-Personal-Dictionary-master\Kamosi-Personal-Dictionary-master\src\kamosi\WelcomeScreen.java,kamosi.WelcomePanel,actionPerformed/1[java.awt.event.ActionEvent],loginBut,1
D:\Project\Kamosi-Personal-Dictionary-master\Kamosi-Personal-Dictionary-master\src\kamosi\WelcomeScreen.java,kamosi.WelcomePanel,actionPerformed/1[java.awt.event.ActionEvent],newUserBut,1
D:\Project\Kamosi-Personal-Dictionary-master\Kamosi-Personal-Dictionary-master\src\kamosi\KamosiIndexPanel.java,kamosi.KamosiIndexPanel,linkActivated/1[java.net.URL],html,2
D:\Project\Kamosi-Personal-Dictionary-master\Kamosi-Personal-Dictionary-master\src\kamosi\KamosiIndexPanel.java,kamosi.KamosiIndexPanel,KamosiIndexPanel/1[java.lang.String],html,4
D:\Project\Kamosi-Personal-Dictionary-master\Kamosi-Personal-Dictionary-master\src\kamosi\SearchWordPanel.java,kamosi.SearchWordPanel,actionPerformed/1[java.awt.event.ActionEvent],deleteButton,6
D:\Project\Kamosi-Personal-Dictionary-master\Kamosi-Personal-Dictionary-master\src\kamosi\SearchWordPanel.java,kamosi.SearchWordPanel,actionPerformed/1[java.awt.event.ActionEvent],searchButton,8
D:\Project\Kamosi-Personal-Dictionary-master\Kamosi-Personal-Dictionary-master\src\kamosi\SearchWordPanel.java,kamosi.SearchWordPanel,actionPerformed/1[java.awt.event.ActionEvent],searchField,12
D:\Project\Kamosi-Personal-Dictionary-master\Kamosi-Personal-Dictionary-master\src\kamosi\SearchWordPanel.java,kamosi.SearchWordPanel,actionPerformed/1[java.awt.event.ActionEvent],wordID,2
D:\Project\Kamosi-Personal-Dictionary-master\Kamosi-Personal-Dictionary-master\src\kamosi\SearchWordPanel.java,kamosi.SearchWordPanel,actionPerformed/1[java.awt.event.ActionEvent],examArea,3
D:\Project\Kamosi-Personal-Dictionary-master\Kamosi-Personal-Dictionary-master\src\kamosi\SearchWordPanel.java,kamosi.SearchWordPanel,actionPerformed/1[java.awt.event.ActionEvent],userID,1
D:\Project\Kamosi-Personal-Dictionary-master\Kamosi-Personal-Dictionary-master\src\kamosi\SearchWordPanel.java,kamosi.SearchWordPanel,actionPerformed/1[java.awt.event.ActionEvent],searchTargetLabel,3
D:\Project\Kamosi-Personal-Dictionary-master\Kamosi-Personal-Dictionary-master\src\kamosi\SearchWordPanel.java,kamosi.SearchWordPanel,actionPerformed/1[java.awt.event.ActionEvent],relatedArea,3
D:\Project\Kamosi-Personal-Dictionary-master\Kamosi-Personal-Dictionary-master\src\kamosi\SearchWordPanel.java,kamosi.SearchWordPanel,actionPerformed/1[java.awt.event.ActionEvent],editButton,7
D:\Project\Kamosi-Personal-Dictionary-master\Kamosi-Personal-Dictionary-master\src\kamosi\SearchWordPanel.java,kamosi.SearchWordPanel,actionPerformed/1[java.awt.event.ActionEvent],wordField,3
D:\Project\Kamosi-Personal-Dictionary-master\Kamosi-Personal-Dictionary-master\src\kamosi\SearchWordPanel.java,kamosi.SearchWordPanel,actionPerformed/1[java.awt.event.ActionEvent],translationField,3
D:\Project\Kamosi-Personal-Dictionary-master\Kamosi-Personal-Dictionary-master\src\kamosi\SearchWordPanel.java,kamosi.SearchWordPanel,actionPerformed/1[java.awt.event.ActionEvent],typeCombo,3
D:\Project\Kamosi-Personal-Dictionary-master\Kamosi-Personal-Dictionary-master\src\kamosi\SearchWordPanel.java,kamosi.SearchWordPanel,actionPerformed/1[java.awt.event.ActionEvent],saveButton,4
D:\Project\Kamosi-Personal-Dictionary-master\Kamosi-Personal-Dictionary-master\src\kamosi\SearchWordPanel.java,kamosi.SearchWordPanel,actionPerformed/1[java.awt.event.ActionEvent],catNameCombo,1
D:\Project\Kamosi-Personal-Dictionary-master\Kamosi-Personal-Dictionary-master\src\kamosi\SearchWordPanel.java,kamosi.SearchWordPanel,enableControls/0,deleteButton,1
D:\Project\Kamosi-Personal-Dictionary-master\Kamosi-Personal-Dictionary-master\src\kamosi\SearchWordPanel.java,kamosi.SearchWordPanel,enableControls/0,editButton,1
D:\Project\Kamosi-Personal-Dictionary-master\Kamosi-Personal-Dictionary-master\src\kamosi\SearchWordPanel.java,kamosi.SearchWordPanel,enableControls/0,relatedArea,1
D:\Project\Kamosi-Personal-Dictionary-master\Kamosi-Personal-Dictionary-master\src\kamosi\SearchWordPanel.java,kamosi.SearchWordPanel,enableControls/0,wordField,1
D:\Project\Kamosi-Personal-Dictionary-master\Kamosi-Personal-Dictionary-master\src\kamosi\SearchWordPanel.java,kamosi.SearchWordPanel,enableControls/0,translationField,1
D:\Project\Kamosi-Personal-Dictionary-master\Kamosi-Personal-Dictionary-master\src\kamosi\SearchWordPanel.java,kamosi.SearchWordPanel,enableControls/0,examArea,1
D:\Project\Kamosi-Personal-Dictionary-master\Kamosi-Personal-Dictionary-master\src\kamosi\SearchWordPanel.java,kamosi.SearchWordPanel,enableControls/0,typeCombo,1
D:\Project\Kamosi-Personal-Dictionary-master\Kamosi-Personal-Dictionary-master\src\kamosi\SearchWordPanel.java,kamosi.SearchWordPanel,enableControls/0,saveButton,1
D:\Project\Kamosi-Personal-Dictionary-master\Kamosi-Personal-Dictionary-master\src\kamosi\SearchWordPanel.java,kamosi.SearchWordPanel,enableControls/0,catNameCombo,1
D:\Project\Kamosi-Personal-Dictionary-master\Kamosi-Personal-Dictionary-master\src\kamosi\SearchWordPanel.java,kamosi.SearchWordPanel,SearchWordPanel/1[int],translationLabel,4
D:\Project\Kamosi-Personal-Dictionary-master\Kamosi-Personal-Dictionary-master\src\kamosi\SearchWordPanel.java,kamosi.SearchWordPanel,SearchWordPanel/1[int],searchButton,4
D:\Project\Kamosi-Personal-Dictionary-master\Kamosi-Personal-Dictionary-master\src\kamosi\SearchWordPanel.java,kamosi.SearchWordPanel,SearchWordPanel/1[int],deleteButton,4
D:\Project\Kamosi-Personal-Dictionary-master\Kamosi-Personal-Dictionary-master\src\kamosi\SearchWordPanel.java,kamosi.SearchWordPanel,SearchWordPanel/1[int],searchField,6
D:\Project\Kamosi-Personal-Dictionary-master\Kamosi-Personal-Dictionary-master\src\kamosi\SearchWordPanel.java,kamosi.SearchWordPanel,SearchWordPanel/1[int],relatedPane,3
D:\Project\Kamosi-Personal-Dictionary-master\Kamosi-Personal-Dictionary-master\src\kamosi\SearchWordPanel.java,kamosi.SearchWordPanel,SearchWordPanel/1[int],examPane,3
D:\Project\Kamosi-Personal-Dictionary-master\Kamosi-Personal-Dictionary-master\src\kamosi\SearchWordPanel.java,kamosi.SearchWordPanel,SearchWordPanel/1[int],examArea,5
D:\Project\Kamosi-Personal-Dictionary-master\Kamosi-Personal-Dictionary-master\src\kamosi\SearchWordPanel.java,kamosi.SearchWordPanel,SearchWordPanel/1[int],userID,3
D:\Project\Kamosi-Personal-Dictionary-master\Kamosi-Personal-Dictionary-master\src\kamosi\SearchWordPanel.java,kamosi.SearchWordPanel,SearchWordPanel/1[int],wordLabel,4
D:\Project\Kamosi-Personal-Dictionary-master\Kamosi-Personal-Dictionary-master\src\kamosi\SearchWordPanel.java,kamosi.SearchWordPanel,SearchWordPanel/1[int],examLabel,4
D:\Project\Kamosi-Personal-Dictionary-master\Kamosi-Personal-Dictionary-master\src\kamosi\SearchWordPanel.java,kamosi.SearchWordPanel,SearchWordPanel/1[int],searchTargetLabel,4
D:\Project\Kamosi-Personal-Dictionary-master\Kamosi-Personal-Dictionary-master\src\kamosi\SearchWordPanel.java,kamosi.SearchWordPanel,SearchWordPanel/1[int],relatedArea,5
D:\Project\Kamosi-Personal-Dictionary-master\Kamosi-Personal-Dictionary-master\src\kamosi\SearchWordPanel.java,kamosi.SearchWordPanel,SearchWordPanel/1[int],editButton,4
D:\Project\Kamosi-Personal-Dictionary-master\Kamosi-Personal-Dictionary-master\src\kamosi\SearchWordPanel.java,kamosi.SearchWordPanel,SearchWordPanel/1[int],relatedLabel,4
D:\Project\Kamosi-Personal-Dictionary-master\Kamosi-Personal-Dictionary-master\src\kamosi\SearchWordPanel.java,kamosi.SearchWordPanel,SearchWordPanel/1[int],catNameLabel,4
D:\Project\Kamosi-Personal-Dictionary-master\Kamosi-Personal-Dictionary-master\src\kamosi\SearchWordPanel.java,kamosi.SearchWordPanel,SearchWordPanel/1[int],wordField,4
D:\Project\Kamosi-Personal-Dictionary-master\Kamosi-Personal-Dictionary-master\src\kamosi\SearchWordPanel.java,kamosi.SearchWordPanel,SearchWordPanel/1[int],typeLabel,4
D:\Project\Kamosi-Personal-Dictionary-master\Kamosi-Personal-Dictionary-master\src\kamosi\SearchWordPanel.java,kamosi.SearchWordPanel,SearchWordPanel/1[int],translationField,5
D:\Project\Kamosi-Personal-Dictionary-master\Kamosi-Personal-Dictionary-master\src\kamosi\SearchWordPanel.java,kamosi.SearchWordPanel,SearchWordPanel/1[int],typeCombo,7
D:\Project\Kamosi-Personal-Dictionary-master\Kamosi-Personal-Dictionary-master\src\kamosi\SearchWordPanel.java,kamosi.SearchWordPanel,SearchWordPanel/1[int],saveButton,4
D:\Project\Kamosi-Personal-Dictionary-master\Kamosi-Personal-Dictionary-master\src\kamosi\SearchWordPanel.java,kamosi.SearchWordPanel,keyTyped/1[java.awt.event.KeyEvent],searchButton,3
D:\Project\Kamosi-Personal-Dictionary-master\Kamosi-Personal-Dictionary-master\src\kamosi\SearchWordPanel.java,kamosi.SearchWordPanel,keyTyped/1[java.awt.event.KeyEvent],deleteButton,2
D:\Project\Kamosi-Personal-Dictionary-master\Kamosi-Personal-Dictionary-master\src\kamosi\SearchWordPanel.java,kamosi.SearchWordPanel,keyTyped/1[java.awt.event.KeyEvent],searchField,7
D:\Project\Kamosi-Personal-Dictionary-master\Kamosi-Personal-Dictionary-master\src\kamosi\SearchWordPanel.java,kamosi.SearchWordPanel,keyTyped/1[java.awt.event.KeyEvent],relatedArea,1
D:\Project\Kamosi-Personal-Dictionary-master\Kamosi-Personal-Dictionary-master\src\kamosi\SearchWordPanel.java,kamosi.SearchWordPanel,keyTyped/1[java.awt.event.KeyEvent],editButton,2
D:\Project\Kamosi-Personal-Dictionary-master\Kamosi-Personal-Dictionary-master\src\kamosi\SearchWordPanel.java,kamosi.SearchWordPanel,keyTyped/1[java.awt.event.KeyEvent],wordField,1
D:\Project\Kamosi-Personal-Dictionary-master\Kamosi-Personal-Dictionary-master\src\kamosi\SearchWordPanel.java,kamosi.SearchWordPanel,keyTyped/1[java.awt.event.KeyEvent],translationField,1
D:\Project\Kamosi-Personal-Dictionary-master\Kamosi-Personal-Dictionary-master\src\kamosi\SearchWordPanel.java,kamosi.SearchWordPanel,keyTyped/1[java.awt.event.KeyEvent],examArea,1
D:\Project\Kamosi-Personal-Dictionary-master\Kamosi-Personal-Dictionary-master\src\kamosi\SearchWordPanel.java,kamosi.SearchWordPanel,keyTyped/1[java.awt.event.KeyEvent],typeCombo,1
D:\Project\Kamosi-Personal-Dictionary-master\Kamosi-Personal-Dictionary-master\src\kamosi\SearchWordPanel.java,kamosi.SearchWordPanel,keyTyped/1[java.awt.event.KeyEvent],userID,1
D:\Project\Kamosi-Personal-Dictionary-master\Kamosi-Personal-Dictionary-master\src\kamosi\SearchWordPanel.java,kamosi.SearchWordPanel,setWordID/1[int],wordID,1
D:\Project\Kamosi-Personal-Dictionary-master\Kamosi-Personal-Dictionary-master\src\kamosi\SearchWordPanel.java,kamosi.SearchWordPanel,disableControls/0,deleteButton,1
D:\Project\Kamosi-Personal-Dictionary-master\Kamosi-Personal-Dictionary-master\src\kamosi\SearchWordPanel.java,kamosi.SearchWordPanel,disableControls/0,editButton,1
D:\Project\Kamosi-Personal-Dictionary-master\Kamosi-Personal-Dictionary-master\src\kamosi\SearchWordPanel.java,kamosi.SearchWordPanel,disableControls/0,relatedArea,1
D:\Project\Kamosi-Personal-Dictionary-master\Kamosi-Personal-Dictionary-master\src\kamosi\SearchWordPanel.java,kamosi.SearchWordPanel,disableControls/0,wordField,1
D:\Project\Kamosi-Personal-Dictionary-master\Kamosi-Personal-Dictionary-master\src\kamosi\SearchWordPanel.java,kamosi.SearchWordPanel,disableControls/0,translationField,1
D:\Project\Kamosi-Personal-Dictionary-master\Kamosi-Personal-Dictionary-master\src\kamosi\SearchWordPanel.java,kamosi.SearchWordPanel,disableControls/0,examArea,1
D:\Project\Kamosi-Personal-Dictionary-master\Kamosi-Personal-Dictionary-master\src\kamosi\SearchWordPanel.java,kamosi.SearchWordPanel,disableControls/0,typeCombo,1
D:\Project\Kamosi-Personal-Dictionary-master\Kamosi-Personal-Dictionary-master\src\kamosi\SearchWordPanel.java,kamosi.SearchWordPanel,disableControls/0,saveButton,1
D:\Project\Kamosi-Personal-Dictionary-master\Kamosi-Personal-Dictionary-master\src\kamosi\SearchWordPanel.java,kamosi.SearchWordPanel,disableControls/0,catNameCombo,1
D:\Project\Kamosi-Personal-Dictionary-master\Kamosi-Personal-Dictionary-master\src\kamosi\SearchWordPanel.java,kamosi.SearchWordPanel,UpdateCatCombo/0,userID,1
D:\Project\Kamosi-Personal-Dictionary-master\Kamosi-Personal-Dictionary-master\src\kamosi\SearchWordPanel.java,kamosi.SearchWordPanel,UpdateCatCombo/0,catNameCombo,8
D:\Project\Kamosi-Personal-Dictionary-master\Kamosi-Personal-Dictionary-master\src\kamosi\SearchWordPanel.java,kamosi.SearchWordPanel,"displayResult/6[java.lang.String,java.lang.String,java.lang.String,java.lang.String,java.lang.String,java.lang.String]",relatedArea,1
D:\Project\Kamosi-Personal-Dictionary-master\Kamosi-Personal-Dictionary-master\src\kamosi\SearchWordPanel.java,kamosi.SearchWordPanel,"displayResult/6[java.lang.String,java.lang.String,java.lang.String,java.lang.String,java.lang.String,java.lang.String]",wordField,1
D:\Project\Kamosi-Personal-Dictionary-master\Kamosi-Personal-Dictionary-master\src\kamosi\SearchWordPanel.java,kamosi.SearchWordPanel,"displayResult/6[java.lang.String,java.lang.String,java.lang.String,java.lang.String,java.lang.String,java.lang.String]",translationField,1
D:\Project\Kamosi-Personal-Dictionary-master\Kamosi-Personal-Dictionary-master\src\kamosi\SearchWordPanel.java,kamosi.SearchWordPanel,"displayResult/6[java.lang.String,java.lang.String,java.lang.String,java.lang.String,java.lang.String,java.lang.String]",examArea,1
D:\Project\Kamosi-Personal-Dictionary-master\Kamosi-Personal-Dictionary-master\src\kamosi\SearchWordPanel.java,kamosi.SearchWordPanel,"displayResult/6[java.lang.String,java.lang.String,java.lang.String,java.lang.String,java.lang.String,java.lang.String]",typeCombo,1
D:\Project\Kamosi-Personal-Dictionary-master\Kamosi-Personal-Dictionary-master\src\kamosi\SearchWordPanel.java,kamosi.SearchWordPanel,"displayResult/6[java.lang.String,java.lang.String,java.lang.String,java.lang.String,java.lang.String,java.lang.String]",catNameCombo,1
D:\Project\Kamosi-Personal-Dictionary-master\Kamosi-Personal-Dictionary-master\src\kamosi\AddWordPanel.java,kamosi.AddWordPanel,actionPerformed/1[java.awt.event.ActionEvent],clearButton,1
D:\Project\Kamosi-Personal-Dictionary-master\Kamosi-Personal-Dictionary-master\src\kamosi\AddWordPanel.java,kamosi.AddWordPanel,actionPerformed/1[java.awt.event.ActionEvent],relatedArea,1
D:\Project\Kamosi-Personal-Dictionary-master\Kamosi-Personal-Dictionary-master\src\kamosi\AddWordPanel.java,kamosi.AddWordPanel,actionPerformed/1[java.awt.event.ActionEvent],wordField,4
D:\Project\Kamosi-Personal-Dictionary-master\Kamosi-Personal-Dictionary-master\src\kamosi\AddWordPanel.java,kamosi.AddWordPanel,actionPerformed/1[java.awt.event.ActionEvent],addButton,1
D:\Project\Kamosi-Personal-Dictionary-master\Kamosi-Personal-Dictionary-master\src\kamosi\AddWordPanel.java,kamosi.AddWordPanel,actionPerformed/1[java.awt.event.ActionEvent],examArea,2
D:\Project\Kamosi-Personal-Dictionary-master\Kamosi-Personal-Dictionary-master\src\kamosi\AddWordPanel.java,kamosi.AddWordPanel,actionPerformed/1[java.awt.event.ActionEvent],translationField,2
D:\Project\Kamosi-Personal-Dictionary-master\Kamosi-Personal-Dictionary-master\src\kamosi\AddWordPanel.java,kamosi.AddWordPanel,actionPerformed/1[java.awt.event.ActionEvent],typeCombo,1
D:\Project\Kamosi-Personal-Dictionary-master\Kamosi-Personal-Dictionary-master\src\kamosi\AddWordPanel.java,kamosi.AddWordPanel,actionPerformed/1[java.awt.event.ActionEvent],userID,2
D:\Project\Kamosi-Personal-Dictionary-master\Kamosi-Personal-Dictionary-master\src\kamosi\AddWordPanel.java,kamosi.AddWordPanel,actionPerformed/1[java.awt.event.ActionEvent],catNameCombo,1
D:\Project\Kamosi-Personal-Dictionary-master\Kamosi-Personal-Dictionary-master\src\kamosi\AddWordPanel.java,kamosi.AddWordPanel,clearFields/0,relatedArea,1
D:\Project\Kamosi-Personal-Dictionary-master\Kamosi-Personal-Dictionary-master\src\kamosi\AddWordPanel.java,kamosi.AddWordPanel,clearFields/0,wordField,2
D:\Project\Kamosi-Personal-Dictionary-master\Kamosi-Personal-Dictionary-master\src\kamosi\AddWordPanel.java,kamosi.AddWordPanel,clearFields/0,examArea,1
D:\Project\Kamosi-Personal-Dictionary-master\Kamosi-Personal-Dictionary-master\src\kamosi\AddWordPanel.java,kamosi.AddWordPanel,clearFields/0,translationField,1
D:\Project\Kamosi-Personal-Dictionary-master\Kamosi-Personal-Dictionary-master\src\kamosi\AddWordPanel.java,kamosi.AddWordPanel,AddWordPanel/1[int],translationLabel,4
D:\Project\Kamosi-Personal-Dictionary-master\Kamosi-Personal-Dictionary-master\src\kamosi\AddWordPanel.java,kamosi.AddWordPanel,AddWordPanel/1[int],relatedPane,3
D:\Project\Kamosi-Personal-Dictionary-master\Kamosi-Personal-Dictionary-master\src\kamosi\AddWordPanel.java,kamosi.AddWordPanel,AddWordPanel/1[int],examPane,3
D:\Project\Kamosi-Personal-Dictionary-master\Kamosi-Personal-Dictionary-master\src\kamosi\AddWordPanel.java,kamosi.AddWordPanel,AddWordPanel/1[int],addButton,4
D:\Project\Kamosi-Personal-Dictionary-master\Kamosi-Personal-Dictionary-master\src\kamosi\AddWordPanel.java,kamosi.AddWordPanel,AddWordPanel/1[int],examArea,5
D:\Project\Kamosi-Personal-Dictionary-master\Kamosi-Personal-Dictionary-master\src\kamosi\AddWordPanel.java,kamosi.AddWordPanel,AddWordPanel/1[int],userID,3
D:\Project\Kamosi-Personal-Dictionary-master\Kamosi-Personal-Dictionary-master\src\kamosi\AddWordPanel.java,kamosi.AddWordPanel,AddWordPanel/1[int],wordLabel,4
D:\Project\Kamosi-Personal-Dictionary-master\Kamosi-Personal-Dictionary-master\src\kamosi\AddWordPanel.java,kamosi.AddWordPanel,AddWordPanel/1[int],examLabel,4
D:\Project\Kamosi-Personal-Dictionary-master\Kamosi-Personal-Dictionary-master\src\kamosi\AddWordPanel.java,kamosi.AddWordPanel,AddWordPanel/1[int],clearButton,4
D:\Project\Kamosi-Personal-Dictionary-master\Kamosi-Personal-Dictionary-master\src\kamosi\AddWordPanel.java,kamosi.AddWordPanel,AddWordPanel/1[int],relatedArea,5
D:\Project\Kamosi-Personal-Dictionary-master\Kamosi-Personal-Dictionary-master\src\kamosi\AddWordPanel.java,kamosi.AddWordPanel,AddWordPanel/1[int],relatedLabel,4
D:\Project\Kamosi-Personal-Dictionary-master\Kamosi-Personal-Dictionary-master\src\kamosi\AddWordPanel.java,kamosi.AddWordPanel,AddWordPanel/1[int],catNameLabel,4
D:\Project\Kamosi-Personal-Dictionary-master\Kamosi-Personal-Dictionary-master\src\kamosi\AddWordPanel.java,kamosi.AddWordPanel,AddWordPanel/1[int],wordField,5
D:\Project\Kamosi-Personal-Dictionary-master\Kamosi-Personal-Dictionary-master\src\kamosi\AddWordPanel.java,kamosi.AddWordPanel,AddWordPanel/1[int],typeLabel,4
D:\Project\Kamosi-Personal-Dictionary-master\Kamosi-Personal-Dictionary-master\src\kamosi\AddWordPanel.java,kamosi.AddWordPanel,AddWordPanel/1[int],translationField,5
D:\Project\Kamosi-Personal-Dictionary-master\Kamosi-Personal-Dictionary-master\src\kamosi\AddWordPanel.java,kamosi.AddWordPanel,AddWordPanel/1[int],typeCombo,7
D:\Project\Kamosi-Personal-Dictionary-master\Kamosi-Personal-Dictionary-master\src\kamosi\AddWordPanel.java,kamosi.AddWordPanel,UpdateCatCombo/0,userID,1
D:\Project\Kamosi-Personal-Dictionary-master\Kamosi-Personal-Dictionary-master\src\kamosi\AddWordPanel.java,kamosi.AddWordPanel,UpdateCatCombo/0,catNameCombo,7
D:\Project\Kamosi-Personal-Dictionary-master\Kamosi-Personal-Dictionary-master\src\kamosi\DictionaryFrame.java,kamosi.DictionaryFrame,actionPerformed/1[java.awt.event.ActionEvent],translationArea,2
D:\Project\Kamosi-Personal-Dictionary-master\Kamosi-Personal-Dictionary-master\src\kamosi\DictionaryFrame.java,kamosi.DictionaryFrame,actionPerformed/1[java.awt.event.ActionEvent],translateButton,1
D:\Project\Kamosi-Personal-Dictionary-master\Kamosi-Personal-Dictionary-master\src\kamosi\DictionaryFrame.java,kamosi.DictionaryFrame,actionPerformed/1[java.awt.event.ActionEvent],wordField,2
D:\Project\Kamosi-Personal-Dictionary-master\Kamosi-Personal-Dictionary-master\src\kamosi\DictionaryFrame.java,kamosi.DictionaryFrame,DictionaryFrame/0,translationArea,7
D:\Project\Kamosi-Personal-Dictionary-master\Kamosi-Personal-Dictionary-master\src\kamosi\DictionaryFrame.java,kamosi.DictionaryFrame,DictionaryFrame/0,translateButton,4
D:\Project\Kamosi-Personal-Dictionary-master\Kamosi-Personal-Dictionary-master\src\kamosi\DictionaryFrame.java,kamosi.DictionaryFrame,DictionaryFrame/0,sourceLabel,3
D:\Project\Kamosi-Personal-Dictionary-master\Kamosi-Personal-Dictionary-master\src\kamosi\DictionaryFrame.java,kamosi.DictionaryFrame,DictionaryFrame/0,width,1
D:\Project\Kamosi-Personal-Dictionary-master\Kamosi-Personal-Dictionary-master\src\kamosi\DictionaryFrame.java,kamosi.DictionaryFrame,DictionaryFrame/0,wordField,5
D:\Project\Kamosi-Personal-Dictionary-master\Kamosi-Personal-Dictionary-master\src\kamosi\DictionaryFrame.java,kamosi.DictionaryFrame,DictionaryFrame/0,examPane,3
D:\Project\Kamosi-Personal-Dictionary-master\Kamosi-Personal-Dictionary-master\src\kamosi\DictionaryFrame.java,kamosi.DictionaryFrame,DictionaryFrame/0,height,1
D:\Project\Kamosi-Personal-Dictionary-master\Kamosi-Personal-Dictionary-master\src\kamosi\DictionaryFrame.java,kamosi.DictionaryFrame,keyTyped/1[java.awt.event.KeyEvent],translationArea,2
D:\Project\Kamosi-Personal-Dictionary-master\Kamosi-Personal-Dictionary-master\src\kamosi\DictionaryFrame.java,kamosi.DictionaryFrame,keyTyped/1[java.awt.event.KeyEvent],wordField,2
D:\Project\Kamosi-Personal-Dictionary-master\Kamosi-Personal-Dictionary-master\src\kamosi\NewUser.java,kamosi.NewUser,actionPerformed/1[java.awt.event.ActionEvent],txtPass,3
D:\Project\Kamosi-Personal-Dictionary-master\Kamosi-Personal-Dictionary-master\src\kamosi\NewUser.java,kamosi.NewUser,actionPerformed/1[java.awt.event.ActionEvent],btnCancel,1
D:\Project\Kamosi-Personal-Dictionary-master\Kamosi-Personal-Dictionary-master\src\kamosi\NewUser.java,kamosi.NewUser,actionPerformed/1[java.awt.event.ActionEvent],btnOk,1
D:\Project\Kamosi-Personal-Dictionary-master\Kamosi-Personal-Dictionary-master\src\kamosi\NewUser.java,kamosi.NewUser,actionPerformed/1[java.awt.event.ActionEvent],txtUser,6
D:\Project\Kamosi-Personal-Dictionary-master\Kamosi-Personal-Dictionary-master\src\kamosi\NewUser.java,kamosi.NewUser,NewUser/0,lbPass,4
D:\Project\Kamosi-Personal-Dictionary-master\Kamosi-Personal-Dictionary-master\src\kamosi\NewUser.java,kamosi.NewUser,NewUser/0,txtPass,3
D:\Project\Kamosi-Personal-Dictionary-master\Kamosi-Personal-Dictionary-master\src\kamosi\NewUser.java,kamosi.NewUser,NewUser/0,btnCancel,4
D:\Project\Kamosi-Personal-Dictionary-master\Kamosi-Personal-Dictionary-master\src\kamosi\NewUser.java,kamosi.NewUser,NewUser/0,btnOk,4
D:\Project\Kamosi-Personal-Dictionary-master\Kamosi-Personal-Dictionary-master\src\kamosi\NewUser.java,kamosi.NewUser,NewUser/0,pNew,9
D:\Project\Kamosi-Personal-Dictionary-master\Kamosi-Personal-Dictionary-master\src\kamosi\NewUser.java,kamosi.NewUser,NewUser/0,width,1
D:\Project\Kamosi-Personal-Dictionary-master\Kamosi-Personal-Dictionary-master\src\kamosi\NewUser.java,kamosi.NewUser,NewUser/0,txtUser,3
D:\Project\Kamosi-Personal-Dictionary-master\Kamosi-Personal-Dictionary-master\src\kamosi\NewUser.java,kamosi.NewUser,NewUser/0,lbUser,4
D:\Project\Kamosi-Personal-Dictionary-master\Kamosi-Personal-Dictionary-master\src\kamosi\NewUser.java,kamosi.NewUser,NewUser/0,height,1
D:\Project\Kamosi-Personal-Dictionary-master\Kamosi-Personal-Dictionary-master\src\kamosi\KamosiHelp.java,kamosi.KamosiHelp,"KamosiHelp/2[java.lang.String,java.lang.String]",width,1
D:\Project\Kamosi-Personal-Dictionary-master\Kamosi-Personal-Dictionary-master\src\kamosi\KamosiHelp.java,kamosi.KamosiHelp,"KamosiHelp/2[java.lang.String,java.lang.String]",height,1
D:\Project\Kamosi-Personal-Dictionary-master\Kamosi-Personal-Dictionary-master\src\kamosi\EditWordFrame.java,kamosi.EditWordFrame,enableControls/0,relatedArea,1
D:\Project\Kamosi-Personal-Dictionary-master\Kamosi-Personal-Dictionary-master\src\kamosi\EditWordFrame.java,kamosi.EditWordFrame,enableControls/0,wordField,1
D:\Project\Kamosi-Personal-Dictionary-master\Kamosi-Personal-Dictionary-master\src\kamosi\EditWordFrame.java,kamosi.EditWordFrame,enableControls/0,translationField,1
D:\Project\Kamosi-Personal-Dictionary-master\Kamosi-Personal-Dictionary-master\src\kamosi\EditWordFrame.java,kamosi.EditWordFrame,enableControls/0,examArea,1
D:\Project\Kamosi-Personal-Dictionary-master\Kamosi-Personal-Dictionary-master\src\kamosi\EditWordFrame.java,kamosi.EditWordFrame,enableControls/0,typeCombo,1
D:\Project\Kamosi-Personal-Dictionary-master\Kamosi-Personal-Dictionary-master\src\kamosi\EditWordFrame.java,kamosi.EditWordFrame,enableControls/0,saveButton,1
D:\Project\Kamosi-Personal-Dictionary-master\Kamosi-Personal-Dictionary-master\src\kamosi\EditWordFrame.java,kamosi.EditWordFrame,enableControls/0,catNameCombo,1
D:\Project\Kamosi-Personal-Dictionary-master\Kamosi-Personal-Dictionary-master\src\kamosi\EditWordFrame.java,kamosi.EditWordFrame,"EditWordFrame/2[int,int]",translationLabel,4
D:\Project\Kamosi-Personal-Dictionary-master\Kamosi-Personal-Dictionary-master\src\kamosi\EditWordFrame.java,kamosi.EditWordFrame,"EditWordFrame/2[int,int]",deleteButton,4
D:\Project\Kamosi-Personal-Dictionary-master\Kamosi-Personal-Dictionary-master\src\kamosi\EditWordFrame.java,kamosi.EditWordFrame,"EditWordFrame/2[int,int]",relatedPane,3
D:\Project\Kamosi-Personal-Dictionary-master\Kamosi-Personal-Dictionary-master\src\kamosi\EditWordFrame.java,kamosi.EditWordFrame,"EditWordFrame/2[int,int]",wordID,3
D:\Project\Kamosi-Personal-Dictionary-master\Kamosi-Personal-Dictionary-master\src\kamosi\EditWordFrame.java,kamosi.EditWordFrame,"EditWordFrame/2[int,int]",examPane,3
D:\Project\Kamosi-Personal-Dictionary-master\Kamosi-Personal-Dictionary-master\src\kamosi\EditWordFrame.java,kamosi.EditWordFrame,"EditWordFrame/2[int,int]",examArea,5
D:\Project\Kamosi-Personal-Dictionary-master\Kamosi-Personal-Dictionary-master\src\kamosi\EditWordFrame.java,kamosi.EditWordFrame,"EditWordFrame/2[int,int]",userID,3
D:\Project\Kamosi-Personal-Dictionary-master\Kamosi-Personal-Dictionary-master\src\kamosi\EditWordFrame.java,kamosi.EditWordFrame,"EditWordFrame/2[int,int]",wordLabel,4
D:\Project\Kamosi-Personal-Dictionary-master\Kamosi-Personal-Dictionary-master\src\kamosi\EditWordFrame.java,kamosi.EditWordFrame,"EditWordFrame/2[int,int]",examLabel,4
D:\Project\Kamosi-Personal-Dictionary-master\Kamosi-Personal-Dictionary-master\src\kamosi\EditWordFrame.java,kamosi.EditWordFrame,"EditWordFrame/2[int,int]",relatedArea,5
D:\Project\Kamosi-Personal-Dictionary-master\Kamosi-Personal-Dictionary-master\src\kamosi\EditWordFrame.java,kamosi.EditWordFrame,"EditWordFrame/2[int,int]",editButton,4
D:\Project\Kamosi-Personal-Dictionary-master\Kamosi-Personal-Dictionary-master\src\kamosi\EditWordFrame.java,kamosi.EditWordFrame,"EditWordFrame/2[int,int]",relatedLabel,4
D:\Project\Kamosi-Personal-Dictionary-master\Kamosi-Personal-Dictionary-master\src\kamosi\EditWordFrame.java,kamosi.EditWordFrame,"EditWordFrame/2[int,int]",width,1
D:\Project\Kamosi-Personal-Dictionary-master\Kamosi-Personal-Dictionary-master\src\kamosi\EditWordFrame.java,kamosi.EditWordFrame,"EditWordFrame/2[int,int]",catNameLabel,4
D:\Project\Kamosi-Personal-Dictionary-master\Kamosi-Personal-Dictionary-master\src\kamosi\EditWordFrame.java,kamosi.EditWordFrame,"EditWordFrame/2[int,int]",wordField,4
D:\Project\Kamosi-Personal-Dictionary-master\Kamosi-Personal-Dictionary-master\src\kamosi\EditWordFrame.java,kamosi.EditWordFrame,"EditWordFrame/2[int,int]",typeLabel,4
D:\Project\Kamosi-Personal-Dictionary-master\Kamosi-Personal-Dictionary-master\src\kamosi\EditWordFrame.java,kamosi.EditWordFrame,"EditWordFrame/2[int,int]",translationField,5
D:\Project\Kamosi-Personal-Dictionary-master\Kamosi-Personal-Dictionary-master\src\kamosi\EditWordFrame.java,kamosi.EditWordFrame,"EditWordFrame/2[int,int]",typeCombo,7
D:\Project\Kamosi-Personal-Dictionary-master\Kamosi-Personal-Dictionary-master\src\kamosi\EditWordFrame.java,kamosi.EditWordFrame,"EditWordFrame/2[int,int]",saveButton,4
D:\Project\Kamosi-Personal-Dictionary-master\Kamosi-Personal-Dictionary-master\src\kamosi\EditWordFrame.java,kamosi.EditWordFrame,"EditWordFrame/2[int,int]",height,1
D:\Project\Kamosi-Personal-Dictionary-master\Kamosi-Personal-Dictionary-master\src\kamosi\EditWordFrame.java,kamosi.EditWordFrame,"displayResult/6[java.lang.String,java.lang.String,java.lang.String,java.lang.String,java.lang.String,java.lang.String]",relatedArea,1
D:\Project\Kamosi-Personal-Dictionary-master\Kamosi-Personal-Dictionary-master\src\kamosi\EditWordFrame.java,kamosi.EditWordFrame,"displayResult/6[java.lang.String,java.lang.String,java.lang.String,java.lang.String,java.lang.String,java.lang.String]",wordField,1
D:\Project\Kamosi-Personal-Dictionary-master\Kamosi-Personal-Dictionary-master\src\kamosi\EditWordFrame.java,kamosi.EditWordFrame,"displayResult/6[java.lang.String,java.lang.String,java.lang.String,java.lang.String,java.lang.String,java.lang.String]",translationField,1
D:\Project\Kamosi-Personal-Dictionary-master\Kamosi-Personal-Dictionary-master\src\kamosi\EditWordFrame.java,kamosi.EditWordFrame,"displayResult/6[java.lang.String,java.lang.String,java.lang.String,java.lang.String,java.lang.String,java.lang.String]",examArea,1
D:\Project\Kamosi-Personal-Dictionary-master\Kamosi-Personal-Dictionary-master\src\kamosi\EditWordFrame.java,kamosi.EditWordFrame,"displayResult/6[java.lang.String,java.lang.String,java.lang.String,java.lang.String,java.lang.String,java.lang.String]",typeCombo,1
D:\Project\Kamosi-Personal-Dictionary-master\Kamosi-Personal-Dictionary-master\src\kamosi\EditWordFrame.java,kamosi.EditWordFrame,"displayResult/6[java.lang.String,java.lang.String,java.lang.String,java.lang.String,java.lang.String,java.lang.String]",catNameCombo,1
D:\Project\Kamosi-Personal-Dictionary-master\Kamosi-Personal-Dictionary-master\src\kamosi\EditWordFrame.java,kamosi.EditWordFrame,DisplayWordDetails/0,deleteButton,1
D:\Project\Kamosi-Personal-Dictionary-master\Kamosi-Personal-Dictionary-master\src\kamosi\EditWordFrame.java,kamosi.EditWordFrame,DisplayWordDetails/0,editButton,1
D:\Project\Kamosi-Personal-Dictionary-master\Kamosi-Personal-Dictionary-master\src\kamosi\EditWordFrame.java,kamosi.EditWordFrame,DisplayWordDetails/0,wordID,1
D:\Project\Kamosi-Personal-Dictionary-master\Kamosi-Personal-Dictionary-master\src\kamosi\EditWordFrame.java,kamosi.EditWordFrame,disableControls/0,relatedArea,1
D:\Project\Kamosi-Personal-Dictionary-master\Kamosi-Personal-Dictionary-master\src\kamosi\EditWordFrame.java,kamosi.EditWordFrame,disableControls/0,wordField,1
D:\Project\Kamosi-Personal-Dictionary-master\Kamosi-Personal-Dictionary-master\src\kamosi\EditWordFrame.java,kamosi.EditWordFrame,disableControls/0,translationField,1
D:\Project\Kamosi-Personal-Dictionary-master\Kamosi-Personal-Dictionary-master\src\kamosi\EditWordFrame.java,kamosi.EditWordFrame,disableControls/0,examArea,1
D:\Project\Kamosi-Personal-Dictionary-master\Kamosi-Personal-Dictionary-master\src\kamosi\EditWordFrame.java,kamosi.EditWordFrame,disableControls/0,typeCombo,1
D:\Project\Kamosi-Personal-Dictionary-master\Kamosi-Personal-Dictionary-master\src\kamosi\EditWordFrame.java,kamosi.EditWordFrame,disableControls/0,saveButton,1
D:\Project\Kamosi-Personal-Dictionary-master\Kamosi-Personal-Dictionary-master\src\kamosi\EditWordFrame.java,kamosi.EditWordFrame,disableControls/0,catNameCombo,1
D:\Project\Kamosi-Personal-Dictionary-master\Kamosi-Personal-Dictionary-master\src\kamosi\EditWordFrame.java,kamosi.EditWordFrame,actionPerformed/1[java.awt.event.ActionEvent],deleteButton,4
D:\Project\Kamosi-Personal-Dictionary-master\Kamosi-Personal-Dictionary-master\src\kamosi\EditWordFrame.java,kamosi.EditWordFrame,actionPerformed/1[java.awt.event.ActionEvent],editButton,4
D:\Project\Kamosi-Personal-Dictionary-master\Kamosi-Personal-Dictionary-master\src\kamosi\EditWordFrame.java,kamosi.EditWordFrame,actionPerformed/1[java.awt.event.ActionEvent],relatedArea,1
D:\Project\Kamosi-Personal-Dictionary-master\Kamosi-Personal-Dictionary-master\src\kamosi\EditWordFrame.java,kamosi.EditWordFrame,actionPerformed/1[java.awt.event.ActionEvent],wordID,2
D:\Project\Kamosi-Personal-Dictionary-master\Kamosi-Personal-Dictionary-master\src\kamosi\EditWordFrame.java,kamosi.EditWordFrame,actionPerformed/1[java.awt.event.ActionEvent],wordField,1
D:\Project\Kamosi-Personal-Dictionary-master\Kamosi-Personal-Dictionary-master\src\kamosi\EditWordFrame.java,kamosi.EditWordFrame,actionPerformed/1[java.awt.event.ActionEvent],translationField,1
D:\Project\Kamosi-Personal-Dictionary-master\Kamosi-Personal-Dictionary-master\src\kamosi\EditWordFrame.java,kamosi.EditWordFrame,actionPerformed/1[java.awt.event.ActionEvent],examArea,1
D:\Project\Kamosi-Personal-Dictionary-master\Kamosi-Personal-Dictionary-master\src\kamosi\EditWordFrame.java,kamosi.EditWordFrame,actionPerformed/1[java.awt.event.ActionEvent],saveButton,3
D:\Project\Kamosi-Personal-Dictionary-master\Kamosi-Personal-Dictionary-master\src\kamosi\EditWordFrame.java,kamosi.EditWordFrame,actionPerformed/1[java.awt.event.ActionEvent],typeCombo,1
D:\Project\Kamosi-Personal-Dictionary-master\Kamosi-Personal-Dictionary-master\src\kamosi\EditWordFrame.java,kamosi.EditWordFrame,actionPerformed/1[java.awt.event.ActionEvent],catNameCombo,1
D:\Project\Kamosi-Personal-Dictionary-master\Kamosi-Personal-Dictionary-master\src\kamosi\EditWordFrame.java,kamosi.EditWordFrame,UpdateCatCombo/0,userID,1
D:\Project\Kamosi-Personal-Dictionary-master\Kamosi-Personal-Dictionary-master\src\kamosi\EditWordFrame.java,kamosi.EditWordFrame,UpdateCatCombo/0,catNameCombo,7
D:\Project\Kamosi-Personal-Dictionary-master\Kamosi-Personal-Dictionary-master\src\kamosi\KamosiIndexPanel.java,kamosi.KamosiIndexPanel$PageLoader,run/0,cursor,1
D:\Project\Kamosi-Personal-Dictionary-master\Kamosi-Personal-Dictionary-master\src\kamosi\KamosiIndexPanel.java,kamosi.KamosiIndexPanel$PageLoader,run/0,url,3
D:\Project\Kamosi-Personal-Dictionary-master\Kamosi-Personal-Dictionary-master\src\kamosi\KamosiIndexPanel.java,kamosi.KamosiIndexPanel$PageLoader,"PageLoader/2[java.net.URL,java.awt.Cursor]",cursor,1
D:\Project\Kamosi-Personal-Dictionary-master\Kamosi-Personal-Dictionary-master\src\kamosi\KamosiIndexPanel.java,kamosi.KamosiIndexPanel$PageLoader,"PageLoader/2[java.net.URL,java.awt.Cursor]",url,1
D:\Project\Kamosi-Personal-Dictionary-master\Kamosi-Personal-Dictionary-master\src\kamosi\SearchByDatePanel.java,kamosi.SearchByDatePanel,UpdateTableView/0,resultTable,5
D:\Project\Kamosi-Personal-Dictionary-master\Kamosi-Personal-Dictionary-master\src\kamosi\SearchByDatePanel.java,kamosi.SearchByDatePanel,UpdateTableView/0,scrolPane,2
D:\Project\Kamosi-Personal-Dictionary-master\Kamosi-Personal-Dictionary-master\src\kamosi\SearchByDatePanel.java,kamosi.SearchByDatePanel,UpdateTableView/0,showDetailsButton,2
D:\Project\Kamosi-Personal-Dictionary-master\Kamosi-Personal-Dictionary-master\src\kamosi\SearchByDatePanel.java,kamosi.SearchByDatePanel,actionPerformed/1[java.awt.event.ActionEvent],searchButton,1
D:\Project\Kamosi-Personal-Dictionary-master\Kamosi-Personal-Dictionary-master\src\kamosi\SearchByDatePanel.java,kamosi.SearchByDatePanel,actionPerformed/1[java.awt.event.ActionEvent],resultTable,5
D:\Project\Kamosi-Personal-Dictionary-master\Kamosi-Personal-Dictionary-master\src\kamosi\SearchByDatePanel.java,kamosi.SearchByDatePanel,actionPerformed/1[java.awt.event.ActionEvent],userID,2
D:\Project\Kamosi-Personal-Dictionary-master\Kamosi-Personal-Dictionary-master\src\kamosi\SearchByDatePanel.java,kamosi.SearchByDatePanel,actionPerformed/1[java.awt.event.ActionEvent],showDetailsButton,1
D:\Project\Kamosi-Personal-Dictionary-master\Kamosi-Personal-Dictionary-master\src\kamosi\SearchByDatePanel.java,kamosi.SearchByDatePanel,createTable/0,rec,11
D:\Project\Kamosi-Personal-Dictionary-master\Kamosi-Personal-Dictionary-master\src\kamosi\SearchByDatePanel.java,kamosi.SearchByDatePanel,createTable/0,dayCombo,1
D:\Project\Kamosi-Personal-Dictionary-master\Kamosi-Personal-Dictionary-master\src\kamosi\SearchByDatePanel.java,kamosi.SearchByDatePanel,createTable/0,yearCombo,1
D:\Project\Kamosi-Personal-Dictionary-master\Kamosi-Personal-Dictionary-master\src\kamosi\SearchByDatePanel.java,kamosi.SearchByDatePanel,createTable/0,rowRec,9
D:\Project\Kamosi-Personal-Dictionary-master\Kamosi-Personal-Dictionary-master\src\kamosi\SearchByDatePanel.java,kamosi.SearchByDatePanel,createTable/0,userID,1
D:\Project\Kamosi-Personal-Dictionary-master\Kamosi-Personal-Dictionary-master\src\kamosi\SearchByDatePanel.java,kamosi.SearchByDatePanel,createTable/0,monthCombo,1
D:\Project\Kamosi-Personal-Dictionary-master\Kamosi-Personal-Dictionary-master\src\kamosi\SearchByDatePanel.java,kamosi.SearchByDatePanel,SearchByDatePanel/1[int],dayLabel,4
D:\Project\Kamosi-Personal-Dictionary-master\Kamosi-Personal-Dictionary-master\src\kamosi\SearchByDatePanel.java,kamosi.SearchByDatePanel,SearchByDatePanel/1[int],dayCombo,5
D:\Project\Kamosi-Personal-Dictionary-master\Kamosi-Personal-Dictionary-master\src\kamosi\SearchByDatePanel.java,kamosi.SearchByDatePanel,SearchByDatePanel/1[int],searchButton,4
D:\Project\Kamosi-Personal-Dictionary-master\Kamosi-Personal-Dictionary-master\src\kamosi\SearchByDatePanel.java,kamosi.SearchByDatePanel,SearchByDatePanel/1[int],yearLabel,4
D:\Project\Kamosi-Personal-Dictionary-master\Kamosi-Personal-Dictionary-master\src\kamosi\SearchByDatePanel.java,kamosi.SearchByDatePanel,SearchByDatePanel/1[int],resultTable,2
D:\Project\Kamosi-Personal-Dictionary-master\Kamosi-Personal-Dictionary-master\src\kamosi\SearchByDatePanel.java,kamosi.SearchByDatePanel,SearchByDatePanel/1[int],yearCombo,4
D:\Project\Kamosi-Personal-Dictionary-master\Kamosi-Personal-Dictionary-master\src\kamosi\SearchByDatePanel.java,kamosi.SearchByDatePanel,SearchByDatePanel/1[int],searchLabel,3
D:\Project\Kamosi-Personal-Dictionary-master\Kamosi-Personal-Dictionary-master\src\kamosi\SearchByDatePanel.java,kamosi.SearchByDatePanel,SearchByDatePanel/1[int],userID,3
D:\Project\Kamosi-Personal-Dictionary-master\Kamosi-Personal-Dictionary-master\src\kamosi\SearchByDatePanel.java,kamosi.SearchByDatePanel,SearchByDatePanel/1[int],monthLabel,4
D:\Project\Kamosi-Personal-Dictionary-master\Kamosi-Personal-Dictionary-master\src\kamosi\SearchByDatePanel.java,kamosi.SearchByDatePanel,SearchByDatePanel/1[int],scrolPane,3
D:\Project\Kamosi-Personal-Dictionary-master\Kamosi-Personal-Dictionary-master\src\kamosi\SearchByDatePanel.java,kamosi.SearchByDatePanel,SearchByDatePanel/1[int],showDetailsButton,4
D:\Project\Kamosi-Personal-Dictionary-master\Kamosi-Personal-Dictionary-master\src\kamosi\SearchByDatePanel.java,kamosi.SearchByDatePanel,SearchByDatePanel/1[int],monthCombo,5
D:\Project\Kamosi-Personal-Dictionary-master\Kamosi-Personal-Dictionary-master\src\kamosi\InformationPage.java,kamosi.InformationPage,InformationPage/1[int],width,1
D:\Project\Kamosi-Personal-Dictionary-master\Kamosi-Personal-Dictionary-master\src\kamosi\InformationPage.java,kamosi.InformationPage,InformationPage/1[int],infoPanel,2
D:\Project\Kamosi-Personal-Dictionary-master\Kamosi-Personal-Dictionary-master\src\kamosi\InformationPage.java,kamosi.InformationPage,InformationPage/1[int],userID,4
D:\Project\Kamosi-Personal-Dictionary-master\Kamosi-Personal-Dictionary-master\src\kamosi\InformationPage.java,kamosi.InformationPage,InformationPage/1[int],height,1
D:\Project\Kamosi-Personal-Dictionary-master\Kamosi-Personal-Dictionary-master\src\kamosi\ViewAllWordsPanel.java,kamosi.ViewAllWordsPanel,actionPerformed/1[java.awt.event.ActionEvent],resultTable,4
D:\Project\Kamosi-Personal-Dictionary-master\Kamosi-Personal-Dictionary-master\src\kamosi\ViewAllWordsPanel.java,kamosi.ViewAllWordsPanel,actionPerformed/1[java.awt.event.ActionEvent],userID,2
D:\Project\Kamosi-Personal-Dictionary-master\Kamosi-Personal-Dictionary-master\src\kamosi\ViewAllWordsPanel.java,kamosi.ViewAllWordsPanel,actionPerformed/1[java.awt.event.ActionEvent],showDetailsButton,1
D:\Project\Kamosi-Personal-Dictionary-master\Kamosi-Personal-Dictionary-master\src\kamosi\ViewAllWordsPanel.java,kamosi.ViewAllWordsPanel,UpdateTableView/0,resultTable,5
D:\Project\Kamosi-Personal-Dictionary-master\Kamosi-Personal-Dictionary-master\src\kamosi\ViewAllWordsPanel.java,kamosi.ViewAllWordsPanel,UpdateTableView/0,scrolPane,2
D:\Project\Kamosi-Personal-Dictionary-master\Kamosi-Personal-Dictionary-master\src\kamosi\ViewAllWordsPanel.java,kamosi.ViewAllWordsPanel,UpdateTableView/0,showDetailsButton,2
D:\Project\Kamosi-Personal-Dictionary-master\Kamosi-Personal-Dictionary-master\src\kamosi\ViewAllWordsPanel.java,kamosi.ViewAllWordsPanel,itemStateChanged/1[java.awt.event.ItemEvent],wordTypesCombo,1
D:\Project\Kamosi-Personal-Dictionary-master\Kamosi-Personal-Dictionary-master\src\kamosi\ViewAllWordsPanel.java,kamosi.ViewAllWordsPanel,itemStateChanged/1[java.awt.event.ItemEvent],catNameCombo,1
D:\Project\Kamosi-Personal-Dictionary-master\Kamosi-Personal-Dictionary-master\src\kamosi\ViewAllWordsPanel.java,kamosi.ViewAllWordsPanel,createTable/0,rec,11
D:\Project\Kamosi-Personal-Dictionary-master\Kamosi-Personal-Dictionary-master\src\kamosi\ViewAllWordsPanel.java,kamosi.ViewAllWordsPanel,createTable/0,wordTypesCombo,6
D:\Project\Kamosi-Personal-Dictionary-master\Kamosi-Personal-Dictionary-master\src\kamosi\ViewAllWordsPanel.java,kamosi.ViewAllWordsPanel,createTable/0,rowRec,9
D:\Project\Kamosi-Personal-Dictionary-master\Kamosi-Personal-Dictionary-master\src\kamosi\ViewAllWordsPanel.java,kamosi.ViewAllWordsPanel,createTable/0,userID,4
D:\Project\Kamosi-Personal-Dictionary-master\Kamosi-Personal-Dictionary-master\src\kamosi\ViewAllWordsPanel.java,kamosi.ViewAllWordsPanel,createTable/0,catNameCombo,4
D:\Project\Kamosi-Personal-Dictionary-master\Kamosi-Personal-Dictionary-master\src\kamosi\ViewAllWordsPanel.java,kamosi.ViewAllWordsPanel,ViewAllWordsPanel/1[int],catLabel,3
D:\Project\Kamosi-Personal-Dictionary-master\Kamosi-Personal-Dictionary-master\src\kamosi\ViewAllWordsPanel.java,kamosi.ViewAllWordsPanel,ViewAllWordsPanel/1[int],viewLabel,3
D:\Project\Kamosi-Personal-Dictionary-master\Kamosi-Personal-Dictionary-master\src\kamosi\ViewAllWordsPanel.java,kamosi.ViewAllWordsPanel,ViewAllWordsPanel/1[int],resultTable,2
D:\Project\Kamosi-Personal-Dictionary-master\Kamosi-Personal-Dictionary-master\src\kamosi\ViewAllWordsPanel.java,kamosi.ViewAllWordsPanel,ViewAllWordsPanel/1[int],wordTypesCombo,10
D:\Project\Kamosi-Personal-Dictionary-master\Kamosi-Personal-Dictionary-master\src\kamosi\ViewAllWordsPanel.java,kamosi.ViewAllWordsPanel,ViewAllWordsPanel/1[int],userID,3
D:\Project\Kamosi-Personal-Dictionary-master\Kamosi-Personal-Dictionary-master\src\kamosi\ViewAllWordsPanel.java,kamosi.ViewAllWordsPanel,ViewAllWordsPanel/1[int],scrolPane,3
D:\Project\Kamosi-Personal-Dictionary-master\Kamosi-Personal-Dictionary-master\src\kamosi\ViewAllWordsPanel.java,kamosi.ViewAllWordsPanel,ViewAllWordsPanel/1[int],showDetailsButton,4
D:\Project\Kamosi-Personal-Dictionary-master\Kamosi-Personal-Dictionary-master\src\kamosi\ViewAllWordsPanel.java,kamosi.ViewAllWordsPanel,UpdateCatCombo/0,userID,1
D:\Project\Kamosi-Personal-Dictionary-master\Kamosi-Personal-Dictionary-master\src\kamosi\ViewAllWordsPanel.java,kamosi.ViewAllWordsPanel,UpdateCatCombo/0,catNameCombo,10
D:\Project\Kamosi-Personal-Dictionary-master\Kamosi-Personal-Dictionary-master\src\kamosi\KamosiUI.java,kamosi.KamosiUI,itemStateChanged/1[java.awt.event.ItemEvent],radio,1
D:\Project\Kamosi-Personal-Dictionary-master\Kamosi-Personal-Dictionary-master\src\kamosi\KamosiUI.java,kamosi.KamosiUI,"KamosiUI/2[java.lang.String,int]",deleteCatItem,5
D:\Project\Kamosi-Personal-Dictionary-master\Kamosi-Personal-Dictionary-master\src\kamosi\KamosiUI.java,kamosi.KamosiUI,"KamosiUI/2[java.lang.String,int]",viewUsersItem,5
D:\Project\Kamosi-Personal-Dictionary-master\Kamosi-Personal-Dictionary-master\src\kamosi\KamosiUI.java,kamosi.KamosiUI,"KamosiUI/2[java.lang.String,int]",searchPanel,3
D:\Project\Kamosi-Personal-Dictionary-master\Kamosi-Personal-Dictionary-master\src\kamosi\KamosiUI.java,kamosi.KamosiUI,"KamosiUI/2[java.lang.String,int]",deleteWordItem,5
D:\Project\Kamosi-Personal-Dictionary-master\Kamosi-Personal-Dictionary-master\src\kamosi\KamosiUI.java,kamosi.KamosiUI,"KamosiUI/2[java.lang.String,int]",myMenuBar,8
D:\Project\Kamosi-Personal-Dictionary-master\Kamosi-Personal-Dictionary-master\src\kamosi\KamosiUI.java,kamosi.KamosiUI,"KamosiUI/2[java.lang.String,int]",allWorsPanel,3
D:\Project\Kamosi-Personal-Dictionary-master\Kamosi-Personal-Dictionary-master\src\kamosi\KamosiUI.java,kamosi.KamosiUI,"KamosiUI/2[java.lang.String,int]",createUserItem,4
D:\Project\Kamosi-Personal-Dictionary-master\Kamosi-Personal-Dictionary-master\src\kamosi\KamosiUI.java,kamosi.KamosiUI,"KamosiUI/2[java.lang.String,int]",userID,8
D:\Project\Kamosi-Personal-Dictionary-master\Kamosi-Personal-Dictionary-master\src\kamosi\KamosiUI.java,kamosi.KamosiUI,"KamosiUI/2[java.lang.String,int]",radio,5
D:\Project\Kamosi-Personal-Dictionary-master\Kamosi-Personal-Dictionary-master\src\kamosi\KamosiUI.java,kamosi.KamosiUI,"KamosiUI/2[java.lang.String,int]",viewWordsItem,5
D:\Project\Kamosi-Personal-Dictionary-master\Kamosi-Personal-Dictionary-master\src\kamosi\KamosiUI.java,kamosi.KamosiUI,"KamosiUI/2[java.lang.String,int]",searchByDatePanel,3
D:\Project\Kamosi-Personal-Dictionary-master\Kamosi-Personal-Dictionary-master\src\kamosi\KamosiUI.java,kamosi.KamosiUI,"KamosiUI/2[java.lang.String,int]",strings,1
D:\Project\Kamosi-Personal-Dictionary-master\Kamosi-Personal-Dictionary-master\src\kamosi\KamosiUI.java,kamosi.KamosiUI,"KamosiUI/2[java.lang.String,int]",changeStyle,5
D:\Project\Kamosi-Personal-Dictionary-master\Kamosi-Personal-Dictionary-master\src\kamosi\KamosiUI.java,kamosi.KamosiUI,"KamosiUI/2[java.lang.String,int]",viewInfoPageItem,5
D:\Project\Kamosi-Personal-Dictionary-master\Kamosi-Personal-Dictionary-master\src\kamosi\KamosiUI.java,kamosi.KamosiUI,"KamosiUI/2[java.lang.String,int]",fileMenu,10
D:\Project\Kamosi-Personal-Dictionary-master\Kamosi-Personal-Dictionary-master\src\kamosi\KamosiUI.java,kamosi.KamosiUI,"KamosiUI/2[java.lang.String,int]",group,1
D:\Project\Kamosi-Personal-Dictionary-master\Kamosi-Personal-Dictionary-master\src\kamosi\KamosiUI.java,kamosi.KamosiUI,"KamosiUI/2[java.lang.String,int]",changeBgColor,6
D:\Project\Kamosi-Personal-Dictionary-master\Kamosi-Personal-Dictionary-master\src\kamosi\KamosiUI.java,kamosi.KamosiUI,"KamosiUI/2[java.lang.String,int]",aboutItem,5
D:\Project\Kamosi-Personal-Dictionary-master\Kamosi-Personal-Dictionary-master\src\kamosi\KamosiUI.java,kamosi.KamosiUI,"KamosiUI/2[java.lang.String,int]",changePasswordItem,4
D:\Project\Kamosi-Personal-Dictionary-master\Kamosi-Personal-Dictionary-master\src\kamosi\KamosiUI.java,kamosi.KamosiUI,"KamosiUI/2[java.lang.String,int]",exitItem,5
D:\Project\Kamosi-Personal-Dictionary-master\Kamosi-Personal-Dictionary-master\src\kamosi\KamosiUI.java,kamosi.KamosiUI,"KamosiUI/2[java.lang.String,int]",viewMenu,7
D:\Project\Kamosi-Personal-Dictionary-master\Kamosi-Personal-Dictionary-master\src\kamosi\KamosiUI.java,kamosi.KamosiUI,"KamosiUI/2[java.lang.String,int]",addWordItem,5
D:\Project\Kamosi-Personal-Dictionary-master\Kamosi-Personal-Dictionary-master\src\kamosi\KamosiUI.java,kamosi.KamosiUI,"KamosiUI/2[java.lang.String,int]",helpMenu,5
D:\Project\Kamosi-Personal-Dictionary-master\Kamosi-Personal-Dictionary-master\src\kamosi\KamosiUI.java,kamosi.KamosiUI,"KamosiUI/2[java.lang.String,int]",userName,3
D:\Project\Kamosi-Personal-Dictionary-master\Kamosi-Personal-Dictionary-master\src\kamosi\KamosiUI.java,kamosi.KamosiUI,"KamosiUI/2[java.lang.String,int]",viewDicItem,5
D:\Project\Kamosi-Personal-Dictionary-master\Kamosi-Personal-Dictionary-master\src\kamosi\KamosiUI.java,kamosi.KamosiUI,"KamosiUI/2[java.lang.String,int]",searchByDateItem,5
D:\Project\Kamosi-Personal-Dictionary-master\Kamosi-Personal-Dictionary-master\src\kamosi\KamosiUI.java,kamosi.KamosiUI,"KamosiUI/2[java.lang.String,int]",optionMenu,9
D:\Project\Kamosi-Personal-Dictionary-master\Kamosi-Personal-Dictionary-master\src\kamosi\KamosiUI.java,kamosi.KamosiUI,"KamosiUI/2[java.lang.String,int]",windowMenu,5
D:\Project\Kamosi-Personal-Dictionary-master\Kamosi-Personal-Dictionary-master\src\kamosi\KamosiUI.java,kamosi.KamosiUI,"KamosiUI/2[java.lang.String,int]",editMenu,5
D:\Project\Kamosi-Personal-Dictionary-master\Kamosi-Personal-Dictionary-master\src\kamosi\KamosiUI.java,kamosi.KamosiUI,"KamosiUI/2[java.lang.String,int]",searchWordItem,5
D:\Project\Kamosi-Personal-Dictionary-master\Kamosi-Personal-Dictionary-master\src\kamosi\KamosiUI.java,kamosi.KamosiUI,"KamosiUI/2[java.lang.String,int]",reportsPan,3
D:\Project\Kamosi-Personal-Dictionary-master\Kamosi-Personal-Dictionary-master\src\kamosi\KamosiUI.java,kamosi.KamosiUI,"KamosiUI/2[java.lang.String,int]",helpContentsItem,5
D:\Project\Kamosi-Personal-Dictionary-master\Kamosi-Personal-Dictionary-master\src\kamosi\KamosiUI.java,kamosi.KamosiUI,"KamosiUI/2[java.lang.String,int]",addWordPan,3
D:\Project\Kamosi-Personal-Dictionary-master\Kamosi-Personal-Dictionary-master\src\kamosi\KamosiUI.java,kamosi.KamosiUI,"KamosiUI/2[java.lang.String,int]",addCatItem,5
D:\Project\Kamosi-Personal-Dictionary-master\Kamosi-Personal-Dictionary-master\src\kamosi\KamosiUI.java,kamosi.KamosiUI,"KamosiUI/2[java.lang.String,int]",myTabbedPane,11
D:\Project\Kamosi-Personal-Dictionary-master\Kamosi-Personal-Dictionary-master\src\kamosi\KamosiUI.java,kamosi.KamosiUI,"KamosiUI/2[java.lang.String,int]",indexPanel,3
D:\Project\Kamosi-Personal-Dictionary-master\Kamosi-Personal-Dictionary-master\src\kamosi\KamosiUI.java,kamosi.KamosiUI,stateChanged/1[javax.swing.event.ChangeEvent],searchByDatePanel,1
D:\Project\Kamosi-Personal-Dictionary-master\Kamosi-Personal-Dictionary-master\src\kamosi\KamosiUI.java,kamosi.KamosiUI,stateChanged/1[javax.swing.event.ChangeEvent],reportsPan,1
D:\Project\Kamosi-Personal-Dictionary-master\Kamosi-Personal-Dictionary-master\src\kamosi\KamosiUI.java,kamosi.KamosiUI,stateChanged/1[javax.swing.event.ChangeEvent],addWordPan,1
D:\Project\Kamosi-Personal-Dictionary-master\Kamosi-Personal-Dictionary-master\src\kamosi\KamosiUI.java,kamosi.KamosiUI,stateChanged/1[javax.swing.event.ChangeEvent],searchPanel,1
D:\Project\Kamosi-Personal-Dictionary-master\Kamosi-Personal-Dictionary-master\src\kamosi\KamosiUI.java,kamosi.KamosiUI,stateChanged/1[javax.swing.event.ChangeEvent],myTabbedPane,6
D:\Project\Kamosi-Personal-Dictionary-master\Kamosi-Personal-Dictionary-master\src\kamosi\KamosiUI.java,kamosi.KamosiUI,stateChanged/1[javax.swing.event.ChangeEvent],allWorsPanel,2
D:\Project\Kamosi-Personal-Dictionary-master\Kamosi-Personal-Dictionary-master\src\kamosi\KamosiUI.java,kamosi.KamosiUI,changeLookAndFeel/1[int],looks,1
D:\Project\Kamosi-Personal-Dictionary-master\Kamosi-Personal-Dictionary-master\src\kamosi\KamosiUI.java,kamosi.KamosiUI,actionPerformed/1[java.awt.event.ActionEvent],deleteCatItem,1
D:\Project\Kamosi-Personal-Dictionary-master\Kamosi-Personal-Dictionary-master\src\kamosi\KamosiUI.java,kamosi.KamosiUI,actionPerformed/1[java.awt.event.ActionEvent],changeBgColor,1
D:\Project\Kamosi-Personal-Dictionary-master\Kamosi-Personal-Dictionary-master\src\kamosi\KamosiUI.java,kamosi.KamosiUI,actionPerformed/1[java.awt.event.ActionEvent],aboutItem,1
D:\Project\Kamosi-Personal-Dictionary-master\Kamosi-Personal-Dictionary-master\src\kamosi\KamosiUI.java,kamosi.KamosiUI,actionPerformed/1[java.awt.event.ActionEvent],searchPanel,1
D:\Project\Kamosi-Personal-Dictionary-master\Kamosi-Personal-Dictionary-master\src\kamosi\KamosiUI.java,kamosi.KamosiUI,actionPerformed/1[java.awt.event.ActionEvent],viewUsersItem,1
D:\Project\Kamosi-Personal-Dictionary-master\Kamosi-Personal-Dictionary-master\src\kamosi\KamosiUI.java,kamosi.KamosiUI,actionPerformed/1[java.awt.event.ActionEvent],changePasswordItem,1
D:\Project\Kamosi-Personal-Dictionary-master\Kamosi-Personal-Dictionary-master\src\kamosi\KamosiUI.java,kamosi.KamosiUI,actionPerformed/1[java.awt.event.ActionEvent],exitItem,1
D:\Project\Kamosi-Personal-Dictionary-master\Kamosi-Personal-Dictionary-master\src\kamosi\KamosiUI.java,kamosi.KamosiUI,actionPerformed/1[java.awt.event.ActionEvent],deleteWordItem,1
D:\Project\Kamosi-Personal-Dictionary-master\Kamosi-Personal-Dictionary-master\src\kamosi\KamosiUI.java,kamosi.KamosiUI,actionPerformed/1[java.awt.event.ActionEvent],addWordItem,1
D:\Project\Kamosi-Personal-Dictionary-master\Kamosi-Personal-Dictionary-master\src\kamosi\KamosiUI.java,kamosi.KamosiUI,actionPerformed/1[java.awt.event.ActionEvent],allWorsPanel,3
D:\Project\Kamosi-Personal-Dictionary-master\Kamosi-Personal-Dictionary-master\src\kamosi\KamosiUI.java,kamosi.KamosiUI,actionPerformed/1[java.awt.event.ActionEvent],userName,1
D:\Project\Kamosi-Personal-Dictionary-master\Kamosi-Personal-Dictionary-master\src\kamosi\KamosiUI.java,kamosi.KamosiUI,actionPerformed/1[java.awt.event.ActionEvent],createUserItem,1
D:\Project\Kamosi-Personal-Dictionary-master\Kamosi-Personal-Dictionary-master\src\kamosi\KamosiUI.java,kamosi.KamosiUI,actionPerformed/1[java.awt.event.ActionEvent],viewDicItem,1
D:\Project\Kamosi-Personal-Dictionary-master\Kamosi-Personal-Dictionary-master\src\kamosi\KamosiUI.java,kamosi.KamosiUI,actionPerformed/1[java.awt.event.ActionEvent],userID,4
D:\Project\Kamosi-Personal-Dictionary-master\Kamosi-Personal-Dictionary-master\src\kamosi\KamosiUI.java,kamosi.KamosiUI,actionPerformed/1[java.awt.event.ActionEvent],searchByDateItem,1
D:\Project\Kamosi-Personal-Dictionary-master\Kamosi-Personal-Dictionary-master\src\kamosi\KamosiUI.java,kamosi.KamosiUI,actionPerformed/1[java.awt.event.ActionEvent],searchWordItem,1
D:\Project\Kamosi-Personal-Dictionary-master\Kamosi-Personal-Dictionary-master\src\kamosi\KamosiUI.java,kamosi.KamosiUI,actionPerformed/1[java.awt.event.ActionEvent],searchByDatePanel,1
D:\Project\Kamosi-Personal-Dictionary-master\Kamosi-Personal-Dictionary-master\src\kamosi\KamosiUI.java,kamosi.KamosiUI,actionPerformed/1[java.awt.event.ActionEvent],viewWordsItem,1
D:\Project\Kamosi-Personal-Dictionary-master\Kamosi-Personal-Dictionary-master\src\kamosi\KamosiUI.java,kamosi.KamosiUI,actionPerformed/1[java.awt.event.ActionEvent],addWordPan,4
D:\Project\Kamosi-Personal-Dictionary-master\Kamosi-Personal-Dictionary-master\src\kamosi\KamosiUI.java,kamosi.KamosiUI,actionPerformed/1[java.awt.event.ActionEvent],helpContentsItem,1
D:\Project\Kamosi-Personal-Dictionary-master\Kamosi-Personal-Dictionary-master\src\kamosi\KamosiUI.java,kamosi.KamosiUI,actionPerformed/1[java.awt.event.ActionEvent],myTabbedPane,6
D:\Project\Kamosi-Personal-Dictionary-master\Kamosi-Personal-Dictionary-master\src\kamosi\KamosiUI.java,kamosi.KamosiUI,actionPerformed/1[java.awt.event.ActionEvent],addCatItem,1
D:\Project\Kamosi-Personal-Dictionary-master\Kamosi-Personal-Dictionary-master\src\kamosi\KamosiUI.java,kamosi.KamosiUI,actionPerformed/1[java.awt.event.ActionEvent],viewInfoPageItem,1
D:\Project\Kamosi-Personal-Dictionary-master\Kamosi-Personal-Dictionary-master\src\kamosi\AddCategoryUI.java,kamosi.AddCategoryUI,initUI/0,categoryField,3
D:\Project\Kamosi-Personal-Dictionary-master\Kamosi-Personal-Dictionary-master\src\kamosi\AddCategoryUI.java,kamosi.AddCategoryUI,initUI/0,cancelButton,4
D:\Project\Kamosi-Personal-Dictionary-master\Kamosi-Personal-Dictionary-master\src\kamosi\AddCategoryUI.java,kamosi.AddCategoryUI,initUI/0,headerLabel,5
D:\Project\Kamosi-Personal-Dictionary-master\Kamosi-Personal-Dictionary-master\src\kamosi\AddCategoryUI.java,kamosi.AddCategoryUI,initUI/0,width,1
D:\Project\Kamosi-Personal-Dictionary-master\Kamosi-Personal-Dictionary-master\src\kamosi\AddCategoryUI.java,kamosi.AddCategoryUI,initUI/0,okButton,4
D:\Project\Kamosi-Personal-Dictionary-master\Kamosi-Personal-Dictionary-master\src\kamosi\AddCategoryUI.java,kamosi.AddCategoryUI,initUI/0,addCateLabel,4
D:\Project\Kamosi-Personal-Dictionary-master\Kamosi-Personal-Dictionary-master\src\kamosi\AddCategoryUI.java,kamosi.AddCategoryUI,initUI/0,catClassLabel,4
D:\Project\Kamosi-Personal-Dictionary-master\Kamosi-Personal-Dictionary-master\src\kamosi\AddCategoryUI.java,kamosi.AddCategoryUI,initUI/0,height,1
D:\Project\Kamosi-Personal-Dictionary-master\Kamosi-Personal-Dictionary-master\src\kamosi\AddCategoryUI.java,kamosi.AddCategoryUI,initUI/0,catClassCombo,7
D:\Project\Kamosi-Personal-Dictionary-master\Kamosi-Personal-Dictionary-master\src\kamosi\AddCategoryUI.java,kamosi.AddCategoryUI,actionPerformed/1[java.awt.event.ActionEvent],categoryField,4
D:\Project\Kamosi-Personal-Dictionary-master\Kamosi-Personal-Dictionary-master\src\kamosi\AddCategoryUI.java,kamosi.AddCategoryUI,actionPerformed/1[java.awt.event.ActionEvent],cancelButton,1
D:\Project\Kamosi-Personal-Dictionary-master\Kamosi-Personal-Dictionary-master\src\kamosi\AddCategoryUI.java,kamosi.AddCategoryUI,actionPerformed/1[java.awt.event.ActionEvent],okButton,1
D:\Project\Kamosi-Personal-Dictionary-master\Kamosi-Personal-Dictionary-master\src\kamosi\AddCategoryUI.java,kamosi.AddCategoryUI,actionPerformed/1[java.awt.event.ActionEvent],userID,2
D:\Project\Kamosi-Personal-Dictionary-master\Kamosi-Personal-Dictionary-master\src\kamosi\AddCategoryUI.java,kamosi.AddCategoryUI,actionPerformed/1[java.awt.event.ActionEvent],catClassCombo,2
D:\Project\Kamosi-Personal-Dictionary-master\Kamosi-Personal-Dictionary-master\src\kamosi\AddCategoryUI.java,kamosi.AddCategoryUI,AddCategoryUI/1[int],userID,3
D:\Project\Kamosi-Personal-Dictionary-master\Kamosi-Personal-Dictionary-master\src\kamosi\DeleteCategoryUI.java,kamosi.DeleteCategoryUI,DeleteCategoryUI/1[int],btnCancel,4
D:\Project\Kamosi-Personal-Dictionary-master\Kamosi-Personal-Dictionary-master\src\kamosi\DeleteCategoryUI.java,kamosi.DeleteCategoryUI,DeleteCategoryUI/1[int],deleteLabel,4
D:\Project\Kamosi-Personal-Dictionary-master\Kamosi-Personal-Dictionary-master\src\kamosi\DeleteCategoryUI.java,kamosi.DeleteCategoryUI,DeleteCategoryUI/1[int],btnDelete,5
D:\Project\Kamosi-Personal-Dictionary-master\Kamosi-Personal-Dictionary-master\src\kamosi\DeleteCategoryUI.java,kamosi.DeleteCategoryUI,DeleteCategoryUI/1[int],width,1
D:\Project\Kamosi-Personal-Dictionary-master\Kamosi-Personal-Dictionary-master\src\kamosi\DeleteCategoryUI.java,kamosi.DeleteCategoryUI,DeleteCategoryUI/1[int],userID,3
D:\Project\Kamosi-Personal-Dictionary-master\Kamosi-Personal-Dictionary-master\src\kamosi\DeleteCategoryUI.java,kamosi.DeleteCategoryUI,DeleteCategoryUI/1[int],height,1
D:\Project\Kamosi-Personal-Dictionary-master\Kamosi-Personal-Dictionary-master\src\kamosi\DeleteCategoryUI.java,kamosi.DeleteCategoryUI,UpdateCatCombo/0,btnDelete,2
D:\Project\Kamosi-Personal-Dictionary-master\Kamosi-Personal-Dictionary-master\src\kamosi\DeleteCategoryUI.java,kamosi.DeleteCategoryUI,UpdateCatCombo/0,userID,1
D:\Project\Kamosi-Personal-Dictionary-master\Kamosi-Personal-Dictionary-master\src\kamosi\DeleteCategoryUI.java,kamosi.DeleteCategoryUI,UpdateCatCombo/0,catNameCombo,7
D:\Project\Kamosi-Personal-Dictionary-master\Kamosi-Personal-Dictionary-master\src\kamosi\DeleteCategoryUI.java,kamosi.DeleteCategoryUI,actionPerformed/1[java.awt.event.ActionEvent],btnCancel,1
D:\Project\Kamosi-Personal-Dictionary-master\Kamosi-Personal-Dictionary-master\src\kamosi\DeleteCategoryUI.java,kamosi.DeleteCategoryUI,actionPerformed/1[java.awt.event.ActionEvent],btnDelete,1
D:\Project\Kamosi-Personal-Dictionary-master\Kamosi-Personal-Dictionary-master\src\kamosi\DeleteCategoryUI.java,kamosi.DeleteCategoryUI,actionPerformed/1[java.awt.event.ActionEvent],userID,2
D:\Project\Kamosi-Personal-Dictionary-master\Kamosi-Personal-Dictionary-master\src\kamosi\DeleteCategoryUI.java,kamosi.DeleteCategoryUI,actionPerformed/1[java.awt.event.ActionEvent],catNameCombo,1
D:\Project\Kamosi-Personal-Dictionary-master\Kamosi-Personal-Dictionary-master\src\kamosi\SoundManger.java,kamosi.SoundManger,play/0,sourceDataLine,4
D:\Project\Kamosi-Personal-Dictionary-master\Kamosi-Personal-Dictionary-master\src\kamosi\SoundManger.java,kamosi.SoundManger,play/0,fileName,1
D:\Project\Kamosi-Personal-Dictionary-master\Kamosi-Personal-Dictionary-master\src\kamosi\SoundManger.java,kamosi.SoundManger,play/0,audioInputStream,3
D:\Project\Kamosi-Personal-Dictionary-master\Kamosi-Personal-Dictionary-master\src\kamosi\SoundManger.java,kamosi.SoundManger,play/0,tempBuffer,2
D:\Project\Kamosi-Personal-Dictionary-master\Kamosi-Personal-Dictionary-master\src\kamosi\SoundManger.java,kamosi.SoundManger,play/0,audioFormat,3
D:\Project\Kamosi-Personal-Dictionary-master\Kamosi-Personal-Dictionary-master\src\kamosi\SoundManger.java,kamosi.SoundManger,SoundManger/1[java.lang.String],fileName,3
D:\Project\Kamosi-Personal-Dictionary-master\Kamosi-Personal-Dictionary-master\src\kamosi\WelcomeScreen.java,kamosi.WelcomeScreen,WelcomeScreen/0,width,1
D:\Project\Kamosi-Personal-Dictionary-master\Kamosi-Personal-Dictionary-master\src\kamosi\WelcomeScreen.java,kamosi.WelcomeScreen,WelcomeScreen/0,welcomePane,2
D:\Project\Kamosi-Personal-Dictionary-master\Kamosi-Personal-Dictionary-master\src\kamosi\WelcomeScreen.java,kamosi.WelcomeScreen,WelcomeScreen/0,height,1
D:\Project\Kamosi-Personal-Dictionary-master\Kamosi-Personal-Dictionary-master\src\kamosi\ViewLastWeekWords.java,kamosi.ViewLastWeekWords,ViewLastWeekWords/1[int],listLabel,3
D:\Project\Kamosi-Personal-Dictionary-master\Kamosi-Personal-Dictionary-master\src\kamosi\ViewLastWeekWords.java,kamosi.ViewLastWeekWords,ViewLastWeekWords/1[int],width,1
D:\Project\Kamosi-Personal-Dictionary-master\Kamosi-Personal-Dictionary-master\src\kamosi\ViewLastWeekWords.java,kamosi.ViewLastWeekWords,ViewLastWeekWords/1[int],resultTable,2
D:\Project\Kamosi-Personal-Dictionary-master\Kamosi-Personal-Dictionary-master\src\kamosi\ViewLastWeekWords.java,kamosi.ViewLastWeekWords,ViewLastWeekWords/1[int],userID,3
D:\Project\Kamosi-Personal-Dictionary-master\Kamosi-Personal-Dictionary-master\src\kamosi\ViewLastWeekWords.java,kamosi.ViewLastWeekWords,ViewLastWeekWords/1[int],scrolPane,3
D:\Project\Kamosi-Personal-Dictionary-master\Kamosi-Personal-Dictionary-master\src\kamosi\ViewLastWeekWords.java,kamosi.ViewLastWeekWords,ViewLastWeekWords/1[int],height,1
D:\Project\Kamosi-Personal-Dictionary-master\Kamosi-Personal-Dictionary-master\src\kamosi\ViewLastWeekWords.java,kamosi.ViewLastWeekWords,createTable/0,rec,11
D:\Project\Kamosi-Personal-Dictionary-master\Kamosi-Personal-Dictionary-master\src\kamosi\ViewLastWeekWords.java,kamosi.ViewLastWeekWords,createTable/0,rowRec,9
D:\Project\Kamosi-Personal-Dictionary-master\Kamosi-Personal-Dictionary-master\src\kamosi\ViewLastWeekWords.java,kamosi.ViewLastWeekWords,createTable/0,userID,1
D:\Project\Kamosi-Personal-Dictionary-master\Kamosi-Personal-Dictionary-master\src\kamosi\DeleteWordsUI.java,kamosi.DeleteWordsUI,DeleteWordsUI/1[int],btnCancel,4
D:\Project\Kamosi-Personal-Dictionary-master\Kamosi-Personal-Dictionary-master\src\kamosi\DeleteWordsUI.java,kamosi.DeleteWordsUI,DeleteWordsUI/1[int],btnDelete,4
D:\Project\Kamosi-Personal-Dictionary-master\Kamosi-Personal-Dictionary-master\src\kamosi\DeleteWordsUI.java,kamosi.DeleteWordsUI,DeleteWordsUI/1[int],width,1
D:\Project\Kamosi-Personal-Dictionary-master\Kamosi-Personal-Dictionary-master\src\kamosi\DeleteWordsUI.java,kamosi.DeleteWordsUI,DeleteWordsUI/1[int],catNameLabel,4
D:\Project\Kamosi-Personal-Dictionary-master\Kamosi-Personal-Dictionary-master\src\kamosi\DeleteWordsUI.java,kamosi.DeleteWordsUI,DeleteWordsUI/1[int],wordTypeLabel,4
D:\Project\Kamosi-Personal-Dictionary-master\Kamosi-Personal-Dictionary-master\src\kamosi\DeleteWordsUI.java,kamosi.DeleteWordsUI,DeleteWordsUI/1[int],wordTypeCombo,8
D:\Project\Kamosi-Personal-Dictionary-master\Kamosi-Personal-Dictionary-master\src\kamosi\DeleteWordsUI.java,kamosi.DeleteWordsUI,DeleteWordsUI/1[int],userID,3
D:\Project\Kamosi-Personal-Dictionary-master\Kamosi-Personal-Dictionary-master\src\kamosi\DeleteWordsUI.java,kamosi.DeleteWordsUI,DeleteWordsUI/1[int],height,1
D:\Project\Kamosi-Personal-Dictionary-master\Kamosi-Personal-Dictionary-master\src\kamosi\DeleteWordsUI.java,kamosi.DeleteWordsUI,UpdateCatCombo/0,userID,1
D:\Project\Kamosi-Personal-Dictionary-master\Kamosi-Personal-Dictionary-master\src\kamosi\DeleteWordsUI.java,kamosi.DeleteWordsUI,UpdateCatCombo/0,catNameCombo,8
D:\Project\Kamosi-Personal-Dictionary-master\Kamosi-Personal-Dictionary-master\src\kamosi\DeleteWordsUI.java,kamosi.DeleteWordsUI,actionPerformed/1[java.awt.event.ActionEvent],btnCancel,1
D:\Project\Kamosi-Personal-Dictionary-master\Kamosi-Personal-Dictionary-master\src\kamosi\DeleteWordsUI.java,kamosi.DeleteWordsUI,actionPerformed/1[java.awt.event.ActionEvent],btnDelete,1
D:\Project\Kamosi-Personal-Dictionary-master\Kamosi-Personal-Dictionary-master\src\kamosi\DeleteWordsUI.java,kamosi.DeleteWordsUI,actionPerformed/1[java.awt.event.ActionEvent],wordTypeCombo,6
D:\Project\Kamosi-Personal-Dictionary-master\Kamosi-Personal-Dictionary-master\src\kamosi\DeleteWordsUI.java,kamosi.DeleteWordsUI,actionPerformed/1[java.awt.event.ActionEvent],userID,4
D:\Project\Kamosi-Personal-Dictionary-master\Kamosi-Personal-Dictionary-master\src\kamosi\DeleteWordsUI.java,kamosi.DeleteWordsUI,actionPerformed/1[java.awt.event.ActionEvent],catNameCombo,5
D:\Project\Kamosi-Personal-Dictionary-master\Kamosi-Personal-Dictionary-master\src\kamosi\InformationPage.java,kamosi.InformationPagePanel,itemStateChanged/1[java.awt.event.ItemEvent],catNameCombo,1
D:\Project\Kamosi-Personal-Dictionary-master\Kamosi-Personal-Dictionary-master\src\kamosi\InformationPage.java,kamosi.InformationPagePanel,InformationPagePanel/1[int],nounsLabel,3
D:\Project\Kamosi-Personal-Dictionary-master\Kamosi-Personal-Dictionary-master\src\kamosi\InformationPage.java,kamosi.InformationPagePanel,InformationPagePanel/1[int],totalCatLabel,5
D:\Project\Kamosi-Personal-Dictionary-master\Kamosi-Personal-Dictionary-master\src\kamosi\InformationPage.java,kamosi.InformationPagePanel,InformationPagePanel/1[int],titleLabel,4
D:\Project\Kamosi-Personal-Dictionary-master\Kamosi-Personal-Dictionary-master\src\kamosi\InformationPage.java,kamosi.InformationPagePanel,InformationPagePanel/1[int],adverbLabel,3
D:\Project\Kamosi-Personal-Dictionary-master\Kamosi-Personal-Dictionary-master\src\kamosi\InformationPage.java,kamosi.InformationPagePanel,InformationPagePanel/1[int],catNameLabel,4
D:\Project\Kamosi-Personal-Dictionary-master\Kamosi-Personal-Dictionary-master\src\kamosi\InformationPage.java,kamosi.InformationPagePanel,InformationPagePanel/1[int],resultTable,2
D:\Project\Kamosi-Personal-Dictionary-master\Kamosi-Personal-Dictionary-master\src\kamosi\InformationPage.java,kamosi.InformationPagePanel,InformationPagePanel/1[int],verbsLabel,3
D:\Project\Kamosi-Personal-Dictionary-master\Kamosi-Personal-Dictionary-master\src\kamosi\InformationPage.java,kamosi.InformationPagePanel,InformationPagePanel/1[int],userID,10
D:\Project\Kamosi-Personal-Dictionary-master\Kamosi-Personal-Dictionary-master\src\kamosi\InformationPage.java,kamosi.InformationPagePanel,InformationPagePanel/1[int],adjVerbsLabel,3
D:\Project\Kamosi-Personal-Dictionary-master\Kamosi-Personal-Dictionary-master\src\kamosi\InformationPage.java,kamosi.InformationPagePanel,InformationPagePanel/1[int],scrolPane,3
D:\Project\Kamosi-Personal-Dictionary-master\Kamosi-Personal-Dictionary-master\src\kamosi\InformationPage.java,kamosi.InformationPagePanel,InformationPagePanel/1[int],totalWordsLabel,3
D:\Project\Kamosi-Personal-Dictionary-master\Kamosi-Personal-Dictionary-master\src\kamosi\InformationPage.java,kamosi.InformationPagePanel,InformationPagePanel/1[int],showDetailsButton,4
D:\Project\Kamosi-Personal-Dictionary-master\Kamosi-Personal-Dictionary-master\src\kamosi\InformationPage.java,kamosi.InformationPagePanel,actionPerformed/1[java.awt.event.ActionEvent],resultTable,5
D:\Project\Kamosi-Personal-Dictionary-master\Kamosi-Personal-Dictionary-master\src\kamosi\InformationPage.java,kamosi.InformationPagePanel,actionPerformed/1[java.awt.event.ActionEvent],userID,2
D:\Project\Kamosi-Personal-Dictionary-master\Kamosi-Personal-Dictionary-master\src\kamosi\InformationPage.java,kamosi.InformationPagePanel,actionPerformed/1[java.awt.event.ActionEvent],showDetailsButton,1
D:\Project\Kamosi-Personal-Dictionary-master\Kamosi-Personal-Dictionary-master\src\kamosi\InformationPage.java,kamosi.InformationPagePanel,UpdateCatCombo/0,userID,1
D:\Project\Kamosi-Personal-Dictionary-master\Kamosi-Personal-Dictionary-master\src\kamosi\InformationPage.java,kamosi.InformationPagePanel,UpdateCatCombo/0,catNameCombo,10
D:\Project\Kamosi-Personal-Dictionary-master\Kamosi-Personal-Dictionary-master\src\kamosi\InformationPage.java,kamosi.InformationPagePanel,UpdateTableView/0,resultTable,5
D:\Project\Kamosi-Personal-Dictionary-master\Kamosi-Personal-Dictionary-master\src\kamosi\InformationPage.java,kamosi.InformationPagePanel,UpdateTableView/0,scrolPane,2
D:\Project\Kamosi-Personal-Dictionary-master\Kamosi-Personal-Dictionary-master\src\kamosi\InformationPage.java,kamosi.InformationPagePanel,UpdateTableView/0,showDetailsButton,2
D:\Project\Kamosi-Personal-Dictionary-master\Kamosi-Personal-Dictionary-master\src\kamosi\InformationPage.java,kamosi.InformationPagePanel,createTable/0,rec,23
D:\Project\Kamosi-Personal-Dictionary-master\Kamosi-Personal-Dictionary-master\src\kamosi\InformationPage.java,kamosi.InformationPagePanel,createTable/0,rowRec,10
D:\Project\Kamosi-Personal-Dictionary-master\Kamosi-Personal-Dictionary-master\src\kamosi\InformationPage.java,kamosi.InformationPagePanel,createTable/0,userID,8
D:\Project\Kamosi-Personal-Dictionary-master\Kamosi-Personal-Dictionary-master\src\kamosi\InformationPage.java,kamosi.InformationPagePanel,createTable/0,catNameCombo,8
D:\Project\Kamosi-Personal-Dictionary-master\Kamosi-Personal-Dictionary-master\src\kamosi\KamosiHelp.java,kamosi.HtmlPane$PageLoader,run/0,cursor,1
D:\Project\Kamosi-Personal-Dictionary-master\Kamosi-Personal-Dictionary-master\src\kamosi\KamosiHelp.java,kamosi.HtmlPane$PageLoader,run/0,url,3
D:\Project\Kamosi-Personal-Dictionary-master\Kamosi-Personal-Dictionary-master\src\kamosi\KamosiHelp.java,kamosi.HtmlPane$PageLoader,"PageLoader/2[java.net.URL,java.awt.Cursor]",cursor,1
D:\Project\Kamosi-Personal-Dictionary-master\Kamosi-Personal-Dictionary-master\src\kamosi\KamosiHelp.java,kamosi.HtmlPane$PageLoader,"PageLoader/2[java.net.URL,java.awt.Cursor]",url,1
D:\Project\Kamosi-Personal-Dictionary-master\Kamosi-Personal-Dictionary-master\src\kamosi\Login.java,kamosi.Login,actionPerformed/1[java.awt.event.ActionEvent],cancelButton,1
D:\Project\Kamosi-Personal-Dictionary-master\Kamosi-Personal-Dictionary-master\src\kamosi\Login.java,kamosi.Login,actionPerformed/1[java.awt.event.ActionEvent],passTxt,4
D:\Project\Kamosi-Personal-Dictionary-master\Kamosi-Personal-Dictionary-master\src\kamosi\Login.java,kamosi.Login,actionPerformed/1[java.awt.event.ActionEvent],okButton,1
D:\Project\Kamosi-Personal-Dictionary-master\Kamosi-Personal-Dictionary-master\src\kamosi\Login.java,kamosi.Login,actionPerformed/1[java.awt.event.ActionEvent],userNameTxt,5
D:\Project\Kamosi-Personal-Dictionary-master\Kamosi-Personal-Dictionary-master\src\kamosi\Login.java,kamosi.Login,keyTyped/1[java.awt.event.KeyEvent],passTxt,4
D:\Project\Kamosi-Personal-Dictionary-master\Kamosi-Personal-Dictionary-master\src\kamosi\Login.java,kamosi.Login,keyTyped/1[java.awt.event.KeyEvent],userNameTxt,5
D:\Project\Kamosi-Personal-Dictionary-master\Kamosi-Personal-Dictionary-master\src\kamosi\Login.java,kamosi.Login,Login/0,loginPanel,10
D:\Project\Kamosi-Personal-Dictionary-master\Kamosi-Personal-Dictionary-master\src\kamosi\Login.java,kamosi.Login,Login/0,cancelButton,4
D:\Project\Kamosi-Personal-Dictionary-master\Kamosi-Personal-Dictionary-master\src\kamosi\Login.java,kamosi.Login,Login/0,passTxt,4
D:\Project\Kamosi-Personal-Dictionary-master\Kamosi-Personal-Dictionary-master\src\kamosi\Login.java,kamosi.Login,Login/0,width,1
D:\Project\Kamosi-Personal-Dictionary-master\Kamosi-Personal-Dictionary-master\src\kamosi\Login.java,kamosi.Login,Login/0,userNameLabel,3
D:\Project\Kamosi-Personal-Dictionary-master\Kamosi-Personal-Dictionary-master\src\kamosi\Login.java,kamosi.Login,Login/0,passLabel,3
D:\Project\Kamosi-Personal-Dictionary-master\Kamosi-Personal-Dictionary-master\src\kamosi\Login.java,kamosi.Login,Login/0,okButton,4
D:\Project\Kamosi-Personal-Dictionary-master\Kamosi-Personal-Dictionary-master\src\kamosi\Login.java,kamosi.Login,Login/0,userNameTxt,3
D:\Project\Kamosi-Personal-Dictionary-master\Kamosi-Personal-Dictionary-master\src\kamosi\Login.java,kamosi.Login,Login/0,height,1
D:\Project\Kamosi-Personal-Dictionary-master\Kamosi-Personal-Dictionary-master\src\kamosi\ReportsPanel.java,kamosi.ReportsPanel,actionPerformed/1[java.awt.event.ActionEvent],viewReportBut,1
D:\Project\Kamosi-Personal-Dictionary-master\Kamosi-Personal-Dictionary-master\src\kamosi\ReportsPanel.java,kamosi.ReportsPanel,CreateReport/0,wordTypesCombo,1
D:\Project\Kamosi-Personal-Dictionary-master\Kamosi-Personal-Dictionary-master\src\kamosi\ReportsPanel.java,kamosi.ReportsPanel,CreateReport/0,userID,1
D:\Project\Kamosi-Personal-Dictionary-master\Kamosi-Personal-Dictionary-master\src\kamosi\ReportsPanel.java,kamosi.ReportsPanel,CreateReport/0,catNameCombo,1
D:\Project\Kamosi-Personal-Dictionary-master\Kamosi-Personal-Dictionary-master\src\kamosi\ReportsPanel.java,kamosi.ReportsPanel,ReportsPanel/1[int],catLabel,3
D:\Project\Kamosi-Personal-Dictionary-master\Kamosi-Personal-Dictionary-master\src\kamosi\ReportsPanel.java,kamosi.ReportsPanel,ReportsPanel/1[int],viewLabel,3
D:\Project\Kamosi-Personal-Dictionary-master\Kamosi-Personal-Dictionary-master\src\kamosi\ReportsPanel.java,kamosi.ReportsPanel,ReportsPanel/1[int],wordTypesCombo,9
D:\Project\Kamosi-Personal-Dictionary-master\Kamosi-Personal-Dictionary-master\src\kamosi\ReportsPanel.java,kamosi.ReportsPanel,ReportsPanel/1[int],viewReportBut,4
D:\Project\Kamosi-Personal-Dictionary-master\Kamosi-Personal-Dictionary-master\src\kamosi\ReportsPanel.java,kamosi.ReportsPanel,ReportsPanel/1[int],userID,3
D:\Project\Kamosi-Personal-Dictionary-master\Kamosi-Personal-Dictionary-master\src\kamosi\ReportsPanel.java,kamosi.ReportsPanel,UpdateCatCombo/0,userID,1
D:\Project\Kamosi-Personal-Dictionary-master\Kamosi-Personal-Dictionary-master\src\kamosi\ReportsPanel.java,kamosi.ReportsPanel,UpdateCatCombo/0,catNameCombo,9
D:\Project\Kamosi-Personal-Dictionary-master\Kamosi-Personal-Dictionary-master\src\kamosi\DBConnection.java,kamosi.DBConnection,getDBConnection/0,connection,3
D:\Project\Kamosi-Personal-Dictionary-master\Kamosi-Personal-Dictionary-master\src\kamosi\DBConnection.java,kamosi.DBConnection,initConnection/0,conn,1
D:\Project\Kamosi-Personal-Dictionary-master\Kamosi-Personal-Dictionary-master\src\kamosi\DBConnection.java,kamosi.DBConnection,initConnection/0,driver,1
D:\Project\Kamosi-Personal-Dictionary-master\Kamosi-Personal-Dictionary-master\src\kamosi\DBConnection.java,kamosi.DBConnection,getConnection/0,conn,1
D:\Project\Kamosi-Personal-Dictionary-master\Kamosi-Personal-Dictionary-master\src\kamosi\RegisterUI.java,kamosi.RegisterUI,registerToServer/0,passField,5
D:\Project\Kamosi-Personal-Dictionary-master\Kamosi-Personal-Dictionary-master\src\kamosi\RegisterUI.java,kamosi.RegisterUI,registerToServer/0,userNameField,8
D:\Project\Kamosi-Personal-Dictionary-master\Kamosi-Personal-Dictionary-master\src\kamosi\RegisterUI.java,kamosi.RegisterUI,registerToServer/0,userPassword,1
D:\Project\Kamosi-Personal-Dictionary-master\Kamosi-Personal-Dictionary-master\src\kamosi\RegisterUI.java,kamosi.RegisterUI,registerToServer/0,userName,1
D:\Project\Kamosi-Personal-Dictionary-master\Kamosi-Personal-Dictionary-master\src\kamosi\RegisterUI.java,kamosi.RegisterUI,registerToServer/0,rePassField,3
D:\Project\Kamosi-Personal-Dictionary-master\Kamosi-Personal-Dictionary-master\src\kamosi\RegisterUI.java,kamosi.RegisterUI,actionPerformed/1[java.awt.event.ActionEvent],cancelButton,1
D:\Project\Kamosi-Personal-Dictionary-master\Kamosi-Personal-Dictionary-master\src\kamosi\RegisterUI.java,kamosi.RegisterUI,actionPerformed/1[java.awt.event.ActionEvent],registerButton,1
D:\Project\Kamosi-Personal-Dictionary-master\Kamosi-Personal-Dictionary-master\src\kamosi\RegisterUI.java,kamosi.RegisterUI,initUI/0,userPassLabel,3
D:\Project\Kamosi-Personal-Dictionary-master\Kamosi-Personal-Dictionary-master\src\kamosi\RegisterUI.java,kamosi.RegisterUI,initUI/0,passField,3
D:\Project\Kamosi-Personal-Dictionary-master\Kamosi-Personal-Dictionary-master\src\kamosi\RegisterUI.java,kamosi.RegisterUI,initUI/0,registerLabel,5
D:\Project\Kamosi-Personal-Dictionary-master\Kamosi-Personal-Dictionary-master\src\kamosi\RegisterUI.java,kamosi.RegisterUI,initUI/0,userNameField,3
D:\Project\Kamosi-Personal-Dictionary-master\Kamosi-Personal-Dictionary-master\src\kamosi\RegisterUI.java,kamosi.RegisterUI,initUI/0,cancelButton,4
D:\Project\Kamosi-Personal-Dictionary-master\Kamosi-Personal-Dictionary-master\src\kamosi\RegisterUI.java,kamosi.RegisterUI,initUI/0,registerButton,4
D:\Project\Kamosi-Personal-Dictionary-master\Kamosi-Personal-Dictionary-master\src\kamosi\RegisterUI.java,kamosi.RegisterUI,initUI/0,width,1
D:\Project\Kamosi-Personal-Dictionary-master\Kamosi-Personal-Dictionary-master\src\kamosi\RegisterUI.java,kamosi.RegisterUI,initUI/0,userNameLabel,3
D:\Project\Kamosi-Personal-Dictionary-master\Kamosi-Personal-Dictionary-master\src\kamosi\RegisterUI.java,kamosi.RegisterUI,initUI/0,userRePassLabel,3
D:\Project\Kamosi-Personal-Dictionary-master\Kamosi-Personal-Dictionary-master\src\kamosi\RegisterUI.java,kamosi.RegisterUI,initUI/0,rePassField,3
D:\Project\Kamosi-Personal-Dictionary-master\Kamosi-Personal-Dictionary-master\src\kamosi\RegisterUI.java,kamosi.RegisterUI,initUI/0,height,1
