file,class,method,constructor,line,cbo,cboModified,fanin,fanout,wmc,rfc,loc,returnsQty,variablesQty,parametersQty,methodsInvokedQty,methodsInvokedLocalQty,methodsInvokedIndirectLocalQty,loopQty,comparisonsQty,tryCatchQty,parenthesizedExpsQty,stringLiteralsQty,numbersQty,assignmentsQty,mathOperationsQty,maxNestedBlocksQty,anonymousClassesQty,innerClassesQty,lambdasQty,uniqueWordsQty,modifiers,logStatementsQty,hasJavaDoc
D:\Project\Kamosi-Personal-Dictionary-master\Kamosi-Personal-Dictionary-master\src\kamosi\WelcomeScreen.java,kamosi.WelcomeScreen$Anonymous1,windowClosing/1[java.awt.event.WindowEvent],false,49,1,2,0,2,1,1,3,0,0,1,1,0,0,0,0,0,0,0,0,0,0,0,0,0,0,6,1,0,false
D:\Project\Kamosi-Personal-Dictionary-master\Kamosi-Personal-Dictionary-master\src\kamosi\ChangePassword.java,kamosi.ChangePassword,actionPerformed/1[java.awt.event.ActionEvent],false,89,1,2,0,2,8,15,57,0,12,1,15,0,0,0,3,1,0,17,1,14,2,5,0,0,0,59,1,0,false
D:\Project\Kamosi-Personal-Dictionary-master\Kamosi-Personal-Dictionary-master\src\kamosi\ChangePassword.java,kamosi.ChangePassword,ChangePassword/1[java.lang.String],true,26,0,1,1,0,1,15,41,0,0,1,15,0,0,0,0,0,1,7,39,9,2,0,0,0,0,34,1,0,false
D:\Project\Kamosi-Personal-Dictionary-master\Kamosi-Personal-Dictionary-master\src\kamosi\ViewAllUsers.java,kamosi.ViewAllUsers$Anonymous1,"isCellEditable/2[int,int]",false,106,0,0,0,0,1,0,3,1,0,2,0,0,0,0,0,0,0,0,0,0,0,0,0,0,0,6,1,0,false
D:\Project\Kamosi-Personal-Dictionary-master\Kamosi-Personal-Dictionary-master\src\kamosi\KamosiHelp.java,kamosi.HtmlPane,HtmlPane/1[java.lang.String],true,43,0,1,1,0,3,5,17,0,4,1,5,0,0,0,0,1,0,1,0,6,1,1,0,0,0,22,1,0,false
D:\Project\Kamosi-Personal-Dictionary-master\Kamosi-Personal-Dictionary-master\src\kamosi\KamosiHelp.java,kamosi.HtmlPane,hyperlinkUpdate/1[javax.swing.event.HyperlinkEvent],false,61,1,1,0,1,2,3,5,0,0,1,3,1,1,0,1,0,0,0,0,0,0,1,0,0,0,7,1,0,false
D:\Project\Kamosi-Personal-Dictionary-master\Kamosi-Personal-Dictionary-master\src\kamosi\KamosiHelp.java,kamosi.HtmlPane,linkActivated/1[java.net.URL],false,70,1,2,1,1,1,4,6,0,2,1,4,0,0,0,0,0,0,0,0,2,0,0,0,0,0,11,4,0,false
D:\Project\Kamosi-Personal-Dictionary-master\Kamosi-Personal-Dictionary-master\src\kamosi\ViewAllUsers.java,kamosi.ViewAllUsers,ViewAllUsers/0,true,33,1,3,2,1,1,14,18,0,0,0,14,1,1,0,0,0,2,3,15,3,2,0,0,0,0,36,1,0,false
D:\Project\Kamosi-Personal-Dictionary-master\Kamosi-Personal-Dictionary-master\src\kamosi\ViewAllUsers.java,kamosi.ViewAllUsers,main/1[java.lang.String[]],false,63,1,1,0,1,1,0,3,0,0,1,0,0,0,0,0,0,0,0,0,0,0,0,0,0,0,4,9,0,false
D:\Project\Kamosi-Personal-Dictionary-master\Kamosi-Personal-Dictionary-master\src\kamosi\ViewAllUsers.java,kamosi.ViewAllUsers,createTable/0,false,69,1,4,1,3,5,10,41,1,9,0,10,0,0,2,1,1,0,7,12,17,1,3,1,0,0,36,2,0,false
D:\Project\Kamosi-Personal-Dictionary-master\Kamosi-Personal-Dictionary-master\src\kamosi\WelcomeScreen.java,kamosi.WelcomePanel,WelcomePanel/1[javax.swing.JFrame],true,80,0,1,1,0,1,7,39,0,0,1,7,0,0,0,0,0,0,12,40,8,0,0,0,0,0,33,1,0,false
D:\Project\Kamosi-Personal-Dictionary-master\Kamosi-Personal-Dictionary-master\src\kamosi\WelcomeScreen.java,kamosi.WelcomePanel,paintComponent/1[java.awt.Graphics],false,146,0,0,0,0,1,4,5,0,1,1,4,0,0,0,0,0,0,1,2,1,0,0,0,0,0,9,1,0,false
D:\Project\Kamosi-Personal-Dictionary-master\Kamosi-Personal-Dictionary-master\src\kamosi\WelcomeScreen.java,kamosi.WelcomePanel,actionPerformed/1[java.awt.event.ActionEvent],false,129,2,2,0,2,3,3,13,0,1,1,3,0,0,0,2,0,0,0,0,1,0,1,0,0,0,16,1,0,false
D:\Project\Kamosi-Personal-Dictionary-master\Kamosi-Personal-Dictionary-master\src\kamosi\ViewLastWeekWords.java,kamosi.ViewLastWeekWords$Anonymous1,"isCellEditable/2[int,int]",false,119,0,0,0,0,1,0,3,1,0,2,0,0,0,0,0,0,0,0,0,0,0,0,0,0,0,6,1,0,false
D:\Project\Kamosi-Personal-Dictionary-master\Kamosi-Personal-Dictionary-master\src\kamosi\KamosiIndexPanel.java,kamosi.KamosiIndexPanel,hyperlinkUpdate/1[javax.swing.event.HyperlinkEvent],false,54,1,1,0,1,2,3,5,0,0,1,3,1,1,0,1,0,0,0,0,0,0,1,0,0,0,7,1,0,false
D:\Project\Kamosi-Personal-Dictionary-master\Kamosi-Personal-Dictionary-master\src\kamosi\KamosiIndexPanel.java,kamosi.KamosiIndexPanel,linkActivated/1[java.net.URL],false,63,1,2,1,1,1,4,6,0,2,1,4,0,0,0,0,0,0,0,0,2,0,0,0,0,0,11,4,0,false
D:\Project\Kamosi-Personal-Dictionary-master\Kamosi-Personal-Dictionary-master\src\kamosi\KamosiIndexPanel.java,kamosi.KamosiIndexPanel,KamosiIndexPanel/1[java.lang.String],true,36,0,1,1,0,3,5,17,0,4,1,5,0,0,0,0,1,0,1,0,6,1,1,0,0,0,24,1,0,false
D:\Project\Kamosi-Personal-Dictionary-master\Kamosi-Personal-Dictionary-master\src\kamosi\Main.java,kamosi.Main,Main/0,true,30,0,0,0,0,1,0,2,0,0,0,0,0,0,0,0,0,0,0,0,0,0,0,0,0,0,5,1,0,true
D:\Project\Kamosi-Personal-Dictionary-master\Kamosi-Personal-Dictionary-master\src\kamosi\Main.java,kamosi.Main,main/1[java.lang.String[]],false,36,1,1,0,1,1,0,3,0,0,1,0,0,0,0,0,0,0,0,0,0,0,0,0,0,0,8,9,0,true
D:\Project\Kamosi-Personal-Dictionary-master\Kamosi-Personal-Dictionary-master\src\kamosi\SearchWordPanel.java,kamosi.SearchWordPanel,actionPerformed/1[java.awt.event.ActionEvent],false,207,2,6,0,6,14,26,120,0,14,1,26,4,1,1,7,3,0,50,2,17,3,5,0,0,0,67,1,0,false
D:\Project\Kamosi-Personal-Dictionary-master\Kamosi-Personal-Dictionary-master\src\kamosi\SearchWordPanel.java,kamosi.SearchWordPanel,enableControls/0,false,368,0,1,1,0,1,3,11,0,0,0,3,0,0,0,0,0,0,0,0,0,0,0,0,0,0,4,1,0,false
D:\Project\Kamosi-Personal-Dictionary-master\Kamosi-Personal-Dictionary-master\src\kamosi\SearchWordPanel.java,kamosi.SearchWordPanel,paintComponent/1[java.awt.Graphics],false,400,0,0,0,0,1,3,9,0,1,1,3,0,0,0,0,0,0,0,16,1,0,0,0,0,0,7,1,0,false
D:\Project\Kamosi-Personal-Dictionary-master\Kamosi-Personal-Dictionary-master\src\kamosi\SearchWordPanel.java,kamosi.SearchWordPanel,SearchWordPanel/1[int],true,58,1,3,1,2,1,15,87,0,0,1,15,2,1,0,0,0,0,22,77,20,0,0,0,0,0,46,1,0,false
D:\Project\Kamosi-Personal-Dictionary-master\Kamosi-Personal-Dictionary-master\src\kamosi\SearchWordPanel.java,kamosi.SearchWordPanel,keyPressed/1[java.awt.event.KeyEvent],false,472,0,0,0,0,1,0,2,0,0,1,0,0,0,0,0,0,0,0,0,0,0,0,0,0,0,5,1,0,false
D:\Project\Kamosi-Personal-Dictionary-master\Kamosi-Personal-Dictionary-master\src\kamosi\SearchWordPanel.java,kamosi.SearchWordPanel,keyTyped/1[java.awt.event.KeyEvent],false,412,2,4,0,4,7,20,51,0,5,1,20,2,1,1,2,1,0,25,2,6,1,5,0,0,0,43,1,0,false
D:\Project\Kamosi-Personal-Dictionary-master\Kamosi-Personal-Dictionary-master\src\kamosi\SearchWordPanel.java,kamosi.SearchWordPanel,setWordID/1[int],false,204,0,2,2,0,1,0,3,0,0,1,0,0,0,0,0,0,0,0,0,1,0,0,0,0,0,6,1,0,false
D:\Project\Kamosi-Personal-Dictionary-master\Kamosi-Personal-Dictionary-master\src\kamosi\SearchWordPanel.java,kamosi.SearchWordPanel,disableControls/0,false,348,0,2,2,0,1,3,11,0,0,0,3,0,0,0,0,0,0,0,0,0,0,0,0,0,0,3,1,0,false
D:\Project\Kamosi-Personal-Dictionary-master\Kamosi-Personal-Dictionary-master\src\kamosi\SearchWordPanel.java,kamosi.SearchWordPanel,UpdateCatCombo/0,false,169,1,4,2,2,4,12,28,0,6,0,12,0,0,1,1,1,0,9,4,10,2,2,0,0,0,33,1,0,false
D:\Project\Kamosi-Personal-Dictionary-master\Kamosi-Personal-Dictionary-master\src\kamosi\SearchWordPanel.java,kamosi.SearchWordPanel,"displayResult/6[java.lang.String,java.lang.String,java.lang.String,java.lang.String,java.lang.String,java.lang.String]",false,389,0,2,2,0,1,2,8,0,0,6,2,0,0,0,0,0,0,0,0,0,0,0,0,0,0,9,1,0,false
D:\Project\Kamosi-Personal-Dictionary-master\Kamosi-Personal-Dictionary-master\src\kamosi\SearchWordPanel.java,kamosi.SearchWordPanel,keyReleased/1[java.awt.event.KeyEvent],false,475,0,0,0,0,1,0,2,0,0,1,0,0,0,0,0,0,0,0,0,0,0,0,0,0,0,5,1,0,false
D:\Project\Kamosi-Personal-Dictionary-master\Kamosi-Personal-Dictionary-master\src\kamosi\AddWordPanel.java,kamosi.AddWordPanel,actionPerformed/1[java.awt.event.ActionEvent],false,176,2,3,0,3,13,19,52,0,16,1,19,1,1,1,3,1,0,34,4,21,9,5,0,0,0,56,1,0,false
D:\Project\Kamosi-Personal-Dictionary-master\Kamosi-Personal-Dictionary-master\src\kamosi\AddWordPanel.java,kamosi.AddWordPanel,clearFields/0,false,242,0,1,1,0,1,2,7,0,0,0,2,0,0,0,0,0,0,4,0,0,0,0,0,0,0,2,1,0,false
D:\Project\Kamosi-Personal-Dictionary-master\Kamosi-Personal-Dictionary-master\src\kamosi\AddWordPanel.java,kamosi.AddWordPanel,AddWordPanel/1[int],true,49,1,2,1,1,1,13,68,0,0,1,13,1,1,0,0,0,0,18,56,16,0,0,0,0,0,42,1,0,true
D:\Project\Kamosi-Personal-Dictionary-master\Kamosi-Personal-Dictionary-master\src\kamosi\AddWordPanel.java,kamosi.AddWordPanel,UpdateCatCombo/0,false,141,1,5,3,2,4,12,28,0,6,0,12,0,0,1,1,1,0,9,4,10,2,2,0,0,0,34,1,0,false
D:\Project\Kamosi-Personal-Dictionary-master\Kamosi-Personal-Dictionary-master\src\kamosi\AddWordPanel.java,kamosi.AddWordPanel,paintComponent/1[java.awt.Graphics],false,250,0,0,0,0,1,5,9,0,1,1,5,0,0,0,0,0,0,2,7,1,0,0,0,0,0,10,1,0,false
D:\Project\Kamosi-Personal-Dictionary-master\Kamosi-Personal-Dictionary-master\src\kamosi\DictionaryFrame.java,kamosi.DictionaryFrame,keyReleased/1[java.awt.event.KeyEvent],false,222,0,0,0,0,1,0,2,0,0,1,0,0,0,0,0,0,0,0,0,0,0,0,0,0,0,5,1,0,false
D:\Project\Kamosi-Personal-Dictionary-master\Kamosi-Personal-Dictionary-master\src\kamosi\DictionaryFrame.java,kamosi.DictionaryFrame,actionPerformed/1[java.awt.event.ActionEvent],false,93,1,2,0,2,11,17,53,0,9,1,17,0,0,1,2,1,0,48,6,21,9,7,0,0,0,38,1,0,false
D:\Project\Kamosi-Personal-Dictionary-master\Kamosi-Personal-Dictionary-master\src\kamosi\DictionaryFrame.java,kamosi.DictionaryFrame,DictionaryFrame/0,true,46,0,2,2,0,1,20,31,0,0,0,20,0,0,0,0,0,2,5,28,5,2,0,0,0,0,42,1,0,true
D:\Project\Kamosi-Personal-Dictionary-master\Kamosi-Personal-Dictionary-master\src\kamosi\DictionaryFrame.java,kamosi.DictionaryFrame,main/1[java.lang.String[]],false,89,1,1,0,1,1,0,3,0,0,1,0,0,0,0,0,0,0,0,0,0,0,0,0,0,0,3,9,0,false
D:\Project\Kamosi-Personal-Dictionary-master\Kamosi-Personal-Dictionary-master\src\kamosi\DictionaryFrame.java,kamosi.DictionaryFrame,keyTyped/1[java.awt.event.KeyEvent],false,157,1,2,0,2,11,17,52,0,8,1,17,0,0,1,2,1,0,48,6,20,9,7,0,0,0,34,1,0,false
D:\Project\Kamosi-Personal-Dictionary-master\Kamosi-Personal-Dictionary-master\src\kamosi\DictionaryFrame.java,kamosi.DictionaryFrame,keyPressed/1[java.awt.event.KeyEvent],false,219,0,0,0,0,1,0,2,0,0,1,0,0,0,0,0,0,0,0,0,0,0,0,0,0,0,5,1,0,false
D:\Project\Kamosi-Personal-Dictionary-master\Kamosi-Personal-Dictionary-master\src\kamosi\Login.java,kamosi.Login$Anonymous1,windowClosing/1[java.awt.event.WindowEvent],false,54,0,2,0,2,1,3,5,0,0,1,3,0,0,0,0,0,0,0,1,0,0,0,0,0,0,9,1,0,false
D:\Project\Kamosi-Personal-Dictionary-master\Kamosi-Personal-Dictionary-master\src\kamosi\NewUser.java,kamosi.NewUser,actionPerformed/1[java.awt.event.ActionEvent],false,75,1,2,0,2,8,22,52,0,19,1,22,0,0,1,3,1,0,32,4,20,7,5,0,0,0,61,1,0,false
D:\Project\Kamosi-Personal-Dictionary-master\Kamosi-Personal-Dictionary-master\src\kamosi\NewUser.java,kamosi.NewUser,NewUser/0,true,20,0,1,1,0,1,14,32,0,0,0,14,0,0,0,0,0,1,6,31,6,2,0,0,0,0,32,1,0,false
D:\Project\Kamosi-Personal-Dictionary-master\Kamosi-Personal-Dictionary-master\src\kamosi\KamosiHelp.java,kamosi.KamosiHelp,"KamosiHelp/2[java.lang.String,java.lang.String]",true,20,1,2,1,1,1,7,8,0,1,2,7,0,0,0,0,0,2,1,4,1,2,0,0,0,0,19,1,0,false
D:\Project\Kamosi-Personal-Dictionary-master\Kamosi-Personal-Dictionary-master\src\kamosi\EditWordFrame.java,kamosi.EditWordFrame,enableControls/0,false,252,0,1,1,0,1,3,9,0,0,0,3,0,0,0,0,0,0,0,0,0,0,0,0,0,0,3,1,0,false
D:\Project\Kamosi-Personal-Dictionary-master\Kamosi-Personal-Dictionary-master\src\kamosi\EditWordFrame.java,kamosi.EditWordFrame,"EditWordFrame/2[int,int]",true,49,1,6,3,3,1,24,81,0,0,2,24,3,2,0,0,0,2,21,67,18,2,0,0,0,0,65,1,0,true
D:\Project\Kamosi-Personal-Dictionary-master\Kamosi-Personal-Dictionary-master\src\kamosi\EditWordFrame.java,kamosi.EditWordFrame,main/1[java.lang.String[]],false,162,0,0,0,0,1,0,2,0,0,1,0,0,0,0,0,0,0,0,0,0,0,0,0,0,0,1,9,0,false
D:\Project\Kamosi-Personal-Dictionary-master\Kamosi-Personal-Dictionary-master\src\kamosi\EditWordFrame.java,kamosi.EditWordFrame,"displayResult/6[java.lang.String,java.lang.String,java.lang.String,java.lang.String,java.lang.String,java.lang.String]",false,303,0,1,1,0,1,2,8,0,0,6,2,0,0,0,0,0,0,0,0,0,0,0,0,0,0,9,1,0,false
D:\Project\Kamosi-Personal-Dictionary-master\Kamosi-Personal-Dictionary-master\src\kamosi\EditWordFrame.java,kamosi.EditWordFrame,DisplayWordDetails/0,false,271,2,4,1,3,4,10,25,0,5,0,10,1,1,1,1,1,0,10,2,6,1,2,0,0,0,31,1,0,false
D:\Project\Kamosi-Personal-Dictionary-master\Kamosi-Personal-Dictionary-master\src\kamosi\EditWordFrame.java,kamosi.EditWordFrame,disableControls/0,false,234,0,2,2,0,1,3,9,0,0,0,3,0,0,0,0,0,0,0,0,0,0,0,0,0,0,3,1,0,false
D:\Project\Kamosi-Personal-Dictionary-master\Kamosi-Personal-Dictionary-master\src\kamosi\EditWordFrame.java,kamosi.EditWordFrame,actionPerformed/1[java.awt.event.ActionEvent],false,165,2,4,0,4,8,15,54,0,9,1,15,2,1,0,5,2,0,18,0,11,2,3,0,0,0,51,1,0,false
D:\Project\Kamosi-Personal-Dictionary-master\Kamosi-Personal-Dictionary-master\src\kamosi\EditWordFrame.java,kamosi.EditWordFrame,UpdateCatCombo/0,false,314,1,3,1,2,4,11,27,0,6,0,11,0,0,1,1,1,0,9,4,10,2,2,0,0,0,32,1,0,false
D:\Project\Kamosi-Personal-Dictionary-master\Kamosi-Personal-Dictionary-master\src\kamosi\KamosiIndexPanel.java,kamosi.KamosiIndexPanel$PageLoader,run/0,false,85,0,0,0,0,3,9,21,0,2,0,9,0,0,0,1,1,0,0,0,3,0,2,0,0,0,14,1,0,false
D:\Project\Kamosi-Personal-Dictionary-master\Kamosi-Personal-Dictionary-master\src\kamosi\KamosiIndexPanel.java,kamosi.KamosiIndexPanel$PageLoader,"PageLoader/2[java.net.URL,java.awt.Cursor]",true,78,0,1,1,0,1,0,4,0,0,2,0,0,0,0,0,0,0,0,0,2,0,0,0,0,0,9,0,0,false
D:\Project\Kamosi-Personal-Dictionary-master\Kamosi-Personal-Dictionary-master\src\kamosi\KamosiUI.java,kamosi.KamosiUI$Anonymous1,windowClosing/1[java.awt.event.WindowEvent],false,83,1,2,0,2,1,1,3,0,0,1,1,0,0,0,0,0,0,0,0,0,0,0,0,0,0,6,1,0,false
D:\Project\Kamosi-Personal-Dictionary-master\Kamosi-Personal-Dictionary-master\src\kamosi\SearchByDatePanel.java,kamosi.SearchByDatePanel,UpdateTableView/0,false,184,1,3,2,1,3,7,15,0,1,0,7,1,1,0,1,0,0,0,1,2,0,2,0,0,0,10,1,0,false
D:\Project\Kamosi-Personal-Dictionary-master\Kamosi-Personal-Dictionary-master\src\kamosi\SearchByDatePanel.java,kamosi.SearchByDatePanel,actionPerformed/1[java.awt.event.ActionEvent],false,202,3,4,0,4,7,13,34,0,10,1,13,1,2,0,5,1,0,7,3,12,2,4,0,0,0,53,1,0,false
D:\Project\Kamosi-Personal-Dictionary-master\Kamosi-Personal-Dictionary-master\src\kamosi\SearchByDatePanel.java,kamosi.SearchByDatePanel,createTable/0,false,122,1,5,2,3,5,12,51,1,9,0,12,0,0,2,0,1,0,28,27,28,9,3,1,0,0,39,1,0,false
D:\Project\Kamosi-Personal-Dictionary-master\Kamosi-Personal-Dictionary-master\src\kamosi\SearchByDatePanel.java,kamosi.SearchByDatePanel,paintComponent/1[java.awt.Graphics],false,248,0,0,0,0,1,3,9,0,1,1,3,0,0,0,0,0,0,0,16,1,0,0,0,0,0,7,1,0,false
D:\Project\Kamosi-Personal-Dictionary-master\Kamosi-Personal-Dictionary-master\src\kamosi\SearchByDatePanel.java,kamosi.SearchByDatePanel,SearchByDatePanel/1[int],true,46,1,2,1,1,6,7,51,0,3,1,7,1,1,3,0,0,0,11,48,15,5,2,0,0,0,39,1,0,true
D:\Project\Kamosi-Personal-Dictionary-master\Kamosi-Personal-Dictionary-master\src\kamosi\InformationPage.java,kamosi.InformationPage,InformationPage/1[int],true,47,1,3,2,1,1,12,13,0,0,1,12,0,0,0,0,0,2,2,7,2,2,0,0,0,0,32,1,0,true
D:\Project\Kamosi-Personal-Dictionary-master\Kamosi-Personal-Dictionary-master\src\kamosi\InformationPage.java,kamosi.InformationPage,main/1[java.lang.String[]],false,67,1,1,0,1,1,0,3,0,0,1,0,0,0,0,0,0,0,0,1,0,0,0,0,0,0,3,9,0,false
D:\Project\Kamosi-Personal-Dictionary-master\Kamosi-Personal-Dictionary-master\src\kamosi\ViewAllWordsPanel.java,kamosi.ViewAllWordsPanel,actionPerformed/1[java.awt.event.ActionEvent],false,235,2,3,0,3,5,12,30,0,10,1,12,0,0,0,3,1,0,6,2,12,2,4,0,0,0,46,1,0,false
D:\Project\Kamosi-Personal-Dictionary-master\Kamosi-Personal-Dictionary-master\src\kamosi\ViewAllWordsPanel.java,kamosi.ViewAllWordsPanel,UpdateTableView/0,false,215,1,3,2,1,3,7,15,0,1,0,7,1,1,0,1,0,0,0,1,2,0,2,0,0,0,10,1,0,false
D:\Project\Kamosi-Personal-Dictionary-master\Kamosi-Personal-Dictionary-master\src\kamosi\ViewAllWordsPanel.java,kamosi.ViewAllWordsPanel,itemStateChanged/1[java.awt.event.ItemEvent],false,127,1,1,0,1,3,2,6,0,1,1,2,1,2,0,2,0,0,0,0,1,0,1,0,0,0,16,1,0,false
D:\Project\Kamosi-Personal-Dictionary-master\Kamosi-Personal-Dictionary-master\src\kamosi\ViewAllWordsPanel.java,kamosi.ViewAllWordsPanel,createTable/0,false,137,1,5,2,3,9,16,64,1,10,0,16,0,0,2,0,1,4,43,31,32,17,3,1,0,0,40,1,0,false
D:\Project\Kamosi-Personal-Dictionary-master\Kamosi-Personal-Dictionary-master\src\kamosi\ViewAllWordsPanel.java,kamosi.ViewAllWordsPanel,ViewAllWordsPanel/1[int],true,51,1,3,1,2,1,9,29,0,0,1,9,2,1,0,0,0,0,9,20,7,0,0,0,0,0,44,1,0,true
D:\Project\Kamosi-Personal-Dictionary-master\Kamosi-Personal-Dictionary-master\src\kamosi\ViewAllWordsPanel.java,kamosi.ViewAllWordsPanel,UpdateCatCombo/0,false,90,1,5,3,2,4,14,31,0,6,0,14,0,0,1,1,1,0,11,4,10,2,2,0,0,0,34,1,0,false
D:\Project\Kamosi-Personal-Dictionary-master\Kamosi-Personal-Dictionary-master\src\kamosi\KamosiUI.java,kamosi.KamosiUI,itemStateChanged/1[java.awt.event.ItemEvent],false,371,1,1,0,1,3,2,5,0,1,1,2,1,1,1,0,0,0,0,1,1,0,2,0,0,0,11,1,0,false
D:\Project\Kamosi-Personal-Dictionary-master\Kamosi-Personal-Dictionary-master\src\kamosi\KamosiUI.java,kamosi.KamosiUI,"KamosiUI/2[java.lang.String,int]",true,73,6,9,2,7,3,29,157,0,3,2,29,0,0,2,0,0,0,57,10,37,0,1,1,0,0,91,1,0,true
D:\Project\Kamosi-Personal-Dictionary-master\Kamosi-Personal-Dictionary-master\src\kamosi\KamosiUI.java,kamosi.KamosiUI,Exit/0,false,277,1,4,2,2,2,6,13,0,2,0,6,0,0,0,1,0,0,3,1,2,0,1,0,0,0,16,1,0,false
D:\Project\Kamosi-Personal-Dictionary-master\Kamosi-Personal-Dictionary-master\src\kamosi\KamosiUI.java,kamosi.KamosiUI,stateChanged/1[javax.swing.event.ChangeEvent],false,386,5,6,0,6,7,9,20,0,0,1,9,0,0,0,0,0,0,6,0,0,0,1,0,0,0,7,1,0,false
D:\Project\Kamosi-Personal-Dictionary-master\Kamosi-Personal-Dictionary-master\src\kamosi\KamosiUI.java,kamosi.KamosiUI,changeLookAndFeel/1[int],false,378,0,1,1,0,2,3,8,0,0,1,3,0,0,0,0,1,0,0,0,0,0,1,0,0,0,7,1,0,false
D:\Project\Kamosi-Personal-Dictionary-master\Kamosi-Personal-Dictionary-master\src\kamosi\KamosiUI.java,kamosi.KamosiUI,actionPerformed/1[java.awt.event.ActionEvent],false,293,12,12,0,12,19,13,68,0,6,1,13,1,1,1,16,0,0,8,1,7,1,3,0,0,0,64,1,0,false
D:\Project\Kamosi-Personal-Dictionary-master\Kamosi-Personal-Dictionary-master\src\kamosi\AddCategoryUI.java,kamosi.AddCategoryUI,initUI/0,false,52,0,1,1,0,1,17,41,0,0,0,17,0,0,0,0,0,2,12,36,7,2,0,0,0,0,43,1,0,false
D:\Project\Kamosi-Personal-Dictionary-master\Kamosi-Personal-Dictionary-master\src\kamosi\AddCategoryUI.java,kamosi.AddCategoryUI,actionPerformed/1[java.awt.event.ActionEvent],false,105,1,2,0,2,9,19,49,0,13,1,19,0,0,1,3,1,0,21,2,17,5,5,0,0,0,58,1,0,false
D:\Project\Kamosi-Personal-Dictionary-master\Kamosi-Personal-Dictionary-master\src\kamosi\AddCategoryUI.java,kamosi.AddCategoryUI,AddCategoryUI/1[int],true,47,1,2,1,1,1,1,4,0,0,1,1,1,1,0,0,0,0,0,0,1,0,0,0,0,0,7,1,0,false
D:\Project\Kamosi-Personal-Dictionary-master\Kamosi-Personal-Dictionary-master\src\kamosi\DeleteCategoryUI.java,kamosi.DeleteCategoryUI,DeleteCategoryUI/1[int],true,40,1,2,1,1,1,17,25,0,0,1,17,1,1,0,0,0,2,5,19,4,2,0,0,0,0,42,1,0,true
D:\Project\Kamosi-Personal-Dictionary-master\Kamosi-Personal-Dictionary-master\src\kamosi\DeleteCategoryUI.java,kamosi.DeleteCategoryUI,UpdateCatCombo/0,false,77,1,3,1,2,5,13,30,0,6,0,13,0,0,1,2,1,0,8,5,10,2,2,0,0,0,34,1,0,false
D:\Project\Kamosi-Personal-Dictionary-master\Kamosi-Personal-Dictionary-master\src\kamosi\DeleteCategoryUI.java,kamosi.DeleteCategoryUI,actionPerformed/1[java.awt.event.ActionEvent],false,119,1,2,0,2,5,14,34,0,9,1,14,0,0,0,3,1,1,12,4,10,6,3,0,0,0,51,1,0,false
D:\Project\Kamosi-Personal-Dictionary-master\Kamosi-Personal-Dictionary-master\src\kamosi\SearchByDatePanel.java,kamosi.SearchByDatePanel$Anonymous1,"isCellEditable/2[int,int]",false,166,0,0,0,0,1,0,3,1,0,2,0,0,0,0,0,0,0,0,0,0,0,0,0,0,0,6,1,0,false
D:\Project\Kamosi-Personal-Dictionary-master\Kamosi-Personal-Dictionary-master\src\kamosi\ViewAllWordsPanel.java,kamosi.ViewAllWordsPanel$Anonymous1,"isCellEditable/2[int,int]",false,193,0,0,0,0,1,0,3,1,0,2,0,0,0,0,0,0,0,0,0,0,0,0,0,0,0,6,1,0,false
D:\Project\Kamosi-Personal-Dictionary-master\Kamosi-Personal-Dictionary-master\src\kamosi\SoundManger.java,kamosi.SoundManger,play/0,false,38,0,1,1,0,7,9,32,0,3,0,9,0,0,1,1,2,1,0,5,6,0,3,0,0,0,24,1,0,false
D:\Project\Kamosi-Personal-Dictionary-master\Kamosi-Personal-Dictionary-master\src\kamosi\SoundManger.java,kamosi.SoundManger,SoundManger/1[java.lang.String],true,32,0,1,1,0,1,0,3,0,0,1,0,0,0,0,0,0,0,0,0,1,0,0,0,0,0,4,1,0,false
D:\Project\Kamosi-Personal-Dictionary-master\Kamosi-Personal-Dictionary-master\src\kamosi\WelcomeScreen.java,kamosi.WelcomeScreen,Exit/0,false,60,0,1,1,0,2,5,11,0,1,0,5,0,0,0,1,0,0,2,1,1,0,1,0,0,0,13,1,0,false
D:\Project\Kamosi-Personal-Dictionary-master\Kamosi-Personal-Dictionary-master\src\kamosi\WelcomeScreen.java,kamosi.WelcomeScreen,WelcomeScreen/0,true,39,1,6,4,2,1,12,17,0,0,0,12,0,0,0,0,0,2,2,4,1,2,0,1,0,0,40,1,0,true
D:\Project\Kamosi-Personal-Dictionary-master\Kamosi-Personal-Dictionary-master\src\kamosi\ViewLastWeekWords.java,kamosi.ViewLastWeekWords,ViewLastWeekWords/1[int],true,46,1,2,1,1,1,13,17,0,0,1,13,1,1,0,0,0,2,3,15,4,2,0,0,0,0,43,1,0,true
D:\Project\Kamosi-Personal-Dictionary-master\Kamosi-Personal-Dictionary-master\src\kamosi\ViewLastWeekWords.java,kamosi.ViewLastWeekWords,createTable/0,false,76,1,4,1,3,5,11,50,1,8,0,11,0,0,2,0,1,0,25,27,27,8,3,1,0,0,36,1,0,false
D:\Project\Kamosi-Personal-Dictionary-master\Kamosi-Personal-Dictionary-master\src\kamosi\ViewLastWeekWords.java,kamosi.ViewLastWeekWords,main/1[java.lang.String[]],false,73,1,1,0,1,1,0,3,0,0,1,0,0,0,0,0,0,0,0,1,0,0,0,0,0,0,5,9,0,false
D:\Project\Kamosi-Personal-Dictionary-master\Kamosi-Personal-Dictionary-master\src\kamosi\DeleteWordsUI.java,kamosi.DeleteWordsUI,DeleteWordsUI/1[int],true,41,1,2,1,1,1,17,36,0,0,1,17,1,1,0,0,0,2,11,27,6,2,0,0,0,0,48,1,0,true
D:\Project\Kamosi-Personal-Dictionary-master\Kamosi-Personal-Dictionary-master\src\kamosi\DeleteWordsUI.java,kamosi.DeleteWordsUI,UpdateCatCombo/0,false,86,1,3,1,2,4,11,28,0,6,0,11,0,0,1,1,1,0,10,4,10,2,2,0,0,0,32,1,0,false
D:\Project\Kamosi-Personal-Dictionary-master\Kamosi-Personal-Dictionary-master\src\kamosi\DeleteWordsUI.java,kamosi.DeleteWordsUI,actionPerformed/1[java.awt.event.ActionEvent],false,121,1,2,0,2,9,15,42,0,8,1,15,0,0,0,3,1,4,29,4,9,11,4,0,0,0,44,1,0,false
D:\Project\Kamosi-Personal-Dictionary-master\Kamosi-Personal-Dictionary-master\src\kamosi\InformationPage.java,kamosi.InformationPagePanel,paintComponent/1[java.awt.Graphics],false,325,0,0,0,0,1,3,10,0,1,1,3,0,0,0,0,0,0,0,20,1,0,0,0,0,0,7,1,0,false
D:\Project\Kamosi-Personal-Dictionary-master\Kamosi-Personal-Dictionary-master\src\kamosi\InformationPage.java,kamosi.InformationPagePanel,itemStateChanged/1[java.awt.event.ItemEvent],false,377,1,1,0,1,2,2,6,0,1,1,2,1,2,0,1,0,0,0,0,1,0,1,0,0,0,14,1,0,false
D:\Project\Kamosi-Personal-Dictionary-master\Kamosi-Personal-Dictionary-master\src\kamosi\InformationPage.java,kamosi.InformationPagePanel,InformationPagePanel/1[int],true,83,2,5,1,4,2,18,76,0,15,1,18,2,1,0,0,1,2,36,61,41,16,1,0,0,0,77,0,0,false
D:\Project\Kamosi-Personal-Dictionary-master\Kamosi-Personal-Dictionary-master\src\kamosi\InformationPage.java,kamosi.InformationPagePanel,actionPerformed/1[java.awt.event.ActionEvent],false,400,2,3,0,3,11,14,37,0,11,1,14,0,0,0,9,1,0,8,5,13,5,5,0,0,0,51,1,0,false
D:\Project\Kamosi-Personal-Dictionary-master\Kamosi-Personal-Dictionary-master\src\kamosi\InformationPage.java,kamosi.InformationPagePanel,UpdateCatCombo/0,false,338,1,3,1,2,4,13,30,0,6,0,13,0,0,1,1,1,0,11,4,10,2,2,0,0,0,32,1,0,false
D:\Project\Kamosi-Personal-Dictionary-master\Kamosi-Personal-Dictionary-master\src\kamosi\InformationPage.java,kamosi.InformationPagePanel,UpdateTableView/0,false,384,1,2,1,1,3,7,15,0,1,0,7,1,1,0,1,0,0,0,1,2,0,2,0,0,0,10,1,0,false
D:\Project\Kamosi-Personal-Dictionary-master\Kamosi-Personal-Dictionary-master\src\kamosi\InformationPage.java,kamosi.InformationPagePanel,createTable/0,false,201,1,5,2,3,12,14,89,1,19,0,14,0,0,5,0,1,0,54,48,46,17,3,1,0,0,54,1,0,false
D:\Project\Kamosi-Personal-Dictionary-master\Kamosi-Personal-Dictionary-master\src\kamosi\KamosiHelp.java,kamosi.HtmlPane$PageLoader,run/0,false,92,0,0,0,0,3,9,21,0,2,0,9,0,0,0,1,1,0,0,0,3,0,2,0,0,0,14,1,0,false
D:\Project\Kamosi-Personal-Dictionary-master\Kamosi-Personal-Dictionary-master\src\kamosi\KamosiHelp.java,kamosi.HtmlPane$PageLoader,"PageLoader/2[java.net.URL,java.awt.Cursor]",true,85,0,1,1,0,1,0,4,0,0,2,0,0,0,0,0,0,0,0,0,2,0,0,0,0,0,9,0,0,false
D:\Project\Kamosi-Personal-Dictionary-master\Kamosi-Personal-Dictionary-master\src\kamosi\Login.java,kamosi.Login,keyPressed/1[java.awt.event.KeyEvent],false,194,0,0,0,0,1,0,2,0,0,1,0,0,0,0,0,0,0,0,0,0,0,0,0,0,0,5,1,0,false
D:\Project\Kamosi-Personal-Dictionary-master\Kamosi-Personal-Dictionary-master\src\kamosi\Login.java,kamosi.Login,actionPerformed/1[java.awt.event.ActionEvent],false,92,3,4,0,4,9,19,52,0,7,1,19,0,0,1,2,2,0,15,1,10,1,4,0,0,0,47,1,0,false
D:\Project\Kamosi-Personal-Dictionary-master\Kamosi-Personal-Dictionary-master\src\kamosi\Login.java,kamosi.Login,keyTyped/1[java.awt.event.KeyEvent],false,147,2,3,0,3,8,19,46,0,6,1,19,0,0,1,1,2,0,15,1,9,1,4,0,0,0,40,1,0,false
D:\Project\Kamosi-Personal-Dictionary-master\Kamosi-Personal-Dictionary-master\src\kamosi\Login.java,kamosi.Login,keyReleased/1[java.awt.event.KeyEvent],false,197,0,0,0,0,1,0,2,0,0,1,0,0,0,0,0,0,0,0,0,0,0,0,0,0,0,5,1,0,false
D:\Project\Kamosi-Personal-Dictionary-master\Kamosi-Personal-Dictionary-master\src\kamosi\Login.java,kamosi.Login,Login/0,true,45,0,2,1,1,1,14,40,0,0,0,14,0,0,0,0,0,0,6,31,7,2,0,1,0,0,45,1,0,true
D:\Project\Kamosi-Personal-Dictionary-master\Kamosi-Personal-Dictionary-master\src\kamosi\ReportsPanel.java,kamosi.ReportsPanel,actionPerformed/1[java.awt.event.ActionEvent],false,112,1,1,0,1,2,2,6,0,1,1,2,1,1,0,1,0,0,0,0,1,0,1,0,0,0,11,1,0,false
D:\Project\Kamosi-Personal-Dictionary-master\Kamosi-Personal-Dictionary-master\src\kamosi\ReportsPanel.java,kamosi.ReportsPanel,CreateReport/0,false,121,4,3,1,2,7,19,48,0,14,0,19,0,0,0,0,2,5,28,4,19,9,1,0,0,0,41,1,0,false
D:\Project\Kamosi-Personal-Dictionary-master\Kamosi-Personal-Dictionary-master\src\kamosi\ReportsPanel.java,kamosi.ReportsPanel,paintComponent/1[java.awt.Graphics],false,184,0,0,0,0,1,3,9,0,1,1,3,0,0,0,0,0,0,0,16,1,0,0,0,0,0,7,1,0,false
D:\Project\Kamosi-Personal-Dictionary-master\Kamosi-Personal-Dictionary-master\src\kamosi\ReportsPanel.java,kamosi.ReportsPanel,ReportsPanel/1[int],true,43,1,2,1,1,1,7,24,0,0,1,7,1,1,0,0,0,0,9,16,5,0,0,0,0,0,30,1,0,false
D:\Project\Kamosi-Personal-Dictionary-master\Kamosi-Personal-Dictionary-master\src\kamosi\ReportsPanel.java,kamosi.ReportsPanel,UpdateCatCombo/0,false,74,1,4,2,2,4,13,30,0,6,0,13,0,0,1,1,1,0,11,4,10,2,2,0,0,0,34,1,0,false
D:\Project\Kamosi-Personal-Dictionary-master\Kamosi-Personal-Dictionary-master\src\kamosi\DBConnection.java,kamosi.DBConnection,getDBConnection/0,false,32,1,34,33,1,2,0,4,1,0,0,0,0,0,0,1,0,0,0,0,1,0,1,0,0,0,6,9,0,false
D:\Project\Kamosi-Personal-Dictionary-master\Kamosi-Personal-Dictionary-master\src\kamosi\DBConnection.java,kamosi.DBConnection,initConnection/0,false,40,0,1,1,0,3,3,14,0,0,0,3,0,0,0,0,2,0,3,0,1,0,2,0,0,0,13,1,0,false
D:\Project\Kamosi-Personal-Dictionary-master\Kamosi-Personal-Dictionary-master\src\kamosi\DBConnection.java,kamosi.DBConnection,getConnection/0,false,56,0,33,33,0,1,0,3,1,0,0,0,0,0,0,0,0,0,0,0,0,0,0,0,0,0,3,1,0,false
D:\Project\Kamosi-Personal-Dictionary-master\Kamosi-Personal-Dictionary-master\src\kamosi\DBConnection.java,kamosi.DBConnection,DBConnection/0,true,28,1,2,1,1,1,1,3,0,0,0,1,1,1,0,0,0,0,0,0,0,0,0,0,0,0,8,2,0,true
D:\Project\Kamosi-Personal-Dictionary-master\Kamosi-Personal-Dictionary-master\src\kamosi\InformationPage.java,kamosi.InformationPagePanel$Anonymous1,"isCellEditable/2[int,int]",false,306,0,0,0,0,1,0,3,1,0,2,0,0,0,0,0,0,0,0,0,0,0,0,0,0,0,6,1,0,false
D:\Project\Kamosi-Personal-Dictionary-master\Kamosi-Personal-Dictionary-master\src\kamosi\RegisterUI.java,kamosi.RegisterUI,registerToServer/0,false,103,2,4,1,3,11,23,63,0,17,0,23,0,0,2,1,2,0,41,3,24,7,4,0,0,0,66,1,0,false
D:\Project\Kamosi-Personal-Dictionary-master\Kamosi-Personal-Dictionary-master\src\kamosi\RegisterUI.java,kamosi.RegisterUI,RegisterUI/0,true,45,1,2,1,1,1,1,3,0,0,0,1,1,1,0,0,0,0,0,0,0,0,0,0,0,0,8,1,0,true
D:\Project\Kamosi-Personal-Dictionary-master\Kamosi-Personal-Dictionary-master\src\kamosi\RegisterUI.java,kamosi.RegisterUI,actionPerformed/1[java.awt.event.ActionEvent],false,173,2,2,0,2,3,4,11,0,1,1,4,1,1,0,2,0,0,0,0,1,0,1,0,0,0,18,1,0,false
D:\Project\Kamosi-Personal-Dictionary-master\Kamosi-Personal-Dictionary-master\src\kamosi\RegisterUI.java,kamosi.RegisterUI,initUI/0,false,48,0,1,1,0,1,16,41,0,0,0,16,0,0,0,0,0,1,9,44,9,2,0,0,0,0,49,1,0,false
