file,class,type,cbo,cboModified,fanin,fanout,wmc,dit,noc,rfc,lcom,lcom*,tcc,lcc,totalMethodsQty,staticMethodsQty,publicMethodsQty,privateMethodsQty,protectedMethodsQty,defaultMethodsQty,visibleMethodsQty,abstractMethodsQty,finalMethodsQty,synchronizedMethodsQty,totalFieldsQty,staticFieldsQty,publicFieldsQty,privateFieldsQty,protectedFieldsQty,defaultFieldsQty,finalFieldsQty,synchronizedFieldsQty,nosi,loc,returnQty,loopQty,comparisonsQty,tryCatchQty,parenthesizedExpsQty,stringLiteralsQty,numbersQty,assignmentsQty,mathOperationsQty,variablesQty,maxNestedBlocksQty,anonymousClassesQty,innerClassesQty,lambdasQty,uniqueWordsQty,modifiers,logStatementsQty
D:\Project\Android-OpenCV-master\Android-OpenCV-master\openCVLibrary300\build\generated\source\r\androidTest\debug\org\opencv\R.java,org.opencv.R,class,0,0,0,0,0,1,0,0,0,0.0,-1.0,-1.0,0,0,0,0,0,0,0,0,0,0,0,0,0,0,0,0,0,0,0,16,0,0,0,0,0,0,0,0,0,0,0,0,3,0,1,17,0
D:\Project\Android-OpenCV-master\Android-OpenCV-master\openCVLibrary300\src\main\java\org\opencv\core\Algorithm.java,org.opencv.core.Algorithm,class,1,13,12,1,9,1,11,4,0,0.0,1.0,1.0,9,4,3,4,2,0,5,0,0,0,1,0,0,0,1,0,1,0,4,25,3,0,0,0,0,0,0,2,0,2,0,0,0,0,16,1,0
D:\Project\Android-OpenCV-master\Android-OpenCV-master\openCVLibrary300\src\main\java\org\opencv\imgcodecs\Imgcodecs.java,org.opencv.imgcodecs.Imgcodecs,class,5,7,2,5,18,1,0,10,153,1.0,0.0,0.0,18,18,9,9,0,0,9,0,0,0,1,1,1,0,0,0,1,0,11,54,9,0,0,0,0,0,45,60,0,60,0,0,0,0,49,1,0
D:\Project\Android-OpenCV-master\Android-OpenCV-master\openCVLibrary300\src\main\java\org\opencv\core\Rect.java,org.opencv.core.Rect,class,4,15,11,4,34,1,0,2,0,0.23333333,0.60952383,0.62857145,15,0,15,0,0,0,15,0,0,0,1,0,1,0,0,0,0,0,4,79,11,0,6,0,13,5,26,27,20,8,1,0,0,0,32,1,0
D:\Project\Android-OpenCV-master\Android-OpenCV-master\openCVLibrary300\src\main\java\org\opencv\ml\RTrees.java,org.opencv.ml.RTrees,class,5,6,1,5,19,4,0,9,171,0.0,0.0,0.0,19,10,8,9,2,0,10,0,0,0,0,0,0,0,0,0,0,0,9,49,8,0,0,0,0,0,0,5,0,5,0,0,0,0,25,1,0
D:\Project\Android-OpenCV-master\Android-OpenCV-master\openCVLibrary300\src\main\java\org\opencv\photo\CalibrateCRF.java,org.opencv.photo.CalibrateCRF,class,4,7,3,4,5,2,2,3,10,0.0,0.0,0.0,5,2,1,2,2,0,3,0,0,0,0,0,0,0,0,0,0,0,3,15,1,0,0,0,0,0,0,1,0,1,0,0,0,0,17,1,0
D:\Project\Android-OpenCV-master\Android-OpenCV-master\openCVLibrary300\src\main\java\org\opencv\core\Point3.java,org.opencv.core.Point3,class,3,7,4,3,20,1,0,2,0,0.18181819,0.6545454,0.6545454,11,0,11,0,0,0,11,0,0,0,1,0,1,0,0,0,0,0,3,62,8,0,5,0,7,4,21,21,24,7,1,0,0,0,25,1,0
D:\Project\Android-OpenCV-master\Android-OpenCV-master\openCVLibrary300\src\main\java\org\opencv\android\OpenCVLoader.java,org.opencv.android.OpenCVLoader,class,4,5,1,4,3,1,0,2,3,1.0,0.0,0.0,3,3,3,0,0,0,3,0,0,0,11,11,11,0,0,0,11,0,3,22,3,0,0,0,0,11,0,11,0,11,0,0,0,0,70,1,0
D:\Project\Android-OpenCV-master\Android-OpenCV-master\openCVLibrary300\build\generated\source\r\androidTest\debug\org\opencv\test\R.java,org.opencv.test.R$styleable,innerclass,1,1,0,1,0,1,0,0,0,NaN,-1.0,-1.0,0,0,0,0,0,0,0,0,0,0,3,3,3,0,0,0,3,0,0,5,0,0,0,0,0,0,4,3,0,3,0,0,0,0,56,25,0
D:\Project\Android-OpenCV-master\Android-OpenCV-master\openCVLibrary300\build\generated\source\buildConfig\release\org\opencv\BuildConfig.java,BuildConfig,class,1,1,0,1,0,1,0,0,0,NaN,-1.0,-1.0,0,0,0,0,0,0,0,0,0,0,6,6,6,0,0,0,6,0,0,8,0,0,0,0,0,4,1,6,0,6,0,0,0,0,23,17,0
D:\Project\Android-OpenCV-master\Android-OpenCV-master\openCVLibrary300\build\generated\source\r\release\org\opencv\R.java,id,innerclass,0,0,0,0,0,1,0,0,0,NaN,-1.0,-1.0,0,0,0,0,0,0,0,0,0,0,3,3,3,0,0,0,0,0,0,5,0,0,0,0,0,0,3,3,0,3,0,0,0,0,7,25,0
D:\Project\Android-OpenCV-master\Android-OpenCV-master\openCVLibrary300\build\generated\source\r\androidTest\debug\org\opencv\R.java,org.opencv.R$id,innerclass,0,0,0,0,0,1,0,0,0,NaN,-1.0,-1.0,0,0,0,0,0,0,0,0,0,0,3,3,3,0,0,0,3,0,0,5,0,0,0,0,0,0,3,3,0,3,0,0,0,0,7,25,0
D:\Project\Android-OpenCV-master\Android-OpenCV-master\openCVLibrary300\src\main\java\org\opencv\core\TermCriteria.java,org.opencv.core.TermCriteria,class,2,12,10,2,17,1,0,2,0,0.625,0.53571427,0.53571427,8,0,8,0,0,0,8,0,0,0,6,3,6,0,0,0,3,0,3,55,6,0,5,0,7,4,22,21,10,10,1,0,0,0,60,1,0
D:\Project\Android-OpenCV-master\Android-OpenCV-master\openCVLibrary300\src\main\java\org\opencv\android\JavaCameraView.java,org.opencv.android.JavaCameraView$JavaCameraFrame,innerclass,3,3,0,3,4,1,0,3,6,0.75,0.8333333,1.0,4,0,4,0,0,0,4,0,0,0,4,0,0,4,0,0,0,0,1,23,2,0,0,0,0,0,3,4,0,4,0,0,0,0,18,2,0
D:\Project\Android-OpenCV-master\Android-OpenCV-master\openCVLibrary300\src\main\java\org\opencv\core\CvException.java,org.opencv.core.CvException,class,0,1,1,0,2,4,0,1,1,1.0,0.0,0.0,2,0,2,0,0,0,2,0,0,0,1,1,0,1,0,0,1,0,0,9,1,0,0,0,0,2,1,1,1,1,0,0,0,0,13,1,0
D:\Project\Android-OpenCV-master\Android-OpenCV-master\openCVLibrary300\src\main\java\org\opencv\android\PortraitCameraView.java,org.opencv.android.PortraitCameraView$JavaCameraSizeAccessor,innerclass,2,2,0,2,2,1,0,0,1,0.0,0.0,0.0,2,0,2,0,0,0,2,0,0,0,0,0,0,0,0,0,0,0,0,10,2,0,0,0,0,0,0,2,0,2,0,0,0,0,12,9,0
D:\Project\Android-OpenCV-master\Android-OpenCV-master\openCVLibrary300\src\main\java\org\opencv\ml\EM.java,org.opencv.ml.EM,class,5,6,1,5,35,3,0,17,595,0.9714286,0.0,0.0,35,18,16,17,2,0,18,0,0,0,1,1,1,0,0,0,1,0,17,90,16,0,0,0,0,0,8,22,0,22,0,0,0,0,53,1,0
D:\Project\Android-OpenCV-master\Android-OpenCV-master\app\src\main\java\com\example\lukasz\opencvtest\MainActivity.java,com.example.lukasz.opencvtest.MainActivity$Anonymous5,anonymous,1,1,0,1,1,1,0,1,0,0.0,NaN,NaN,1,0,1,0,0,0,1,0,0,0,0,0,0,0,0,0,0,0,0,5,0,0,0,0,0,0,0,0,0,0,0,0,0,0,6,-1,0
D:\Project\Android-OpenCV-master\Android-OpenCV-master\openCVLibrary300\src\main\java\org\opencv\photo\MergeDebevec.java,org.opencv.photo.MergeDebevec,class,4,6,2,4,7,3,0,4,21,0.0,0.0,0.0,7,3,2,3,2,0,4,0,0,0,0,0,0,0,0,0,0,0,5,21,2,0,0,0,0,0,0,2,0,2,0,0,0,0,17,1,0
D:\Project\Android-OpenCV-master\Android-OpenCV-master\openCVLibrary300\build\generated\source\r\release\org\opencv\R.java,styleable,innerclass,0,0,0,0,0,1,0,0,0,NaN,-1.0,-1.0,0,0,0,0,0,0,0,0,0,0,3,3,3,0,0,0,1,0,0,5,0,0,0,0,0,0,4,3,0,3,0,0,0,0,56,25,0
D:\Project\Android-OpenCV-master\Android-OpenCV-master\app\src\main\java\com\example\lukasz\opencvtest\MainActivity.java,com.example.lukasz.opencvtest.MainActivity$Anonymous3,anonymous,1,1,0,1,3,1,0,2,3,0.0,0.0,0.0,3,0,3,0,0,0,3,0,0,0,0,0,0,0,0,0,0,0,1,10,0,0,0,0,0,1,0,1,1,0,0,0,0,0,14,-1,0
D:\Project\Android-OpenCV-master\Android-OpenCV-master\app\src\main\java\com\example\lukasz\opencvtest\MainActivity.java,com.example.lukasz.opencvtest.MainActivity$Anonymous4,anonymous,1,1,0,1,3,1,0,2,3,0.0,0.0,0.0,3,0,3,0,0,0,3,0,0,0,0,0,0,0,0,0,0,0,1,10,0,0,0,0,0,1,0,1,1,0,0,0,0,0,14,-1,0
D:\Project\Android-OpenCV-master\Android-OpenCV-master\app\src\main\java\com\example\lukasz\opencvtest\MainActivity.java,com.example.lukasz.opencvtest.MainActivity$Anonymous1,anonymous,1,1,0,1,2,1,0,2,0,0.0,NaN,NaN,1,0,1,0,0,0,1,0,0,0,0,0,0,0,0,0,0,0,0,17,0,0,0,0,0,0,0,0,0,0,1,0,0,0,4,-1,0
D:\Project\Android-OpenCV-master\Android-OpenCV-master\app\src\main\java\com\example\lukasz\opencvtest\MainActivity.java,com.example.lukasz.opencvtest.MainActivity$Anonymous2,anonymous,1,1,0,1,1,1,0,1,0,0.0,NaN,NaN,1,0,1,0,0,0,1,0,0,0,0,0,0,0,0,0,0,0,0,5,0,0,0,0,0,0,0,0,0,0,0,0,0,0,6,-1,0
D:\Project\Android-OpenCV-master\Android-OpenCV-master\openCVLibrary300\src\main\java\org\opencv\core\Size.java,org.opencv.core.Size,class,3,18,15,3,17,1,0,2,0,0.2,0.62222224,0.62222224,10,0,10,0,0,0,10,0,0,0,1,0,1,0,0,0,0,0,2,52,7,0,4,0,5,1,14,15,8,6,1,0,0,0,23,1,0
D:\Project\Android-OpenCV-master\Android-OpenCV-master\openCVLibrary300\src\main\java\org\opencv\features2d\DescriptorMatcher.java,org.opencv.features2d.DescriptorMatcher,class,4,5,1,4,49,1,0,28,0,0.84548104,0.92,0.92,49,25,23,24,2,0,25,0,0,0,2,1,1,0,1,0,2,0,37,160,23,0,0,0,0,0,6,30,0,30,0,0,0,0,69,1,0
D:\Project\Android-OpenCV-master\Android-OpenCV-master\openCVLibrary300\src\main\java\org\opencv\imgproc\LineSegmentDetector.java,org.opencv.imgproc.LineSegmentDetector,class,4,6,2,4,13,2,0,6,78,0.0,0.0,0.0,13,6,5,6,2,0,7,0,0,0,0,0,0,0,0,0,0,0,6,34,5,0,0,0,0,0,0,2,0,2,0,0,0,0,25,1,0
D:\Project\Android-OpenCV-master\Android-OpenCV-master\openCVLibrary300\build\generated\source\buildConfig\debug\org\opencv\BuildConfig.java,org.opencv.BuildConfig,class,0,0,0,0,0,1,0,1,0,NaN,-1.0,-1.0,0,0,0,0,0,0,0,0,0,0,6,6,6,0,0,0,6,0,1,8,0,0,0,0,0,5,1,6,0,6,0,0,0,0,22,17,0
D:\Project\Android-OpenCV-master\Android-OpenCV-master\openCVLibrary300\src\main\java\org\opencv\android\PortraitCameraView.java,org.opencv.android.PortraitCameraView,class,21,22,1,21,31,3,0,49,9,0.80952376,0.2857143,0.47619048,7,0,3,0,4,0,7,0,0,0,18,2,1,12,1,4,2,0,4,237,4,3,12,3,8,21,27,53,18,35,4,0,4,0,99,1,0
D:\Project\Android-OpenCV-master\Android-OpenCV-master\openCVLibrary300\src\main\java\org\opencv\core\Core.java,org.opencv.core.Core,class,9,15,6,9,330,1,0,171,53956,0.9969621,0.0,0.0,329,329,162,167,0,0,162,0,0,0,8,8,7,1,0,0,8,0,174,872,168,0,1,0,0,3,243,220,0,213,1,0,1,0,323,1,0
D:\Project\Android-OpenCV-master\Android-OpenCV-master\openCVLibrary300\src\main\java\org\opencv\android\CameraBridgeViewBase.java,org.opencv.android.CameraBridgeViewBase$CvCameraViewListener,interface,1,1,0,1,3,1,0,0,3,0.0,0.0,0.0,3,0,3,0,0,0,3,0,0,0,0,0,0,0,0,0,0,0,0,5,0,0,0,0,0,0,0,0,0,0,0,0,0,0,61,1,0
D:\Project\Android-OpenCV-master\Android-OpenCV-master\openCVLibrary300\src\main\java\org\opencv\android\Utils.java,org.opencv.android.Utils,class,7,10,3,7,17,1,0,26,45,0.0,0.0,0.0,10,10,8,2,0,0,8,0,0,0,0,0,0,0,0,0,0,0,7,64,4,2,6,1,2,8,11,14,2,14,2,0,0,0,112,1,0
D:\Project\Android-OpenCV-master\Android-OpenCV-master\openCVLibrary300\src\main\java\org\opencv\photo\AlignExposures.java,org.opencv.photo.AlignExposures,class,4,6,2,4,5,2,1,3,10,0.0,0.0,0.0,5,2,1,2,2,0,3,0,0,0,0,0,0,0,0,0,0,0,4,16,1,0,0,0,0,0,0,2,0,2,0,0,0,0,16,1,0
D:\Project\Android-OpenCV-master\Android-OpenCV-master\app\src\androidTest\java\com\example\lukasz\opencvtest\ExampleInstrumentedTest.java,com.example.lukasz.opencvtest.ExampleInstrumentedTest,class,4,4,0,4,1,1,0,3,0,0.0,NaN,NaN,1,0,1,0,0,0,1,0,0,0,0,0,0,0,0,0,0,0,0,6,0,0,0,0,0,1,0,1,0,1,0,0,0,0,21,1,0
D:\Project\Android-OpenCV-master\Android-OpenCV-master\openCVLibrary300\src\main\java\org\opencv\core\Point.java,org.opencv.core.Point,class,3,20,17,3,17,1,0,3,3,0.3,0.46666667,0.46666667,10,0,10,0,0,0,10,0,0,0,1,0,1,0,0,0,0,0,2,52,8,0,4,0,5,3,14,13,10,6,1,0,0,0,25,1,0
D:\Project\Android-OpenCV-master\Android-OpenCV-master\openCVLibrary300\src\main\java\org\opencv\core\MatOfFloat.java,org.opencv.core.MatOfFloat,class,5,10,5,5,23,2,0,14,25,0.55,0.22222222,0.22222222,10,1,9,0,1,0,10,0,0,0,2,2,0,2,0,0,2,0,3,52,6,2,5,0,0,3,16,13,3,11,1,0,0,0,36,1,0
D:\Project\Android-OpenCV-master\Android-OpenCV-master\openCVLibrary300\src\main\java\org\opencv\android\CameraBridgeViewBase.java,org.opencv.android.CameraBridgeViewBase$ListItemAccessor,interface,0,0,0,0,2,1,0,0,1,0.0,0.0,0.0,2,0,2,0,0,0,2,0,0,0,0,0,0,0,0,0,0,0,0,4,0,0,0,0,0,0,0,0,0,0,0,0,0,0,8,1,0
D:\Project\Android-OpenCV-master\Android-OpenCV-master\openCVLibrary300\src\main\java\org\opencv\android\CameraBridgeViewBase.java,org.opencv.android.CameraBridgeViewBase$CvCameraViewFrame,interface,1,1,0,1,2,1,0,0,1,0.0,0.0,0.0,2,0,2,0,0,0,2,0,0,0,0,0,0,0,0,0,0,0,0,4,0,0,0,0,0,0,0,0,0,0,0,0,0,0,32,1,0
D:\Project\Android-OpenCV-master\Android-OpenCV-master\openCVLibrary300\src\main\java\org\opencv\ml\ANN_MLP.java,org.opencv.ml.ANN_MLP,class,5,6,1,5,53,3,0,26,1378,0.9811321,0.0,0.0,53,27,25,26,2,0,27,0,0,0,1,1,1,0,0,0,1,0,26,135,25,0,0,0,0,0,8,20,0,20,0,0,0,0,65,1,0
D:\Project\Android-OpenCV-master\Android-OpenCV-master\openCVLibrary300\src\main\java\org\opencv\video\BackgroundSubtractor.java,org.opencv.video.BackgroundSubtractor,class,3,6,3,3,9,2,2,4,36,0.0,0.0,0.0,9,4,3,4,2,0,5,0,0,0,0,0,0,0,0,0,0,0,4,24,3,0,0,0,0,0,0,0,0,0,0,0,0,0,19,1,0
D:\Project\Android-OpenCV-master\Android-OpenCV-master\openCVLibrary300\src\main\java\org\opencv\ml\Ml.java,org.opencv.ml.Ml,class,0,0,0,0,0,1,0,0,0,NaN,-1.0,-1.0,0,0,0,0,0,0,0,0,0,0,1,1,1,0,0,0,1,0,0,3,0,0,0,0,0,0,7,7,0,7,0,0,0,0,19,1,0
D:\Project\Android-OpenCV-master\Android-OpenCV-master\openCVLibrary300\src\main\java\org\opencv\ml\StatModel.java,org.opencv.ml.StatModel,class,3,11,8,3,17,2,7,8,136,0.9411765,0.0,0.0,17,8,7,8,2,0,9,0,0,0,1,1,1,0,0,0,1,0,8,45,7,0,0,0,0,0,4,11,0,11,0,0,0,0,42,1,0
D:\Project\Android-OpenCV-master\Android-OpenCV-master\openCVLibrary300\build\generated\source\r\release\org\opencv\R.java,R,class,0,0,0,0,0,1,0,0,0,0.0,-1.0,-1.0,0,0,0,0,0,0,0,0,0,0,0,0,0,0,0,0,0,0,0,16,0,0,0,0,0,0,0,0,0,0,0,0,3,0,1,17,0
D:\Project\Android-OpenCV-master\Android-OpenCV-master\openCVLibrary300\src\main\java\org\opencv\core\MatOfInt4.java,org.opencv.core.MatOfInt4,class,5,7,2,5,23,2,0,14,25,0.55,0.22222222,0.22222222,10,1,9,0,1,0,10,0,0,0,2,2,0,2,0,0,2,0,3,52,6,2,5,0,0,3,16,13,3,11,1,0,0,0,37,1,0
D:\Project\Android-OpenCV-master\Android-OpenCV-master\openCVLibrary300\build\generated\source\aidl\debug\org\opencv\engine\OpenCVEngineInterface.java,org.opencv.engine.OpenCVEngineInterface$Stub$Proxy,innerclass,3,3,0,3,8,1,0,8,0,0.14285715,0.71428573,0.71428573,7,0,6,0,0,1,7,0,0,0,1,0,0,1,0,0,0,0,0,79,6,0,1,4,1,0,5,13,0,13,1,0,0,0,65,10,0
D:\Project\Android-OpenCV-master\Android-OpenCV-master\openCVLibrary300\build\generated\source\r\androidTest\debug\org\opencv\R.java,org.opencv.R$styleable,innerclass,1,1,0,1,0,1,0,0,0,NaN,-1.0,-1.0,0,0,0,0,0,0,0,0,0,0,3,3,3,0,0,0,3,0,0,5,0,0,0,0,0,0,4,3,0,3,0,0,0,0,9,25,0
D:\Project\Android-OpenCV-master\Android-OpenCV-master\openCVLibrary300\src\main\java\org\opencv\core\Range.java,org.opencv.core.Range,class,2,18,16,2,22,1,0,5,0,0.23076923,0.5769231,0.5769231,13,1,13,0,0,0,13,0,0,0,1,0,1,0,0,0,0,0,5,62,11,0,4,0,5,3,15,15,10,7,1,0,0,0,30,1,0
D:\Project\Android-OpenCV-master\Android-OpenCV-master\openCVLibrary300\build\generated\source\r\androidTest\debug\org\opencv\test\R.java,org.opencv.test.R,class,0,0,0,0,0,1,0,0,0,0.0,-1.0,-1.0,0,0,0,0,0,0,0,0,0,0,0,0,0,0,0,0,0,0,0,16,0,0,0,0,0,0,0,0,0,0,0,0,3,0,1,17,0
D:\Project\Android-OpenCV-master\Android-OpenCV-master\openCVLibrary300\src\main\java\org\opencv\calib3d\StereoBM.java,org.opencv.calib3d.StereoBM,class,4,5,1,4,39,3,0,19,741,0.974359,0.0,0.0,39,21,18,19,2,0,20,0,0,0,1,1,1,0,0,0,1,0,19,100,18,0,0,0,0,0,2,12,0,12,0,0,0,0,53,1,0
D:\Project\Android-OpenCV-master\Android-OpenCV-master\openCVLibrary300\src\main\java\org\opencv\core\MatOfPoint2f.java,org.opencv.core.MatOfPoint2f,class,6,13,7,6,20,2,0,13,25,0.6,0.22222222,0.22222222,10,1,9,0,1,0,10,0,0,0,2,2,0,2,0,0,2,0,3,54,5,2,3,0,0,2,17,15,9,12,1,0,0,0,33,1,0
D:\Project\Android-OpenCV-master\Android-OpenCV-master\openCVLibrary300\src\main\java\org\opencv\photo\Tonemap.java,org.opencv.photo.Tonemap,class,3,9,6,3,9,2,4,4,36,0.0,0.0,0.0,9,4,3,4,2,0,5,0,0,0,0,0,0,0,0,0,0,0,4,24,3,0,0,0,0,0,0,1,0,1,0,0,0,0,18,1,0
D:\Project\Android-OpenCV-master\Android-OpenCV-master\openCVLibrary300\src\main\java\org\opencv\photo\TonemapReinhard.java,org.opencv.photo.TonemapReinhard,class,2,4,2,2,15,3,0,7,105,0.0,0.0,0.0,15,7,6,7,2,0,8,0,0,0,0,0,0,0,0,0,0,0,7,39,6,0,0,0,0,0,0,3,0,3,0,0,0,0,21,1,0
D:\Project\Android-OpenCV-master\Android-OpenCV-master\openCVLibrary300\src\main\java\org\opencv\android\BaseLoaderCallback.java,org.opencv.android.BaseLoaderCallback$Anonymous7,anonymous,2,2,0,2,1,1,0,1,0,0.0,NaN,NaN,1,0,1,0,0,0,1,0,0,0,0,0,0,0,0,0,0,0,0,5,0,0,0,0,0,0,0,0,0,0,0,0,0,0,5,-1,0
D:\Project\Android-OpenCV-master\Android-OpenCV-master\openCVLibrary300\build\generated\source\r\androidTest\debug\org\opencv\test\R.java,org.opencv.test.R$id,innerclass,0,0,0,0,0,1,0,0,0,NaN,-1.0,-1.0,0,0,0,0,0,0,0,0,0,0,3,3,3,0,0,0,3,0,0,5,0,0,0,0,0,0,3,3,0,3,0,0,0,0,7,25,0
D:\Project\Android-OpenCV-master\Android-OpenCV-master\openCVLibrary300\src\main\java\org\opencv\android\BaseLoaderCallback.java,org.opencv.android.BaseLoaderCallback$Anonymous6,anonymous,2,2,0,2,1,1,0,1,0,0.0,NaN,NaN,1,0,1,0,0,0,1,0,0,0,0,0,0,0,0,0,0,0,0,5,0,0,0,0,0,0,0,0,0,0,0,0,0,0,5,-1,0
D:\Project\Android-OpenCV-master\Android-OpenCV-master\openCVLibrary300\src\main\java\org\opencv\android\BaseLoaderCallback.java,org.opencv.android.BaseLoaderCallback$Anonymous5,anonymous,2,2,0,2,1,1,0,1,0,0.0,NaN,NaN,1,0,1,0,0,0,1,0,0,0,0,0,0,0,0,0,0,0,0,5,0,0,0,0,0,0,0,0,0,0,0,0,0,0,5,-1,0
D:\Project\Android-OpenCV-master\Android-OpenCV-master\openCVLibrary300\src\main\java\org\opencv\android\BaseLoaderCallback.java,org.opencv.android.BaseLoaderCallback$Anonymous4,anonymous,2,2,0,2,1,1,0,1,0,0.0,NaN,NaN,1,0,1,0,0,0,1,0,0,0,0,0,0,0,0,0,0,0,0,5,0,0,0,0,0,0,0,0,0,0,0,0,0,0,5,-1,0
D:\Project\Android-OpenCV-master\Android-OpenCV-master\openCVLibrary300\src\main\java\org\opencv\android\BaseLoaderCallback.java,org.opencv.android.BaseLoaderCallback$Anonymous3,anonymous,2,2,0,2,1,1,0,1,0,0.0,NaN,NaN,1,0,1,0,0,0,1,0,0,0,0,0,0,0,0,0,0,0,0,5,0,0,0,0,0,0,0,0,0,0,0,0,0,0,6,-1,0
D:\Project\Android-OpenCV-master\Android-OpenCV-master\openCVLibrary300\src\main\java\org\opencv\android\BaseLoaderCallback.java,org.opencv.android.BaseLoaderCallback$Anonymous2,anonymous,2,2,0,2,1,1,0,1,0,0.0,NaN,NaN,1,0,1,0,0,0,1,0,0,0,0,0,0,0,0,0,0,0,0,5,0,0,0,0,0,0,0,0,0,0,0,0,0,0,6,-1,0
D:\Project\Android-OpenCV-master\Android-OpenCV-master\openCVLibrary300\src\main\java\org\opencv\core\RotatedRect.java,org.opencv.core.RotatedRect,class,5,9,4,5,19,1,0,13,0,0.2,0.62222224,0.62222224,10,0,10,0,0,0,10,0,0,0,3,0,3,0,0,0,0,0,23,80,7,0,3,0,11,4,62,40,46,12,1,0,0,0,31,1,0
D:\Project\Android-OpenCV-master\Android-OpenCV-master\openCVLibrary300\src\main\java\org\opencv\android\BaseLoaderCallback.java,org.opencv.android.BaseLoaderCallback$Anonymous1,anonymous,2,2,0,2,1,1,0,1,0,0.0,NaN,NaN,1,0,1,0,0,0,1,0,0,0,0,0,0,0,0,0,0,0,0,5,0,0,0,0,0,0,0,0,0,0,0,0,0,0,6,-1,0
D:\Project\Android-OpenCV-master\Android-OpenCV-master\openCVLibrary300\src\main\java\org\opencv\photo\MergeRobertson.java,org.opencv.photo.MergeRobertson,class,4,6,2,4,7,3,0,4,21,0.0,0.0,0.0,7,3,2,3,2,0,4,0,0,0,0,0,0,0,0,0,0,0,5,21,2,0,0,0,0,0,0,2,0,2,0,0,0,0,17,1,0
D:\Project\Android-OpenCV-master\Android-OpenCV-master\openCVLibrary300\src\main\java\org\opencv\videoio\Videoio.java,org.opencv.videoio.Videoio,class,0,0,0,0,0,1,0,0,0,NaN,-1.0,-1.0,0,0,0,0,0,0,0,0,0,0,1,1,1,0,0,0,1,0,0,3,0,0,0,0,0,0,271,281,13,281,0,0,0,0,51,1,0
D:\Project\Android-OpenCV-master\Android-OpenCV-master\openCVLibrary300\src\main\java\org\opencv\ml\LogisticRegression.java,org.opencv.ml.LogisticRegression,class,5,6,1,5,35,3,0,17,595,0.9714286,0.0,0.0,35,18,16,17,2,0,18,0,0,0,1,1,1,0,0,0,1,0,17,90,16,0,0,0,0,0,5,15,0,15,0,0,0,0,53,1,0
D:\Project\Android-OpenCV-master\Android-OpenCV-master\openCVLibrary300\src\main\java\org\opencv\android\StaticHelper.java,org.opencv.android.StaticHelper,class,2,4,2,2,12,1,0,14,6,0.75,NaN,NaN,4,4,1,3,0,0,1,0,0,0,1,1,0,1,0,0,1,0,14,66,3,2,2,2,2,26,1,12,4,7,2,0,0,0,39,0,0
D:\Project\Android-OpenCV-master\Android-OpenCV-master\openCVLibrary300\src\main\java\org\opencv\videoio\VideoCapture.java,org.opencv.videoio.VideoCapture,class,2,3,1,2,29,1,0,14,0,0.10344828,1.0,1.0,29,14,13,14,2,0,15,0,0,0,1,0,0,0,1,0,1,0,14,75,13,0,0,0,0,0,0,13,0,10,0,0,0,0,30,1,0
D:\Project\Android-OpenCV-master\Android-OpenCV-master\openCVLibrary300\src\main\java\org\opencv\core\MatOfByte.java,org.opencv.core.MatOfByte,class,5,10,5,5,23,2,0,14,25,0.55,0.22222222,0.22222222,10,1,9,0,1,0,10,0,0,0,2,2,0,2,0,0,2,0,3,52,6,2,5,0,0,3,16,13,3,11,1,0,0,0,36,1,0
D:\Project\Android-OpenCV-master\Android-OpenCV-master\openCVLibrary300\src\main\java\org\opencv\video\DenseOpticalFlow.java,org.opencv.video.DenseOpticalFlow,class,3,5,2,3,7,2,1,3,21,0.0,0.0,0.0,7,3,2,3,2,0,4,0,0,0,0,0,0,0,0,0,0,0,3,19,2,0,0,0,0,0,0,0,0,0,0,0,0,0,16,1,0
D:\Project\Android-OpenCV-master\Android-OpenCV-master\openCVLibrary300\src\main\java\org\opencv\ml\SVM.java,org.opencv.ml.SVM,class,5,6,1,5,49,3,0,24,1176,0.9795916,0.0,0.0,49,25,23,24,2,0,25,0,0,0,1,1,1,0,0,0,1,0,24,125,23,0,0,0,0,0,18,31,0,31,0,0,0,0,55,1,0
D:\Project\Android-OpenCV-master\Android-OpenCV-master\openCVLibrary300\src\main\java\org\opencv\core\MatOfInt.java,org.opencv.core.MatOfInt,class,5,12,7,5,23,2,0,14,25,0.55,0.22222222,0.22222222,10,1,9,0,1,0,10,0,0,0,2,2,0,2,0,0,2,0,3,52,6,2,5,0,0,3,16,13,3,11,1,0,0,0,37,1,0
D:\Project\Android-OpenCV-master\Android-OpenCV-master\openCVLibrary300\src\main\java\org\opencv\android\BaseLoaderCallback.java,org.opencv.android.BaseLoaderCallback,class,7,12,5,7,10,1,0,11,6,0.75,1.0,1.0,4,0,3,0,0,1,4,0,0,0,2,1,0,1,1,0,1,0,0,118,0,0,0,0,1,22,0,7,1,7,1,7,0,0,68,1025,0
D:\Project\Android-OpenCV-master\Android-OpenCV-master\openCVLibrary300\src\main\java\org\opencv\core\MatOfPoint3f.java,org.opencv.core.MatOfPoint3f,class,6,9,3,6,20,2,0,13,25,0.6,0.22222222,0.22222222,10,1,9,0,1,0,10,0,0,0,2,2,0,2,0,0,2,0,3,55,5,2,3,0,0,2,19,16,13,12,1,0,0,0,33,1,0
D:\Project\Android-OpenCV-master\Android-OpenCV-master\openCVLibrary300\src\main\java\org\opencv\ml\TrainData.java,org.opencv.ml.TrainData,class,2,3,1,2,77,1,0,38,0,0.012987013,0.94871795,0.94871795,77,39,37,38,2,0,39,0,0,0,1,0,0,0,1,0,1,0,38,195,37,0,0,0,0,0,0,31,0,31,0,0,0,0,51,1,0
D:\Project\Android-OpenCV-master\Android-OpenCV-master\openCVLibrary300\src\main\java\org\opencv\objdetect\CascadeClassifier.java,org.opencv.objdetect.CascadeClassifier,class,7,8,1,7,31,1,0,15,0,0.12903225,0.875,0.875,31,16,14,15,2,0,16,0,0,0,1,0,0,0,1,0,1,0,15,92,14,0,0,0,0,0,0,21,0,19,0,0,0,0,48,1,0
D:\Project\Android-OpenCV-master\Android-OpenCV-master\openCVLibrary300\src\main\java\org\opencv\ml\Boost.java,org.opencv.ml.Boost,class,2,3,1,2,17,4,0,8,136,0.9411765,0.0,0.0,17,9,7,8,2,0,9,0,0,0,1,1,1,0,0,0,1,0,8,45,7,0,0,0,0,0,4,8,0,8,0,0,0,0,33,1,0
D:\Project\Android-OpenCV-master\Android-OpenCV-master\openCVLibrary300\src\main\java\org\opencv\core\MatOfKeyPoint.java,org.opencv.core.MatOfKeyPoint,class,6,11,5,6,20,2,0,13,25,0.6,0.22222222,0.22222222,10,1,9,0,1,0,10,0,0,0,2,2,0,2,0,0,2,0,3,59,5,2,3,0,0,2,28,20,30,12,1,0,0,0,33,1,0
D:\Project\Android-OpenCV-master\Android-OpenCV-master\openCVLibrary300\src\main\java\org\opencv\calib3d\Calib3d.java,org.opencv.calib3d.Calib3d,class,11,12,1,11,182,1,0,91,14028,1.0,0.0,0.0,168,168,84,84,0,0,84,0,0,0,1,1,1,0,0,0,1,0,135,593,84,0,14,0,4,0,87,216,0,190,1,0,0,0,213,1,0
D:\Project\Android-OpenCV-master\Android-OpenCV-master\openCVLibrary300\src\main\java\org\opencv\android\JavaCameraView.java,org.opencv.android.JavaCameraView,class,17,19,2,17,44,3,0,44,2,0.72727275,0.41666666,0.5833333,9,0,5,0,4,0,9,0,0,0,11,2,0,9,2,0,2,0,5,265,4,3,19,5,6,27,23,50,16,26,6,0,3,0,138,1,0
D:\Project\Android-OpenCV-master\Android-OpenCV-master\openCVLibrary300\src\main\java\org\opencv\imgproc\CLAHE.java,org.opencv.imgproc.CLAHE,class,5,7,2,5,15,2,0,7,105,0.0,0.0,0.0,15,7,6,7,2,0,8,0,0,0,0,0,0,0,0,0,0,0,7,39,6,0,0,0,0,0,0,2,0,2,0,0,0,0,30,1,0
D:\Project\Android-OpenCV-master\Android-OpenCV-master\openCVLibrary300\build\generated\source\r\androidTest\debug\org\opencv\R.java,org.opencv.R$attr,innerclass,0,0,0,0,0,1,0,0,0,NaN,-1.0,-1.0,0,0,0,0,0,0,0,0,0,0,2,2,2,0,0,0,2,0,0,4,0,0,0,0,0,0,2,2,0,2,0,0,0,0,7,25,0
D:\Project\Android-OpenCV-master\Android-OpenCV-master\openCVLibrary300\src\main\java\org\opencv\android\CameraBridgeViewBase.java,org.opencv.android.CameraBridgeViewBase$CvCameraViewListenerAdapter,innerclass,4,4,0,4,7,1,0,6,10,0.8,0.7,1.0,5,0,5,0,0,0,5,0,0,0,2,0,0,2,0,0,0,0,0,31,1,0,0,0,0,1,0,6,0,3,1,0,0,0,35,4,0
D:\Project\Android-OpenCV-master\Android-OpenCV-master\openCVLibrary300\src\main\java\org\opencv\android\AsyncServiceHelper.java,org.opencv.android.AsyncServiceHelper,class,7,12,5,7,15,1,0,15,3,0.7666667,0.0,0.0,6,3,1,2,3,0,4,0,0,0,10,5,0,0,10,0,3,0,2,298,6,1,4,2,4,16,3,24,5,21,3,3,0,0,76,0,0
D:\Project\Android-OpenCV-master\Android-OpenCV-master\openCVLibrary300\src\main\java\org\opencv\android\AsyncServiceHelper.java,org.opencv.android.AsyncServiceHelper$Anonymous2,anonymous,2,2,0,2,4,1,0,4,6,0.75,0.0,0.0,4,0,4,0,0,0,4,0,0,0,1,0,0,1,0,0,0,0,1,20,1,0,0,0,0,5,0,3,1,2,0,0,0,0,33,-1,0
D:\Project\Android-OpenCV-master\Android-OpenCV-master\openCVLibrary300\src\main\java\org\opencv\android\AsyncServiceHelper.java,org.opencv.android.AsyncServiceHelper$Anonymous3,anonymous,8,8,0,8,10,1,0,16,1,0.0,0.0,0.0,2,0,2,0,0,0,2,0,0,0,0,0,0,0,0,0,0,0,4,155,2,1,3,1,2,19,1,11,4,6,5,2,0,0,62,-1,0
D:\Project\Android-OpenCV-master\Android-OpenCV-master\openCVLibrary300\src\main\java\org\opencv\android\PortraitCameraView.java,org.opencv.android.PortraitCameraView$LayoutMode,enum,0,0,0,0,0,1,0,0,0,0.0,-1.0,-1.0,0,0,0,0,0,0,0,0,0,0,0,0,0,0,0,0,0,0,0,1,0,0,0,0,0,0,0,0,0,0,0,0,0,0,5,9,0
D:\Project\Android-OpenCV-master\Android-OpenCV-master\openCVLibrary300\src\main\java\org\opencv\imgproc\Imgproc.java,org.opencv.imgproc.Imgproc,class,19,23,4,19,430,1,0,212,85491,1.0,0.0,0.0,414,414,207,207,0,0,207,0,0,0,2,2,1,1,0,0,2,0,220,1127,207,0,16,0,9,1,517,509,6,497,1,0,0,0,376,1,0
D:\Project\Android-OpenCV-master\Android-OpenCV-master\openCVLibrary300\src\main\java\org\opencv\photo\AlignMTB.java,org.opencv.photo.AlignMTB,class,6,8,2,6,25,3,0,13,300,0.0,0.0,0.0,25,12,11,12,2,0,13,0,0,0,0,0,0,0,0,0,0,0,16,68,11,0,0,0,0,0,0,8,0,8,0,0,0,0,42,1,0
D:\Project\Android-OpenCV-master\Android-OpenCV-master\openCVLibrary300\src\main\java\org\opencv\core\DMatch.java,org.opencv.core.DMatch,class,1,4,3,1,6,1,0,0,0,0.35,0.6,0.6,5,0,5,0,0,0,5,0,0,0,4,0,4,0,0,0,0,0,0,27,2,0,0,0,0,5,3,8,1,4,0,0,0,0,26,1,0
D:\Project\Android-OpenCV-master\Android-OpenCV-master\openCVLibrary300\src\main\java\org\opencv\android\AsyncServiceHelper.java,org.opencv.android.AsyncServiceHelper$Anonymous1,anonymous,2,2,0,2,5,1,0,4,4,0.5,0.16666667,0.16666667,4,0,4,0,0,0,4,0,0,0,1,0,0,1,0,0,0,0,1,32,1,0,0,0,0,11,0,5,2,4,1,0,0,0,40,-1,0
D:\Project\Android-OpenCV-master\Android-OpenCV-master\openCVLibrary300\src\main\java\org\opencv\core\MatOfRect.java,org.opencv.core.MatOfRect,class,6,10,4,6,20,2,0,13,25,0.6,0.22222222,0.22222222,10,1,9,0,1,0,10,0,0,0,2,2,0,2,0,0,2,0,3,56,5,2,3,0,0,2,21,17,17,12,1,0,0,0,33,1,0
D:\Project\Android-OpenCV-master\Android-OpenCV-master\openCVLibrary300\src\main\java\org\opencv\core\MatOfPoint.java,org.opencv.core.MatOfPoint,class,6,11,5,6,20,2,0,13,25,0.6,0.22222222,0.22222222,10,1,9,0,1,0,10,0,0,0,2,2,0,2,0,0,2,0,3,54,5,2,3,0,0,2,17,15,9,12,1,0,0,0,32,1,0
D:\Project\Android-OpenCV-master\Android-OpenCV-master\openCVLibrary300\src\main\java\org\opencv\photo\TonemapDrago.java,org.opencv.photo.TonemapDrago,class,2,4,2,2,11,3,0,5,55,0.0,0.0,0.0,11,5,4,5,2,0,6,0,0,0,0,0,0,0,0,0,0,0,5,29,4,0,0,0,0,0,0,2,0,2,0,0,0,0,17,1,0
D:\Project\Android-OpenCV-master\Android-OpenCV-master\openCVLibrary300\src\main\java\org\opencv\imgproc\Subdiv2D.java,org.opencv.imgproc.Subdiv2D,class,11,12,1,11,51,1,0,24,0,0.91111106,1.0,1.0,45,22,21,22,2,0,23,0,0,0,2,1,1,0,1,0,2,0,23,145,21,0,6,0,0,0,31,51,0,40,1,0,0,0,77,1,0
D:\Project\Android-OpenCV-master\Android-OpenCV-master\app\src\main\java\com\example\lukasz\opencvtest\MainActivity.java,com.example.lukasz.opencvtest.MainActivity,class,30,31,1,30,71,2,0,75,42,0.8593976,0.40952381,0.74285716,17,2,9,4,4,0,15,0,0,0,27,1,0,2,0,25,1,0,24,430,12,2,8,3,1,38,57,85,17,57,4,5,0,0,171,1,0
D:\Project\Android-OpenCV-master\Android-OpenCV-master\openCVLibrary300\src\main\java\org\opencv\calib3d\StereoMatcher.java,org.opencv.calib3d.StereoMatcher,class,3,6,3,3,29,2,2,14,406,0.9655172,0.0,0.0,29,14,13,14,2,0,15,0,0,0,1,1,1,0,0,0,1,0,14,75,13,0,0,0,1,0,2,8,1,8,0,0,0,0,46,1,0
D:\Project\Android-OpenCV-master\Android-OpenCV-master\openCVLibrary300\src\main\java\org\opencv\android\InstallCallbackInterface.java,org.opencv.android.InstallCallbackInterface,interface,0,8,8,0,4,1,0,0,6,1.0,0.0,0.0,4,0,4,0,0,0,4,0,0,0,2,2,0,0,0,2,2,0,0,8,0,0,0,0,0,0,2,2,0,2,0,0,0,0,33,1,0
D:\Project\Android-OpenCV-master\Android-OpenCV-master\openCVLibrary300\src\main\java\org\opencv\video\BackgroundSubtractorKNN.java,org.opencv.video.BackgroundSubtractorKNN,class,2,4,2,2,31,3,0,15,465,0.0,0.0,0.0,31,15,14,15,2,0,16,0,0,0,0,0,0,0,0,0,0,0,15,79,14,0,0,0,0,0,0,7,0,7,0,0,0,0,32,1,0
D:\Project\Android-OpenCV-master\Android-OpenCV-master\openCVLibrary300\build\generated\source\buildConfig\androidTest\debug\org\opencv\test\BuildConfig.java,org.opencv.test.BuildConfig,class,0,0,0,0,0,1,0,1,0,NaN,-1.0,-1.0,0,0,0,0,0,0,0,0,0,0,6,6,6,0,0,0,6,0,1,8,0,0,0,0,0,5,1,6,0,6,0,0,0,0,22,17,0
D:\Project\Android-OpenCV-master\Android-OpenCV-master\openCVLibrary300\src\main\java\org\opencv\objdetect\Objdetect.java,org.opencv.objdetect.Objdetect,class,4,5,1,4,4,1,0,2,6,1.0,0.0,0.0,4,4,2,2,0,0,2,0,0,0,1,1,1,0,0,0,1,0,2,17,2,0,0,0,0,0,4,8,0,8,0,0,0,0,36,1,0
D:\Project\Android-OpenCV-master\Android-OpenCV-master\openCVLibrary300\src\main\java\org\opencv\android\LoaderCallbackInterface.java,org.opencv.android.LoaderCallbackInterface,interface,1,9,8,1,2,1,0,0,1,1.0,0.0,0.0,2,0,2,0,0,0,2,0,0,0,5,5,0,0,0,5,5,0,0,9,0,0,0,0,0,0,5,5,0,5,0,0,0,0,68,1,0
D:\Project\Android-OpenCV-master\Android-OpenCV-master\openCVLibrary300\src\main\java\org\opencv\core\KeyPoint.java,org.opencv.core.KeyPoint,class,1,3,2,1,7,1,0,0,19,0.7142858,0.04761905,0.04761905,7,0,7,0,0,0,7,0,0,0,6,0,6,0,0,0,0,0,0,34,1,0,0,0,0,7,17,6,1,6,0,0,0,0,53,1,0
D:\Project\Android-OpenCV-master\Android-OpenCV-master\openCVLibrary300\src\main\java\org\opencv\ml\NormalBayesClassifier.java,org.opencv.ml.NormalBayesClassifier,class,3,4,1,3,9,3,0,4,36,0.0,0.0,0.0,9,5,3,4,2,0,5,0,0,0,0,0,0,0,0,0,0,0,4,24,3,0,0,0,0,0,0,3,0,3,0,0,0,0,22,1,0
D:\Project\Android-OpenCV-master\Android-OpenCV-master\openCVLibrary300\src\main\java\org\opencv\photo\MergeExposures.java,org.opencv.photo.MergeExposures,class,4,8,4,4,5,2,3,3,10,0.0,0.0,0.0,5,2,1,2,2,0,3,0,0,0,0,0,0,0,0,0,0,0,3,15,1,0,0,0,0,0,0,1,0,1,0,0,0,0,15,1,0
D:\Project\Android-OpenCV-master\Android-OpenCV-master\openCVLibrary300\build\generated\source\aidl\debug\org\opencv\engine\OpenCVEngineInterface.java,org.opencv.engine.OpenCVEngineInterface$Stub,innerclass,8,8,0,8,13,2,0,12,0,0.65,0.5,0.5,4,1,4,0,0,0,4,0,0,0,5,5,0,1,0,4,5,0,0,150,10,0,2,0,13,1,6,13,4,13,1,0,1,0,91,1033,0
D:\Project\Android-OpenCV-master\Android-OpenCV-master\openCVLibrary300\src\main\java\org\opencv\core\MatOfFloat4.java,org.opencv.core.MatOfFloat4,class,5,7,2,5,23,2,0,14,25,0.55,0.22222222,0.22222222,10,1,9,0,1,0,10,0,0,0,2,2,0,2,0,0,2,0,3,52,6,2,5,0,0,3,16,13,3,11,1,0,0,0,37,1,0
D:\Project\Android-OpenCV-master\Android-OpenCV-master\openCVLibrary300\src\main\java\org\opencv\core\MatOfFloat6.java,org.opencv.core.MatOfFloat6,class,5,7,2,5,23,2,0,14,25,0.55,0.22222222,0.22222222,10,1,9,0,1,0,10,0,0,0,2,2,0,2,0,0,2,0,3,52,6,2,5,0,0,3,16,13,3,11,1,0,0,0,37,1,0
D:\Project\Android-OpenCV-master\Android-OpenCV-master\openCVLibrary300\src\main\java\org\opencv\core\MatOfPoint3.java,org.opencv.core.MatOfPoint3,class,6,7,1,6,20,2,0,13,25,0.6,0.22222222,0.22222222,10,1,9,0,1,0,10,0,0,0,2,2,0,2,0,0,2,0,3,55,5,2,3,0,0,2,19,16,13,12,1,0,0,0,32,1,0
D:\Project\Android-OpenCV-master\Android-OpenCV-master\openCVLibrary300\src\main\java\org\opencv\core\Mat.java,org.opencv.core.Mat,class,12,81,69,12,216,1,14,91,0,0.2,0.80898875,0.80898875,170,87,89,80,1,0,90,0,0,0,1,0,1,0,0,0,1,0,121,484,88,0,46,0,10,48,44,77,32,65,1,0,0,0,123,1,0
D:\Project\Android-OpenCV-master\Android-OpenCV-master\openCVLibrary300\src\main\java\org\opencv\photo\Photo.java,org.opencv.photo.Photo,class,16,17,1,16,102,1,0,52,5151,1.0,0.0,0.0,102,102,51,51,0,0,51,0,0,0,2,2,1,1,0,0,2,0,59,271,51,0,0,0,0,0,10,42,0,42,0,0,0,0,106,1,0
D:\Project\Android-OpenCV-master\Android-OpenCV-master\app\src\test\java\com\example\lukasz\opencvtest\ExampleUnitTest.java,com.example.lukasz.opencvtest.ExampleUnitTest,class,1,1,0,1,1,1,0,1,0,0.0,NaN,NaN,1,0,1,0,0,0,1,0,0,0,0,0,0,0,0,0,0,0,0,5,0,0,0,0,0,0,3,0,1,0,0,0,0,0,23,1,0
D:\Project\Android-OpenCV-master\Android-OpenCV-master\openCVLibrary300\src\main\java\org\opencv\android\PortraitCameraView.java,org.opencv.android.PortraitCameraView$JavaCameraFrame,innerclass,4,4,0,4,7,1,0,5,0,0.35,1.0,1.0,4,0,4,0,0,0,4,0,0,0,5,0,0,5,0,0,0,0,3,32,2,0,3,0,0,0,5,7,0,5,1,0,0,0,20,2,0
D:\Project\Android-OpenCV-master\Android-OpenCV-master\openCVLibrary300\src\main\java\org\opencv\ml\DTrees.java,org.opencv.ml.DTrees,class,3,6,3,3,41,3,2,20,820,0.9756098,0.0,0.0,41,21,19,20,2,0,21,0,0,0,1,1,1,0,0,0,1,0,20,105,19,0,0,0,3,0,7,14,3,14,0,0,0,0,50,1,0
D:\Project\Android-OpenCV-master\Android-OpenCV-master\openCVLibrary300\src\main\java\org\opencv\video\KalmanFilter.java,org.opencv.video.KalmanFilter,class,2,3,1,2,55,1,0,27,0,0.054545455,1.0,1.0,55,27,26,27,2,0,28,0,0,0,1,0,0,0,1,0,1,0,27,140,26,0,0,0,0,0,0,17,0,14,0,0,0,0,33,1,0
D:\Project\Android-OpenCV-master\Android-OpenCV-master\openCVLibrary300\src\main\java\org\opencv\android\AsyncServiceHelper.java,org.opencv.android.AsyncServiceHelper$Anonymous3$Anonymous5,anonymous,2,2,0,2,6,1,0,6,6,0.0,0.0,0.0,4,0,4,0,0,0,4,0,0,0,0,0,0,0,0,0,0,0,0,41,1,0,0,1,0,15,0,1,3,0,2,0,0,0,33,-1,0
D:\Project\Android-OpenCV-master\Android-OpenCV-master\openCVLibrary300\src\main\java\org\opencv\android\JavaCameraView.java,org.opencv.android.JavaCameraView$JavaCameraSizeAccessor,innerclass,2,2,0,2,2,1,0,0,1,0.0,0.0,0.0,2,0,2,0,0,0,2,0,0,0,0,0,0,0,0,0,0,0,0,10,2,0,0,0,0,0,0,2,0,2,0,0,0,0,12,9,0
D:\Project\Android-OpenCV-master\Android-OpenCV-master\openCVLibrary300\src\main\java\org\opencv\android\AsyncServiceHelper.java,org.opencv.android.AsyncServiceHelper$Anonymous3$Anonymous4,anonymous,2,2,0,2,6,1,0,6,6,0.0,0.0,0.0,4,0,4,0,0,0,4,0,0,0,0,0,0,0,0,0,0,0,0,44,1,0,0,1,0,16,0,1,3,0,2,0,0,0,36,-1,0
D:\Project\Android-OpenCV-master\Android-OpenCV-master\openCVLibrary300\src\main\java\org\opencv\objdetect\BaseCascadeClassifier.java,org.opencv.objdetect.BaseCascadeClassifier,class,2,3,1,2,3,2,0,1,3,0.0,0.0,0.0,3,1,0,1,2,0,2,0,0,0,0,0,0,0,0,0,0,0,1,9,0,0,0,0,0,0,0,0,0,0,0,0,0,0,10,1,0
D:\Project\Android-OpenCV-master\Android-OpenCV-master\openCVLibrary300\src\main\java\org\opencv\video\BackgroundSubtractorMOG2.java,org.opencv.video.BackgroundSubtractorMOG2,class,2,4,2,2,51,3,0,25,1275,0.0,0.0,0.0,51,25,24,25,2,0,26,0,0,0,0,0,0,0,0,0,0,0,25,129,24,0,0,0,0,0,0,12,0,12,0,0,0,0,40,1,0
D:\Project\Android-OpenCV-master\Android-OpenCV-master\openCVLibrary300\src\main\java\org\opencv\utils\Converters.java,org.opencv.utils.Converters,class,18,37,19,18,176,1,0,73,990,0.0,0.0,0.0,45,45,45,0,0,0,45,0,0,0,0,0,0,0,0,0,0,0,26,612,23,42,66,0,23,38,284,193,143,135,3,0,0,0,80,1,0
D:\Project\Android-OpenCV-master\Android-OpenCV-master\openCVLibrary300\src\main\java\org\opencv\features2d\DescriptorExtractor.java,org.opencv.features2d.DescriptorExtractor,class,4,5,1,4,20,1,0,15,0,0.89473695,0.8,0.8,19,10,8,9,2,0,10,0,0,0,3,2,1,1,1,0,3,0,13,61,8,0,1,0,1,0,9,25,7,25,0,0,0,0,50,1,0
D:\Project\Android-OpenCV-master\Android-OpenCV-master\openCVLibrary300\build\generated\source\aidl\release\org\opencv\engine\OpenCVEngineInterface.java,Proxy,innerclass,5,5,0,5,8,1,0,8,0,0.14285715,0.0,0.0,7,0,6,0,0,1,7,0,0,0,1,0,0,1,0,0,0,0,0,79,6,0,1,4,1,0,5,13,0,13,1,0,0,0,65,10,0
D:\Project\Android-OpenCV-master\Android-OpenCV-master\openCVLibrary300\src\main\java\org\opencv\android\CameraBridgeViewBase.java,org.opencv.android.CameraBridgeViewBase$Anonymous1,anonymous,2,2,0,2,1,1,0,3,0,0.0,NaN,NaN,1,0,1,0,0,0,1,0,0,0,0,0,0,0,0,0,0,0,0,6,0,0,0,0,1,0,0,0,0,0,0,0,0,0,8,-1,0
D:\Project\Android-OpenCV-master\Android-OpenCV-master\openCVLibrary300\src\main\java\org\opencv\objdetect\HOGDescriptor.java,org.opencv.objdetect.HOGDescriptor,class,8,9,1,8,73,1,0,37,0,0.6940639,0.8933934,0.8933934,73,38,35,36,2,0,37,0,0,0,2,1,1,0,1,0,2,0,39,198,35,0,0,0,0,0,2,39,0,35,0,0,0,0,91,1,0
D:\Project\Android-OpenCV-master\Android-OpenCV-master\openCVLibrary300\src\main\java\org\opencv\android\JavaCameraView.java,org.opencv.android.JavaCameraView$CameraWorker,innerclass,2,2,0,2,9,1,0,5,0,0.0,NaN,NaN,1,0,1,0,0,0,1,0,0,0,0,0,0,0,0,0,0,0,0,23,0,2,0,1,0,1,3,2,3,0,4,0,0,0,19,2,0
D:\Project\Android-OpenCV-master\Android-OpenCV-master\openCVLibrary300\build\generated\source\r\release\org\opencv\R.java,attr,innerclass,0,0,0,0,0,1,0,0,0,NaN,-1.0,-1.0,0,0,0,0,0,0,0,0,0,0,2,2,2,0,0,0,0,0,0,4,0,0,0,0,0,0,2,2,0,2,0,0,0,0,42,25,0
D:\Project\Android-OpenCV-master\Android-OpenCV-master\openCVLibrary300\src\main\java\org\opencv\photo\TonemapDurand.java,org.opencv.photo.TonemapDurand,class,2,4,2,2,19,3,0,9,171,0.0,0.0,0.0,19,9,8,9,2,0,10,0,0,0,0,0,0,0,0,0,0,0,9,49,8,0,0,0,0,0,0,4,0,4,0,0,0,0,23,1,0
D:\Project\Android-OpenCV-master\Android-OpenCV-master\openCVLibrary300\build\generated\source\r\androidTest\debug\org\opencv\test\R.java,org.opencv.test.R$attr,innerclass,0,0,0,0,0,1,0,0,0,NaN,-1.0,-1.0,0,0,0,0,0,0,0,0,0,0,2,2,2,0,0,0,2,0,0,4,0,0,0,0,0,0,2,2,0,2,0,0,0,0,42,25,0
D:\Project\Android-OpenCV-master\Android-OpenCV-master\openCVLibrary300\src\main\java\org\opencv\core\Scalar.java,org.opencv.core.Scalar,class,2,8,6,2,28,1,0,5,0,0.13333334,0.74285716,0.74285716,15,1,15,0,0,0,15,0,0,0,1,0,1,0,0,0,0,0,2,65,12,0,7,0,1,5,54,18,7,4,2,0,0,0,29,1,0
D:\Project\Android-OpenCV-master\Android-OpenCV-master\openCVLibrary300\src\main\java\org\opencv\ml\KNearest.java,org.opencv.ml.KNearest,class,3,4,1,3,25,3,0,12,300,0.96,0.0,0.0,25,13,11,12,2,0,13,0,0,0,1,1,1,0,0,0,1,0,12,65,11,0,0,0,0,0,2,9,0,9,0,0,0,0,38,1,0
D:\Project\Android-OpenCV-master\Android-OpenCV-master\openCVLibrary300\src\main\java\org\opencv\photo\TonemapMantiuk.java,org.opencv.photo.TonemapMantiuk,class,2,4,2,2,11,3,0,5,55,0.0,0.0,0.0,11,5,4,5,2,0,6,0,0,0,0,0,0,0,0,0,0,0,5,29,4,0,0,0,0,0,0,2,0,2,0,0,0,0,17,1,0
D:\Project\Android-OpenCV-master\Android-OpenCV-master\openCVLibrary300\src\main\java\org\opencv\android\FpsMeter.java,org.opencv.android.FpsMeter,class,4,8,4,4,8,1,0,10,0,0.54545456,0.6666667,1.0,4,0,4,0,0,0,4,0,0,0,11,3,0,7,0,4,3,0,5,47,0,0,3,0,1,6,8,19,6,13,3,0,0,0,41,1,0
D:\Project\Android-OpenCV-master\Android-OpenCV-master\openCVLibrary300\src\main\java\org\opencv\photo\CalibrateRobertson.java,org.opencv.photo.CalibrateRobertson,class,3,5,2,3,13,3,0,6,78,0.0,0.0,0.0,13,6,5,6,2,0,7,0,0,0,0,0,0,0,0,0,0,0,6,34,5,0,0,0,0,0,0,3,0,3,0,0,0,0,24,1,0
D:\Project\Android-OpenCV-master\Android-OpenCV-master\openCVLibrary300\src\main\java\org\opencv\features2d\FeatureDetector.java,org.opencv.features2d.FeatureDetector,class,4,5,1,4,19,1,0,12,0,0.9311742,0.8,0.8,19,10,8,9,2,0,10,0,0,0,3,2,1,1,1,0,3,0,14,63,8,0,0,0,0,0,15,61,36,61,0,0,0,0,54,1,0
D:\Project\Android-OpenCV-master\Android-OpenCV-master\openCVLibrary300\build\generated\source\aidl\release\org\opencv\engine\OpenCVEngineInterface.java,Stub,innerclass,7,7,0,7,13,1,0,12,0,0.65,0.0,0.0,4,1,4,0,0,0,4,0,0,0,5,5,0,1,0,4,5,0,0,150,10,0,2,0,13,1,6,13,4,13,1,0,1,0,91,1033,0
D:\Project\Android-OpenCV-master\Android-OpenCV-master\openCVLibrary300\src\main\java\org\opencv\photo\MergeMertens.java,org.opencv.photo.MergeMertens,class,4,6,2,4,19,3,0,10,171,0.0,0.0,0.0,19,9,8,9,2,0,10,0,0,0,0,0,0,0,0,0,0,0,11,51,8,0,0,0,0,0,0,5,0,5,0,0,0,0,30,1,0
D:\Project\Android-OpenCV-master\Android-OpenCV-master\openCVLibrary300\src\main\java\org\opencv\video\Video.java,org.opencv.video.Video,class,14,15,1,14,36,1,0,19,561,1.0,0.0,0.0,34,34,17,17,0,0,17,0,0,0,2,2,1,1,0,0,2,0,19,121,17,0,2,0,0,0,19,46,0,38,1,0,0,0,94,1,0
D:\Project\Android-OpenCV-master\Android-OpenCV-master\openCVLibrary300\src\main\java\org\opencv\photo\CalibrateDebevec.java,org.opencv.photo.CalibrateDebevec,class,2,4,2,2,15,3,0,7,105,0.0,0.0,0.0,15,7,6,7,2,0,8,0,0,0,0,0,0,0,0,0,0,0,7,39,6,0,0,0,0,0,0,3,0,3,0,0,0,0,22,1,0
D:\Project\Android-OpenCV-master\Android-OpenCV-master\openCVLibrary300\src\main\java\org\opencv\android\PortraitCameraView.java,org.opencv.android.PortraitCameraView$CameraWorker,innerclass,2,2,0,2,5,1,0,5,0,0.0,NaN,NaN,1,0,1,0,0,0,1,0,0,0,0,0,0,0,0,0,0,0,0,20,0,1,0,1,0,2,1,1,1,0,3,0,0,0,17,2,0
D:\Project\Android-OpenCV-master\Android-OpenCV-master\openCVLibrary300\src\main\java\org\opencv\features2d\Features2d.java,org.opencv.features2d.Features2d,class,7,8,1,7,15,1,0,10,66,1.0,0.0,0.0,12,12,6,6,0,0,6,0,0,0,1,1,1,0,0,0,1,0,9,52,6,0,3,0,3,0,26,22,0,22,0,0,0,0,50,1,0
D:\Project\Android-OpenCV-master\Android-OpenCV-master\openCVLibrary300\src\main\java\org\opencv\android\CameraBridgeViewBase.java,org.opencv.android.CameraBridgeViewBase$CvCameraViewListener2,interface,2,2,0,2,3,1,0,0,3,0.0,0.0,0.0,3,0,3,0,0,0,3,0,0,0,0,0,0,0,0,0,0,0,0,5,0,0,0,0,0,0,0,0,0,0,0,0,0,0,61,1,0
D:\Project\Android-OpenCV-master\Android-OpenCV-master\openCVLibrary300\build\generated\source\aidl\release\org\opencv\engine\OpenCVEngineInterface.java,OpenCVEngineInterface,interface,4,4,0,4,4,1,0,0,6,0.0,0.0,0.0,4,0,4,0,0,0,4,0,0,0,0,0,0,0,0,0,0,0,0,156,0,0,0,0,0,0,0,0,0,0,0,0,1,0,53,1,0
D:\Project\Android-OpenCV-master\Android-OpenCV-master\openCVLibrary300\src\main\java\org\opencv\android\CameraBridgeViewBase.java,org.opencv.android.CameraBridgeViewBase,class,22,29,7,22,60,2,2,49,237,0.90962976,0.15263158,0.7157895,27,0,15,7,5,0,20,2,0,0,25,9,5,10,9,1,9,0,2,300,1,1,14,1,16,14,31,60,35,40,3,1,5,0,268,1025,0
D:\Project\Android-OpenCV-master\Android-OpenCV-master\openCVLibrary300\src\main\java\org\opencv\core\MatOfDouble.java,org.opencv.core.MatOfDouble,class,5,10,5,5,23,2,0,14,25,0.55,0.22222222,0.22222222,10,1,9,0,1,0,10,0,0,0,2,2,0,2,0,0,2,0,3,52,6,2,5,0,0,3,16,13,3,11,1,0,0,0,36,1,0
D:\Project\Android-OpenCV-master\Android-OpenCV-master\openCVLibrary300\build\generated\source\aidl\debug\org\opencv\engine\OpenCVEngineInterface.java,org.opencv.engine.OpenCVEngineInterface,interface,3,12,9,3,4,2,4,0,6,0.0,0.0,0.0,4,0,4,0,0,0,4,0,0,0,0,0,0,0,0,0,0,0,0,156,0,0,0,0,0,0,0,0,0,0,0,0,1,0,53,1,0
D:\Project\Android-OpenCV-master\Android-OpenCV-master\openCVLibrary300\src\main\java\org\opencv\calib3d\StereoSGBM.java,org.opencv.calib3d.StereoSGBM,class,2,3,1,2,27,3,0,13,351,0.962963,0.0,0.0,27,15,12,13,2,0,14,0,0,0,1,1,1,0,0,0,1,0,13,70,12,0,0,0,0,0,2,9,0,9,0,0,0,0,37,1,0
D:\Project\Android-OpenCV-master\Android-OpenCV-master\openCVLibrary300\src\main\java\org\opencv\core\CvType.java,org.opencv.core.CvType,class,1,18,17,1,34,1,0,10,38,0.9447731,0.25641027,0.61538464,13,13,13,0,0,0,13,0,13,0,3,3,2,1,0,0,3,0,43,95,17,0,0,0,9,15,51,48,19,41,1,0,0,0,44,17,0
D:\Project\Android-OpenCV-master\Android-OpenCV-master\openCVLibrary300\src\main\java\org\opencv\video\DualTVL1OpticalFlow.java,org.opencv.video.DualTVL1OpticalFlow,class,2,4,2,2,3,3,0,1,3,0.0,0.0,0.0,3,1,0,1,2,0,2,0,0,0,0,0,0,0,0,0,0,0,1,9,0,0,0,0,0,0,0,0,0,0,0,0,0,0,13,1,0
D:\Project\Android-OpenCV-master\Android-OpenCV-master\openCVLibrary300\src\main\java\org\opencv\core\MatOfDMatch.java,org.opencv.core.MatOfDMatch,class,6,10,4,6,20,2,0,14,25,0.6,0.22222222,0.22222222,10,1,9,0,1,0,10,0,0,0,2,2,0,2,0,0,2,0,3,56,5,2,3,0,0,2,22,17,20,12,1,0,0,0,34,1,0
D:\Project\Android-OpenCV-master\Android-OpenCV-master\openCVLibrary300\src\main\java\org\opencv\core\Core.java,org.opencv.core.Core$MinMaxLocResult,innerclass,1,1,0,1,1,1,0,0,0,0.0,NaN,NaN,1,0,1,0,0,0,1,0,0,0,4,0,4,0,0,0,0,0,0,12,0,0,0,0,0,0,2,4,0,4,0,0,0,0,8,9,0
