file,class,type,cbo,cboModified,fanin,fanout,wmc,dit,noc,rfc,lcom,lcom*,tcc,lcc,totalMethodsQty,staticMethodsQty,publicMethodsQty,privateMethodsQty,protectedMethodsQty,defaultMethodsQty,visibleMethodsQty,abstractMethodsQty,finalMethodsQty,synchronizedMethodsQty,totalFieldsQty,staticFieldsQty,publicFieldsQty,privateFieldsQty,protectedFieldsQty,defaultFieldsQty,finalFieldsQty,synchronizedFieldsQty,nosi,loc,returnQty,loopQty,comparisonsQty,tryCatchQty,parenthesizedExpsQty,stringLiteralsQty,numbersQty,assignmentsQty,mathOperationsQty,variablesQty,maxNestedBlocksQty,anonymousClassesQty,innerClassesQty,lambdasQty,uniqueWordsQty,modifiers,logStatementsQty
D:\Project\Detection\AutocompleteEngine-master\AutocompleteEngine-master\src\autocomplete\implementation\TrieNode.java,autocomplete.implementation.TrieNode,class,1,3,2,1,4,1,0,0,0,0.375,0.6666667,1.0,4,0,0,0,0,4,4,0,0,0,2,0,0,2,0,0,0,0,0,17,2,0,0,0,0,0,0,3,0,2,0,0,0,0,12,1,0
D:\Project\Detection\AutocompleteEngine-master\AutocompleteEngine-master\src\autocomplete\gui\InputField.java,autocomplete.gui.InputField,class,2,7,5,2,29,1,0,27,21,0.73333335,0.1,0.1,10,0,0,5,0,5,5,0,0,0,6,0,0,6,0,0,1,0,2,100,4,1,5,1,0,0,11,21,2,17,5,3,0,0,66,1,0
D:\Project\Detection\AutocompleteEngine-master\AutocompleteEngine-master\src\autocomplete\gui\InputField.java,autocomplete.gui.InputField$Anonymous2,anonymous,1,1,0,1,2,1,0,2,0,0.0,NaN,NaN,1,0,1,0,0,0,1,0,0,0,0,0,0,0,0,0,0,0,0,6,0,0,0,0,0,0,0,1,0,0,1,0,0,0,10,-1,0
D:\Project\Detection\AutocompleteEngine-master\AutocompleteEngine-master\src\autocomplete\gui\InputField.java,autocomplete.gui.InputField$Anonymous3,anonymous,1,1,0,1,1,1,0,1,0,0.0,NaN,NaN,1,0,1,0,0,0,1,0,0,0,0,0,0,0,0,0,0,0,0,5,0,0,0,0,0,0,0,0,0,0,0,0,0,0,8,-1,0
D:\Project\Detection\AutocompleteEngine-master\AutocompleteEngine-master\src\autocomplete\gui\View.java,autocomplete.gui.View,class,3,5,2,3,8,6,0,32,1,0.6571428,0.0,0.0,7,1,2,5,0,0,2,0,0,0,5,0,0,5,0,0,0,0,2,77,2,0,1,0,0,6,31,13,0,13,1,1,0,0,56,1,0
D:\Project\Detection\AutocompleteEngine-master\AutocompleteEngine-master\src\autocomplete\implementation\Dictionary.java,autocomplete.implementation.Dictionary,class,4,6,2,4,11,1,0,11,0,0.2,1.0,1.0,5,0,4,1,0,0,4,0,0,0,1,0,0,1,0,0,1,0,0,36,4,3,2,0,0,1,0,10,1,10,2,0,0,2,21,1,0
D:\Project\Detection\AutocompleteEngine-master\AutocompleteEngine-master\src\autocomplete\gui\InputField.java,autocomplete.gui.InputField$Anonymous1,anonymous,1,1,0,1,1,1,0,1,0,0.0,NaN,NaN,1,0,1,0,0,0,1,0,0,0,0,0,0,0,0,0,0,0,0,5,0,0,0,0,0,0,0,0,0,0,0,0,0,0,7,-1,0
D:\Project\Detection\AutocompleteEngine-master\AutocompleteEngine-master\src\autocomplete\gui\View.java,autocomplete.gui.View$Anonymous1,anonymous,0,0,0,0,1,1,0,1,0,0.0,NaN,NaN,1,0,1,0,0,0,1,0,0,0,0,0,0,0,0,0,0,0,1,5,0,0,0,0,0,1,0,0,0,0,0,0,0,0,10,-1,0
D:\Project\Detection\AutocompleteEngine-master\AutocompleteEngine-master\src\autocomplete\service\TrieService.java,autocomplete.service.TrieService,interface,1,4,3,1,4,1,0,0,6,0.0,0.0,0.0,4,0,0,0,0,4,4,0,0,0,0,0,0,0,0,0,0,0,0,6,0,0,0,0,0,0,0,0,0,0,0,0,0,0,10,1,0
D:\Project\Detection\AutocompleteEngine-master\AutocompleteEngine-master\src\autocomplete\implementation\Trie.java,autocomplete.implementation.Trie,interface,0,3,3,0,3,1,0,0,3,0.0,0.0,0.0,3,0,0,0,0,3,3,0,0,0,0,0,0,0,0,0,0,0,0,5,0,0,0,0,0,0,0,0,0,0,0,0,0,0,6,1,0
D:\Project\Detection\AutocompleteEngine-master\AutocompleteEngine-master\src\autocomplete\Main.java,autocomplete.Main,class,3,4,1,3,3,1,0,13,3,0.0,NaN,NaN,3,1,1,2,0,0,1,0,0,0,0,0,0,0,0,0,0,0,6,20,2,0,0,0,0,4,0,6,2,6,0,0,0,0,41,1,0
D:\Project\Detection\AutocompleteEngine-master\AutocompleteEngine-master\src\autocomplete\service\Service.java,autocomplete.service.Service,class,3,4,1,3,5,1,0,3,4,0.6,0.3,0.4,5,0,5,0,0,0,5,0,0,0,3,0,0,3,0,0,0,0,1,21,3,0,0,0,0,0,0,3,0,3,0,0,0,0,16,1,0
