file,class,type,cbo,wmc,rfc,lcom
D:\Project\Detection\AutocompleteEngine-master\AutocompleteEngine-master\src\autocomplete\implementation\TrieNode.java,autocomplete.implementation.TrieNode,class,1,4,0,0
D:\Project\Detection\AutocompleteEngine-master\AutocompleteEngine-master\src\autocomplete\gui\InputField.java,autocomplete.gui.InputField,class,2,29,27,21
D:\Project\Detection\AutocompleteEngine-master\AutocompleteEngine-master\src\autocomplete\gui\InputField.java,autocomplete.gui.InputField$Anonymous2,anonymous,1,2,2,0
D:\Project\Detection\AutocompleteEngine-master\AutocompleteEngine-master\src\autocomplete\gui\InputField.java,autocomplete.gui.InputField$Anonymous3,anonymous,1,1,1,0
D:\Project\Detection\AutocompleteEngine-master\AutocompleteEngine-master\src\autocomplete\gui\View.java,autocomplete.gui.View,class,3,8,32,1
D:\Project\Detection\AutocompleteEngine-master\AutocompleteEngine-master\src\autocomplete\implementation\Dictionary.java,autocomplete.implementation.Dictionary,class,4,11,11,0
D:\Project\Detection\AutocompleteEngine-master\AutocompleteEngine-master\src\autocomplete\gui\InputField.java,autocomplete.gui.InputField$Anonymous1,anonymous,1,1,1,0
D:\Project\Detection\AutocompleteEngine-master\AutocompleteEngine-master\src\autocomplete\gui\View.java,autocomplete.gui.View$Anonymous1,anonymous,0,1,1,0
D:\Project\Detection\AutocompleteEngine-master\AutocompleteEngine-master\src\autocomplete\service\TrieService.java,autocomplete.service.TrieService,interface,1,4,0,6
D:\Project\Detection\AutocompleteEngine-master\AutocompleteEngine-master\src\autocomplete\implementation\Trie.java,autocomplete.implementation.Trie,interface,0,3,0,3
D:\Project\Detection\AutocompleteEngine-master\AutocompleteEngine-master\src\autocomplete\Main.java,autocomplete.Main,class,3,3,13,3
D:\Project\Detection\AutocompleteEngine-master\AutocompleteEngine-master\src\autocomplete\service\Service.java,autocomplete.service.Service,class,3,5,3,4
,,,1.666666667,6,7.583333333,3.166666667
