file,class,method,constructor,line,cbo,cboModified,fanin,fanout,wmc,rfc,loc,returnsQty,variablesQty,parametersQty,methodsInvokedQty,methodsInvokedLocalQty,methodsInvokedIndirectLocalQty,loopQty,comparisonsQty,tryCatchQty,parenthesizedExpsQty,stringLiteralsQty,numbersQty,assignmentsQty,mathOperationsQty,maxNestedBlocksQty,anonymousClassesQty,innerClassesQty,lambdasQty,uniqueWordsQty,modifiers,logStatementsQty,hasJavaDoc
D:\Project\Detection\AutocompleteEngine-master\AutocompleteEngine-master\src\autocomplete\implementation\TrieNode.java,autocomplete.implementation.TrieNode,TrieNode/0,true,10,1,2,2,0,1,0,4,0,0,0,0,0,0,0,0,0,0,0,0,2,0,0,0,0,0,3,0,0,false
D:\Project\Detection\AutocompleteEngine-master\AutocompleteEngine-master\src\autocomplete\implementation\TrieNode.java,autocomplete.implementation.TrieNode,isEndOfWord/0,false,19,0,2,2,0,1,0,3,1,0,0,0,0,0,0,0,0,0,0,0,0,0,0,0,0,0,5,0,0,false
D:\Project\Detection\AutocompleteEngine-master\AutocompleteEngine-master\src\autocomplete\implementation\TrieNode.java,autocomplete.implementation.TrieNode,getChildren/0,false,15,1,4,4,0,1,0,3,1,0,0,0,0,0,0,0,0,0,0,0,0,0,0,0,0,0,3,0,0,false
D:\Project\Detection\AutocompleteEngine-master\AutocompleteEngine-master\src\autocomplete\implementation\TrieNode.java,autocomplete.implementation.TrieNode,setEndOfWord/1[boolean],false,23,0,1,1,0,1,0,3,0,0,1,0,0,0,0,0,0,0,0,0,1,0,0,0,0,0,5,0,0,false
D:\Project\Detection\AutocompleteEngine-master\AutocompleteEngine-master\src\autocomplete\gui\InputField.java,autocomplete.gui.InputField,setTextField/1[javax.swing.JTextField],false,32,0,1,1,0,1,0,3,0,0,1,0,0,0,0,0,0,0,0,0,1,0,0,0,0,0,5,0,0,false
D:\Project\Detection\AutocompleteEngine-master\AutocompleteEngine-master\src\autocomplete\gui\InputField.java,autocomplete.gui.InputField,isSorted/1[java.util.List<java.lang.String>],false,40,0,1,1,0,3,3,4,2,1,1,3,0,0,1,0,0,0,0,4,1,2,2,0,0,0,6,2,0,false
D:\Project\Detection\AutocompleteEngine-master\AutocompleteEngine-master\src\autocomplete\gui\InputField.java,autocomplete.gui.InputField,stuffOnKeyPress/1[java.awt.event.KeyEvent],false,95,1,2,1,1,16,11,32,1,4,1,11,1,1,0,5,1,0,0,3,8,0,5,0,0,0,37,2,0,false
D:\Project\Detection\AutocompleteEngine-master\AutocompleteEngine-master\src\autocomplete\gui\InputField.java,autocomplete.gui.InputField,setActions/0,false,47,0,2,1,1,1,1,21,0,0,0,1,0,0,0,0,0,0,0,0,0,0,0,3,0,0,20,0,0,false
D:\Project\Detection\AutocompleteEngine-master\AutocompleteEngine-master\src\autocomplete\gui\InputField.java,autocomplete.gui.InputField,setList/1[javax.swing.JList<java.lang.String>],false,36,0,1,1,0,1,0,3,0,0,1,0,0,0,0,0,0,0,0,0,1,0,0,0,0,0,3,0,0,false
D:\Project\Detection\AutocompleteEngine-master\AutocompleteEngine-master\src\autocomplete\gui\InputField.java,autocomplete.gui.InputField,isNextConsumable/0,false,24,0,1,1,0,1,0,3,1,0,0,0,0,0,0,0,0,0,0,0,0,0,0,0,0,0,4,2,0,false
D:\Project\Detection\AutocompleteEngine-master\AutocompleteEngine-master\src\autocomplete\gui\InputField.java,autocomplete.gui.InputField,InputField/0,true,19,0,1,1,0,1,0,4,0,0,0,0,0,0,0,0,0,0,0,1,2,0,0,0,0,0,7,0,0,false
D:\Project\Detection\AutocompleteEngine-master\AutocompleteEngine-master\src\autocomplete\gui\InputField.java,autocomplete.gui.InputField,setService/1[autocomplete.service.TrieService],false,28,1,1,1,0,1,0,3,0,0,1,0,0,0,0,0,0,0,0,0,1,0,0,0,0,0,4,0,0,false
D:\Project\Detection\AutocompleteEngine-master\AutocompleteEngine-master\src\autocomplete\gui\InputField.java,autocomplete.gui.InputField,updateList/0,false,90,0,2,2,0,1,1,4,0,1,0,1,0,0,0,0,0,0,0,0,1,0,0,0,0,0,5,2,0,false
D:\Project\Detection\AutocompleteEngine-master\AutocompleteEngine-master\src\autocomplete\gui\InputField.java,autocomplete.gui.InputField,updateListUtil/0,false,73,2,2,0,2,3,16,15,0,5,0,16,1,1,0,0,0,0,0,2,5,0,1,0,0,0,26,2,0,false
D:\Project\Detection\AutocompleteEngine-master\AutocompleteEngine-master\src\autocomplete\gui\InputField.java,autocomplete.gui.InputField$Anonymous2,keyTyped/1[java.awt.event.KeyEvent],false,57,1,1,0,1,2,2,4,0,0,1,2,0,0,0,0,0,0,0,0,1,0,1,0,0,0,10,1,0,false
D:\Project\Detection\AutocompleteEngine-master\AutocompleteEngine-master\src\autocomplete\gui\InputField.java,autocomplete.gui.InputField$Anonymous3,keyPressed/1[java.awt.event.KeyEvent],false,66,1,1,0,1,1,1,3,0,0,1,1,0,0,0,0,0,0,0,0,0,0,0,0,0,0,8,1,0,false
D:\Project\Detection\AutocompleteEngine-master\AutocompleteEngine-master\src\autocomplete\gui\View.java,autocomplete.gui.View,addListField/0,false,70,0,1,1,0,1,2,5,0,0,0,2,0,0,0,0,0,0,1,1,1,0,0,0,0,0,5,2,0,false
D:\Project\Detection\AutocompleteEngine-master\AutocompleteEngine-master\src\autocomplete\gui\View.java,autocomplete.gui.View,"View/2[java.lang.String,autocomplete.service.TrieService]",true,18,2,4,1,3,1,14,23,0,0,2,14,2,2,0,0,0,0,0,7,2,0,0,1,0,0,34,1,0,false
D:\Project\Detection\AutocompleteEngine-master\AutocompleteEngine-master\src\autocomplete\gui\View.java,autocomplete.gui.View,addScrollPane/0,false,76,0,1,1,0,1,3,6,0,1,0,3,0,0,0,0,0,0,0,7,1,0,0,0,0,0,7,2,0,false
D:\Project\Detection\AutocompleteEngine-master\AutocompleteEngine-master\src\autocomplete\gui\View.java,autocomplete.gui.View,getPath/0,false,82,0,1,1,0,2,5,11,2,4,0,5,0,0,0,1,0,0,2,0,4,0,1,0,0,0,11,9,0,false
D:\Project\Detection\AutocompleteEngine-master\AutocompleteEngine-master\src\autocomplete\gui\View.java,autocomplete.gui.View,addListeners/0,false,48,1,6,1,5,1,4,7,0,1,0,4,0,0,0,0,0,0,0,0,1,0,0,0,0,0,8,2,0,false
D:\Project\Detection\AutocompleteEngine-master\AutocompleteEngine-master\src\autocomplete\gui\View.java,autocomplete.gui.View,addComponents/0,false,42,1,4,1,3,1,3,5,0,0,0,3,3,1,0,0,0,0,0,0,0,0,0,0,0,0,7,2,0,false
D:\Project\Detection\AutocompleteEngine-master\AutocompleteEngine-master\src\autocomplete\gui\View.java,autocomplete.gui.View,addTextField/0,false,56,0,1,1,0,1,6,13,0,2,0,6,0,0,0,0,0,0,3,16,3,0,0,0,0,0,11,2,0,false
D:\Project\Detection\AutocompleteEngine-master\AutocompleteEngine-master\src\autocomplete\implementation\Dictionary.java,autocomplete.implementation.Dictionary,insert/1[java.lang.String],false,17,1,3,0,3,2,4,5,0,2,1,4,0,0,1,0,0,0,0,0,2,0,1,0,0,1,8,1,0,false
D:\Project\Detection\AutocompleteEngine-master\AutocompleteEngine-master\src\autocomplete\implementation\Dictionary.java,autocomplete.implementation.Dictionary,search/1[java.lang.String],false,25,1,2,0,2,3,4,9,2,2,1,4,0,0,1,1,0,0,0,0,3,0,2,0,0,0,10,1,0,false
D:\Project\Detection\AutocompleteEngine-master\AutocompleteEngine-master\src\autocomplete\implementation\Dictionary.java,autocomplete.implementation.Dictionary,"traverse/3[autocomplete.implementation.TrieNode,java.lang.String,java.util.List<java.lang.String>]",false,35,2,5,2,3,2,5,5,1,2,3,5,1,0,0,0,0,0,0,0,0,1,1,0,0,1,5,2,0,false
D:\Project\Detection\AutocompleteEngine-master\AutocompleteEngine-master\src\autocomplete\implementation\Dictionary.java,autocomplete.implementation.Dictionary,Dictionary/0,true,12,1,1,0,1,1,0,3,0,0,0,0,0,0,0,0,0,0,0,0,1,0,0,0,0,0,4,1,0,false
D:\Project\Detection\AutocompleteEngine-master\AutocompleteEngine-master\src\autocomplete\implementation\Dictionary.java,autocomplete.implementation.Dictionary,startsWith/1[java.lang.String],false,42,2,3,1,2,3,6,11,1,3,1,6,1,1,1,1,0,0,0,0,4,0,2,0,0,0,14,1,0,false
D:\Project\Detection\AutocompleteEngine-master\AutocompleteEngine-master\src\autocomplete\gui\InputField.java,autocomplete.gui.InputField$Anonymous1,keyReleased/1[java.awt.event.KeyEvent],false,50,1,1,0,1,1,1,3,0,0,1,1,0,0,0,0,0,0,0,0,0,0,0,0,0,0,7,1,0,false
D:\Project\Detection\AutocompleteEngine-master\AutocompleteEngine-master\src\autocomplete\gui\View.java,autocomplete.gui.View$Anonymous1,windowClosing/1[java.awt.event.WindowEvent],false,29,0,0,0,0,1,1,3,0,0,1,1,0,0,0,0,0,0,1,0,0,0,0,0,0,0,10,1,0,false
D:\Project\Detection\AutocompleteEngine-master\AutocompleteEngine-master\src\autocomplete\service\TrieService.java,autocomplete.service.TrieService,prefixSearch/1[java.lang.String],false,10,0,1,1,0,1,0,1,0,0,1,0,0,0,0,0,0,0,0,0,0,0,0,0,0,0,3,0,0,false
D:\Project\Detection\AutocompleteEngine-master\AutocompleteEngine-master\src\autocomplete\service\TrieService.java,autocomplete.service.TrieService,buildTrie/1[java.lang.String[]],false,9,0,0,0,0,1,0,1,0,0,1,0,0,0,0,0,0,0,0,0,0,0,0,0,0,0,3,0,0,false
D:\Project\Detection\AutocompleteEngine-master\AutocompleteEngine-master\src\autocomplete\service\TrieService.java,autocomplete.service.TrieService,getTrie/0,false,12,1,0,0,0,1,0,1,0,0,0,0,0,0,0,0,0,0,0,0,0,0,0,0,0,0,2,0,0,false
D:\Project\Detection\AutocompleteEngine-master\AutocompleteEngine-master\src\autocomplete\service\TrieService.java,autocomplete.service.TrieService,setTrie/1[autocomplete.implementation.Trie],false,11,1,0,0,0,1,0,1,0,0,1,0,0,0,0,0,0,0,0,0,0,0,0,0,0,0,3,0,0,false
D:\Project\Detection\AutocompleteEngine-master\AutocompleteEngine-master\src\autocomplete\implementation\Trie.java,autocomplete.implementation.Trie,search/1[java.lang.String],false,7,0,0,0,0,1,0,1,0,0,1,0,0,0,0,0,0,0,0,0,0,0,0,0,0,0,2,0,0,false
D:\Project\Detection\AutocompleteEngine-master\AutocompleteEngine-master\src\autocomplete\implementation\Trie.java,autocomplete.implementation.Trie,insert/1[java.lang.String],false,6,0,0,0,0,1,0,1,0,0,1,0,0,0,0,0,0,0,0,0,0,0,0,0,0,0,2,0,0,false
D:\Project\Detection\AutocompleteEngine-master\AutocompleteEngine-master\src\autocomplete\implementation\Trie.java,autocomplete.implementation.Trie,startsWith/1[java.lang.String],false,8,0,0,0,0,1,0,1,0,0,1,0,0,0,0,0,0,0,0,0,0,0,0,0,0,0,3,0,0,false
D:\Project\Detection\AutocompleteEngine-master\AutocompleteEngine-master\src\autocomplete\Main.java,autocomplete.Main,readFromFile/1[java.lang.String],false,12,0,1,1,0,1,2,3,1,0,1,2,0,0,0,0,0,0,0,0,0,0,0,0,0,0,7,2,0,false
D:\Project\Detection\AutocompleteEngine-master\AutocompleteEngine-master\src\autocomplete\Main.java,autocomplete.Main,main/1[java.lang.String[]],false,21,3,6,0,6,1,7,11,0,5,1,7,1,2,0,0,0,0,3,0,5,2,0,0,0,0,37,9,0,false
D:\Project\Detection\AutocompleteEngine-master\AutocompleteEngine-master\src\autocomplete\Main.java,autocomplete.Main,readFromFile/0,false,16,2,3,1,2,1,4,4,1,1,0,4,1,1,0,0,0,0,1,0,1,0,0,0,0,0,7,2,0,false
D:\Project\Detection\AutocompleteEngine-master\AutocompleteEngine-master\src\autocomplete\service\Service.java,autocomplete.service.Service,setTrie/1[autocomplete.implementation.Trie],false,27,1,0,0,0,1,0,3,0,0,1,0,0,0,0,0,0,0,0,0,1,0,0,0,0,0,3,1,0,false
D:\Project\Detection\AutocompleteEngine-master\AutocompleteEngine-master\src\autocomplete\service\Service.java,autocomplete.service.Service,getSizeOfWords/0,false,36,0,1,1,0,1,0,3,1,0,0,0,0,0,0,0,0,0,0,0,0,0,0,0,0,0,5,1,0,false
D:\Project\Detection\AutocompleteEngine-master\AutocompleteEngine-master\src\autocomplete\service\Service.java,autocomplete.service.Service,buildTrie/1[java.lang.String[]],false,16,0,1,1,0,1,2,4,0,0,1,2,0,0,0,0,0,0,0,0,1,0,0,0,0,0,6,1,0,false
D:\Project\Detection\AutocompleteEngine-master\AutocompleteEngine-master\src\autocomplete\service\Service.java,autocomplete.service.Service,prefixSearch/1[java.lang.String],false,22,1,1,0,1,1,1,3,1,0,1,1,0,0,0,0,0,0,0,0,0,0,0,0,0,0,3,1,0,false
D:\Project\Detection\AutocompleteEngine-master\AutocompleteEngine-master\src\autocomplete\service\Service.java,autocomplete.service.Service,getTrie/0,false,32,1,0,0,0,1,0,3,1,0,0,0,0,0,0,0,0,0,0,0,0,0,0,0,0,0,2,1,0,false
