file,class,method,variable,usage
D:\Project\Detection\AutocompleteEngine-master\AutocompleteEngine-master\src\autocomplete\implementation\TrieNode.java,autocomplete.implementation.TrieNode,setEndOfWord/1[boolean],endOfWord,2
D:\Project\Detection\AutocompleteEngine-master\AutocompleteEngine-master\src\autocomplete\gui\InputField.java,autocomplete.gui.InputField,setTextField/1[javax.swing.JTextField],textField,2
D:\Project\Detection\AutocompleteEngine-master\AutocompleteEngine-master\src\autocomplete\gui\InputField.java,autocomplete.gui.InputField,isSorted/1[java.util.List<java.lang.String>],a,3
D:\Project\Detection\AutocompleteEngine-master\AutocompleteEngine-master\src\autocomplete\gui\InputField.java,autocomplete.gui.InputField,isSorted/1[java.util.List<java.lang.String>],i,4
D:\Project\Detection\AutocompleteEngine-master\AutocompleteEngine-master\src\autocomplete\gui\InputField.java,autocomplete.gui.InputField,stuffOnKeyPress/1[java.awt.event.KeyEvent],p,1
D:\Project\Detection\AutocompleteEngine-master\AutocompleteEngine-master\src\autocomplete\gui\InputField.java,autocomplete.gui.InputField,stuffOnKeyPress/1[java.awt.event.KeyEvent],isDeleteKey,2
D:\Project\Detection\AutocompleteEngine-master\AutocompleteEngine-master\src\autocomplete\gui\InputField.java,autocomplete.gui.InputField,stuffOnKeyPress/1[java.awt.event.KeyEvent],isEnterKey,2
D:\Project\Detection\AutocompleteEngine-master\AutocompleteEngine-master\src\autocomplete\gui\InputField.java,autocomplete.gui.InputField,stuffOnKeyPress/1[java.awt.event.KeyEvent],isSpaceKey,1
D:\Project\Detection\AutocompleteEngine-master\AutocompleteEngine-master\src\autocomplete\gui\InputField.java,autocomplete.gui.InputField,stuffOnKeyPress/1[java.awt.event.KeyEvent],e,6
D:\Project\Detection\AutocompleteEngine-master\AutocompleteEngine-master\src\autocomplete\gui\InputField.java,autocomplete.gui.InputField,stuffOnKeyPress/1[java.awt.event.KeyEvent],isAlphanumeric,1
D:\Project\Detection\AutocompleteEngine-master\AutocompleteEngine-master\src\autocomplete\gui\InputField.java,autocomplete.gui.InputField,stuffOnKeyPress/1[java.awt.event.KeyEvent],h,1
D:\Project\Detection\AutocompleteEngine-master\AutocompleteEngine-master\src\autocomplete\gui\InputField.java,autocomplete.gui.InputField,setList/1[javax.swing.JList<java.lang.String>],list,2
D:\Project\Detection\AutocompleteEngine-master\AutocompleteEngine-master\src\autocomplete\gui\InputField.java,autocomplete.gui.InputField,setService/1[autocomplete.service.TrieService],service,2
D:\Project\Detection\AutocompleteEngine-master\AutocompleteEngine-master\src\autocomplete\gui\InputField.java,autocomplete.gui.InputField,updateList/0,updater,1
D:\Project\Detection\AutocompleteEngine-master\AutocompleteEngine-master\src\autocomplete\gui\InputField.java,autocomplete.gui.InputField,updateListUtil/0,firstWord,2
D:\Project\Detection\AutocompleteEngine-master\AutocompleteEngine-master\src\autocomplete\gui\InputField.java,autocomplete.gui.InputField,updateListUtil/0,prefix,1
D:\Project\Detection\AutocompleteEngine-master\AutocompleteEngine-master\src\autocomplete\gui\InputField.java,autocomplete.gui.InputField,updateListUtil/0,model,2
D:\Project\Detection\AutocompleteEngine-master\AutocompleteEngine-master\src\autocomplete\gui\InputField.java,autocomplete.gui.InputField,updateListUtil/0,suggestedWords,4
D:\Project\Detection\AutocompleteEngine-master\AutocompleteEngine-master\src\autocomplete\gui\InputField.java,autocomplete.gui.InputField,updateListUtil/0,fieldLength,1
D:\Project\Detection\AutocompleteEngine-master\AutocompleteEngine-master\src\autocomplete\gui\InputField.java,autocomplete.gui.InputField$Anonymous2,keyTyped/1[java.awt.event.KeyEvent],e,1
D:\Project\Detection\AutocompleteEngine-master\AutocompleteEngine-master\src\autocomplete\gui\InputField.java,autocomplete.gui.InputField$Anonymous3,keyPressed/1[java.awt.event.KeyEvent],e,1
D:\Project\Detection\AutocompleteEngine-master\AutocompleteEngine-master\src\autocomplete\gui\View.java,autocomplete.gui.View,"View/2[java.lang.String,autocomplete.service.TrieService]",service,2
D:\Project\Detection\AutocompleteEngine-master\AutocompleteEngine-master\src\autocomplete\gui\View.java,autocomplete.gui.View,"View/2[java.lang.String,autocomplete.service.TrieService]",title,1
D:\Project\Detection\AutocompleteEngine-master\AutocompleteEngine-master\src\autocomplete\gui\View.java,autocomplete.gui.View,addScrollPane/0,scrollPane,3
D:\Project\Detection\AutocompleteEngine-master\AutocompleteEngine-master\src\autocomplete\gui\View.java,autocomplete.gui.View,getPath/0,file,1
D:\Project\Detection\AutocompleteEngine-master\AutocompleteEngine-master\src\autocomplete\gui\View.java,autocomplete.gui.View,getPath/0,workingDirectory,1
D:\Project\Detection\AutocompleteEngine-master\AutocompleteEngine-master\src\autocomplete\gui\View.java,autocomplete.gui.View,getPath/0,v,1
D:\Project\Detection\AutocompleteEngine-master\AutocompleteEngine-master\src\autocomplete\gui\View.java,autocomplete.gui.View,getPath/0,chooser,3
D:\Project\Detection\AutocompleteEngine-master\AutocompleteEngine-master\src\autocomplete\gui\View.java,autocomplete.gui.View,addListeners/0,listener,4
D:\Project\Detection\AutocompleteEngine-master\AutocompleteEngine-master\src\autocomplete\gui\View.java,autocomplete.gui.View,addTextField/0,label,4
D:\Project\Detection\AutocompleteEngine-master\AutocompleteEngine-master\src\autocomplete\gui\View.java,autocomplete.gui.View,addTextField/0,font,1
D:\Project\Detection\AutocompleteEngine-master\AutocompleteEngine-master\src\autocomplete\implementation\Dictionary.java,autocomplete.implementation.Dictionary,insert/1[java.lang.String],current,3
D:\Project\Detection\AutocompleteEngine-master\AutocompleteEngine-master\src\autocomplete\implementation\Dictionary.java,autocomplete.implementation.Dictionary,insert/1[java.lang.String],c,1
D:\Project\Detection\AutocompleteEngine-master\AutocompleteEngine-master\src\autocomplete\implementation\Dictionary.java,autocomplete.implementation.Dictionary,insert/1[java.lang.String],e,0
D:\Project\Detection\AutocompleteEngine-master\AutocompleteEngine-master\src\autocomplete\implementation\Dictionary.java,autocomplete.implementation.Dictionary,insert/1[java.lang.String],word,1
D:\Project\Detection\AutocompleteEngine-master\AutocompleteEngine-master\src\autocomplete\implementation\Dictionary.java,autocomplete.implementation.Dictionary,search/1[java.lang.String],node,2
D:\Project\Detection\AutocompleteEngine-master\AutocompleteEngine-master\src\autocomplete\implementation\Dictionary.java,autocomplete.implementation.Dictionary,search/1[java.lang.String],current,3
D:\Project\Detection\AutocompleteEngine-master\AutocompleteEngine-master\src\autocomplete\implementation\Dictionary.java,autocomplete.implementation.Dictionary,search/1[java.lang.String],c,1
D:\Project\Detection\AutocompleteEngine-master\AutocompleteEngine-master\src\autocomplete\implementation\Dictionary.java,autocomplete.implementation.Dictionary,search/1[java.lang.String],word,1
D:\Project\Detection\AutocompleteEngine-master\AutocompleteEngine-master\src\autocomplete\implementation\Dictionary.java,autocomplete.implementation.Dictionary,"traverse/3[autocomplete.implementation.TrieNode,java.lang.String,java.util.List<java.lang.String>]",output,3
D:\Project\Detection\AutocompleteEngine-master\AutocompleteEngine-master\src\autocomplete\implementation\Dictionary.java,autocomplete.implementation.Dictionary,"traverse/3[autocomplete.implementation.TrieNode,java.lang.String,java.util.List<java.lang.String>]",node,2
D:\Project\Detection\AutocompleteEngine-master\AutocompleteEngine-master\src\autocomplete\implementation\Dictionary.java,autocomplete.implementation.Dictionary,"traverse/3[autocomplete.implementation.TrieNode,java.lang.String,java.util.List<java.lang.String>]",v,1
D:\Project\Detection\AutocompleteEngine-master\AutocompleteEngine-master\src\autocomplete\implementation\Dictionary.java,autocomplete.implementation.Dictionary,"traverse/3[autocomplete.implementation.TrieNode,java.lang.String,java.util.List<java.lang.String>]",k,1
D:\Project\Detection\AutocompleteEngine-master\AutocompleteEngine-master\src\autocomplete\implementation\Dictionary.java,autocomplete.implementation.Dictionary,"traverse/3[autocomplete.implementation.TrieNode,java.lang.String,java.util.List<java.lang.String>]",word,2
D:\Project\Detection\AutocompleteEngine-master\AutocompleteEngine-master\src\autocomplete\implementation\Dictionary.java,autocomplete.implementation.Dictionary,startsWith/1[java.lang.String],result,2
D:\Project\Detection\AutocompleteEngine-master\AutocompleteEngine-master\src\autocomplete\implementation\Dictionary.java,autocomplete.implementation.Dictionary,startsWith/1[java.lang.String],node,2
D:\Project\Detection\AutocompleteEngine-master\AutocompleteEngine-master\src\autocomplete\implementation\Dictionary.java,autocomplete.implementation.Dictionary,startsWith/1[java.lang.String],current,3
D:\Project\Detection\AutocompleteEngine-master\AutocompleteEngine-master\src\autocomplete\implementation\Dictionary.java,autocomplete.implementation.Dictionary,startsWith/1[java.lang.String],c,2
D:\Project\Detection\AutocompleteEngine-master\AutocompleteEngine-master\src\autocomplete\implementation\Dictionary.java,autocomplete.implementation.Dictionary,startsWith/1[java.lang.String],word,1
D:\Project\Detection\AutocompleteEngine-master\AutocompleteEngine-master\src\autocomplete\gui\InputField.java,autocomplete.gui.InputField$Anonymous1,keyReleased/1[java.awt.event.KeyEvent],e,0
D:\Project\Detection\AutocompleteEngine-master\AutocompleteEngine-master\src\autocomplete\gui\View.java,autocomplete.gui.View$Anonymous1,windowClosing/1[java.awt.event.WindowEvent],e,0
D:\Project\Detection\AutocompleteEngine-master\AutocompleteEngine-master\src\autocomplete\service\TrieService.java,autocomplete.service.TrieService,prefixSearch/1[java.lang.String],word,0
D:\Project\Detection\AutocompleteEngine-master\AutocompleteEngine-master\src\autocomplete\service\TrieService.java,autocomplete.service.TrieService,buildTrie/1[java.lang.String[]],words,0
D:\Project\Detection\AutocompleteEngine-master\AutocompleteEngine-master\src\autocomplete\service\TrieService.java,autocomplete.service.TrieService,setTrie/1[autocomplete.implementation.Trie],trie,0
D:\Project\Detection\AutocompleteEngine-master\AutocompleteEngine-master\src\autocomplete\implementation\Trie.java,autocomplete.implementation.Trie,search/1[java.lang.String],word,0
D:\Project\Detection\AutocompleteEngine-master\AutocompleteEngine-master\src\autocomplete\implementation\Trie.java,autocomplete.implementation.Trie,insert/1[java.lang.String],word,0
D:\Project\Detection\AutocompleteEngine-master\AutocompleteEngine-master\src\autocomplete\implementation\Trie.java,autocomplete.implementation.Trie,startsWith/1[java.lang.String],word,0
D:\Project\Detection\AutocompleteEngine-master\AutocompleteEngine-master\src\autocomplete\Main.java,autocomplete.Main,readFromFile/1[java.lang.String],path,1
D:\Project\Detection\AutocompleteEngine-master\AutocompleteEngine-master\src\autocomplete\Main.java,autocomplete.Main,main/1[java.lang.String[]],args,0
D:\Project\Detection\AutocompleteEngine-master\AutocompleteEngine-master\src\autocomplete\Main.java,autocomplete.Main,main/1[java.lang.String[]],view,1
D:\Project\Detection\AutocompleteEngine-master\AutocompleteEngine-master\src\autocomplete\Main.java,autocomplete.Main,main/1[java.lang.String[]],service,3
D:\Project\Detection\AutocompleteEngine-master\AutocompleteEngine-master\src\autocomplete\Main.java,autocomplete.Main,main/1[java.lang.String[]],words,1
D:\Project\Detection\AutocompleteEngine-master\AutocompleteEngine-master\src\autocomplete\Main.java,autocomplete.Main,main/1[java.lang.String[]],main,1
D:\Project\Detection\AutocompleteEngine-master\AutocompleteEngine-master\src\autocomplete\Main.java,autocomplete.Main,main/1[java.lang.String[]],n,1
D:\Project\Detection\AutocompleteEngine-master\AutocompleteEngine-master\src\autocomplete\Main.java,autocomplete.Main,readFromFile/0,path,1
D:\Project\Detection\AutocompleteEngine-master\AutocompleteEngine-master\src\autocomplete\service\Service.java,autocomplete.service.Service,setTrie/1[autocomplete.implementation.Trie],trie,2
D:\Project\Detection\AutocompleteEngine-master\AutocompleteEngine-master\src\autocomplete\service\Service.java,autocomplete.service.Service,buildTrie/1[java.lang.String[]],words,2
D:\Project\Detection\AutocompleteEngine-master\AutocompleteEngine-master\src\autocomplete\service\Service.java,autocomplete.service.Service,prefixSearch/1[java.lang.String],word,1
