file,class,type,cbo,cboModified,fanin,fanout,wmc,dit,noc,rfc,lcom,lcom*,tcc,lcc,totalMethodsQty,staticMethodsQty,publicMethodsQty,privateMethodsQty,protectedMethodsQty,defaultMethodsQty,visibleMethodsQty,abstractMethodsQty,finalMethodsQty,synchronizedMethodsQty,totalFieldsQty,staticFieldsQty,publicFieldsQty,privateFieldsQty,protectedFieldsQty,defaultFieldsQty,finalFieldsQty,synchronizedFieldsQty,nosi,loc,returnQty,loopQty,comparisonsQty,tryCatchQty,parenthesizedExpsQty,stringLiteralsQty,numbersQty,assignmentsQty,mathOperationsQty,variablesQty,maxNestedBlocksQty,anonymousClassesQty,innerClassesQty,lambdasQty,uniqueWordsQty,modifiers,logStatementsQty
D:\Project\VEvid-master\VEvid-master\src\id\roto\database\DatabaseMySQL.java,id.roto.database.DatabaseMySQL,class,1,5,4,1,6,1,0,7,1,0.5,0.0,0.0,2,2,2,0,0,0,2,0,0,0,1,1,0,1,0,0,0,0,4,27,4,0,2,2,0,4,0,2,0,1,2,0,0,0,18,1,0
D:\Project\VEvid-master\VEvid-master\src\id\roto\view\ProductFrame.java,id.roto.view.ProductFrame$Anonymous1,anonymous,1,1,0,1,1,1,0,1,0,0.0,NaN,NaN,1,0,1,0,0,0,1,0,0,0,0,0,0,0,0,0,0,0,0,5,0,0,0,0,0,0,0,0,0,0,0,0,0,0,6,-1,0
D:\Project\VEvid-master\VEvid-master\src\id\roto\model\Product.java,id.roto.model.Product,class,1,5,4,1,13,1,0,0,42,0.7692308,0.23076923,1.0,13,0,13,0,0,0,13,0,0,0,6,0,0,6,0,0,0,0,0,52,6,0,0,0,0,0,0,12,0,6,0,0,0,0,17,1,0
D:\Project\VEvid-master\VEvid-master\src\id\roto\MainProgram.java,id.roto.MainProgram,class,1,1,0,1,7,1,0,9,0,0.0,NaN,NaN,1,1,1,0,0,0,1,0,0,0,0,0,0,0,0,0,0,0,6,25,0,1,0,1,0,1,0,0,0,0,3,0,0,0,21,1,0
D:\Project\VEvid-master\VEvid-master\src\id\roto\dao\ProductDAO.java,id.roto.dao.ProductDAO,interface,1,3,2,1,6,1,0,0,15,0.0,0.0,0.0,6,0,6,0,0,0,6,0,0,0,0,0,0,0,0,0,0,0,0,8,0,0,0,0,0,0,0,0,0,0,0,0,0,0,16,1,0
D:\Project\VEvid-master\VEvid-master\src\id\roto\controller\CategoryController.java,id.roto.controller.CategoryController,class,3,4,1,3,1,1,0,1,0,0.0,NaN,NaN,1,0,1,0,0,0,1,0,0,0,1,0,0,1,0,0,0,0,0,6,1,0,0,0,0,0,0,1,0,1,0,0,0,0,14,1,0
D:\Project\VEvid-master\VEvid-master\src\id\roto\model\Category.java,id.roto.model.Category,class,0,6,6,0,6,1,0,0,0,0.4166667,0.6,1.0,6,0,6,0,0,0,6,0,0,0,2,0,0,2,0,0,0,0,0,23,3,0,0,0,0,0,0,4,0,2,0,0,0,0,10,1,0
D:\Project\VEvid-master\VEvid-master\src\id\roto\dao\CategoryDAOMySQL.java,id.roto.dao.CategoryDAOMySQL,class,3,4,1,3,9,1,0,7,15,0.0,0.0,0.0,6,0,6,0,0,0,6,0,0,0,0,0,0,0,0,0,0,0,2,38,2,1,1,1,0,6,2,5,0,5,3,0,0,0,35,1,0
D:\Project\VEvid-master\VEvid-master\src\id\roto\dao\CategoryDAO.java,id.roto.dao.CategoryDAO,interface,1,3,2,1,6,1,0,0,15,0.0,0.0,0.0,6,0,6,0,0,0,6,0,0,0,0,0,0,0,0,0,0,0,0,8,0,0,0,0,0,0,0,0,0,0,0,0,0,0,16,1,0
D:\Project\VEvid-master\VEvid-master\src\id\roto\model\CrudState.java,id.roto.model.CrudState,enum,0,1,1,0,0,1,0,0,0,0.0,-1.0,-1.0,0,0,0,0,0,0,0,0,0,0,0,0,0,0,0,0,0,0,0,1,0,0,0,0,0,0,0,0,0,0,0,0,0,0,9,1,0
D:\Project\VEvid-master\VEvid-master\src\id\roto\controller\ProductController.java,id.roto.controller.ProductController,class,4,5,1,4,8,2,0,7,0,0.375,0.6666667,1.0,4,0,4,0,0,0,4,0,0,0,2,0,0,2,0,0,0,0,0,35,2,0,0,0,0,0,0,7,0,3,1,0,0,0,27,1,0
D:\Project\VEvid-master\VEvid-master\src\id\roto\dao\ProductDAOMySQL.java,id.roto.dao.ProductDAOMySQL,class,4,5,1,4,11,1,0,25,15,0.0,0.0,0.0,6,0,6,0,0,0,6,0,0,0,0,0,0,0,0,0,0,0,6,56,8,1,1,2,0,2,13,8,0,8,3,0,0,0,44,1,0
D:\Project\VEvid-master\VEvid-master\src\id\roto\view\ProductFrame.java,id.roto.view.ProductFrame,class,6,9,3,6,15,6,0,65,22,0.8630952,1.0,1.0,8,0,2,6,0,0,2,0,0,0,21,0,0,21,0,0,0,0,10,147,1,1,5,0,0,29,36,37,2,33,3,1,0,0,106,1,0
