file,class,type,cbo,wmc,rfc,lcom
D:\Project\VEvid-master\VEvid-master\src\id\roto\database\DatabaseMySQL.java,id.roto.database.DatabaseMySQL,class,1,6,7,1
D:\Project\VEvid-master\VEvid-master\src\id\roto\view\ProductFrame.java,id.roto.view.ProductFrame$Anonymous1,anonymous,1,1,1,0
D:\Project\VEvid-master\VEvid-master\src\id\roto\model\Product.java,id.roto.model.Product,class,1,13,0,42
D:\Project\VEvid-master\VEvid-master\src\id\roto\MainProgram.java,id.roto.MainProgram,class,1,7,9,0
D:\Project\VEvid-master\VEvid-master\src\id\roto\dao\ProductDAO.java,id.roto.dao.ProductDAO,interface,1,6,0,15
D:\Project\VEvid-master\VEvid-master\src\id\roto\controller\CategoryController.java,id.roto.controller.CategoryController,class,3,1,1,0
D:\Project\VEvid-master\VEvid-master\src\id\roto\model\Category.java,id.roto.model.Category,class,0,6,0,0
D:\Project\VEvid-master\VEvid-master\src\id\roto\dao\CategoryDAOMySQL.java,id.roto.dao.CategoryDAOMySQL,class,3,9,7,15
D:\Project\VEvid-master\VEvid-master\src\id\roto\dao\CategoryDAO.java,id.roto.dao.CategoryDAO,interface,1,6,0,15
D:\Project\VEvid-master\VEvid-master\src\id\roto\model\CrudState.java,id.roto.model.CrudState,enum,0,0,0,0
D:\Project\VEvid-master\VEvid-master\src\id\roto\controller\ProductController.java,id.roto.controller.ProductController,class,4,8,7,0
D:\Project\VEvid-master\VEvid-master\src\id\roto\dao\ProductDAOMySQL.java,id.roto.dao.ProductDAOMySQL,class,4,11,25,15
D:\Project\VEvid-master\VEvid-master\src\id\roto\view\ProductFrame.java,id.roto.view.ProductFrame,class,6,15,65,22
,,,2,6.846153846,9.384615385,9.615384615
