file,class,method,constructor,line,cbo,cboModified,fanin,fanout,wmc,rfc,loc,returnsQty,variablesQty,parametersQty,methodsInvokedQty,methodsInvokedLocalQty,methodsInvokedIndirectLocalQty,loopQty,comparisonsQty,tryCatchQty,parenthesizedExpsQty,stringLiteralsQty,numbersQty,assignmentsQty,mathOperationsQty,maxNestedBlocksQty,anonymousClassesQty,innerClassesQty,lambdasQty,uniqueWordsQty,modifiers,logStatementsQty,hasJavaDoc
D:\Project\VEvid-master\VEvid-master\src\id\roto\database\DatabaseMySQL.java,id.roto.database.DatabaseMySQL,getConnection/0,false,20,0,4,4,0,3,3,13,2,0,0,3,0,0,0,1,1,0,4,0,1,0,2,0,0,0,7,9,0,false
D:\Project\VEvid-master\VEvid-master\src\id\roto\database\DatabaseMySQL.java,id.roto.database.DatabaseMySQL,isConnect/0,false,33,1,2,1,1,3,4,11,2,0,0,4,1,1,0,1,1,0,0,0,0,0,2,0,0,0,9,9,0,false
D:\Project\VEvid-master\VEvid-master\src\id\roto\view\ProductFrame.java,id.roto.view.ProductFrame$Anonymous1,actionPerformed/1[java.awt.event.ActionEvent],false,113,1,1,0,1,1,1,3,0,0,1,1,0,0,0,0,0,0,0,0,0,0,0,0,0,0,6,1,0,false
D:\Project\VEvid-master\VEvid-master\src\id\roto\model\Product.java,id.roto.model.Product,getPrice/0,false,45,0,2,2,0,1,0,3,1,0,0,0,0,0,0,0,0,0,0,0,0,0,0,0,0,0,3,1,0,false
D:\Project\VEvid-master\VEvid-master\src\id\roto\model\Product.java,id.roto.model.Product,setId/1[java.lang.String],false,33,0,0,0,0,1,0,3,0,0,1,0,0,0,0,0,0,0,0,0,1,0,0,0,0,0,3,1,0,false
D:\Project\VEvid-master\VEvid-master\src\id\roto\model\Product.java,id.roto.model.Product,setPrice/1[float],false,49,0,0,0,0,1,0,3,0,0,1,0,0,0,0,0,0,0,0,0,1,0,0,0,0,0,3,1,0,false
D:\Project\VEvid-master\VEvid-master\src\id\roto\model\Product.java,id.roto.model.Product,getName/0,false,37,0,3,3,0,1,0,3,1,0,0,0,0,0,0,0,0,0,0,0,0,0,0,0,0,0,3,1,0,false
D:\Project\VEvid-master\VEvid-master\src\id\roto\model\Product.java,id.roto.model.Product,setName/1[java.lang.String],false,41,0,0,0,0,1,0,3,0,0,1,0,0,0,0,0,0,0,0,0,1,0,0,0,0,0,3,1,0,false
D:\Project\VEvid-master\VEvid-master\src\id\roto\model\Product.java,id.roto.model.Product,"Product/6[java.lang.String,java.lang.String,float,int,id.roto.model.Category,boolean]",true,20,1,2,2,0,1,0,8,0,0,6,0,0,0,0,0,0,0,0,0,6,0,0,0,0,0,8,1,0,false
D:\Project\VEvid-master\VEvid-master\src\id\roto\model\Product.java,id.roto.model.Product,isIsFavorite/0,false,69,0,1,1,0,1,0,3,1,0,0,0,0,0,0,0,0,0,0,0,0,0,0,0,0,0,3,1,0,false
D:\Project\VEvid-master\VEvid-master\src\id\roto\model\Product.java,id.roto.model.Product,setStock/1[int],false,57,0,0,0,0,1,0,3,0,0,1,0,0,0,0,0,0,0,0,0,1,0,0,0,0,0,3,1,0,false
D:\Project\VEvid-master\VEvid-master\src\id\roto\model\Product.java,id.roto.model.Product,setIsFavorite/1[boolean],false,73,0,0,0,0,1,0,3,0,0,1,0,0,0,0,0,0,0,0,0,1,0,0,0,0,0,4,1,0,false
D:\Project\VEvid-master\VEvid-master\src\id\roto\model\Product.java,id.roto.model.Product,getStock/0,false,53,0,2,2,0,1,0,3,1,0,0,0,0,0,0,0,0,0,0,0,0,0,0,0,0,0,3,1,0,false
D:\Project\VEvid-master\VEvid-master\src\id\roto\model\Product.java,id.roto.model.Product,getCategory/0,false,61,1,2,2,0,1,0,3,1,0,0,0,0,0,0,0,0,0,0,0,0,0,0,0,0,0,3,1,0,false
D:\Project\VEvid-master\VEvid-master\src\id\roto\model\Product.java,id.roto.model.Product,setCategory/1[id.roto.model.Category],false,65,1,0,0,0,1,0,3,0,0,1,0,0,0,0,0,0,0,0,0,1,0,0,0,0,0,3,1,0,false
D:\Project\VEvid-master\VEvid-master\src\id\roto\model\Product.java,id.roto.model.Product,getId/0,false,29,0,0,0,0,1,0,3,1,0,0,0,0,0,0,0,0,0,0,0,0,0,0,0,0,0,3,1,0,false
D:\Project\VEvid-master\VEvid-master\src\id\roto\MainProgram.java,id.roto.MainProgram,main/1[java.lang.String[]],false,19,1,1,0,1,7,9,23,0,0,1,9,0,0,1,0,1,0,1,0,0,0,3,0,0,0,18,9,0,true
D:\Project\VEvid-master\VEvid-master\src\id\roto\dao\ProductDAO.java,id.roto.dao.ProductDAO,getByID/1[java.lang.String],false,25,1,0,0,0,1,0,1,0,0,1,0,0,0,0,0,0,0,0,0,0,0,0,0,0,0,6,1,0,false
D:\Project\VEvid-master\VEvid-master\src\id\roto\dao\ProductDAO.java,id.roto.dao.ProductDAO,insert/1[id.roto.model.Product],false,17,1,1,1,0,1,0,1,0,0,1,0,0,0,0,0,0,0,0,0,0,0,0,0,0,0,3,1,0,false
D:\Project\VEvid-master\VEvid-master\src\id\roto\dao\ProductDAO.java,id.roto.dao.ProductDAO,getAllProduct/0,false,23,1,1,1,0,1,0,1,0,0,0,0,0,0,0,0,0,0,0,0,0,0,0,0,0,0,3,1,0,false
D:\Project\VEvid-master\VEvid-master\src\id\roto\dao\ProductDAO.java,id.roto.dao.ProductDAO,delete/1[id.roto.model.Product],false,21,1,1,1,0,1,0,1,0,0,1,0,0,0,0,0,0,0,0,0,0,0,0,0,0,0,3,1,0,false
D:\Project\VEvid-master\VEvid-master\src\id\roto\dao\ProductDAO.java,id.roto.dao.ProductDAO,getByName/1[java.lang.String],false,27,1,0,0,0,1,0,1,0,0,1,0,0,0,0,0,0,0,0,0,0,0,0,0,0,0,4,1,0,false
D:\Project\VEvid-master\VEvid-master\src\id\roto\dao\ProductDAO.java,id.roto.dao.ProductDAO,update/1[id.roto.model.Product],false,19,1,1,1,0,1,0,1,0,0,1,0,0,0,0,0,0,0,0,0,0,0,0,0,0,0,3,1,0,false
D:\Project\VEvid-master\VEvid-master\src\id\roto\controller\CategoryController.java,id.roto.controller.CategoryController,getAllData/0,false,20,2,2,1,1,1,1,3,1,0,0,1,0,0,0,0,0,0,0,0,0,0,0,0,0,0,3,1,0,false
D:\Project\VEvid-master\VEvid-master\src\id\roto\model\Category.java,id.roto.model.Category,setId/1[java.lang.String],false,25,0,0,0,0,1,0,3,0,0,1,0,0,0,0,0,0,0,0,0,1,0,0,0,0,0,3,1,0,false
D:\Project\VEvid-master\VEvid-master\src\id\roto\model\Category.java,id.roto.model.Category,getName/0,false,29,0,1,1,0,1,0,3,1,0,0,0,0,0,0,0,0,0,0,0,0,0,0,0,0,0,3,1,0,false
D:\Project\VEvid-master\VEvid-master\src\id\roto\model\Category.java,id.roto.model.Category,setName/1[java.lang.String],false,33,0,0,0,0,1,0,3,0,0,1,0,0,0,0,0,0,0,0,0,1,0,0,0,0,0,3,1,0,false
D:\Project\VEvid-master\VEvid-master\src\id\roto\model\Category.java,id.roto.model.Category,getId/0,false,21,0,1,1,0,1,0,3,1,0,0,0,0,0,0,0,0,0,0,0,0,0,0,0,0,0,3,1,0,false
D:\Project\VEvid-master\VEvid-master\src\id\roto\model\Category.java,id.roto.model.Category,toString/0,false,38,0,0,0,0,1,0,3,1,0,0,0,0,0,0,0,0,0,0,0,0,0,0,0,0,0,2,1,0,false
D:\Project\VEvid-master\VEvid-master\src\id\roto\model\Category.java,id.roto.model.Category,"Category/2[java.lang.String,java.lang.String]",true,16,0,2,2,0,1,0,4,0,0,2,0,0,0,0,0,0,0,0,0,2,0,0,0,0,0,3,1,0,false
D:\Project\VEvid-master\VEvid-master\src\id\roto\dao\CategoryDAOMySQL.java,id.roto.dao.CategoryDAOMySQL,insert/1[id.roto.model.Category],false,22,1,0,0,0,1,0,3,0,0,1,0,0,0,0,0,0,0,1,0,0,0,0,0,0,0,7,1,0,false
D:\Project\VEvid-master\VEvid-master\src\id\roto\dao\CategoryDAOMySQL.java,id.roto.dao.CategoryDAOMySQL,update/1[id.roto.model.Category],false,27,1,0,0,0,1,0,3,0,0,1,0,0,0,0,0,0,0,1,0,0,0,0,0,0,0,7,1,0,false
D:\Project\VEvid-master\VEvid-master\src\id\roto\dao\CategoryDAOMySQL.java,id.roto.dao.CategoryDAOMySQL,delete/1[id.roto.model.Category],false,32,1,0,0,0,1,0,3,0,0,1,0,0,0,0,0,0,0,1,0,0,0,0,0,0,0,7,1,0,false
D:\Project\VEvid-master\VEvid-master\src\id\roto\dao\CategoryDAOMySQL.java,id.roto.dao.CategoryDAOMySQL,getByName/1[java.lang.String],false,68,1,0,0,0,1,0,3,0,0,1,0,0,0,0,0,0,0,1,0,0,0,0,0,0,0,8,1,0,false
D:\Project\VEvid-master\VEvid-master\src\id\roto\dao\CategoryDAOMySQL.java,id.roto.dao.CategoryDAOMySQL,getAllCategory/0,false,37,2,2,0,2,4,7,21,2,5,0,7,0,0,1,1,1,0,1,2,5,0,3,0,0,0,16,1,0,false
D:\Project\VEvid-master\VEvid-master\src\id\roto\dao\CategoryDAOMySQL.java,id.roto.dao.CategoryDAOMySQL,getByID/1[java.lang.String],false,63,1,0,0,0,1,0,3,0,0,1,0,0,0,0,0,0,0,1,0,0,0,0,0,0,0,10,1,0,false
D:\Project\VEvid-master\VEvid-master\src\id\roto\dao\CategoryDAO.java,id.roto.dao.CategoryDAO,getByID/1[java.lang.String],false,25,1,0,0,0,1,0,1,0,0,1,0,0,0,0,0,0,0,0,0,0,0,0,0,0,0,6,1,0,false
D:\Project\VEvid-master\VEvid-master\src\id\roto\dao\CategoryDAO.java,id.roto.dao.CategoryDAO,getAllCategory/0,false,23,1,1,1,0,1,0,1,0,0,0,0,0,0,0,0,0,0,0,0,0,0,0,0,0,0,3,1,0,false
D:\Project\VEvid-master\VEvid-master\src\id\roto\dao\CategoryDAO.java,id.roto.dao.CategoryDAO,delete/1[id.roto.model.Category],false,21,1,0,0,0,1,0,1,0,0,1,0,0,0,0,0,0,0,0,0,0,0,0,0,0,0,3,1,0,false
D:\Project\VEvid-master\VEvid-master\src\id\roto\dao\CategoryDAO.java,id.roto.dao.CategoryDAO,getByName/1[java.lang.String],false,27,1,0,0,0,1,0,1,0,0,1,0,0,0,0,0,0,0,0,0,0,0,0,0,0,0,4,1,0,false
D:\Project\VEvid-master\VEvid-master\src\id\roto\dao\CategoryDAO.java,id.roto.dao.CategoryDAO,update/1[id.roto.model.Category],false,19,1,0,0,0,1,0,1,0,0,1,0,0,0,0,0,0,0,0,0,0,0,0,0,0,0,3,1,0,false
D:\Project\VEvid-master\VEvid-master\src\id\roto\dao\CategoryDAO.java,id.roto.dao.CategoryDAO,insert/1[id.roto.model.Category],false,17,1,0,0,0,1,0,1,0,0,1,0,0,0,0,0,0,0,0,0,0,0,0,0,0,0,3,1,0,false
D:\Project\VEvid-master\VEvid-master\src\id\roto\controller\ProductController.java,id.roto.controller.ProductController,getCrudState/0,false,50,1,1,1,0,1,0,3,1,0,0,0,0,0,0,0,0,0,0,0,0,0,0,0,0,0,4,1,0,false
D:\Project\VEvid-master\VEvid-master\src\id\roto\controller\ProductController.java,id.roto.controller.ProductController,getAllProduct/0,false,54,2,3,2,1,1,1,3,1,0,0,1,0,0,0,0,0,0,0,0,0,0,0,0,0,0,3,1,0,false
D:\Project\VEvid-master\VEvid-master\src\id\roto\controller\ProductController.java,id.roto.controller.ProductController,"manipulate/2[id.roto.model.Product,id.roto.model.CrudState]",false,26,3,4,1,3,5,6,22,0,1,2,6,0,0,0,0,0,0,0,0,5,0,1,0,0,0,10,1,0,false
D:\Project\VEvid-master\VEvid-master\src\id\roto\controller\ProductController.java,id.roto.controller.ProductController,setDAO/1[id.roto.dao.ProductDAO],false,22,1,0,0,0,1,0,3,0,0,1,0,0,0,0,0,0,0,0,0,1,0,0,0,0,0,7,1,0,false
D:\Project\VEvid-master\VEvid-master\src\id\roto\dao\ProductDAOMySQL.java,id.roto.dao.ProductDAOMySQL,getByID/1[java.lang.String],false,88,1,0,0,0,1,0,3,1,0,1,0,0,0,0,0,0,0,0,0,0,0,0,0,0,0,7,1,0,false
D:\Project\VEvid-master\VEvid-master\src\id\roto\dao\ProductDAOMySQL.java,id.roto.dao.ProductDAOMySQL,delete/1[id.roto.model.Product],false,53,1,0,0,0,1,0,3,1,0,1,0,0,0,0,0,0,0,0,0,0,0,0,0,0,0,4,1,0,false
D:\Project\VEvid-master\VEvid-master\src\id\roto\dao\ProductDAOMySQL.java,id.roto.dao.ProductDAOMySQL,getAllProduct/0,false,58,3,3,0,3,4,13,22,2,5,0,13,0,0,1,1,1,0,1,7,5,0,3,0,0,0,22,1,0,false
D:\Project\VEvid-master\VEvid-master\src\id\roto\dao\ProductDAOMySQL.java,id.roto.dao.ProductDAOMySQL,insert/1[id.roto.model.Product],false,25,3,7,0,7,3,18,20,2,3,1,18,0,0,0,0,1,0,1,6,3,0,2,0,0,0,18,1,0,false
D:\Project\VEvid-master\VEvid-master\src\id\roto\dao\ProductDAOMySQL.java,id.roto.dao.ProductDAOMySQL,getByName/1[java.lang.String],false,93,1,0,0,0,1,0,3,1,0,1,0,0,0,0,0,0,0,0,0,0,0,0,0,0,0,5,1,0,false
D:\Project\VEvid-master\VEvid-master\src\id\roto\dao\ProductDAOMySQL.java,id.roto.dao.ProductDAOMySQL,update/1[id.roto.model.Product],false,48,1,0,0,0,1,0,3,1,0,1,0,0,0,0,0,0,0,0,0,0,0,0,0,0,0,4,1,0,false
D:\Project\VEvid-master\VEvid-master\src\id\roto\view\ProductFrame.java,id.roto.view.ProductFrame,"update/2[java.util.Observable,java.lang.Object]",false,228,3,5,0,5,4,6,15,0,1,2,6,2,2,0,3,0,0,2,0,1,1,3,0,0,0,20,1,0,false
D:\Project\VEvid-master\VEvid-master\src\id\roto\view\ProductFrame.java,id.roto.view.ProductFrame,save_buttonActionPerformed/1[java.awt.event.ActionEvent],false,216,3,3,1,2,1,6,9,0,6,1,6,0,0,0,0,0,0,0,0,6,0,0,0,0,0,14,2,0,false
D:\Project\VEvid-master\VEvid-master\src\id\roto\view\ProductFrame.java,id.roto.view.ProductFrame,getFormattedPrice/1[java.lang.Float],false,243,0,1,1,0,1,7,8,1,2,1,7,0,0,0,0,0,0,1,0,2,1,0,0,0,0,10,2,0,false
D:\Project\VEvid-master\VEvid-master\src\id\roto\view\ProductFrame.java,id.roto.view.ProductFrame,setProductTable/1[java.util.List<id.roto.model.Product>],false,262,3,8,2,6,3,15,21,0,2,1,15,1,1,1,1,0,0,6,9,6,0,2,0,0,0,17,2,0,false
D:\Project\VEvid-master\VEvid-master\src\id\roto\view\ProductFrame.java,id.roto.view.ProductFrame,ProductFrame/0,true,39,4,7,1,6,2,9,10,0,0,0,9,3,2,0,0,0,0,0,1,0,0,1,0,0,0,10,1,0,true
D:\Project\VEvid-master\VEvid-master\src\id\roto\view\ProductFrame.java,id.roto.view.ProductFrame,initComponents/0,false,58,0,2,1,1,1,24,47,0,1,0,24,0,0,0,0,0,0,18,26,20,0,0,1,0,0,63,2,0,true
D:\Project\VEvid-master\VEvid-master\src\id\roto\view\ProductFrame.java,id.roto.view.ProductFrame,setCategory/1[java.util.List<id.roto.model.Category>],false,291,1,1,1,0,2,3,8,0,0,1,3,0,0,0,1,0,0,2,0,0,0,1,0,0,0,12,2,0,false
D:\Project\VEvid-master\VEvid-master\src\id\roto\view\ProductFrame.java,id.roto.view.ProductFrame,resetForm/0,false,255,0,1,1,0,1,2,6,0,0,0,2,0,0,0,0,0,0,0,0,0,0,0,0,0,0,4,2,0,false
