file,class,method,variable,usage
D:\Project\VEvid-master\VEvid-master\src\id\roto\database\DatabaseMySQL.java,id.roto.database.DatabaseMySQL,getConnection/0,e,1
D:\Project\VEvid-master\VEvid-master\src\id\roto\database\DatabaseMySQL.java,id.roto.database.DatabaseMySQL,isConnect/0,ex,1
D:\Project\VEvid-master\VEvid-master\src\id\roto\view\ProductFrame.java,id.roto.view.ProductFrame$Anonymous1,actionPerformed/1[java.awt.event.ActionEvent],evt,1
D:\Project\VEvid-master\VEvid-master\src\id\roto\model\Product.java,id.roto.model.Product,setId/1[java.lang.String],id,2
D:\Project\VEvid-master\VEvid-master\src\id\roto\model\Product.java,id.roto.model.Product,setPrice/1[float],price,2
D:\Project\VEvid-master\VEvid-master\src\id\roto\model\Product.java,id.roto.model.Product,setName/1[java.lang.String],name,2
D:\Project\VEvid-master\VEvid-master\src\id\roto\model\Product.java,id.roto.model.Product,"Product/6[java.lang.String,java.lang.String,float,int,id.roto.model.Category,boolean]",price,2
D:\Project\VEvid-master\VEvid-master\src\id\roto\model\Product.java,id.roto.model.Product,"Product/6[java.lang.String,java.lang.String,float,int,id.roto.model.Category,boolean]",name,2
D:\Project\VEvid-master\VEvid-master\src\id\roto\model\Product.java,id.roto.model.Product,"Product/6[java.lang.String,java.lang.String,float,int,id.roto.model.Category,boolean]",id,2
D:\Project\VEvid-master\VEvid-master\src\id\roto\model\Product.java,id.roto.model.Product,"Product/6[java.lang.String,java.lang.String,float,int,id.roto.model.Category,boolean]",stock,2
D:\Project\VEvid-master\VEvid-master\src\id\roto\model\Product.java,id.roto.model.Product,"Product/6[java.lang.String,java.lang.String,float,int,id.roto.model.Category,boolean]",category,2
D:\Project\VEvid-master\VEvid-master\src\id\roto\model\Product.java,id.roto.model.Product,"Product/6[java.lang.String,java.lang.String,float,int,id.roto.model.Category,boolean]",isFavorite,2
D:\Project\VEvid-master\VEvid-master\src\id\roto\model\Product.java,id.roto.model.Product,setStock/1[int],stock,2
D:\Project\VEvid-master\VEvid-master\src\id\roto\model\Product.java,id.roto.model.Product,setIsFavorite/1[boolean],isFavorite,2
D:\Project\VEvid-master\VEvid-master\src\id\roto\model\Product.java,id.roto.model.Product,setCategory/1[id.roto.model.Category],category,2
D:\Project\VEvid-master\VEvid-master\src\id\roto\MainProgram.java,id.roto.MainProgram,main/1[java.lang.String[]],args,0
D:\Project\VEvid-master\VEvid-master\src\id\roto\MainProgram.java,id.roto.MainProgram,main/1[java.lang.String[]],ex,7
D:\Project\VEvid-master\VEvid-master\src\id\roto\MainProgram.java,id.roto.MainProgram,main/1[java.lang.String[]],info,2
D:\Project\VEvid-master\VEvid-master\src\id\roto\dao\ProductDAO.java,id.roto.dao.ProductDAO,getByID/1[java.lang.String],id,0
D:\Project\VEvid-master\VEvid-master\src\id\roto\dao\ProductDAO.java,id.roto.dao.ProductDAO,insert/1[id.roto.model.Product],p,0
D:\Project\VEvid-master\VEvid-master\src\id\roto\dao\ProductDAO.java,id.roto.dao.ProductDAO,delete/1[id.roto.model.Product],p,0
D:\Project\VEvid-master\VEvid-master\src\id\roto\dao\ProductDAO.java,id.roto.dao.ProductDAO,getByName/1[java.lang.String],name,0
D:\Project\VEvid-master\VEvid-master\src\id\roto\dao\ProductDAO.java,id.roto.dao.ProductDAO,update/1[id.roto.model.Product],p,0
D:\Project\VEvid-master\VEvid-master\src\id\roto\model\Category.java,id.roto.model.Category,setId/1[java.lang.String],id,2
D:\Project\VEvid-master\VEvid-master\src\id\roto\model\Category.java,id.roto.model.Category,setName/1[java.lang.String],name,2
D:\Project\VEvid-master\VEvid-master\src\id\roto\model\Category.java,id.roto.model.Category,"Category/2[java.lang.String,java.lang.String]",name,2
D:\Project\VEvid-master\VEvid-master\src\id\roto\model\Category.java,id.roto.model.Category,"Category/2[java.lang.String,java.lang.String]",id,2
D:\Project\VEvid-master\VEvid-master\src\id\roto\dao\CategoryDAOMySQL.java,id.roto.dao.CategoryDAOMySQL,insert/1[id.roto.model.Category],c,0
D:\Project\VEvid-master\VEvid-master\src\id\roto\dao\CategoryDAOMySQL.java,id.roto.dao.CategoryDAOMySQL,update/1[id.roto.model.Category],c,0
D:\Project\VEvid-master\VEvid-master\src\id\roto\dao\CategoryDAOMySQL.java,id.roto.dao.CategoryDAOMySQL,delete/1[id.roto.model.Category],c,0
D:\Project\VEvid-master\VEvid-master\src\id\roto\dao\CategoryDAOMySQL.java,id.roto.dao.CategoryDAOMySQL,getByName/1[java.lang.String],name,0
D:\Project\VEvid-master\VEvid-master\src\id\roto\dao\CategoryDAOMySQL.java,id.roto.dao.CategoryDAOMySQL,getAllCategory/0,rs,3
D:\Project\VEvid-master\VEvid-master\src\id\roto\dao\CategoryDAOMySQL.java,id.roto.dao.CategoryDAOMySQL,getAllCategory/0,c,1
D:\Project\VEvid-master\VEvid-master\src\id\roto\dao\CategoryDAOMySQL.java,id.roto.dao.CategoryDAOMySQL,getAllCategory/0,ex,0
D:\Project\VEvid-master\VEvid-master\src\id\roto\dao\CategoryDAOMySQL.java,id.roto.dao.CategoryDAOMySQL,getAllCategory/0,statement,2
D:\Project\VEvid-master\VEvid-master\src\id\roto\dao\CategoryDAOMySQL.java,id.roto.dao.CategoryDAOMySQL,getAllCategory/0,categories,2
D:\Project\VEvid-master\VEvid-master\src\id\roto\dao\CategoryDAOMySQL.java,id.roto.dao.CategoryDAOMySQL,getAllCategory/0,sql,1
D:\Project\VEvid-master\VEvid-master\src\id\roto\dao\CategoryDAOMySQL.java,id.roto.dao.CategoryDAOMySQL,getByID/1[java.lang.String],id,0
D:\Project\VEvid-master\VEvid-master\src\id\roto\dao\CategoryDAO.java,id.roto.dao.CategoryDAO,getByID/1[java.lang.String],id,0
D:\Project\VEvid-master\VEvid-master\src\id\roto\dao\CategoryDAO.java,id.roto.dao.CategoryDAO,delete/1[id.roto.model.Category],c,0
D:\Project\VEvid-master\VEvid-master\src\id\roto\dao\CategoryDAO.java,id.roto.dao.CategoryDAO,getByName/1[java.lang.String],name,0
D:\Project\VEvid-master\VEvid-master\src\id\roto\dao\CategoryDAO.java,id.roto.dao.CategoryDAO,update/1[id.roto.model.Category],c,0
D:\Project\VEvid-master\VEvid-master\src\id\roto\dao\CategoryDAO.java,id.roto.dao.CategoryDAO,insert/1[id.roto.model.Category],c,0
D:\Project\VEvid-master\VEvid-master\src\id\roto\controller\ProductController.java,id.roto.controller.ProductController,"manipulate/2[id.roto.model.Product,id.roto.model.CrudState]",p,4
D:\Project\VEvid-master\VEvid-master\src\id\roto\controller\ProductController.java,id.roto.controller.ProductController,"manipulate/2[id.roto.model.Product,id.roto.model.CrudState]",result,4
D:\Project\VEvid-master\VEvid-master\src\id\roto\controller\ProductController.java,id.roto.controller.ProductController,"manipulate/2[id.roto.model.Product,id.roto.model.CrudState]",c,2
D:\Project\VEvid-master\VEvid-master\src\id\roto\controller\ProductController.java,id.roto.controller.ProductController,setDAO/1[id.roto.dao.ProductDAO],d,1
D:\Project\VEvid-master\VEvid-master\src\id\roto\dao\ProductDAOMySQL.java,id.roto.dao.ProductDAOMySQL,getByID/1[java.lang.String],id,0
D:\Project\VEvid-master\VEvid-master\src\id\roto\dao\ProductDAOMySQL.java,id.roto.dao.ProductDAOMySQL,delete/1[id.roto.model.Product],p,0
D:\Project\VEvid-master\VEvid-master\src\id\roto\dao\ProductDAOMySQL.java,id.roto.dao.ProductDAOMySQL,getAllProduct/0,p,1
D:\Project\VEvid-master\VEvid-master\src\id\roto\dao\ProductDAOMySQL.java,id.roto.dao.ProductDAOMySQL,getAllProduct/0,rs,8
D:\Project\VEvid-master\VEvid-master\src\id\roto\dao\ProductDAOMySQL.java,id.roto.dao.ProductDAOMySQL,getAllProduct/0,ex,1
D:\Project\VEvid-master\VEvid-master\src\id\roto\dao\ProductDAOMySQL.java,id.roto.dao.ProductDAOMySQL,getAllProduct/0,statement,2
D:\Project\VEvid-master\VEvid-master\src\id\roto\dao\ProductDAOMySQL.java,id.roto.dao.ProductDAOMySQL,getAllProduct/0,products,2
D:\Project\VEvid-master\VEvid-master\src\id\roto\dao\ProductDAOMySQL.java,id.roto.dao.ProductDAOMySQL,getAllProduct/0,sql,1
D:\Project\VEvid-master\VEvid-master\src\id\roto\dao\ProductDAOMySQL.java,id.roto.dao.ProductDAOMySQL,insert/1[id.roto.model.Product],p,5
D:\Project\VEvid-master\VEvid-master\src\id\roto\dao\ProductDAOMySQL.java,id.roto.dao.ProductDAOMySQL,insert/1[id.roto.model.Product],ex,1
D:\Project\VEvid-master\VEvid-master\src\id\roto\dao\ProductDAOMySQL.java,id.roto.dao.ProductDAOMySQL,insert/1[id.roto.model.Product],statement,7
D:\Project\VEvid-master\VEvid-master\src\id\roto\dao\ProductDAOMySQL.java,id.roto.dao.ProductDAOMySQL,insert/1[id.roto.model.Product],row,1
D:\Project\VEvid-master\VEvid-master\src\id\roto\dao\ProductDAOMySQL.java,id.roto.dao.ProductDAOMySQL,insert/1[id.roto.model.Product],sql,1
D:\Project\VEvid-master\VEvid-master\src\id\roto\dao\ProductDAOMySQL.java,id.roto.dao.ProductDAOMySQL,getByName/1[java.lang.String],name,0
D:\Project\VEvid-master\VEvid-master\src\id\roto\dao\ProductDAOMySQL.java,id.roto.dao.ProductDAOMySQL,update/1[id.roto.model.Product],p,0
D:\Project\VEvid-master\VEvid-master\src\id\roto\view\ProductFrame.java,id.roto.view.ProductFrame,"update/2[java.util.Observable,java.lang.Object]",p,1
D:\Project\VEvid-master\VEvid-master\src\id\roto\view\ProductFrame.java,id.roto.view.ProductFrame,"update/2[java.util.Observable,java.lang.Object]",arg,2
D:\Project\VEvid-master\VEvid-master\src\id\roto\view\ProductFrame.java,id.roto.view.ProductFrame,"update/2[java.util.Observable,java.lang.Object]",o,1
D:\Project\VEvid-master\VEvid-master\src\id\roto\view\ProductFrame.java,id.roto.view.ProductFrame,save_buttonActionPerformed/1[java.awt.event.ActionEvent],p,1
D:\Project\VEvid-master\VEvid-master\src\id\roto\view\ProductFrame.java,id.roto.view.ProductFrame,save_buttonActionPerformed/1[java.awt.event.ActionEvent],evt,0
D:\Project\VEvid-master\VEvid-master\src\id\roto\view\ProductFrame.java,id.roto.view.ProductFrame,save_buttonActionPerformed/1[java.awt.event.ActionEvent],price,1
D:\Project\VEvid-master\VEvid-master\src\id\roto\view\ProductFrame.java,id.roto.view.ProductFrame,save_buttonActionPerformed/1[java.awt.event.ActionEvent],name,1
D:\Project\VEvid-master\VEvid-master\src\id\roto\view\ProductFrame.java,id.roto.view.ProductFrame,save_buttonActionPerformed/1[java.awt.event.ActionEvent],stock,1
D:\Project\VEvid-master\VEvid-master\src\id\roto\view\ProductFrame.java,id.roto.view.ProductFrame,save_buttonActionPerformed/1[java.awt.event.ActionEvent],category,1
D:\Project\VEvid-master\VEvid-master\src\id\roto\view\ProductFrame.java,id.roto.view.ProductFrame,save_buttonActionPerformed/1[java.awt.event.ActionEvent],isFavorite,1
D:\Project\VEvid-master\VEvid-master\src\id\roto\view\ProductFrame.java,id.roto.view.ProductFrame,getFormattedPrice/1[java.lang.Float],formatter,3
D:\Project\VEvid-master\VEvid-master\src\id\roto\view\ProductFrame.java,id.roto.view.ProductFrame,getFormattedPrice/1[java.lang.Float],value,1
D:\Project\VEvid-master\VEvid-master\src\id\roto\view\ProductFrame.java,id.roto.view.ProductFrame,getFormattedPrice/1[java.lang.Float],symbols,3
D:\Project\VEvid-master\VEvid-master\src\id\roto\view\ProductFrame.java,id.roto.view.ProductFrame,setProductTable/1[java.util.List<id.roto.model.Product>],p,4
D:\Project\VEvid-master\VEvid-master\src\id\roto\view\ProductFrame.java,id.roto.view.ProductFrame,setProductTable/1[java.util.List<id.roto.model.Product>],listProduct,2
D:\Project\VEvid-master\VEvid-master\src\id\roto\view\ProductFrame.java,id.roto.view.ProductFrame,setProductTable/1[java.util.List<id.roto.model.Product>],tableModel,3
D:\Project\VEvid-master\VEvid-master\src\id\roto\view\ProductFrame.java,id.roto.view.ProductFrame,setProductTable/1[java.util.List<id.roto.model.Product>],o,5
D:\Project\VEvid-master\VEvid-master\src\id\roto\view\ProductFrame.java,id.roto.view.ProductFrame,initComponents/0,layout,27
D:\Project\VEvid-master\VEvid-master\src\id\roto\view\ProductFrame.java,id.roto.view.ProductFrame,setCategory/1[java.util.List<id.roto.model.Category>],categories,2
