file,class,type,cbo,cboModified,fanin,fanout,wmc,dit,noc,rfc,lcom,lcom*,tcc,lcc,totalMethodsQty,staticMethodsQty,publicMethodsQty,privateMethodsQty,protectedMethodsQty,defaultMethodsQty,visibleMethodsQty,abstractMethodsQty,finalMethodsQty,synchronizedMethodsQty,totalFieldsQty,staticFieldsQty,publicFieldsQty,privateFieldsQty,protectedFieldsQty,defaultFieldsQty,finalFieldsQty,synchronizedFieldsQty,nosi,loc,returnQty,loopQty,comparisonsQty,tryCatchQty,parenthesizedExpsQty,stringLiteralsQty,numbersQty,assignmentsQty,mathOperationsQty,variablesQty,maxNestedBlocksQty,anonymousClassesQty,innerClassesQty,lambdasQty,uniqueWordsQty,modifiers,logStatementsQty
D:\Project\Game-Perang-Antariksa-master\Game-Perang-Antariksa-master\src\perangantariksa\GamePanel.java,perangantariksa.GamePanel,class,10,15,5,10,117,5,0,65,0,0.7454543,0.53333336,0.6666667,6,1,6,0,0,0,6,0,1,0,52,2,1,49,0,2,3,0,10,420,1,19,53,6,10,26,184,124,39,86,5,2,0,0,123,1,0
D:\Project\Game-Perang-Antariksa-master\Game-Perang-Antariksa-master\src\perangantariksa\Menu.java,perangantariksa.Menu$Anonymous1,anonymous,0,0,0,0,2,1,0,2,0,0.0,NaN,NaN,1,0,1,0,0,0,1,0,0,0,0,0,0,0,0,0,0,0,0,10,0,0,0,1,0,0,0,0,0,0,1,0,0,0,3,-1,0
D:\Project\Game-Perang-Antariksa-master\Game-Perang-Antariksa-master\src\perangantariksa\Menu.java,perangantariksa.Menu$Anonymous2,anonymous,1,1,0,1,1,1,0,1,0,0.0,NaN,NaN,1,0,1,0,0,0,1,0,0,0,0,0,0,0,0,0,0,0,0,5,0,0,0,0,0,0,0,0,0,0,0,0,0,0,5,-1,0
D:\Project\Game-Perang-Antariksa-master\Game-Perang-Antariksa-master\src\perangantariksa\Musuh.java,perangantariksa.Musuh,class,3,4,1,3,12,3,0,4,2,0.6666667,0.33333334,0.5,4,0,4,0,0,0,4,0,0,0,7,0,0,1,0,6,0,0,3,44,1,0,5,0,0,6,11,11,3,10,2,0,0,0,29,1,0
D:\Project\Game-Perang-Antariksa-master\Game-Perang-Antariksa-master\src\perangantariksa\PlayFrame.java,perangantariksa.PlayFrame,class,1,3,2,1,2,6,0,9,1,0.5,0.0,0.0,2,1,2,0,0,0,2,0,0,0,1,0,0,1,0,0,0,0,1,22,0,0,0,0,0,1,0,1,0,1,0,1,0,0,12,1,0
D:\Project\Game-Perang-Antariksa-master\Game-Perang-Antariksa-master\src\perangantariksa\KontrolKeyboard.java,perangantariksa.KontrolKeyboard,class,1,4,3,1,8,1,0,1,0,0.16666667,0.6666667,0.6666667,6,0,6,0,0,0,6,0,0,0,1,0,0,1,0,0,0,0,0,25,2,0,0,0,0,0,4,4,0,1,1,0,0,0,18,1,0
D:\Project\Game-Perang-Antariksa-master\Game-Perang-Antariksa-master\src\perangantariksa\Menu.java,perangantariksa.Menu$Anonymous3,anonymous,1,1,0,1,1,1,0,1,0,0.0,NaN,NaN,1,0,1,0,0,0,1,0,0,0,0,0,0,0,0,0,0,0,0,5,0,0,0,0,0,0,0,0,0,0,0,0,0,0,5,-1,0
D:\Project\Game-Perang-Antariksa-master\Game-Perang-Antariksa-master\src\perangantariksa\Menu.java,perangantariksa.Menu$Anonymous4,anonymous,1,1,0,1,1,1,0,1,0,0.0,NaN,NaN,1,0,1,0,0,0,1,0,0,0,0,0,0,0,0,0,0,0,0,5,0,0,0,0,0,0,0,0,0,0,0,0,0,0,5,-1,0
D:\Project\Game-Perang-Antariksa-master\Game-Perang-Antariksa-master\src\perangantariksa\Menu.java,perangantariksa.Menu,class,6,15,9,6,19,6,0,33,39,0.85714287,0.2,0.3,10,3,5,5,0,0,5,0,0,0,7,2,0,7,0,0,0,0,11,145,0,1,1,3,0,12,23,10,1,11,3,6,0,0,92,1,0
D:\Project\Game-Perang-Antariksa-master\Game-Perang-Antariksa-master\src\perangantariksa\Menu.java,perangantariksa.Menu$Anonymous5,anonymous,1,1,0,1,1,1,0,1,0,0.0,NaN,NaN,1,0,1,0,0,0,1,0,0,0,0,0,0,0,0,0,0,0,0,5,0,0,0,0,0,0,0,0,0,0,0,0,0,0,5,-1,0
D:\Project\Game-Perang-Antariksa-master\Game-Perang-Antariksa-master\src\perangantariksa\Pesawat.java,perangantariksa.Pesawat,class,3,4,1,3,10,3,0,4,15,0.8333333,0.0,0.0,6,0,6,0,0,0,6,0,0,0,3,0,0,0,0,3,0,0,0,35,1,0,0,0,0,3,10,8,0,4,1,0,0,0,26,1,0
D:\Project\Game-Perang-Antariksa-master\Game-Perang-Antariksa-master\src\perangantariksa\Menu.java,perangantariksa.Menu$Anonymous6,anonymous,1,1,0,1,1,1,0,1,0,0.0,NaN,NaN,1,0,1,0,0,0,1,0,0,0,0,0,0,0,0,0,0,0,0,5,0,0,0,0,0,0,0,0,0,0,0,0,0,0,3,-1,0
D:\Project\Game-Perang-Antariksa-master\Game-Perang-Antariksa-master\src\perangantariksa\GamePanel.java,perangantariksa.GamePanel$Anonymous1,anonymous,1,1,0,1,1,1,0,2,0,0.0,NaN,NaN,1,0,1,0,0,0,1,0,0,0,1,0,0,1,0,0,0,0,0,7,0,0,0,0,0,0,1,1,0,1,0,0,0,0,11,-1,0
D:\Project\Game-Perang-Antariksa-master\Game-Perang-Antariksa-master\src\perangantariksa\GamePanel.java,perangantariksa.GamePanel$Anonymous2,anonymous,0,0,0,0,1,1,0,0,0,0.0,NaN,NaN,1,0,1,0,0,0,1,0,0,0,0,0,0,0,0,0,0,0,0,5,0,0,0,0,0,0,0,1,0,0,0,0,0,0,8,-1,0
D:\Project\Game-Perang-Antariksa-master\Game-Perang-Antariksa-master\src\perangantariksa\PlayFrame.java,perangantariksa.PlayFrame$Anonymous1,anonymous,1,1,0,1,1,1,0,1,0,0.0,NaN,NaN,1,0,1,0,0,0,1,0,0,0,0,0,0,0,0,0,0,0,0,5,0,0,0,0,0,0,0,0,0,0,0,0,0,0,4,-1,0
D:\Project\Game-Perang-Antariksa-master\Game-Perang-Antariksa-master\src\perangantariksa\help.java,perangantariksa.help,class,2,6,4,2,10,6,0,29,6,0.75,0.0,0.0,4,1,2,2,0,0,2,0,0,0,7,0,0,7,0,0,0,0,8,89,0,1,0,1,0,10,35,7,0,7,3,2,0,0,73,1,0
D:\Project\Game-Perang-Antariksa-master\Game-Perang-Antariksa-master\src\perangantariksa\KontrolGameObjek.java,perangantariksa.KontrolGameObjek,class,2,3,1,2,1,2,1,0,0,0.0,NaN,NaN,1,0,1,0,0,0,1,0,0,0,1,0,0,0,0,1,0,0,0,7,0,0,0,0,0,0,0,1,0,1,0,0,0,0,6,1025,0
D:\Project\Game-Perang-Antariksa-master\Game-Perang-Antariksa-master\src\perangantariksa\Peluru.java,perangantariksa.Peluru,class,2,3,1,2,4,3,0,4,4,0.75,0.16666667,0.16666667,4,0,4,0,0,0,4,0,0,0,2,0,0,0,0,2,0,0,0,19,2,0,0,0,0,0,6,2,0,3,0,0,0,0,17,1,0
D:\Project\Game-Perang-Antariksa-master\Game-Perang-Antariksa-master\src\perangantariksa\GameObjek.java,perangantariksa.GameObjek,class,1,9,8,1,10,1,2,2,27,0.75,0.2,0.46666667,10,0,10,0,0,0,10,1,0,0,4,0,0,0,0,4,0,0,0,36,4,0,0,0,0,0,0,7,0,4,0,0,0,0,17,1025,0
D:\Project\Game-Perang-Antariksa-master\Game-Perang-Antariksa-master\src\perangantariksa\highscore.java,perangantariksa.highscore$Anonymous2,anonymous,1,1,0,1,1,1,0,1,0,0.0,NaN,NaN,1,0,1,0,0,0,1,0,0,0,0,0,0,0,0,0,0,0,0,5,0,0,0,0,0,0,0,0,0,0,0,0,0,0,3,-1,0
D:\Project\Game-Perang-Antariksa-master\Game-Perang-Antariksa-master\src\perangantariksa\help.java,perangantariksa.help$Anonymous1,anonymous,1,1,0,1,1,1,0,1,0,0.0,NaN,NaN,1,0,1,0,0,0,1,0,0,0,0,0,0,0,0,0,0,0,0,5,0,0,0,0,0,0,0,0,0,0,0,0,0,0,6,-1,0
D:\Project\Game-Perang-Antariksa-master\Game-Perang-Antariksa-master\src\perangantariksa\highscore.java,perangantariksa.highscore$Anonymous1,anonymous,1,1,0,1,1,1,0,1,0,0.0,NaN,NaN,1,0,1,0,0,0,1,0,0,0,0,0,0,0,0,0,0,0,0,5,0,0,0,0,0,0,0,0,0,0,0,0,0,0,6,-1,0
D:\Project\Game-Perang-Antariksa-master\Game-Perang-Antariksa-master\src\perangantariksa\help.java,perangantariksa.help$Anonymous2,anonymous,1,1,0,1,1,1,0,1,0,0.0,NaN,NaN,1,0,1,0,0,0,1,0,0,0,0,0,0,0,0,0,0,0,0,5,0,0,0,0,0,0,0,0,0,0,0,0,0,0,3,-1,0
D:\Project\Game-Perang-Antariksa-master\Game-Perang-Antariksa-master\src\perangantariksa\GerakanObjek.java,perangantariksa.GerakanObjek,class,1,5,4,1,6,2,3,0,0,0.33333334,0.73333335,1.0,6,0,6,0,0,0,6,0,0,0,2,0,0,0,0,2,0,0,0,25,2,0,0,0,0,0,0,6,0,2,0,0,0,0,14,1025,0
D:\Project\Game-Perang-Antariksa-master\Game-Perang-Antariksa-master\src\perangantariksa\PeluruMusuh.java,perangantariksa.PeluruMusuh,class,2,3,1,2,3,3,0,4,3,0.0,0.0,0.0,3,0,3,0,0,0,3,0,0,0,0,0,0,0,0,0,0,0,0,13,1,0,0,0,0,0,6,1,0,1,0,0,0,0,14,1,0
D:\Project\Game-Perang-Antariksa-master\Game-Perang-Antariksa-master\src\perangantariksa\highscore.java,perangantariksa.highscore,class,3,7,4,3,12,6,0,35,6,0.75,0.0,0.0,4,1,2,2,0,0,2,0,0,0,7,0,0,7,0,0,0,0,9,112,0,2,0,2,0,15,60,13,0,11,3,2,0,0,83,1,0
D:\Project\Game-Perang-Antariksa-master\Game-Perang-Antariksa-master\src\perangantariksa\koneksi.java,perangantariksa.koneksi,class,0,1,1,0,1,1,0,2,0,0.0,NaN,NaN,1,0,1,0,0,0,1,0,0,0,1,1,1,0,0,0,0,0,2,10,0,0,0,0,0,4,0,5,0,4,0,0,0,0,15,0,0
