file,class,type,cbo,wmc,rfc,lcom
D:\Project\Game-Perang-Antariksa-master\Game-Perang-Antariksa-master\src\perangantariksa\GamePanel.java,perangantariksa.GamePanel,class,10,117,65,0
D:\Project\Game-Perang-Antariksa-master\Game-Perang-Antariksa-master\src\perangantariksa\Menu.java,perangantariksa.Menu$Anonymous1,anonymous,0,2,2,0
D:\Project\Game-Perang-Antariksa-master\Game-Perang-Antariksa-master\src\perangantariksa\Menu.java,perangantariksa.Menu$Anonymous2,anonymous,1,1,1,0
D:\Project\Game-Perang-Antariksa-master\Game-Perang-Antariksa-master\src\perangantariksa\Musuh.java,perangantariksa.Musuh,class,3,12,4,2
D:\Project\Game-Perang-Antariksa-master\Game-Perang-Antariksa-master\src\perangantariksa\PlayFrame.java,perangantariksa.PlayFrame,class,1,2,9,1
D:\Project\Game-Perang-Antariksa-master\Game-Perang-Antariksa-master\src\perangantariksa\KontrolKeyboard.java,perangantariksa.KontrolKeyboard,class,1,8,1,0
D:\Project\Game-Perang-Antariksa-master\Game-Perang-Antariksa-master\src\perangantariksa\Menu.java,perangantariksa.Menu$Anonymous3,anonymous,1,1,1,0
D:\Project\Game-Perang-Antariksa-master\Game-Perang-Antariksa-master\src\perangantariksa\Menu.java,perangantariksa.Menu$Anonymous4,anonymous,1,1,1,0
D:\Project\Game-Perang-Antariksa-master\Game-Perang-Antariksa-master\src\perangantariksa\Menu.java,perangantariksa.Menu,class,6,19,33,39
D:\Project\Game-Perang-Antariksa-master\Game-Perang-Antariksa-master\src\perangantariksa\Menu.java,perangantariksa.Menu$Anonymous5,anonymous,1,1,1,0
D:\Project\Game-Perang-Antariksa-master\Game-Perang-Antariksa-master\src\perangantariksa\Pesawat.java,perangantariksa.Pesawat,class,3,10,4,15
D:\Project\Game-Perang-Antariksa-master\Game-Perang-Antariksa-master\src\perangantariksa\Menu.java,perangantariksa.Menu$Anonymous6,anonymous,1,1,1,0
D:\Project\Game-Perang-Antariksa-master\Game-Perang-Antariksa-master\src\perangantariksa\GamePanel.java,perangantariksa.GamePanel$Anonymous1,anonymous,1,1,2,0
D:\Project\Game-Perang-Antariksa-master\Game-Perang-Antariksa-master\src\perangantariksa\GamePanel.java,perangantariksa.GamePanel$Anonymous2,anonymous,0,1,0,0
D:\Project\Game-Perang-Antariksa-master\Game-Perang-Antariksa-master\src\perangantariksa\PlayFrame.java,perangantariksa.PlayFrame$Anonymous1,anonymous,1,1,1,0
D:\Project\Game-Perang-Antariksa-master\Game-Perang-Antariksa-master\src\perangantariksa\help.java,perangantariksa.help,class,2,10,29,6
D:\Project\Game-Perang-Antariksa-master\Game-Perang-Antariksa-master\src\perangantariksa\KontrolGameObjek.java,perangantariksa.KontrolGameObjek,class,2,1,0,0
D:\Project\Game-Perang-Antariksa-master\Game-Perang-Antariksa-master\src\perangantariksa\Peluru.java,perangantariksa.Peluru,class,2,4,4,4
D:\Project\Game-Perang-Antariksa-master\Game-Perang-Antariksa-master\src\perangantariksa\GameObjek.java,perangantariksa.GameObjek,class,1,10,2,27
D:\Project\Game-Perang-Antariksa-master\Game-Perang-Antariksa-master\src\perangantariksa\highscore.java,perangantariksa.highscore$Anonymous2,anonymous,1,1,1,0
D:\Project\Game-Perang-Antariksa-master\Game-Perang-Antariksa-master\src\perangantariksa\help.java,perangantariksa.help$Anonymous1,anonymous,1,1,1,0
D:\Project\Game-Perang-Antariksa-master\Game-Perang-Antariksa-master\src\perangantariksa\highscore.java,perangantariksa.highscore$Anonymous1,anonymous,1,1,1,0
D:\Project\Game-Perang-Antariksa-master\Game-Perang-Antariksa-master\src\perangantariksa\help.java,perangantariksa.help$Anonymous2,anonymous,1,1,1,0
D:\Project\Game-Perang-Antariksa-master\Game-Perang-Antariksa-master\src\perangantariksa\GerakanObjek.java,perangantariksa.GerakanObjek,class,1,6,0,0
D:\Project\Game-Perang-Antariksa-master\Game-Perang-Antariksa-master\src\perangantariksa\PeluruMusuh.java,perangantariksa.PeluruMusuh,class,2,3,4,3
D:\Project\Game-Perang-Antariksa-master\Game-Perang-Antariksa-master\src\perangantariksa\highscore.java,perangantariksa.highscore,class,3,12,35,6
D:\Project\Game-Perang-Antariksa-master\Game-Perang-Antariksa-master\src\perangantariksa\koneksi.java,perangantariksa.koneksi,class,0,1,2,0
,,,1.777777778,8.481481481,7.62962963,3.814814815
