file,class,method,variable,usage
D:\Project\Game-Perang-Antariksa-master\Game-Perang-Antariksa-master\src\perangantariksa\GamePanel.java,perangantariksa.GamePanel,start/0,waktu,3
D:\Project\Game-Perang-Antariksa-master\Game-Perang-Antariksa-master\src\perangantariksa\GamePanel.java,perangantariksa.GamePanel,start/0,framesPerSecond,1
D:\Project\Game-Perang-Antariksa-master\Game-Perang-Antariksa-master\src\perangantariksa\GamePanel.java,perangantariksa.GamePanel,paint/1[java.awt.Graphics],hitMarker,1
D:\Project\Game-Perang-Antariksa-master\Game-Perang-Antariksa-master\src\perangantariksa\GamePanel.java,perangantariksa.GamePanel,paint/1[java.awt.Graphics],newBulletCanFire,4
D:\Project\Game-Perang-Antariksa-master\Game-Perang-Antariksa-master\src\perangantariksa\GamePanel.java,perangantariksa.GamePanel,paint/1[java.awt.Graphics],beam,4
D:\Project\Game-Perang-Antariksa-master\Game-Perang-Antariksa-master\src\perangantariksa\GamePanel.java,perangantariksa.GamePanel,paint/1[java.awt.Graphics],bonusEnemyList,3
D:\Project\Game-Perang-Antariksa-master\Game-Perang-Antariksa-master\src\perangantariksa\GamePanel.java,perangantariksa.GamePanel,paint/1[java.awt.Graphics],bulletSoundAudio,2
D:\Project\Game-Perang-Antariksa-master\Game-Perang-Antariksa-master\src\perangantariksa\GamePanel.java,perangantariksa.GamePanel,paint/1[java.awt.Graphics],kontrol,10
D:\Project\Game-Perang-Antariksa-master\Game-Perang-Antariksa-master\src\perangantariksa\GamePanel.java,perangantariksa.GamePanel,paint/1[java.awt.Graphics],score,2
D:\Project\Game-Perang-Antariksa-master\Game-Perang-Antariksa-master\src\perangantariksa\GamePanel.java,perangantariksa.GamePanel,paint/1[java.awt.Graphics],highScore,1
D:\Project\Game-Perang-Antariksa-master\Game-Perang-Antariksa-master\src\perangantariksa\GamePanel.java,perangantariksa.GamePanel,paint/1[java.awt.Graphics],lifeList,2
D:\Project\Game-Perang-Antariksa-master\Game-Perang-Antariksa-master\src\perangantariksa\GamePanel.java,perangantariksa.GamePanel,paint/1[java.awt.Graphics],playerShip,5
D:\Project\Game-Perang-Antariksa-master\Game-Perang-Antariksa-master\src\perangantariksa\GamePanel.java,perangantariksa.GamePanel,paint/1[java.awt.Graphics],markerY,2
D:\Project\Game-Perang-Antariksa-master\Game-Perang-Antariksa-master\src\perangantariksa\GamePanel.java,perangantariksa.GamePanel,paint/1[java.awt.Graphics],markerX,2
D:\Project\Game-Perang-Antariksa-master\Game-Perang-Antariksa-master\src\perangantariksa\GamePanel.java,perangantariksa.GamePanel,paint/1[java.awt.Graphics],bullet,5
D:\Project\Game-Perang-Antariksa-master\Game-Perang-Antariksa-master\src\perangantariksa\GamePanel.java,perangantariksa.GamePanel,paint/1[java.awt.Graphics],beamSoundAudio,2
D:\Project\Game-Perang-Antariksa-master\Game-Perang-Antariksa-master\src\perangantariksa\GamePanel.java,perangantariksa.GamePanel,paint/1[java.awt.Graphics],bossHealth,1
D:\Project\Game-Perang-Antariksa-master\Game-Perang-Antariksa-master\src\perangantariksa\GamePanel.java,perangantariksa.GamePanel,paint/1[java.awt.Graphics],beamList,6
D:\Project\Game-Perang-Antariksa-master\Game-Perang-Antariksa-master\src\perangantariksa\GamePanel.java,perangantariksa.GamePanel,paint/1[java.awt.Graphics],level,18
D:\Project\Game-Perang-Antariksa-master\Game-Perang-Antariksa-master\src\perangantariksa\GamePanel.java,perangantariksa.GamePanel,paint/1[java.awt.Graphics],enemyList,12
D:\Project\Game-Perang-Antariksa-master\Game-Perang-Antariksa-master\src\perangantariksa\GamePanel.java,perangantariksa.GamePanel,paint/1[java.awt.Graphics],bonusEnemy,2
D:\Project\Game-Perang-Antariksa-master\Game-Perang-Antariksa-master\src\perangantariksa\GamePanel.java,perangantariksa.GamePanel,paint/1[java.awt.Graphics],newBonusEnemy,2
D:\Project\Game-Perang-Antariksa-master\Game-Perang-Antariksa-master\src\perangantariksa\GamePanel.java,perangantariksa.GamePanel,paint/1[java.awt.Graphics],newBeamCanFire,4
D:\Project\Game-Perang-Antariksa-master\Game-Perang-Antariksa-master\src\perangantariksa\GamePanel.java,perangantariksa.GamePanel,paint/1[java.awt.Graphics],beam3,2
D:\Project\Game-Perang-Antariksa-master\Game-Perang-Antariksa-master\src\perangantariksa\GamePanel.java,perangantariksa.GamePanel,paint/1[java.awt.Graphics],r,3
D:\Project\Game-Perang-Antariksa-master\Game-Perang-Antariksa-master\src\perangantariksa\GamePanel.java,perangantariksa.GamePanel,paint/1[java.awt.Graphics],background,1
D:\Project\Game-Perang-Antariksa-master\Game-Perang-Antariksa-master\src\perangantariksa\GamePanel.java,perangantariksa.GamePanel,paint/1[java.awt.Graphics],beam2,2
D:\Project\Game-Perang-Antariksa-master\Game-Perang-Antariksa-master\src\perangantariksa\GamePanel.java,perangantariksa.GamePanel,GamePanel/0,lebar,2
D:\Project\Game-Perang-Antariksa-master\Game-Perang-Antariksa-master\src\perangantariksa\GamePanel.java,perangantariksa.GamePanel,GamePanel/0,kontrol,2
D:\Project\Game-Perang-Antariksa-master\Game-Perang-Antariksa-master\src\perangantariksa\GamePanel.java,perangantariksa.GamePanel,GamePanel/0,tinggi,2
D:\Project\Game-Perang-Antariksa-master\Game-Perang-Antariksa-master\src\perangantariksa\GamePanel.java,perangantariksa.GamePanel,getBossHealth/0,bossHealth,1
D:\Project\Game-Perang-Antariksa-master\Game-Perang-Antariksa-master\src\perangantariksa\GamePanel.java,perangantariksa.GamePanel,setupGame/0,lifeList,1
D:\Project\Game-Perang-Antariksa-master\Game-Perang-Antariksa-master\src\perangantariksa\GamePanel.java,perangantariksa.GamePanel,setupGame/0,level,9
D:\Project\Game-Perang-Antariksa-master\Game-Perang-Antariksa-master\src\perangantariksa\GamePanel.java,perangantariksa.GamePanel,setupGame/0,enemyList,2
D:\Project\Game-Perang-Antariksa-master\Game-Perang-Antariksa-master\src\perangantariksa\GamePanel.java,perangantariksa.GamePanel,setupGame/0,singleLife,2
D:\Project\Game-Perang-Antariksa-master\Game-Perang-Antariksa-master\src\perangantariksa\GamePanel.java,perangantariksa.GamePanel,setupGame/0,bossSoundAudio,1
D:\Project\Game-Perang-Antariksa-master\Game-Perang-Antariksa-master\src\perangantariksa\GamePanel.java,perangantariksa.GamePanel,setupGame/0,playerShip,1
D:\Project\Game-Perang-Antariksa-master\Game-Perang-Antariksa-master\src\perangantariksa\GamePanel.java,perangantariksa.GamePanel,setupGame/0,nyawa,1
D:\Project\Game-Perang-Antariksa-master\Game-Perang-Antariksa-master\src\perangantariksa\GamePanel.java,perangantariksa.GamePanel,setupGame/0,enemy,4
D:\Project\Game-Perang-Antariksa-master\Game-Perang-Antariksa-master\src\perangantariksa\GamePanel.java,perangantariksa.GamePanel,setupGame/0,kontrol,2
D:\Project\Game-Perang-Antariksa-master\Game-Perang-Antariksa-master\src\perangantariksa\GamePanel.java,perangantariksa.GamePanel,updateGameState/1[int],hitSoundAudio,2
D:\Project\Game-Perang-Antariksa-master\Game-Perang-Antariksa-master\src\perangantariksa\GamePanel.java,perangantariksa.GamePanel,updateGameState/1[int],bulletSoundInput,2
D:\Project\Game-Perang-Antariksa-master\Game-Perang-Antariksa-master\src\perangantariksa\GamePanel.java,perangantariksa.GamePanel,updateGameState/1[int],levelUpSoundInput,2
D:\Project\Game-Perang-Antariksa-master\Game-Perang-Antariksa-master\src\perangantariksa\GamePanel.java,perangantariksa.GamePanel,updateGameState/1[int],damageSound,1
D:\Project\Game-Perang-Antariksa-master\Game-Perang-Antariksa-master\src\perangantariksa\GamePanel.java,perangantariksa.GamePanel,updateGameState/1[int],newBulletCanFire,4
D:\Project\Game-Perang-Antariksa-master\Game-Perang-Antariksa-master\src\perangantariksa\GamePanel.java,perangantariksa.GamePanel,updateGameState/1[int],hitMarker,2
D:\Project\Game-Perang-Antariksa-master\Game-Perang-Antariksa-master\src\perangantariksa\GamePanel.java,perangantariksa.GamePanel,updateGameState/1[int],beam,2
D:\Project\Game-Perang-Antariksa-master\Game-Perang-Antariksa-master\src\perangantariksa\GamePanel.java,perangantariksa.GamePanel,updateGameState/1[int],bonusEnemyList,11
D:\Project\Game-Perang-Antariksa-master\Game-Perang-Antariksa-master\src\perangantariksa\GamePanel.java,perangantariksa.GamePanel,updateGameState/1[int],nyawa,2
D:\Project\Game-Perang-Antariksa-master\Game-Perang-Antariksa-master\src\perangantariksa\GamePanel.java,perangantariksa.GamePanel,updateGameState/1[int],bulletSoundAudio,1
D:\Project\Game-Perang-Antariksa-master\Game-Perang-Antariksa-master\src\perangantariksa\GamePanel.java,perangantariksa.GamePanel,updateGameState/1[int],hitSoundInput,2
D:\Project\Game-Perang-Antariksa-master\Game-Perang-Antariksa-master\src\perangantariksa\GamePanel.java,perangantariksa.GamePanel,updateGameState/1[int],hitmarkerSound,1
D:\Project\Game-Perang-Antariksa-master\Game-Perang-Antariksa-master\src\perangantariksa\GamePanel.java,perangantariksa.GamePanel,updateGameState/1[int],levelUpSoundAudio,2
D:\Project\Game-Perang-Antariksa-master\Game-Perang-Antariksa-master\src\perangantariksa\GamePanel.java,perangantariksa.GamePanel,updateGameState/1[int],levelUpSound,1
D:\Project\Game-Perang-Antariksa-master\Game-Perang-Antariksa-master\src\perangantariksa\GamePanel.java,perangantariksa.GamePanel,updateGameState/1[int],kontrol,2
D:\Project\Game-Perang-Antariksa-master\Game-Perang-Antariksa-master\src\perangantariksa\GamePanel.java,perangantariksa.GamePanel,updateGameState/1[int],score,8
D:\Project\Game-Perang-Antariksa-master\Game-Perang-Antariksa-master\src\perangantariksa\GamePanel.java,perangantariksa.GamePanel,updateGameState/1[int],highScore,2
D:\Project\Game-Perang-Antariksa-master\Game-Perang-Antariksa-master\src\perangantariksa\GamePanel.java,perangantariksa.GamePanel,updateGameState/1[int],lifeList,8
D:\Project\Game-Perang-Antariksa-master\Game-Perang-Antariksa-master\src\perangantariksa\GamePanel.java,perangantariksa.GamePanel,updateGameState/1[int],playerShip,2
D:\Project\Game-Perang-Antariksa-master\Game-Perang-Antariksa-master\src\perangantariksa\GamePanel.java,perangantariksa.GamePanel,updateGameState/1[int],bossSoundAudio,1
D:\Project\Game-Perang-Antariksa-master\Game-Perang-Antariksa-master\src\perangantariksa\GamePanel.java,perangantariksa.GamePanel,updateGameState/1[int],markerY,2
D:\Project\Game-Perang-Antariksa-master\Game-Perang-Antariksa-master\src\perangantariksa\GamePanel.java,perangantariksa.GamePanel,updateGameState/1[int],markerX,2
D:\Project\Game-Perang-Antariksa-master\Game-Perang-Antariksa-master\src\perangantariksa\GamePanel.java,perangantariksa.GamePanel,updateGameState/1[int],bullet,9
D:\Project\Game-Perang-Antariksa-master\Game-Perang-Antariksa-master\src\perangantariksa\GamePanel.java,perangantariksa.GamePanel,updateGameState/1[int],beamSoundAudio,1
D:\Project\Game-Perang-Antariksa-master\Game-Perang-Antariksa-master\src\perangantariksa\GamePanel.java,perangantariksa.GamePanel,updateGameState/1[int],damageSoundInput,2
D:\Project\Game-Perang-Antariksa-master\Game-Perang-Antariksa-master\src\perangantariksa\GamePanel.java,perangantariksa.GamePanel,updateGameState/1[int],bossHealth,5
D:\Project\Game-Perang-Antariksa-master\Game-Perang-Antariksa-master\src\perangantariksa\GamePanel.java,perangantariksa.GamePanel,updateGameState/1[int],deathSoundAudio,3
D:\Project\Game-Perang-Antariksa-master\Game-Perang-Antariksa-master\src\perangantariksa\GamePanel.java,perangantariksa.GamePanel,updateGameState/1[int],beamList,17
D:\Project\Game-Perang-Antariksa-master\Game-Perang-Antariksa-master\src\perangantariksa\GamePanel.java,perangantariksa.GamePanel,updateGameState/1[int],bonusSoundAudio,2
D:\Project\Game-Perang-Antariksa-master\Game-Perang-Antariksa-master\src\perangantariksa\GamePanel.java,perangantariksa.GamePanel,updateGameState/1[int],enemyList,26
D:\Project\Game-Perang-Antariksa-master\Game-Perang-Antariksa-master\src\perangantariksa\GamePanel.java,perangantariksa.GamePanel,updateGameState/1[int],level,19
D:\Project\Game-Perang-Antariksa-master\Game-Perang-Antariksa-master\src\perangantariksa\GamePanel.java,perangantariksa.GamePanel,updateGameState/1[int],bulletSound,1
D:\Project\Game-Perang-Antariksa-master\Game-Perang-Antariksa-master\src\perangantariksa\GamePanel.java,perangantariksa.GamePanel,updateGameState/1[int],f,3
D:\Project\Game-Perang-Antariksa-master\Game-Perang-Antariksa-master\src\perangantariksa\GamePanel.java,perangantariksa.GamePanel,updateGameState/1[int],bossSound,1
D:\Project\Game-Perang-Antariksa-master\Game-Perang-Antariksa-master\src\perangantariksa\GamePanel.java,perangantariksa.GamePanel,updateGameState/1[int],bonusSoundInput,2
D:\Project\Game-Perang-Antariksa-master\Game-Perang-Antariksa-master\src\perangantariksa\GamePanel.java,perangantariksa.GamePanel,updateGameState/1[int],deathSound,1
D:\Project\Game-Perang-Antariksa-master\Game-Perang-Antariksa-master\src\perangantariksa\GamePanel.java,perangantariksa.GamePanel,updateGameState/1[int],beamSound,1
D:\Project\Game-Perang-Antariksa-master\Game-Perang-Antariksa-master\src\perangantariksa\GamePanel.java,perangantariksa.GamePanel,updateGameState/1[int],newBonusEnemy,3
D:\Project\Game-Perang-Antariksa-master\Game-Perang-Antariksa-master\src\perangantariksa\GamePanel.java,perangantariksa.GamePanel,updateGameState/1[int],newBeamCanFire,2
D:\Project\Game-Perang-Antariksa-master\Game-Perang-Antariksa-master\src\perangantariksa\GamePanel.java,perangantariksa.GamePanel,updateGameState/1[int],beamSoundInput,2
D:\Project\Game-Perang-Antariksa-master\Game-Perang-Antariksa-master\src\perangantariksa\GamePanel.java,perangantariksa.GamePanel,updateGameState/1[int],bonusSound,1
D:\Project\Game-Perang-Antariksa-master\Game-Perang-Antariksa-master\src\perangantariksa\GamePanel.java,perangantariksa.GamePanel,updateGameState/1[int],bossSoundInput,2
D:\Project\Game-Perang-Antariksa-master\Game-Perang-Antariksa-master\src\perangantariksa\GamePanel.java,perangantariksa.GamePanel,updateGameState/1[int],deathSoundInput,2
D:\Project\Game-Perang-Antariksa-master\Game-Perang-Antariksa-master\src\perangantariksa\GamePanel.java,perangantariksa.GamePanel,updateGameState/1[int],damageSoundAudio,2
D:\Project\Game-Perang-Antariksa-master\Game-Perang-Antariksa-master\src\perangantariksa\Musuh.java,perangantariksa.Musuh,getBounds/0,width,1
D:\Project\Game-Perang-Antariksa-master\Game-Perang-Antariksa-master\src\perangantariksa\Musuh.java,perangantariksa.Musuh,getBounds/0,height,1
D:\Project\Game-Perang-Antariksa-master\Game-Perang-Antariksa-master\src\perangantariksa\Musuh.java,perangantariksa.Musuh,"Musuh/8[int,int,int,int,int,java.awt.Color,int,int]",enemytype,1
D:\Project\Game-Perang-Antariksa-master\Game-Perang-Antariksa-master\src\perangantariksa\Musuh.java,perangantariksa.Musuh,"Musuh/8[int,int,int,int,int,java.awt.Color,int,int]",width,3
D:\Project\Game-Perang-Antariksa-master\Game-Perang-Antariksa-master\src\perangantariksa\Musuh.java,perangantariksa.Musuh,"Musuh/8[int,int,int,int,int,java.awt.Color,int,int]",height,3
D:\Project\Game-Perang-Antariksa-master\Game-Perang-Antariksa-master\src\perangantariksa\Musuh.java,perangantariksa.Musuh,draw/1[java.awt.Graphics],alienBoss2,1
D:\Project\Game-Perang-Antariksa-master\Game-Perang-Antariksa-master\src\perangantariksa\Musuh.java,perangantariksa.Musuh,draw/1[java.awt.Graphics],alienBoss3,1
D:\Project\Game-Perang-Antariksa-master\Game-Perang-Antariksa-master\src\perangantariksa\Musuh.java,perangantariksa.Musuh,draw/1[java.awt.Graphics],alien2,1
D:\Project\Game-Perang-Antariksa-master\Game-Perang-Antariksa-master\src\perangantariksa\Musuh.java,perangantariksa.Musuh,draw/1[java.awt.Graphics],alien1,1
D:\Project\Game-Perang-Antariksa-master\Game-Perang-Antariksa-master\src\perangantariksa\Musuh.java,perangantariksa.Musuh,draw/1[java.awt.Graphics],enemytype,5
D:\Project\Game-Perang-Antariksa-master\Game-Perang-Antariksa-master\src\perangantariksa\Musuh.java,perangantariksa.Musuh,draw/1[java.awt.Graphics],alien3,1
D:\Project\Game-Perang-Antariksa-master\Game-Perang-Antariksa-master\src\perangantariksa\Musuh.java,perangantariksa.Musuh,draw/1[java.awt.Graphics],alienBoss,1
D:\Project\Game-Perang-Antariksa-master\Game-Perang-Antariksa-master\src\perangantariksa\PlayFrame.java,perangantariksa.PlayFrame,PlayFrame/0,game,4
D:\Project\Game-Perang-Antariksa-master\Game-Perang-Antariksa-master\src\perangantariksa\KontrolKeyboard.java,perangantariksa.KontrolKeyboard,keyPressed/1[java.awt.event.KeyEvent],keyStatus,1
D:\Project\Game-Perang-Antariksa-master\Game-Perang-Antariksa-master\src\perangantariksa\KontrolKeyboard.java,perangantariksa.KontrolKeyboard,KontrolKeyboard/0,keyStatus,1
D:\Project\Game-Perang-Antariksa-master\Game-Perang-Antariksa-master\src\perangantariksa\KontrolKeyboard.java,perangantariksa.KontrolKeyboard,resetController/0,keyStatus,1
D:\Project\Game-Perang-Antariksa-master\Game-Perang-Antariksa-master\src\perangantariksa\KontrolKeyboard.java,perangantariksa.KontrolKeyboard,keyReleased/1[java.awt.event.KeyEvent],keyStatus,1
D:\Project\Game-Perang-Antariksa-master\Game-Perang-Antariksa-master\src\perangantariksa\KontrolKeyboard.java,perangantariksa.KontrolKeyboard,getKeyStatus/1[int],keyStatus,1
D:\Project\Game-Perang-Antariksa-master\Game-Perang-Antariksa-master\src\perangantariksa\Menu.java,perangantariksa.Menu,initComponents/0,play,5
D:\Project\Game-Perang-Antariksa-master\Game-Perang-Antariksa-master\src\perangantariksa\Menu.java,perangantariksa.Menu,initComponents/0,exit,5
D:\Project\Game-Perang-Antariksa-master\Game-Perang-Antariksa-master\src\perangantariksa\Menu.java,perangantariksa.Menu,initComponents/0,help,5
D:\Project\Game-Perang-Antariksa-master\Game-Perang-Antariksa-master\src\perangantariksa\Menu.java,perangantariksa.Menu,initComponents/0,hc,5
D:\Project\Game-Perang-Antariksa-master\Game-Perang-Antariksa-master\src\perangantariksa\Menu.java,perangantariksa.Menu,initComponents/0,jLabel1,4
D:\Project\Game-Perang-Antariksa-master\Game-Perang-Antariksa-master\src\perangantariksa\Menu.java,perangantariksa.Menu,helpMouseClicked/1[java.awt.event.MouseEvent],help,1
D:\Project\Game-Perang-Antariksa-master\Game-Perang-Antariksa-master\src\perangantariksa\Menu.java,perangantariksa.Menu,Menu/0,play,1
D:\Project\Game-Perang-Antariksa-master\Game-Perang-Antariksa-master\src\perangantariksa\Menu.java,perangantariksa.Menu,play/0,play,1
D:\Project\Game-Perang-Antariksa-master\Game-Perang-Antariksa-master\src\perangantariksa\Menu.java,perangantariksa.Menu,play/0,nank,1
D:\Project\Game-Perang-Antariksa-master\Game-Perang-Antariksa-master\src\perangantariksa\Menu.java,perangantariksa.Menu,play/0,filename,1
D:\Project\Game-Perang-Antariksa-master\Game-Perang-Antariksa-master\src\perangantariksa\Menu.java,perangantariksa.Menu,close/0,nank,1
D:\Project\Game-Perang-Antariksa-master\Game-Perang-Antariksa-master\src\perangantariksa\Menu.java,perangantariksa.Menu,doExit/0,exit,1
D:\Project\Game-Perang-Antariksa-master\Game-Perang-Antariksa-master\src\perangantariksa\Pesawat.java,perangantariksa.Pesawat,bonusDraw/1[java.awt.Graphics],bonusEnemy,1
D:\Project\Game-Perang-Antariksa-master\Game-Perang-Antariksa-master\src\perangantariksa\Pesawat.java,perangantariksa.Pesawat,lifeDraw/1[java.awt.Graphics],lifeCounterShip,1
D:\Project\Game-Perang-Antariksa-master\Game-Perang-Antariksa-master\src\perangantariksa\Pesawat.java,perangantariksa.Pesawat,draw/1[java.awt.Graphics],ship,1
D:\Project\Game-Perang-Antariksa-master\Game-Perang-Antariksa-master\src\perangantariksa\GamePanel.java,perangantariksa.GamePanel$Anonymous1,actionPerformed/1[java.awt.event.ActionEvent],frameNumber,1
D:\Project\Game-Perang-Antariksa-master\Game-Perang-Antariksa-master\src\perangantariksa\help.java,perangantariksa.help,initComponents/0,jLabel3,4
D:\Project\Game-Perang-Antariksa-master\Game-Perang-Antariksa-master\src\perangantariksa\help.java,perangantariksa.help,initComponents/0,jLabel2,6
D:\Project\Game-Perang-Antariksa-master\Game-Perang-Antariksa-master\src\perangantariksa\help.java,perangantariksa.help,initComponents/0,jLabel5,4
D:\Project\Game-Perang-Antariksa-master\Game-Perang-Antariksa-master\src\perangantariksa\help.java,perangantariksa.help,initComponents/0,jLabel4,4
D:\Project\Game-Perang-Antariksa-master\Game-Perang-Antariksa-master\src\perangantariksa\help.java,perangantariksa.help,initComponents/0,jLabel7,4
D:\Project\Game-Perang-Antariksa-master\Game-Perang-Antariksa-master\src\perangantariksa\help.java,perangantariksa.help,initComponents/0,jLabel6,5
D:\Project\Game-Perang-Antariksa-master\Game-Perang-Antariksa-master\src\perangantariksa\help.java,perangantariksa.help,initComponents/0,jLabel1,4
D:\Project\Game-Perang-Antariksa-master\Game-Perang-Antariksa-master\src\perangantariksa\KontrolGameObjek.java,perangantariksa.KontrolGameObjek,"KontrolGameObjek/4[int,int,java.awt.Color,perangantariksa.KontrolKeyboard]",control,3
D:\Project\Game-Perang-Antariksa-master\Game-Perang-Antariksa-master\src\perangantariksa\Peluru.java,perangantariksa.Peluru,"Peluru/4[int,int,int,java.awt.Color]",diameter,3
D:\Project\Game-Perang-Antariksa-master\Game-Perang-Antariksa-master\src\perangantariksa\Peluru.java,perangantariksa.Peluru,getDiameter/0,diameter,1
D:\Project\Game-Perang-Antariksa-master\Game-Perang-Antariksa-master\src\perangantariksa\GameObjek.java,perangantariksa.GameObjek,setColor/1[java.awt.Color],color,3
D:\Project\Game-Perang-Antariksa-master\Game-Perang-Antariksa-master\src\perangantariksa\GameObjek.java,perangantariksa.GameObjek,getYPosition/0,yPos,1
D:\Project\Game-Perang-Antariksa-master\Game-Perang-Antariksa-master\src\perangantariksa\GameObjek.java,perangantariksa.GameObjek,SalingKena/1[perangantariksa.GameObjek],SalingKena,3
D:\Project\Game-Perang-Antariksa-master\Game-Perang-Antariksa-master\src\perangantariksa\GameObjek.java,perangantariksa.GameObjek,getColor/0,color,1
D:\Project\Game-Perang-Antariksa-master\Game-Perang-Antariksa-master\src\perangantariksa\GameObjek.java,perangantariksa.GameObjek,setXPosition/1[int],xPos,1
D:\Project\Game-Perang-Antariksa-master\Game-Perang-Antariksa-master\src\perangantariksa\GameObjek.java,perangantariksa.GameObjek,setYPosition/1[int],yPos,1
D:\Project\Game-Perang-Antariksa-master\Game-Perang-Antariksa-master\src\perangantariksa\GameObjek.java,perangantariksa.GameObjek,"GameObjek/3[int,int,java.awt.Color]",yPos,1
D:\Project\Game-Perang-Antariksa-master\Game-Perang-Antariksa-master\src\perangantariksa\GameObjek.java,perangantariksa.GameObjek,"GameObjek/3[int,int,java.awt.Color]",color,3
D:\Project\Game-Perang-Antariksa-master\Game-Perang-Antariksa-master\src\perangantariksa\GameObjek.java,perangantariksa.GameObjek,"GameObjek/3[int,int,java.awt.Color]",xPos,1
D:\Project\Game-Perang-Antariksa-master\Game-Perang-Antariksa-master\src\perangantariksa\GameObjek.java,perangantariksa.GameObjek,getXPosition/0,xPos,1
D:\Project\Game-Perang-Antariksa-master\Game-Perang-Antariksa-master\src\perangantariksa\GerakanObjek.java,perangantariksa.GerakanObjek,setYVelocity/1[int],yVel,1
D:\Project\Game-Perang-Antariksa-master\Game-Perang-Antariksa-master\src\perangantariksa\GerakanObjek.java,perangantariksa.GerakanObjek,"GerakanObjek/5[int,int,int,int,java.awt.Color]",xVel,1
D:\Project\Game-Perang-Antariksa-master\Game-Perang-Antariksa-master\src\perangantariksa\GerakanObjek.java,perangantariksa.GerakanObjek,"GerakanObjek/5[int,int,int,int,java.awt.Color]",yVel,1
D:\Project\Game-Perang-Antariksa-master\Game-Perang-Antariksa-master\src\perangantariksa\GerakanObjek.java,perangantariksa.GerakanObjek,getYVelocity/0,yVel,1
D:\Project\Game-Perang-Antariksa-master\Game-Perang-Antariksa-master\src\perangantariksa\GerakanObjek.java,perangantariksa.GerakanObjek,setXVelocity/1[int],xVel,1
D:\Project\Game-Perang-Antariksa-master\Game-Perang-Antariksa-master\src\perangantariksa\GerakanObjek.java,perangantariksa.GerakanObjek,move/0,xVel,1
D:\Project\Game-Perang-Antariksa-master\Game-Perang-Antariksa-master\src\perangantariksa\GerakanObjek.java,perangantariksa.GerakanObjek,move/0,yVel,1
D:\Project\Game-Perang-Antariksa-master\Game-Perang-Antariksa-master\src\perangantariksa\GerakanObjek.java,perangantariksa.GerakanObjek,getXVelocity/0,xVel,1
D:\Project\Game-Perang-Antariksa-master\Game-Perang-Antariksa-master\src\perangantariksa\highscore.java,perangantariksa.highscore,highscore/0,nama1,1
D:\Project\Game-Perang-Antariksa-master\Game-Perang-Antariksa-master\src\perangantariksa\highscore.java,perangantariksa.highscore,highscore/0,score,1
D:\Project\Game-Perang-Antariksa-master\Game-Perang-Antariksa-master\src\perangantariksa\highscore.java,perangantariksa.highscore,initComponents/0,jLabel3,5
D:\Project\Game-Perang-Antariksa-master\Game-Perang-Antariksa-master\src\perangantariksa\highscore.java,perangantariksa.highscore,initComponents/0,fieldnya1,6
D:\Project\Game-Perang-Antariksa-master\Game-Perang-Antariksa-master\src\perangantariksa\highscore.java,perangantariksa.highscore,initComponents/0,jLabel2,7
D:\Project\Game-Perang-Antariksa-master\Game-Perang-Antariksa-master\src\perangantariksa\highscore.java,perangantariksa.highscore,initComponents/0,score,5
D:\Project\Game-Perang-Antariksa-master\Game-Perang-Antariksa-master\src\perangantariksa\highscore.java,perangantariksa.highscore,initComponents/0,nama1,6
D:\Project\Game-Perang-Antariksa-master\Game-Perang-Antariksa-master\src\perangantariksa\highscore.java,perangantariksa.highscore,initComponents/0,fieldnya,6
D:\Project\Game-Perang-Antariksa-master\Game-Perang-Antariksa-master\src\perangantariksa\highscore.java,perangantariksa.highscore,initComponents/0,jLabel1,4
D:\Project\Game-Perang-Antariksa-master\Game-Perang-Antariksa-master\src\perangantariksa\koneksi.java,perangantariksa.koneksi,konek/0,conn,1
