file,class,method,constructor,line,cbo,cboModified,fanin,fanout,wmc,rfc,loc,returnsQty,variablesQty,parametersQty,methodsInvokedQty,methodsInvokedLocalQty,methodsInvokedIndirectLocalQty,loopQty,comparisonsQty,tryCatchQty,parenthesizedExpsQty,stringLiteralsQty,numbersQty,assignmentsQty,mathOperationsQty,maxNestedBlocksQty,anonymousClassesQty,innerClassesQty,lambdasQty,uniqueWordsQty,modifiers,logStatementsQty,hasJavaDoc
D:\Project\Game-Perang-Antariksa-master\Game-Perang-Antariksa-master\src\perangantariksa\GamePanel.java,perangantariksa.GamePanel,start/0,false,575,0,2,1,1,1,2,20,0,1,0,2,0,0,0,0,0,0,0,2,2,1,0,2,0,0,20,1,0,false
D:\Project\Game-Perang-Antariksa-master\Game-Perang-Antariksa-master\src\perangantariksa\GamePanel.java,perangantariksa.GamePanel,paint/1[java.awt.Graphics],false,152,7,14,0,14,45,24,108,0,6,1,24,0,0,6,21,1,0,7,70,21,15,4,0,0,0,33,1,0,false
D:\Project\Game-Perang-Antariksa-master\Game-Perang-Antariksa-master\src\perangantariksa\GamePanel.java,perangantariksa.GamePanel,GamePanel/0,true,547,2,3,1,2,1,7,10,0,0,0,7,1,1,0,0,0,0,0,0,1,0,0,0,0,0,7,1,0,false
D:\Project\Game-Perang-Antariksa-master\Game-Perang-Antariksa-master\src\perangantariksa\GamePanel.java,perangantariksa.GamePanel,getBossHealth/0,false,108,0,1,1,0,1,0,3,1,0,0,0,0,0,0,0,0,0,0,0,0,0,0,0,0,0,4,9,0,false
D:\Project\Game-Perang-Antariksa-master\Game-Perang-Antariksa-master\src\perangantariksa\GamePanel.java,perangantariksa.GamePanel,setupGame/0,false,112,3,5,2,3,12,4,21,0,3,0,4,0,0,3,8,0,5,0,32,7,6,3,0,0,0,16,17,0,false
D:\Project\Game-Perang-Antariksa-master\Game-Perang-Antariksa-master\src\perangantariksa\GamePanel.java,perangantariksa.GamePanel,updateGameState/1[int],false,300,8,14,1,13,57,42,204,0,21,1,42,1,1,10,24,5,5,9,73,67,17,5,0,0,0,78,1,0,false
D:\Project\Game-Perang-Antariksa-master\Game-Perang-Antariksa-master\src\perangantariksa\Menu.java,perangantariksa.Menu$Anonymous1,run/0,false,59,0,4,0,4,2,2,8,0,0,0,2,0,0,0,0,1,0,0,0,0,0,1,0,0,0,3,1,0,false
D:\Project\Game-Perang-Antariksa-master\Game-Perang-Antariksa-master\src\perangantariksa\Menu.java,perangantariksa.Menu$Anonymous2,mouseClicked/1[java.awt.event.MouseEvent],false,110,1,6,0,6,1,1,3,0,0,1,1,0,0,0,0,0,0,0,0,0,0,0,0,0,0,5,1,0,false
D:\Project\Game-Perang-Antariksa-master\Game-Perang-Antariksa-master\src\perangantariksa\Musuh.java,perangantariksa.Musuh,getBounds/0,false,62,1,2,0,2,1,2,4,1,1,0,2,0,0,0,0,0,0,0,0,1,0,0,0,0,0,6,1,0,false
D:\Project\Game-Perang-Antariksa-master\Game-Perang-Antariksa-master\src\perangantariksa\Musuh.java,perangantariksa.Musuh,"Musuh/8[int,int,int,int,int,java.awt.Color,int,int]",true,26,0,1,1,0,1,0,6,0,0,8,0,0,0,0,0,0,0,0,0,3,0,0,0,0,0,5,1,0,false
D:\Project\Game-Perang-Antariksa-master\Game-Perang-Antariksa-master\src\perangantariksa\Musuh.java,perangantariksa.Musuh,draw/1[java.awt.Graphics],false,35,2,4,1,3,9,4,22,0,0,1,4,0,0,0,5,0,0,0,11,0,3,2,0,0,0,3,1,0,false
D:\Project\Game-Perang-Antariksa-master\Game-Perang-Antariksa-master\src\perangantariksa\Musuh.java,perangantariksa.Musuh,move/0,false,69,0,1,1,0,1,0,3,0,0,0,0,0,0,0,0,0,0,0,0,1,0,0,0,0,0,4,1,0,false
D:\Project\Game-Perang-Antariksa-master\Game-Perang-Antariksa-master\src\perangantariksa\PlayFrame.java,perangantariksa.PlayFrame,main/1[java.lang.String[]],false,38,0,1,0,1,1,1,8,0,0,1,1,0,0,0,0,0,0,0,0,0,0,0,1,0,0,7,9,0,false
D:\Project\Game-Perang-Antariksa-master\Game-Perang-Antariksa-master\src\perangantariksa\PlayFrame.java,perangantariksa.PlayFrame,PlayFrame/0,true,13,1,4,2,2,1,8,11,0,0,0,8,0,0,0,0,0,0,1,0,1,0,0,0,0,0,8,1,0,false
D:\Project\Game-Perang-Antariksa-master\Game-Perang-Antariksa-master\src\perangantariksa\KontrolKeyboard.java,perangantariksa.KontrolKeyboard,keyTyped/1[java.awt.event.KeyEvent],false,47,0,0,0,0,1,0,2,0,0,1,0,0,0,0,0,0,0,0,0,0,0,0,0,0,0,5,1,0,false
D:\Project\Game-Perang-Antariksa-master\Game-Perang-Antariksa-master\src\perangantariksa\KontrolKeyboard.java,perangantariksa.KontrolKeyboard,keyPressed/1[java.awt.event.KeyEvent],false,37,0,0,0,0,1,1,3,0,0,1,1,0,0,0,0,0,0,0,0,1,0,0,0,0,0,6,1,0,false
D:\Project\Game-Perang-Antariksa-master\Game-Perang-Antariksa-master\src\perangantariksa\KontrolKeyboard.java,perangantariksa.KontrolKeyboard,KontrolKeyboard/0,true,12,1,1,1,0,1,0,3,0,0,0,0,0,0,0,0,0,0,0,1,1,0,0,0,0,0,4,1,0,false
D:\Project\Game-Perang-Antariksa-master\Game-Perang-Antariksa-master\src\perangantariksa\KontrolKeyboard.java,perangantariksa.KontrolKeyboard,resetController/0,false,29,1,2,2,0,1,0,3,0,0,0,0,0,0,0,0,0,0,0,1,1,0,0,0,0,0,4,1,0,false
D:\Project\Game-Perang-Antariksa-master\Game-Perang-Antariksa-master\src\perangantariksa\KontrolKeyboard.java,perangantariksa.KontrolKeyboard,keyReleased/1[java.awt.event.KeyEvent],false,42,0,0,0,0,1,1,3,0,0,1,1,0,0,0,0,0,0,0,0,1,0,0,0,0,0,6,1,0,false
D:\Project\Game-Perang-Antariksa-master\Game-Perang-Antariksa-master\src\perangantariksa\KontrolKeyboard.java,perangantariksa.KontrolKeyboard,getKeyStatus/1[int],false,17,0,3,3,0,3,0,8,2,0,1,0,0,0,0,0,0,0,0,2,0,0,1,0,0,0,6,1,0,false
D:\Project\Game-Perang-Antariksa-master\Game-Perang-Antariksa-master\src\perangantariksa\Menu.java,perangantariksa.Menu$Anonymous3,mouseClicked/1[java.awt.event.MouseEvent],false,119,1,6,0,6,1,1,3,0,0,1,1,0,0,0,0,0,0,0,0,0,0,0,0,0,0,5,1,0,false
D:\Project\Game-Perang-Antariksa-master\Game-Perang-Antariksa-master\src\perangantariksa\Menu.java,perangantariksa.Menu$Anonymous4,mouseClicked/1[java.awt.event.MouseEvent],false,128,1,6,0,6,1,1,3,0,0,1,1,0,0,0,0,0,0,0,0,0,0,0,0,0,0,5,1,0,false
D:\Project\Game-Perang-Antariksa-master\Game-Perang-Antariksa-master\src\perangantariksa\Menu.java,perangantariksa.Menu,initComponents/0,false,95,0,2,1,1,1,12,51,0,0,0,12,0,0,0,0,0,0,6,22,5,0,0,4,0,0,49,2,0,true
D:\Project\Game-Perang-Antariksa-master\Game-Perang-Antariksa-master\src\perangantariksa\Menu.java,perangantariksa.Menu,hcMouseClicked/1[java.awt.event.MouseEvent],false,165,1,2,1,1,1,2,4,0,0,1,2,0,0,0,0,0,0,0,0,0,0,0,0,0,0,7,2,0,false
D:\Project\Game-Perang-Antariksa-master\Game-Perang-Antariksa-master\src\perangantariksa\Menu.java,perangantariksa.Menu,main/1[java.lang.String[]],false,173,1,1,0,1,7,9,28,0,0,1,9,0,0,1,0,1,0,1,0,0,0,3,1,0,0,19,9,0,true
D:\Project\Game-Perang-Antariksa-master\Game-Perang-Antariksa-master\src\perangantariksa\Menu.java,perangantariksa.Menu,exitMouseClicked/1[java.awt.event.MouseEvent],false,156,0,1,1,0,1,0,2,0,0,1,0,0,0,0,0,0,0,0,0,0,0,0,0,0,0,4,2,0,false
D:\Project\Game-Perang-Antariksa-master\Game-Perang-Antariksa-master\src\perangantariksa\Menu.java,perangantariksa.Menu,playMouseClicked/1[java.awt.event.MouseEvent],false,151,1,2,1,1,1,1,3,0,0,1,1,0,0,0,0,0,0,0,0,0,0,0,0,0,0,7,2,0,false
D:\Project\Game-Perang-Antariksa-master\Game-Perang-Antariksa-master\src\perangantariksa\Menu.java,perangantariksa.Menu,helpMouseClicked/1[java.awt.event.MouseEvent],false,160,1,2,1,1,1,2,4,0,0,1,2,0,0,0,0,0,0,0,0,0,0,0,0,0,0,6,2,0,false
D:\Project\Game-Perang-Antariksa-master\Game-Perang-Antariksa-master\src\perangantariksa\Menu.java,perangantariksa.Menu,Menu/0,true,25,2,7,3,4,2,8,13,0,1,0,8,2,1,0,0,1,0,1,0,1,0,1,0,0,0,15,1,0,false
D:\Project\Game-Perang-Antariksa-master\Game-Perang-Antariksa-master\src\perangantariksa\Menu.java,perangantariksa.Menu,play/0,false,45,1,3,2,1,2,3,22,0,2,0,3,0,0,0,0,1,0,2,0,3,1,1,1,0,0,14,9,0,false
D:\Project\Game-Perang-Antariksa-master\Game-Perang-Antariksa-master\src\perangantariksa\Menu.java,perangantariksa.Menu,close/0,false,71,0,3,3,0,1,1,3,0,0,0,1,0,0,0,0,0,0,0,0,0,0,0,0,0,0,1,9,0,false
D:\Project\Game-Perang-Antariksa-master\Game-Perang-Antariksa-master\src\perangantariksa\Menu.java,perangantariksa.Menu,doExit/0,false,76,0,0,0,0,2,2,6,0,1,0,2,0,0,0,1,0,0,2,1,1,0,1,0,0,0,6,1,0,false
D:\Project\Game-Perang-Antariksa-master\Game-Perang-Antariksa-master\src\perangantariksa\Menu.java,perangantariksa.Menu$Anonymous5,mouseClicked/1[java.awt.event.MouseEvent],false,137,1,6,0,6,1,1,3,0,0,1,1,0,0,0,0,0,0,0,0,0,0,0,0,0,0,5,1,0,false
D:\Project\Game-Perang-Antariksa-master\Game-Perang-Antariksa-master\src\perangantariksa\Pesawat.java,perangantariksa.Pesawat,bonusDraw/1[java.awt.Graphics],false,22,1,3,1,2,1,3,3,0,0,1,3,0,0,0,0,0,0,0,0,0,0,0,0,0,0,4,1,0,false
D:\Project\Game-Perang-Antariksa-master\Game-Perang-Antariksa-master\src\perangantariksa\Pesawat.java,perangantariksa.Pesawat,move/0,false,48,1,2,1,1,5,1,14,0,0,0,1,0,0,0,0,0,0,0,8,4,0,1,0,0,0,3,1,0,false
D:\Project\Game-Perang-Antariksa-master\Game-Perang-Antariksa-master\src\perangantariksa\Pesawat.java,perangantariksa.Pesawat,"Pesawat/4[int,int,java.awt.Color,perangantariksa.KontrolKeyboard]",true,17,1,2,2,0,1,0,3,0,0,4,0,0,0,0,0,0,0,0,0,0,0,0,0,0,0,2,1,0,false
D:\Project\Game-Perang-Antariksa-master\Game-Perang-Antariksa-master\src\perangantariksa\Pesawat.java,perangantariksa.Pesawat,lifeDraw/1[java.awt.Graphics],false,28,1,3,1,2,1,3,3,0,0,1,3,0,0,0,0,0,0,0,0,0,0,0,0,0,0,4,1,0,false
D:\Project\Game-Perang-Antariksa-master\Game-Perang-Antariksa-master\src\perangantariksa\Pesawat.java,perangantariksa.Pesawat,getBounds/0,false,41,1,2,0,2,1,2,4,1,1,0,2,0,0,0,0,0,0,0,2,1,0,0,0,0,0,5,1,0,false
D:\Project\Game-Perang-Antariksa-master\Game-Perang-Antariksa-master\src\perangantariksa\Pesawat.java,perangantariksa.Pesawat,draw/1[java.awt.Graphics],false,34,1,3,1,2,1,3,3,0,0,1,3,0,0,0,0,0,0,0,0,0,0,0,0,0,0,3,1,0,false
D:\Project\Game-Perang-Antariksa-master\Game-Perang-Antariksa-master\src\perangantariksa\Menu.java,perangantariksa.Menu$Anonymous6,run/0,false,199,1,4,0,4,1,1,3,0,0,0,1,0,0,0,0,0,0,0,0,0,0,0,0,0,0,3,1,0,false
D:\Project\Game-Perang-Antariksa-master\Game-Perang-Antariksa-master\src\perangantariksa\GamePanel.java,perangantariksa.GamePanel$Anonymous1,actionPerformed/1[java.awt.event.ActionEvent],false,584,1,1,0,1,1,2,4,0,0,1,2,0,0,0,0,0,0,0,0,0,0,0,0,0,0,11,1,0,false
D:\Project\Game-Perang-Antariksa-master\Game-Perang-Antariksa-master\src\perangantariksa\GamePanel.java,perangantariksa.GamePanel$Anonymous2,actionPerformed/1[java.awt.event.ActionEvent],false,595,0,1,0,1,1,0,3,0,0,1,0,0,0,0,0,0,0,0,0,1,0,0,0,0,0,8,1,0,false
D:\Project\Game-Perang-Antariksa-master\Game-Perang-Antariksa-master\src\perangantariksa\PlayFrame.java,perangantariksa.PlayFrame$Anonymous1,run/0,false,41,1,4,0,4,1,1,3,0,0,0,1,0,0,0,0,0,0,0,0,0,0,0,0,0,0,4,1,0,false
D:\Project\Game-Perang-Antariksa-master\Game-Perang-Antariksa-master\src\perangantariksa\help.java,perangantariksa.help,help/0,true,17,1,3,2,1,1,2,4,0,0,0,2,1,1,0,0,0,0,0,0,0,0,0,0,0,0,6,1,0,true
D:\Project\Game-Perang-Antariksa-master\Game-Perang-Antariksa-master\src\perangantariksa\help.java,perangantariksa.help,initComponents/0,false,29,0,2,1,1,1,15,43,0,0,0,15,0,0,0,0,0,0,9,35,7,0,0,1,0,0,53,2,0,true
D:\Project\Game-Perang-Antariksa-master\Game-Perang-Antariksa-master\src\perangantariksa\help.java,perangantariksa.help,jLabel6MouseClicked/1[java.awt.event.MouseEvent],false,82,1,3,1,2,1,3,5,0,0,1,3,0,0,0,0,0,0,0,0,0,0,0,0,0,0,8,2,0,false
D:\Project\Game-Perang-Antariksa-master\Game-Perang-Antariksa-master\src\perangantariksa\help.java,perangantariksa.help,main/1[java.lang.String[]],false,91,1,1,0,1,7,9,28,0,0,1,9,0,0,1,0,1,0,1,0,0,0,3,1,0,0,19,9,0,true
D:\Project\Game-Perang-Antariksa-master\Game-Perang-Antariksa-master\src\perangantariksa\KontrolGameObjek.java,perangantariksa.KontrolGameObjek,"KontrolGameObjek/4[int,int,java.awt.Color,perangantariksa.KontrolKeyboard]",true,14,1,0,0,0,1,0,4,0,0,4,0,0,0,0,0,0,0,0,0,1,0,0,0,0,0,4,1,0,false
D:\Project\Game-Perang-Antariksa-master\Game-Perang-Antariksa-master\src\perangantariksa\Peluru.java,perangantariksa.Peluru,"Peluru/4[int,int,int,java.awt.Color]",true,17,0,2,2,0,1,0,4,0,0,4,0,0,0,0,0,0,0,0,2,1,0,0,0,0,0,3,1,0,false
D:\Project\Game-Perang-Antariksa-master\Game-Perang-Antariksa-master\src\perangantariksa\Peluru.java,perangantariksa.Peluru,getDiameter/0,false,23,0,0,0,0,1,0,3,1,0,0,0,0,0,0,0,0,0,0,0,0,0,0,0,0,0,3,1,0,false
D:\Project\Game-Perang-Antariksa-master\Game-Perang-Antariksa-master\src\perangantariksa\Peluru.java,perangantariksa.Peluru,draw/1[java.awt.Graphics],false,28,1,3,1,2,1,4,4,0,0,1,4,0,0,0,0,0,0,0,2,0,0,0,0,0,0,4,1,0,false
D:\Project\Game-Perang-Antariksa-master\Game-Perang-Antariksa-master\src\perangantariksa\Peluru.java,perangantariksa.Peluru,getBounds/0,false,35,0,0,0,0,1,0,4,1,1,0,0,0,0,0,0,0,0,0,2,1,0,0,0,0,0,5,1,0,false
D:\Project\Game-Perang-Antariksa-master\Game-Perang-Antariksa-master\src\perangantariksa\GameObjek.java,perangantariksa.GameObjek,setColor/1[java.awt.Color],false,52,0,0,0,0,1,0,3,0,0,1,0,0,0,0,0,0,0,0,0,1,0,0,0,0,0,3,1,0,false
D:\Project\Game-Perang-Antariksa-master\Game-Perang-Antariksa-master\src\perangantariksa\GameObjek.java,perangantariksa.GameObjek,getYPosition/0,false,32,0,10,10,0,1,0,3,1,0,0,0,0,0,0,0,0,0,0,0,0,0,0,0,0,0,5,1,0,false
D:\Project\Game-Perang-Antariksa-master\Game-Perang-Antariksa-master\src\perangantariksa\GameObjek.java,perangantariksa.GameObjek,SalingKena/1[perangantariksa.GameObjek],false,57,1,2,1,1,1,2,4,1,0,1,2,1,1,0,0,0,0,0,0,1,0,0,0,0,0,5,1,0,false
D:\Project\Game-Perang-Antariksa-master\Game-Perang-Antariksa-master\src\perangantariksa\GameObjek.java,perangantariksa.GameObjek,getColor/0,false,37,0,0,0,0,1,0,3,1,0,0,0,0,0,0,0,0,0,0,0,0,0,0,0,0,0,3,1,0,false
D:\Project\Game-Perang-Antariksa-master\Game-Perang-Antariksa-master\src\perangantariksa\GameObjek.java,perangantariksa.GameObjek,GameObjek/0,true,15,0,0,0,0,1,0,2,0,0,0,0,0,0,0,0,0,0,0,0,0,0,0,0,0,0,2,1,0,false
D:\Project\Game-Perang-Antariksa-master\Game-Perang-Antariksa-master\src\perangantariksa\GameObjek.java,perangantariksa.GameObjek,setXPosition/1[int],false,42,0,1,1,0,1,0,3,0,0,1,0,0,0,0,0,0,0,0,0,1,0,0,0,0,0,4,1,0,false
D:\Project\Game-Perang-Antariksa-master\Game-Perang-Antariksa-master\src\perangantariksa\GameObjek.java,perangantariksa.GameObjek,getBounds/0,false,24,0,1,1,0,1,0,1,0,0,0,0,0,0,0,0,0,0,0,0,0,0,0,0,0,0,3,1025,0,false
D:\Project\Game-Perang-Antariksa-master\Game-Perang-Antariksa-master\src\perangantariksa\GameObjek.java,perangantariksa.GameObjek,setYPosition/1[int],false,47,0,1,1,0,1,0,3,0,0,1,0,0,0,0,0,0,0,0,0,1,0,0,0,0,0,4,1,0,false
D:\Project\Game-Perang-Antariksa-master\Game-Perang-Antariksa-master\src\perangantariksa\GameObjek.java,perangantariksa.GameObjek,"GameObjek/3[int,int,java.awt.Color]",true,18,0,0,0,0,1,0,5,0,0,3,0,0,0,0,0,0,0,0,0,3,0,0,0,0,0,6,1,0,false
D:\Project\Game-Perang-Antariksa-master\Game-Perang-Antariksa-master\src\perangantariksa\GameObjek.java,perangantariksa.GameObjek,getXPosition/0,false,27,0,10,10,0,1,0,3,1,0,0,0,0,0,0,0,0,0,0,0,0,0,0,0,0,0,5,1,0,false
D:\Project\Game-Perang-Antariksa-master\Game-Perang-Antariksa-master\src\perangantariksa\highscore.java,perangantariksa.highscore$Anonymous2,run/0,false,151,1,4,0,4,1,1,3,0,0,0,1,0,0,0,0,0,0,0,0,0,0,0,0,0,0,3,1,0,false
D:\Project\Game-Perang-Antariksa-master\Game-Perang-Antariksa-master\src\perangantariksa\help.java,perangantariksa.help$Anonymous1,mouseClicked/1[java.awt.event.MouseEvent],false,56,1,6,0,6,1,1,3,0,0,1,1,0,0,0,0,0,0,0,0,0,0,0,0,0,0,6,1,0,false
D:\Project\Game-Perang-Antariksa-master\Game-Perang-Antariksa-master\src\perangantariksa\highscore.java,perangantariksa.highscore$Anonymous1,mouseClicked/1[java.awt.event.MouseEvent],false,78,1,6,0,6,1,1,3,0,0,1,1,0,0,0,0,0,0,0,0,0,0,0,0,0,0,6,1,0,false
D:\Project\Game-Perang-Antariksa-master\Game-Perang-Antariksa-master\src\perangantariksa\help.java,perangantariksa.help$Anonymous2,run/0,false,117,1,4,0,4,1,1,3,0,0,0,1,0,0,0,0,0,0,0,0,0,0,0,0,0,0,3,1,0,false
D:\Project\Game-Perang-Antariksa-master\Game-Perang-Antariksa-master\src\perangantariksa\GerakanObjek.java,perangantariksa.GerakanObjek,setYVelocity/1[int],false,35,0,0,0,0,1,0,3,0,0,1,0,0,0,0,0,0,0,0,0,1,0,0,0,0,0,4,1,0,false
D:\Project\Game-Perang-Antariksa-master\Game-Perang-Antariksa-master\src\perangantariksa\GerakanObjek.java,perangantariksa.GerakanObjek,"GerakanObjek/5[int,int,int,int,java.awt.Color]",true,14,0,0,0,0,1,0,5,0,0,5,0,0,0,0,0,0,0,0,0,2,0,0,0,0,0,6,1,0,false
D:\Project\Game-Perang-Antariksa-master\Game-Perang-Antariksa-master\src\perangantariksa\GerakanObjek.java,perangantariksa.GerakanObjek,getYVelocity/0,false,27,0,0,0,0,1,0,3,1,0,0,0,0,0,0,0,0,0,0,0,0,0,0,0,0,0,5,1,0,false
D:\Project\Game-Perang-Antariksa-master\Game-Perang-Antariksa-master\src\perangantariksa\GerakanObjek.java,perangantariksa.GerakanObjek,setXVelocity/1[int],false,31,0,1,1,0,1,0,3,0,0,1,0,0,0,0,0,0,0,0,0,1,0,0,0,0,0,4,1,0,false
D:\Project\Game-Perang-Antariksa-master\Game-Perang-Antariksa-master\src\perangantariksa\GerakanObjek.java,perangantariksa.GerakanObjek,move/0,false,42,0,0,0,0,1,0,4,0,0,0,0,0,0,0,0,0,0,0,0,2,0,0,0,0,0,4,1,0,false
D:\Project\Game-Perang-Antariksa-master\Game-Perang-Antariksa-master\src\perangantariksa\GerakanObjek.java,perangantariksa.GerakanObjek,getXVelocity/0,false,23,0,1,1,0,1,0,3,1,0,0,0,0,0,0,0,0,0,0,0,0,0,0,0,0,0,5,1,0,false
D:\Project\Game-Perang-Antariksa-master\Game-Perang-Antariksa-master\src\perangantariksa\PeluruMusuh.java,perangantariksa.PeluruMusuh,"PeluruMusuh/4[int,int,int,java.awt.Color]",true,14,0,1,1,0,1,0,3,0,0,4,0,0,0,0,0,0,0,0,2,0,0,0,0,0,0,3,1,0,false
D:\Project\Game-Perang-Antariksa-master\Game-Perang-Antariksa-master\src\perangantariksa\PeluruMusuh.java,perangantariksa.PeluruMusuh,getBounds/0,false,27,0,0,0,0,1,0,4,1,1,0,0,0,0,0,0,0,0,0,2,1,0,0,0,0,0,5,1,0,false
D:\Project\Game-Perang-Antariksa-master\Game-Perang-Antariksa-master\src\perangantariksa\PeluruMusuh.java,perangantariksa.PeluruMusuh,draw/1[java.awt.Graphics],false,20,1,3,1,2,1,4,4,0,0,1,4,0,0,0,0,0,0,0,2,0,0,0,0,0,0,4,1,0,false
D:\Project\Game-Perang-Antariksa-master\Game-Perang-Antariksa-master\src\perangantariksa\highscore.java,perangantariksa.highscore,main/1[java.lang.String[]],false,125,1,1,0,1,7,9,28,0,0,1,9,0,0,1,0,1,0,1,0,0,0,3,1,0,0,19,9,0,true
D:\Project\Game-Perang-Antariksa-master\Game-Perang-Antariksa-master\src\perangantariksa\highscore.java,perangantariksa.highscore,jLabel3MouseClicked/1[java.awt.event.MouseEvent],false,115,1,3,1,2,1,3,5,0,0,1,3,0,0,0,0,0,0,0,0,0,0,0,0,0,0,8,2,0,false
D:\Project\Game-Perang-Antariksa-master\Game-Perang-Antariksa-master\src\perangantariksa\highscore.java,perangantariksa.highscore,highscore/0,true,23,2,3,2,1,3,10,19,0,4,0,10,1,1,1,0,1,0,3,5,6,0,2,0,0,0,23,1,0,true
D:\Project\Game-Perang-Antariksa-master\Game-Perang-Antariksa-master\src\perangantariksa\highscore.java,perangantariksa.highscore,initComponents/0,false,54,0,2,1,1,1,16,51,0,0,0,16,0,0,0,0,0,0,11,55,7,0,0,1,0,0,51,2,0,true
D:\Project\Game-Perang-Antariksa-master\Game-Perang-Antariksa-master\src\perangantariksa\koneksi.java,perangantariksa.koneksi,konek/0,false,19,0,1,1,0,1,2,7,0,3,0,2,0,0,0,0,0,0,4,0,4,0,0,0,0,0,10,1,0,false
