file,class,type,cbo,cboModified,fanin,fanout,wmc,dit,noc,rfc,lcom,lcom*,tcc,lcc,totalMethodsQty,staticMethodsQty,publicMethodsQty,privateMethodsQty,protectedMethodsQty,defaultMethodsQty,visibleMethodsQty,abstractMethodsQty,finalMethodsQty,synchronizedMethodsQty,totalFieldsQty,staticFieldsQty,publicFieldsQty,privateFieldsQty,protectedFieldsQty,defaultFieldsQty,finalFieldsQty,synchronizedFieldsQty,nosi,loc,returnQty,loopQty,comparisonsQty,tryCatchQty,parenthesizedExpsQty,stringLiteralsQty,numbersQty,assignmentsQty,mathOperationsQty,variablesQty,maxNestedBlocksQty,anonymousClassesQty,innerClassesQty,lambdasQty,uniqueWordsQty,modifiers,logStatementsQty
D:\Project\CSP_JavaProjects-master\CSP_JavaProjects-master\JavaAppCsc\src\Account.java,Account,class,0,1,1,0,12,1,0,0,20,0.7083334,0.34848484,0.6818182,12,0,10,0,0,2,12,0,0,0,4,0,0,4,0,0,0,0,0,44,5,0,0,0,0,0,3,14,0,4,0,0,0,0,19,1,0
D:\Project\CSP_JavaProjects-master\CSP_JavaProjects-master\CSC322 Program3\src\com\jsoftware\test\api\IQuestionSet.java,com.jsoftware.test.api.IQuestionSet,interface,2,8,6,2,6,1,0,0,15,0.0,0.0,0.0,6,0,6,0,0,0,6,0,0,0,0,0,0,0,0,0,0,0,0,8,0,0,0,0,0,0,0,0,0,0,0,0,0,0,40,1,0
D:\Project\CSP_JavaProjects-master\CSP_JavaProjects-master\Program2OnlineStore\src\program2onlinestore\OnlineStore.java,program2onlinestore.OnlineStore,class,7,9,2,7,20,1,0,13,6,0.75,NaN,NaN,4,1,1,3,0,0,1,0,0,0,2,1,0,2,0,0,1,0,2,63,4,5,1,0,0,19,5,5,0,5,4,0,0,0,43,1,0
D:\Project\CSP_JavaProjects-master\CSP_JavaProjects-master\IncrementDecrement\src\IncrementDecrement\Problem3.java,IncrementDecrement.Problem3,class,9,9,0,9,2,2,0,14,1,0.5,0.0,0.0,2,1,2,0,0,0,2,0,0,0,6,0,0,5,0,1,0,0,0,44,0,0,0,0,0,6,17,9,0,9,1,0,0,3,37,1,0
D:\Project\CSP_JavaProjects-master\CSP_JavaProjects-master\JavaAppCsc\src\javaappcsc\JavaAppCsc.java,javaappcsc.JavaAppCsc,class,0,0,0,0,7,1,0,4,0,0.0,NaN,NaN,1,1,1,0,0,0,1,0,0,0,0,0,0,0,0,0,0,0,1,43,0,1,0,0,0,15,6,8,5,5,3,0,0,0,28,1,0
D:\Project\CSP_JavaProjects-master\CSP_JavaProjects-master\Program2OnlineStore\src\program2onlinestore\MusicCD.java,program2onlinestore.MusicCD,class,1,3,2,1,13,2,0,0,42,0.7692308,0.23076923,1.0,13,0,13,0,0,0,13,0,0,0,6,0,0,6,0,0,0,0,0,53,6,0,0,0,0,0,0,12,0,6,0,0,0,0,22,1,0
D:\Project\CSP_JavaProjects-master\CSP_JavaProjects-master\Program2OnlineStore\src\program2onlinestore\Software.java,program2onlinestore.Software,class,1,3,2,1,3,2,0,0,0,0.0,1.0,1.0,3,0,3,0,0,0,3,0,0,0,1,0,0,1,0,0,0,0,0,13,1,0,0,0,0,0,0,2,0,1,0,0,0,0,7,1,0
D:\Project\CSP_JavaProjects-master\CSP_JavaProjects-master\CSC322 Program3\src\com\jsoftware\test\impl\QuestionSet.java,com.jsoftware.test.impl.QuestionSet,class,4,6,2,4,9,1,0,9,0,0.16666667,0.6666667,0.6666667,6,0,6,0,0,0,6,0,0,0,1,0,0,0,0,1,0,0,2,36,6,2,1,0,3,0,2,6,2,6,3,0,0,0,20,1,0
D:\Project\CSP_JavaProjects-master\CSP_JavaProjects-master\Arithmetic\src\arithmetic\MathOp.java,arithmetic.MathOp,interface,0,1,1,0,4,1,0,0,6,0.0,0.0,0.0,4,0,4,0,0,0,4,0,0,0,0,0,0,0,0,0,0,0,0,6,0,0,0,0,0,0,0,0,0,0,0,0,0,0,8,1,0
D:\Project\CSP_JavaProjects-master\CSP_JavaProjects-master\CSC322 Program3\src\com\jsoftware\test\api\IMultipleChoiceQuestion.java,com.jsoftware.test.api.IMultipleChoiceQuestion,interface,1,2,1,1,1,1,0,0,0,0.0,NaN,NaN,1,0,1,0,0,0,1,0,0,0,0,0,0,0,0,0,0,0,0,3,0,0,0,0,0,0,0,0,0,0,0,0,0,0,33,1,0
D:\Project\CSP_JavaProjects-master\CSP_JavaProjects-master\PairFruits\src\PairFruits\PairImpl.java,PairFruits.PairImpl,class,3,4,1,3,4,1,0,1,0,0.25,0.8333333,1.0,4,0,4,0,0,0,4,0,0,0,2,0,0,2,0,0,0,0,0,17,3,0,0,0,0,1,0,2,1,2,0,0,0,0,12,1,0
D:\Project\CSP_JavaProjects-master\CSP_JavaProjects-master\Program2OnlineStore\src\program2onlinestore\ItemEntry.java,program2onlinestore.ItemEntry,class,1,3,2,1,5,1,0,0,0,0.4,0.6,1.0,5,0,5,0,0,0,5,0,0,0,2,0,0,2,0,0,0,0,0,20,2,0,0,0,0,0,0,4,0,2,0,0,0,0,8,1,0
D:\Project\CSP_JavaProjects-master\CSP_JavaProjects-master\Program2OnlineStore\src\program2onlinestore\Main.java,program2onlinestore.Main,class,1,1,0,1,1,1,0,1,0,0.0,NaN,NaN,1,1,1,0,0,0,1,0,0,0,0,0,0,0,0,0,0,0,0,5,0,0,0,0,0,0,0,0,0,0,0,0,0,0,9,1,0
D:\Project\CSP_JavaProjects-master\CSP_JavaProjects-master\CSC322 Program3\src\com\jsoftware\test\impl\MultipleChoice.java,com.jsoftware.test.impl.MultipleChoice,class,2,4,2,2,7,2,0,0,0,0.4166667,0.6,1.0,6,0,5,0,0,1,6,0,0,0,2,0,0,2,0,0,0,0,0,27,4,0,1,0,0,0,0,4,0,2,1,0,0,0,16,1,0
D:\Project\CSP_JavaProjects-master\CSP_JavaProjects-master\InvestmentValueCalculator\src\InvestmentCalculator\InvestmentCalcForm.java,InvestmentCalculator.InvestmentCalcForm,class,1,5,4,1,11,6,0,38,10,0.8000001,0.0,0.0,5,1,2,3,0,0,2,0,0,0,10,0,0,10,0,0,0,0,12,93,0,1,0,1,1,12,34,15,5,15,3,3,0,0,76,1,0
D:\Project\CSP_JavaProjects-master\CSP_JavaProjects-master\JavaAppCsc\src\ATMMachine.java,ATMMachine,class,1,1,0,1,9,1,0,10,0,0.0,NaN,NaN,1,1,1,0,0,0,1,0,0,0,0,0,0,0,0,0,0,0,1,46,0,2,0,0,0,17,17,8,4,8,2,0,0,0,37,1,0
D:\Project\CSP_JavaProjects-master\CSP_JavaProjects-master\CSC322 Program3\src\com\jsoftware\test\api\IQuestionFactory.java,com.jsoftware.test.api.IQuestionFactory,interface,2,5,3,2,7,1,0,0,21,0.0,0.0,0.0,7,0,7,0,0,0,7,0,0,0,0,0,0,0,0,0,0,0,0,9,0,0,0,0,0,0,0,0,0,0,0,0,0,0,65,1,0
D:\Project\CSP_JavaProjects-master\CSP_JavaProjects-master\CSC322 Program3\src\com\jsoftware\test\api\IFillInBlanksQuestion.java,com.jsoftware.test.api.IFillInBlanksQuestion,interface,1,2,1,1,1,1,0,0,0,0.0,NaN,NaN,1,0,1,0,0,0,1,0,0,0,0,0,0,0,0,0,0,0,0,3,0,0,0,0,0,0,0,0,0,0,0,0,0,0,44,1,0
D:\Project\CSP_JavaProjects-master\CSP_JavaProjects-master\CSC322 Program3\src\com\jsoftware\test\api\IShortAnswerQuestion.java,com.jsoftware.test.api.IShortAnswerQuestion,interface,1,2,1,1,1,1,0,0,0,0.0,NaN,NaN,1,0,1,0,0,0,1,0,0,0,0,0,0,0,0,0,0,0,0,3,0,0,0,0,0,0,0,0,0,0,0,0,0,0,12,1,0
D:\Project\CSP_JavaProjects-master\CSP_JavaProjects-master\CSC322 Program3\src\com\jsoftware\test\test\TestTaker.java,com.jsoftware.test.test.TestTaker,class,9,9,0,9,23,1,0,18,0,0.0,NaN,NaN,1,1,1,0,0,0,1,0,0,0,0,0,0,0,0,0,0,0,0,150,0,4,10,0,15,49,10,26,8,21,4,0,0,0,69,1,0
D:\Project\CSP_JavaProjects-master\CSP_JavaProjects-master\PairFruits\src\PairFruits\PairFruits.java,PairFruits.PairFruits,class,2,2,0,2,1,1,0,5,0,0.0,NaN,NaN,1,1,1,0,0,0,1,0,0,0,0,0,0,0,0,0,0,0,0,12,0,0,0,0,0,4,3,1,1,2,1,0,0,1,7,1,0
D:\Project\CSP_JavaProjects-master\CSP_JavaProjects-master\PairFruits\src\PairFruits\Pair.java,PairFruits.Pair,interface,2,4,2,2,2,1,0,0,1,0.0,0.0,0.0,2,0,0,0,0,2,2,0,0,0,0,0,0,0,0,0,0,0,0,4,0,0,0,0,0,0,0,0,0,0,0,0,0,0,6,1,0
D:\Project\CSP_JavaProjects-master\CSP_JavaProjects-master\Arithmetic\src\arithmetic\Arithmetic.java,arithmetic.Arithmetic,class,2,3,1,2,12,1,0,8,10,0.0,0.0,0.0,5,1,5,0,0,0,5,0,0,0,0,0,0,0,0,0,0,0,1,50,0,1,2,0,0,6,9,7,4,6,2,0,0,0,46,1,0
D:\Project\CSP_JavaProjects-master\CSP_JavaProjects-master\CSC322 Program3\src\com\jsoftware\test\api\ITrueFalseQuestion.java,com.jsoftware.test.api.ITrueFalseQuestion,interface,1,2,1,1,1,1,0,0,0,0.0,NaN,NaN,1,0,1,0,0,0,1,0,0,0,0,0,0,0,0,0,0,0,0,3,0,0,0,0,0,0,0,0,0,0,0,0,0,0,15,1,0
D:\Project\CSP_JavaProjects-master\CSP_JavaProjects-master\Program2OnlineStore\src\program2onlinestore\Item.java,program2onlinestore.Item,class,0,5,5,0,5,1,3,0,0,0.4,0.6,1.0,5,0,5,0,0,0,5,0,0,0,2,0,0,2,0,0,0,0,0,20,2,0,0,0,0,0,0,4,0,2,0,0,0,0,8,1,0
D:\Project\CSP_JavaProjects-master\CSP_JavaProjects-master\CSC322 Program3\src\com\jsoftware\test\impl\Question.java,com.jsoftware.test.impl.Question,class,1,6,5,1,3,1,4,0,0,0.0,1.0,1.0,3,0,2,1,0,0,2,0,0,0,1,0,0,1,0,0,0,0,0,12,1,0,0,0,0,0,0,2,0,1,0,0,0,0,5,1,0
D:\Project\CSP_JavaProjects-master\CSP_JavaProjects-master\CSC322 Program3\src\com\jsoftware\test\impl\QuestionFactory.java,com.jsoftware.test.impl.QuestionFactory,class,7,9,2,7,10,1,0,4,21,0.0,0.0,0.0,7,0,7,0,0,0,7,0,0,0,0,0,0,0,0,0,0,0,0,45,8,0,0,2,0,0,0,9,0,9,2,0,0,0,40,1,0
D:\Project\CSP_JavaProjects-master\CSP_JavaProjects-master\CSC322 Program3\src\com\jsoftware\test\impl\FillInBlanks.java,com.jsoftware.test.impl.FillInBlanks,class,2,4,2,2,5,2,0,1,0,0.0,1.0,1.0,2,0,2,0,0,0,2,0,0,0,1,0,0,1,0,0,0,0,0,18,3,1,1,0,0,0,1,2,0,2,2,0,0,0,13,1,0
D:\Project\CSP_JavaProjects-master\CSP_JavaProjects-master\AddressBook\src\Contact.java,Contact,class,8,8,0,8,22,2,0,4,159,0.8181818,0.15584415,0.74025977,22,1,22,0,0,0,22,0,0,0,6,0,0,6,0,0,6,0,1,78,12,0,0,0,0,2,4,6,0,6,0,0,0,0,37,1,0
D:\Project\CSP_JavaProjects-master\CSP_JavaProjects-master\Program2OnlineStore\src\program2onlinestore\Book.java,program2onlinestore.Book,class,1,3,2,1,9,2,0,0,12,0.6666667,0.33333334,1.0,9,0,9,0,0,0,9,0,0,0,4,0,0,4,0,0,0,0,0,37,4,0,0,0,0,0,0,8,0,4,0,0,0,0,14,1,0
D:\Project\CSP_JavaProjects-master\CSP_JavaProjects-master\CSC322 Program3\src\com\jsoftware\test\impl\TrueFalseQuestion.java,com.jsoftware.test.impl.TrueFalseQuestion,class,2,4,2,2,5,2,0,0,0,0.0,1.0,1.0,4,0,4,0,0,0,4,0,0,0,1,0,0,1,0,0,0,0,0,19,3,0,1,0,0,0,0,2,0,1,1,0,0,0,13,1,0
D:\Project\CSP_JavaProjects-master\CSP_JavaProjects-master\InvestmentValueCalculator\src\InvestmentCalculator\InvestmentCalcForm.java,InvestmentCalculator.InvestmentCalcForm$Anonymous2,anonymous,1,1,0,1,1,1,0,1,0,0.0,NaN,NaN,1,0,1,0,0,0,1,0,0,0,0,0,0,0,0,0,0,0,0,5,0,0,0,0,0,0,0,0,0,0,0,0,0,0,6,-1,0
D:\Project\CSP_JavaProjects-master\CSP_JavaProjects-master\InvestmentValueCalculator\src\InvestmentCalculator\InvestmentCalcForm.java,InvestmentCalculator.InvestmentCalcForm$Anonymous3,anonymous,1,1,0,1,1,1,0,1,0,0.0,NaN,NaN,1,0,1,0,0,0,1,0,0,0,0,0,0,0,0,0,0,0,0,5,0,0,0,0,0,0,0,0,0,0,0,0,0,0,5,-1,0
D:\Project\CSP_JavaProjects-master\CSP_JavaProjects-master\MaxValLocation\src\Location\Location.java,Location.Location,class,3,4,1,3,7,1,0,5,1,0.8333333,0.0,0.0,2,2,2,0,0,0,2,0,0,0,3,0,3,0,0,0,0,0,1,32,1,4,0,0,0,5,11,16,1,17,3,0,0,0,31,1,0
D:\Project\CSP_JavaProjects-master\CSP_JavaProjects-master\InvestmentValueCalculator\src\InvestmentCalculator\InvestmentCalcForm.java,InvestmentCalculator.InvestmentCalcForm$Anonymous1,anonymous,1,1,0,1,1,1,0,1,0,0.0,NaN,NaN,1,0,1,0,0,0,1,0,0,0,0,0,0,0,0,0,0,0,0,5,0,0,0,0,0,0,0,0,0,0,0,0,0,0,6,-1,0
D:\Project\CSP_JavaProjects-master\CSP_JavaProjects-master\Program2OnlineStore\src\program2onlinestore\ItemInventory.java,program2onlinestore.ItemInventory,class,5,7,2,5,7,1,0,11,0,0.0,0.0,0.0,3,1,2,1,0,0,2,0,0,0,1,0,0,1,0,0,0,0,12,64,2,1,0,0,0,5,22,37,0,30,2,0,0,0,55,1,0
D:\Project\CSP_JavaProjects-master\CSP_JavaProjects-master\CSC322 Program3\src\com\jsoftware\test\impl\ShortAnswerQuestion.java,com.jsoftware.test.impl.ShortAnswerQuestion,class,2,4,2,2,6,2,0,1,0,0.0,1.0,1.0,4,0,4,0,0,0,4,0,0,0,1,0,0,1,0,0,0,0,0,21,3,1,0,0,0,0,1,3,0,2,2,0,0,0,15,1,0
D:\Project\CSP_JavaProjects-master\CSP_JavaProjects-master\CSC322 Program3\src\com\jsoftware\test\api\IQuestion.java,com.jsoftware.test.api.IQuestion,interface,0,11,11,0,1,1,0,0,0,0.0,NaN,NaN,1,0,1,0,0,0,1,0,0,0,0,0,0,0,0,0,0,0,0,3,0,0,0,0,0,0,0,0,0,0,0,0,0,0,31,1,0
D:\Project\CSP_JavaProjects-master\CSP_JavaProjects-master\CSC322 Program3\src\com\jsoftware\test\test\TestMaker.java,com.jsoftware.test.test.TestMaker,class,5,5,0,5,9,1,0,18,0,0.0,NaN,NaN,1,1,1,0,0,0,1,0,0,0,0,0,0,0,0,0,0,0,0,99,0,2,7,0,9,27,19,39,4,22,3,0,0,0,72,1,0
D:\Project\CSP_JavaProjects-master\CSP_JavaProjects-master\Problem1\src\Problem1\Problem1.java,Problem1.Problem1,class,1,2,1,1,5,1,0,9,1,0.0,0.0,0.0,2,2,2,0,0,0,2,0,0,0,0,0,0,0,0,0,0,0,3,18,3,0,1,0,0,3,9,1,2,1,2,0,0,0,8,1,0
