file,class,type,cbo,wmc,rfc,lcom
D:\Project\CSP_JavaProjects-master\CSP_JavaProjects-master\JavaAppCsc\src\Account.java,Account,class,0,12,0,20
D:\Project\CSP_JavaProjects-master\CSP_JavaProjects-master\CSC322 Program3\src\com\jsoftware\test\api\IQuestionSet.java,com.jsoftware.test.api.IQuestionSet,interface,2,6,0,15
D:\Project\CSP_JavaProjects-master\CSP_JavaProjects-master\Program2OnlineStore\src\program2onlinestore\OnlineStore.java,program2onlinestore.OnlineStore,class,7,20,13,6
D:\Project\CSP_JavaProjects-master\CSP_JavaProjects-master\IncrementDecrement\src\IncrementDecrement\Problem3.java,IncrementDecrement.Problem3,class,9,2,14,1
D:\Project\CSP_JavaProjects-master\CSP_JavaProjects-master\JavaAppCsc\src\javaappcsc\JavaAppCsc.java,javaappcsc.JavaAppCsc,class,0,7,4,0
D:\Project\CSP_JavaProjects-master\CSP_JavaProjects-master\Program2OnlineStore\src\program2onlinestore\MusicCD.java,program2onlinestore.MusicCD,class,1,13,0,42
D:\Project\CSP_JavaProjects-master\CSP_JavaProjects-master\Program2OnlineStore\src\program2onlinestore\Software.java,program2onlinestore.Software,class,1,3,0,0
D:\Project\CSP_JavaProjects-master\CSP_JavaProjects-master\CSC322 Program3\src\com\jsoftware\test\impl\QuestionSet.java,com.jsoftware.test.impl.QuestionSet,class,4,9,9,0
D:\Project\CSP_JavaProjects-master\CSP_JavaProjects-master\Arithmetic\src\arithmetic\MathOp.java,arithmetic.MathOp,interface,0,4,0,6
D:\Project\CSP_JavaProjects-master\CSP_JavaProjects-master\CSC322 Program3\src\com\jsoftware\test\api\IMultipleChoiceQuestion.java,com.jsoftware.test.api.IMultipleChoiceQuestion,interface,1,1,0,0
D:\Project\CSP_JavaProjects-master\CSP_JavaProjects-master\PairFruits\src\PairFruits\PairImpl.java,PairFruits.PairImpl,class,3,4,1,0
D:\Project\CSP_JavaProjects-master\CSP_JavaProjects-master\Program2OnlineStore\src\program2onlinestore\ItemEntry.java,program2onlinestore.ItemEntry,class,1,5,0,0
D:\Project\CSP_JavaProjects-master\CSP_JavaProjects-master\Program2OnlineStore\src\program2onlinestore\Main.java,program2onlinestore.Main,class,1,1,1,0
D:\Project\CSP_JavaProjects-master\CSP_JavaProjects-master\CSC322 Program3\src\com\jsoftware\test\impl\MultipleChoice.java,com.jsoftware.test.impl.MultipleChoice,class,2,7,0,0
D:\Project\CSP_JavaProjects-master\CSP_JavaProjects-master\InvestmentValueCalculator\src\InvestmentCalculator\InvestmentCalcForm.java,InvestmentCalculator.InvestmentCalcForm,class,1,11,38,10
D:\Project\CSP_JavaProjects-master\CSP_JavaProjects-master\JavaAppCsc\src\ATMMachine.java,ATMMachine,class,1,9,10,0
D:\Project\CSP_JavaProjects-master\CSP_JavaProjects-master\CSC322 Program3\src\com\jsoftware\test\api\IQuestionFactory.java,com.jsoftware.test.api.IQuestionFactory,interface,2,7,0,21
D:\Project\CSP_JavaProjects-master\CSP_JavaProjects-master\CSC322 Program3\src\com\jsoftware\test\api\IFillInBlanksQuestion.java,com.jsoftware.test.api.IFillInBlanksQuestion,interface,1,1,0,0
D:\Project\CSP_JavaProjects-master\CSP_JavaProjects-master\CSC322 Program3\src\com\jsoftware\test\api\IShortAnswerQuestion.java,com.jsoftware.test.api.IShortAnswerQuestion,interface,1,1,0,0
D:\Project\CSP_JavaProjects-master\CSP_JavaProjects-master\CSC322 Program3\src\com\jsoftware\test\test\TestTaker.java,com.jsoftware.test.test.TestTaker,class,9,23,18,0
D:\Project\CSP_JavaProjects-master\CSP_JavaProjects-master\PairFruits\src\PairFruits\PairFruits.java,PairFruits.PairFruits,class,2,1,5,0
D:\Project\CSP_JavaProjects-master\CSP_JavaProjects-master\PairFruits\src\PairFruits\Pair.java,PairFruits.Pair,interface,2,2,0,1
D:\Project\CSP_JavaProjects-master\CSP_JavaProjects-master\Arithmetic\src\arithmetic\Arithmetic.java,arithmetic.Arithmetic,class,2,12,8,10
D:\Project\CSP_JavaProjects-master\CSP_JavaProjects-master\CSC322 Program3\src\com\jsoftware\test\api\ITrueFalseQuestion.java,com.jsoftware.test.api.ITrueFalseQuestion,interface,1,1,0,0
D:\Project\CSP_JavaProjects-master\CSP_JavaProjects-master\Program2OnlineStore\src\program2onlinestore\Item.java,program2onlinestore.Item,class,0,5,0,0
D:\Project\CSP_JavaProjects-master\CSP_JavaProjects-master\CSC322 Program3\src\com\jsoftware\test\impl\Question.java,com.jsoftware.test.impl.Question,class,1,3,0,0
D:\Project\CSP_JavaProjects-master\CSP_JavaProjects-master\CSC322 Program3\src\com\jsoftware\test\impl\QuestionFactory.java,com.jsoftware.test.impl.QuestionFactory,class,7,10,4,21
D:\Project\CSP_JavaProjects-master\CSP_JavaProjects-master\CSC322 Program3\src\com\jsoftware\test\impl\FillInBlanks.java,com.jsoftware.test.impl.FillInBlanks,class,2,5,1,0
D:\Project\CSP_JavaProjects-master\CSP_JavaProjects-master\AddressBook\src\Contact.java,Contact,class,8,22,4,159
D:\Project\CSP_JavaProjects-master\CSP_JavaProjects-master\Program2OnlineStore\src\program2onlinestore\Book.java,program2onlinestore.Book,class,1,9,0,12
D:\Project\CSP_JavaProjects-master\CSP_JavaProjects-master\CSC322 Program3\src\com\jsoftware\test\impl\TrueFalseQuestion.java,com.jsoftware.test.impl.TrueFalseQuestion,class,2,5,0,0
D:\Project\CSP_JavaProjects-master\CSP_JavaProjects-master\InvestmentValueCalculator\src\InvestmentCalculator\InvestmentCalcForm.java,InvestmentCalculator.InvestmentCalcForm$Anonymous2,anonymous,1,1,1,0
D:\Project\CSP_JavaProjects-master\CSP_JavaProjects-master\InvestmentValueCalculator\src\InvestmentCalculator\InvestmentCalcForm.java,InvestmentCalculator.InvestmentCalcForm$Anonymous3,anonymous,1,1,1,0
D:\Project\CSP_JavaProjects-master\CSP_JavaProjects-master\MaxValLocation\src\Location\Location.java,Location.Location,class,3,7,5,1
D:\Project\CSP_JavaProjects-master\CSP_JavaProjects-master\InvestmentValueCalculator\src\InvestmentCalculator\InvestmentCalcForm.java,InvestmentCalculator.InvestmentCalcForm$Anonymous1,anonymous,1,1,1,0
D:\Project\CSP_JavaProjects-master\CSP_JavaProjects-master\Program2OnlineStore\src\program2onlinestore\ItemInventory.java,program2onlinestore.ItemInventory,class,5,7,11,0
D:\Project\CSP_JavaProjects-master\CSP_JavaProjects-master\CSC322 Program3\src\com\jsoftware\test\impl\ShortAnswerQuestion.java,com.jsoftware.test.impl.ShortAnswerQuestion,class,2,6,1,0
D:\Project\CSP_JavaProjects-master\CSP_JavaProjects-master\CSC322 Program3\src\com\jsoftware\test\api\IQuestion.java,com.jsoftware.test.api.IQuestion,interface,0,1,0,0
D:\Project\CSP_JavaProjects-master\CSP_JavaProjects-master\CSC322 Program3\src\com\jsoftware\test\test\TestMaker.java,com.jsoftware.test.test.TestMaker,class,5,9,18,0
D:\Project\CSP_JavaProjects-master\CSP_JavaProjects-master\Problem1\src\Problem1\Problem1.java,Problem1.Problem1,class,1,5,9,1
,,,2.35,6.475,4.425,8.15
