file,class,method,variable,usage
D:\Project\CSP_JavaProjects-master\CSP_JavaProjects-master\JavaAppCsc\src\Account.java,Account,deposit/1[double],balance,1
D:\Project\CSP_JavaProjects-master\CSP_JavaProjects-master\JavaAppCsc\src\Account.java,Account,setAnnualInterestRate/1[double],annualInterestRate,1
D:\Project\CSP_JavaProjects-master\CSP_JavaProjects-master\JavaAppCsc\src\Account.java,Account,"Account/2[int,double]",balance,1
D:\Project\CSP_JavaProjects-master\CSP_JavaProjects-master\JavaAppCsc\src\Account.java,Account,"Account/2[int,double]",id,1
D:\Project\CSP_JavaProjects-master\CSP_JavaProjects-master\JavaAppCsc\src\Account.java,Account,getAnnualInterestRate/0,annualInterestRate,1
D:\Project\CSP_JavaProjects-master\CSP_JavaProjects-master\JavaAppCsc\src\Account.java,Account,setBalance/1[double],balance,1
D:\Project\CSP_JavaProjects-master\CSP_JavaProjects-master\JavaAppCsc\src\Account.java,Account,withdraw/1[double],balance,1
D:\Project\CSP_JavaProjects-master\CSP_JavaProjects-master\JavaAppCsc\src\Account.java,Account,getId/0,id,1
D:\Project\CSP_JavaProjects-master\CSP_JavaProjects-master\JavaAppCsc\src\Account.java,Account,setDateCreated/1[java.util.Date],dateCreated,1
D:\Project\CSP_JavaProjects-master\CSP_JavaProjects-master\JavaAppCsc\src\Account.java,Account,setId/1[int],id,1
D:\Project\CSP_JavaProjects-master\CSP_JavaProjects-master\JavaAppCsc\src\Account.java,Account,getBalance/0,balance,1
D:\Project\CSP_JavaProjects-master\CSP_JavaProjects-master\JavaAppCsc\src\Account.java,Account,"Account/3[int,double,double]",balance,1
D:\Project\CSP_JavaProjects-master\CSP_JavaProjects-master\JavaAppCsc\src\Account.java,Account,"Account/3[int,double,double]",annualInterestRate,1
D:\Project\CSP_JavaProjects-master\CSP_JavaProjects-master\JavaAppCsc\src\Account.java,Account,"Account/3[int,double,double]",id,1
D:\Project\CSP_JavaProjects-master\CSP_JavaProjects-master\Program2OnlineStore\src\program2onlinestore\OnlineStore.java,program2onlinestore.OnlineStore,start/0,itemInventory,5
D:\Project\CSP_JavaProjects-master\CSP_JavaProjects-master\Program2OnlineStore\src\program2onlinestore\OnlineStore.java,program2onlinestore.OnlineStore,start/0,FILE_PATH,1
D:\Project\CSP_JavaProjects-master\CSP_JavaProjects-master\IncrementDecrement\src\IncrementDecrement\Problem3.java,IncrementDecrement.Problem3,start/1[IncrementDecrement.Stage],btnDecre,2
D:\Project\CSP_JavaProjects-master\CSP_JavaProjects-master\IncrementDecrement\src\IncrementDecrement\Problem3.java,IncrementDecrement.Problem3,start/1[IncrementDecrement.Stage],btnIncre,2
D:\Project\CSP_JavaProjects-master\CSP_JavaProjects-master\IncrementDecrement\src\IncrementDecrement\Problem3.java,IncrementDecrement.Problem3,start/1[IncrementDecrement.Stage],count,4
D:\Project\CSP_JavaProjects-master\CSP_JavaProjects-master\IncrementDecrement\src\IncrementDecrement\Problem3.java,IncrementDecrement.Problem3,start/1[IncrementDecrement.Stage],tfResult,7
D:\Project\CSP_JavaProjects-master\CSP_JavaProjects-master\IncrementDecrement\src\IncrementDecrement\Problem3.java,IncrementDecrement.Problem3,start/1[IncrementDecrement.Stage],label,2
D:\Project\CSP_JavaProjects-master\CSP_JavaProjects-master\IncrementDecrement\src\IncrementDecrement\Problem3.java,IncrementDecrement.Problem3,start/1[IncrementDecrement.Stage],btnReset,2
D:\Project\CSP_JavaProjects-master\CSP_JavaProjects-master\Program2OnlineStore\src\program2onlinestore\MusicCD.java,program2onlinestore.MusicCD,getGenres/0,genres,1
D:\Project\CSP_JavaProjects-master\CSP_JavaProjects-master\Program2OnlineStore\src\program2onlinestore\MusicCD.java,program2onlinestore.MusicCD,setArtists/1[java.lang.String],artists,3
D:\Project\CSP_JavaProjects-master\CSP_JavaProjects-master\Program2OnlineStore\src\program2onlinestore\MusicCD.java,program2onlinestore.MusicCD,getTotalLength/0,totalLength,1
D:\Project\CSP_JavaProjects-master\CSP_JavaProjects-master\Program2OnlineStore\src\program2onlinestore\MusicCD.java,program2onlinestore.MusicCD,getLabel/0,label,1
D:\Project\CSP_JavaProjects-master\CSP_JavaProjects-master\Program2OnlineStore\src\program2onlinestore\MusicCD.java,program2onlinestore.MusicCD,setGenres/1[java.lang.String],genres,3
D:\Project\CSP_JavaProjects-master\CSP_JavaProjects-master\Program2OnlineStore\src\program2onlinestore\MusicCD.java,program2onlinestore.MusicCD,getRecordCompany/0,recordCompany,1
D:\Project\CSP_JavaProjects-master\CSP_JavaProjects-master\Program2OnlineStore\src\program2onlinestore\MusicCD.java,program2onlinestore.MusicCD,setRecordCompany/1[java.lang.String],recordCompany,3
D:\Project\CSP_JavaProjects-master\CSP_JavaProjects-master\Program2OnlineStore\src\program2onlinestore\MusicCD.java,program2onlinestore.MusicCD,getReleaseDate/0,releaseDate,1
D:\Project\CSP_JavaProjects-master\CSP_JavaProjects-master\Program2OnlineStore\src\program2onlinestore\MusicCD.java,program2onlinestore.MusicCD,setLabel/1[java.lang.String],label,3
D:\Project\CSP_JavaProjects-master\CSP_JavaProjects-master\Program2OnlineStore\src\program2onlinestore\MusicCD.java,program2onlinestore.MusicCD,setTotalLength/1[int],totalLength,3
D:\Project\CSP_JavaProjects-master\CSP_JavaProjects-master\Program2OnlineStore\src\program2onlinestore\MusicCD.java,program2onlinestore.MusicCD,getArtists/0,artists,1
D:\Project\CSP_JavaProjects-master\CSP_JavaProjects-master\Program2OnlineStore\src\program2onlinestore\MusicCD.java,program2onlinestore.MusicCD,"MusicCD/8[java.lang.String,double,java.lang.String,java.util.Date,java.lang.String,java.lang.String,int,java.lang.String]",artists,3
D:\Project\CSP_JavaProjects-master\CSP_JavaProjects-master\Program2OnlineStore\src\program2onlinestore\MusicCD.java,program2onlinestore.MusicCD,"MusicCD/8[java.lang.String,double,java.lang.String,java.util.Date,java.lang.String,java.lang.String,int,java.lang.String]",releaseDate,3
D:\Project\CSP_JavaProjects-master\CSP_JavaProjects-master\Program2OnlineStore\src\program2onlinestore\MusicCD.java,program2onlinestore.MusicCD,"MusicCD/8[java.lang.String,double,java.lang.String,java.util.Date,java.lang.String,java.lang.String,int,java.lang.String]",genres,3
D:\Project\CSP_JavaProjects-master\CSP_JavaProjects-master\Program2OnlineStore\src\program2onlinestore\MusicCD.java,program2onlinestore.MusicCD,"MusicCD/8[java.lang.String,double,java.lang.String,java.util.Date,java.lang.String,java.lang.String,int,java.lang.String]",label,3
D:\Project\CSP_JavaProjects-master\CSP_JavaProjects-master\Program2OnlineStore\src\program2onlinestore\MusicCD.java,program2onlinestore.MusicCD,"MusicCD/8[java.lang.String,double,java.lang.String,java.util.Date,java.lang.String,java.lang.String,int,java.lang.String]",recordCompany,3
D:\Project\CSP_JavaProjects-master\CSP_JavaProjects-master\Program2OnlineStore\src\program2onlinestore\MusicCD.java,program2onlinestore.MusicCD,"MusicCD/8[java.lang.String,double,java.lang.String,java.util.Date,java.lang.String,java.lang.String,int,java.lang.String]",totalLength,3
D:\Project\CSP_JavaProjects-master\CSP_JavaProjects-master\Program2OnlineStore\src\program2onlinestore\MusicCD.java,program2onlinestore.MusicCD,setReleaseDate/1[java.util.Date],releaseDate,3
D:\Project\CSP_JavaProjects-master\CSP_JavaProjects-master\Program2OnlineStore\src\program2onlinestore\Software.java,program2onlinestore.Software,setVersion/1[java.lang.String],version,3
D:\Project\CSP_JavaProjects-master\CSP_JavaProjects-master\Program2OnlineStore\src\program2onlinestore\Software.java,program2onlinestore.Software,"Software/3[java.lang.String,double,java.lang.String]",version,3
D:\Project\CSP_JavaProjects-master\CSP_JavaProjects-master\Program2OnlineStore\src\program2onlinestore\Software.java,program2onlinestore.Software,getVersion/0,version,1
D:\Project\CSP_JavaProjects-master\CSP_JavaProjects-master\CSC322 Program3\src\com\jsoftware\test\impl\QuestionSet.java,com.jsoftware.test.impl.QuestionSet,emptyTestSet/0,list,1
D:\Project\CSP_JavaProjects-master\CSP_JavaProjects-master\CSC322 Program3\src\com\jsoftware\test\impl\QuestionSet.java,com.jsoftware.test.impl.QuestionSet,size/0,list,1
D:\Project\CSP_JavaProjects-master\CSP_JavaProjects-master\CSC322 Program3\src\com\jsoftware\test\impl\QuestionSet.java,com.jsoftware.test.impl.QuestionSet,add/1[com.jsoftware.test.api.IQuestion],list,1
D:\Project\CSP_JavaProjects-master\CSP_JavaProjects-master\CSC322 Program3\src\com\jsoftware\test\impl\QuestionSet.java,com.jsoftware.test.impl.QuestionSet,getQuestion/1[int],list,1
D:\Project\CSP_JavaProjects-master\CSP_JavaProjects-master\CSC322 Program3\src\com\jsoftware\test\impl\QuestionSet.java,com.jsoftware.test.impl.QuestionSet,remove/1[int],list,1
D:\Project\CSP_JavaProjects-master\CSP_JavaProjects-master\PairFruits\src\PairFruits\PairImpl.java,PairFruits.PairImpl,getSecond/0,second,1
D:\Project\CSP_JavaProjects-master\CSP_JavaProjects-master\PairFruits\src\PairFruits\PairImpl.java,PairFruits.PairImpl,toString/0,first,1
D:\Project\CSP_JavaProjects-master\CSP_JavaProjects-master\PairFruits\src\PairFruits\PairImpl.java,PairFruits.PairImpl,toString/0,second,1
D:\Project\CSP_JavaProjects-master\CSP_JavaProjects-master\PairFruits\src\PairFruits\PairImpl.java,PairFruits.PairImpl,"PairImpl/2[E,T]",first,3
D:\Project\CSP_JavaProjects-master\CSP_JavaProjects-master\PairFruits\src\PairFruits\PairImpl.java,PairFruits.PairImpl,"PairImpl/2[E,T]",second,3
D:\Project\CSP_JavaProjects-master\CSP_JavaProjects-master\PairFruits\src\PairFruits\PairImpl.java,PairFruits.PairImpl,getFirst/0,first,1
D:\Project\CSP_JavaProjects-master\CSP_JavaProjects-master\Program2OnlineStore\src\program2onlinestore\ItemEntry.java,program2onlinestore.ItemEntry,"ItemEntry/2[program2onlinestore.Item,int]",item,3
D:\Project\CSP_JavaProjects-master\CSP_JavaProjects-master\Program2OnlineStore\src\program2onlinestore\ItemEntry.java,program2onlinestore.ItemEntry,"ItemEntry/2[program2onlinestore.Item,int]",quantity,3
D:\Project\CSP_JavaProjects-master\CSP_JavaProjects-master\Program2OnlineStore\src\program2onlinestore\ItemEntry.java,program2onlinestore.ItemEntry,setQuantity/1[int],quantity,3
D:\Project\CSP_JavaProjects-master\CSP_JavaProjects-master\Program2OnlineStore\src\program2onlinestore\ItemEntry.java,program2onlinestore.ItemEntry,getQuantity/0,quantity,1
D:\Project\CSP_JavaProjects-master\CSP_JavaProjects-master\Program2OnlineStore\src\program2onlinestore\ItemEntry.java,program2onlinestore.ItemEntry,setItem/1[program2onlinestore.Item],item,3
D:\Project\CSP_JavaProjects-master\CSP_JavaProjects-master\Program2OnlineStore\src\program2onlinestore\ItemEntry.java,program2onlinestore.ItemEntry,getItem/0,item,1
D:\Project\CSP_JavaProjects-master\CSP_JavaProjects-master\CSC322 Program3\src\com\jsoftware\test\impl\MultipleChoice.java,com.jsoftware.test.impl.MultipleChoice,"MultipleChoice/3[java.lang.String,java.lang.String[],int]",answer,3
D:\Project\CSP_JavaProjects-master\CSP_JavaProjects-master\CSC322 Program3\src\com\jsoftware\test\impl\MultipleChoice.java,com.jsoftware.test.impl.MultipleChoice,"MultipleChoice/3[java.lang.String,java.lang.String[],int]",choices,3
D:\Project\CSP_JavaProjects-master\CSP_JavaProjects-master\CSC322 Program3\src\com\jsoftware\test\impl\MultipleChoice.java,com.jsoftware.test.impl.MultipleChoice,getChoices/0,choices,1
D:\Project\CSP_JavaProjects-master\CSP_JavaProjects-master\CSC322 Program3\src\com\jsoftware\test\impl\MultipleChoice.java,com.jsoftware.test.impl.MultipleChoice,setAnswer/1[int],answer,3
D:\Project\CSP_JavaProjects-master\CSP_JavaProjects-master\CSC322 Program3\src\com\jsoftware\test\impl\MultipleChoice.java,com.jsoftware.test.impl.MultipleChoice,setChoices/1[java.lang.String[]],choices,3
D:\Project\CSP_JavaProjects-master\CSP_JavaProjects-master\CSC322 Program3\src\com\jsoftware\test\impl\MultipleChoice.java,com.jsoftware.test.impl.MultipleChoice,getAnswer/0,answer,1
D:\Project\CSP_JavaProjects-master\CSP_JavaProjects-master\CSC322 Program3\src\com\jsoftware\test\impl\MultipleChoice.java,com.jsoftware.test.impl.MultipleChoice,checkAnswer/1[int],answer,1
D:\Project\CSP_JavaProjects-master\CSP_JavaProjects-master\InvestmentValueCalculator\src\InvestmentCalculator\InvestmentCalcForm.java,InvestmentCalculator.InvestmentCalcForm,btnClearActionPerformed/1[java.awt.event.ActionEvent],tfYears,1
D:\Project\CSP_JavaProjects-master\CSP_JavaProjects-master\InvestmentValueCalculator\src\InvestmentCalculator\InvestmentCalcForm.java,InvestmentCalculator.InvestmentCalcForm,btnClearActionPerformed/1[java.awt.event.ActionEvent],tfAmount,1
D:\Project\CSP_JavaProjects-master\CSP_JavaProjects-master\InvestmentValueCalculator\src\InvestmentCalculator\InvestmentCalcForm.java,InvestmentCalculator.InvestmentCalcForm,btnClearActionPerformed/1[java.awt.event.ActionEvent],tfInterest,1
D:\Project\CSP_JavaProjects-master\CSP_JavaProjects-master\InvestmentValueCalculator\src\InvestmentCalculator\InvestmentCalcForm.java,InvestmentCalculator.InvestmentCalcForm,btnClearActionPerformed/1[java.awt.event.ActionEvent],tfFutureVal,1
D:\Project\CSP_JavaProjects-master\CSP_JavaProjects-master\InvestmentValueCalculator\src\InvestmentCalculator\InvestmentCalcForm.java,InvestmentCalculator.InvestmentCalcForm,btnCalcActionPerformed/1[java.awt.event.ActionEvent],tfYears,1
D:\Project\CSP_JavaProjects-master\CSP_JavaProjects-master\InvestmentValueCalculator\src\InvestmentCalculator\InvestmentCalcForm.java,InvestmentCalculator.InvestmentCalcForm,btnCalcActionPerformed/1[java.awt.event.ActionEvent],tfAmount,1
D:\Project\CSP_JavaProjects-master\CSP_JavaProjects-master\InvestmentValueCalculator\src\InvestmentCalculator\InvestmentCalcForm.java,InvestmentCalculator.InvestmentCalcForm,btnCalcActionPerformed/1[java.awt.event.ActionEvent],tfInterest,1
D:\Project\CSP_JavaProjects-master\CSP_JavaProjects-master\InvestmentValueCalculator\src\InvestmentCalculator\InvestmentCalcForm.java,InvestmentCalculator.InvestmentCalcForm,btnCalcActionPerformed/1[java.awt.event.ActionEvent],tfFutureVal,1
D:\Project\CSP_JavaProjects-master\CSP_JavaProjects-master\InvestmentValueCalculator\src\InvestmentCalculator\InvestmentCalcForm.java,InvestmentCalculator.InvestmentCalcForm,initComponents/0,jLabel3,4
D:\Project\CSP_JavaProjects-master\CSP_JavaProjects-master\InvestmentValueCalculator\src\InvestmentCalculator\InvestmentCalcForm.java,InvestmentCalculator.InvestmentCalcForm,initComponents/0,jLabel2,4
D:\Project\CSP_JavaProjects-master\CSP_JavaProjects-master\InvestmentValueCalculator\src\InvestmentCalculator\InvestmentCalcForm.java,InvestmentCalculator.InvestmentCalcForm,initComponents/0,tfYears,3
D:\Project\CSP_JavaProjects-master\CSP_JavaProjects-master\InvestmentValueCalculator\src\InvestmentCalculator\InvestmentCalcForm.java,InvestmentCalculator.InvestmentCalcForm,initComponents/0,jLabel4,4
D:\Project\CSP_JavaProjects-master\CSP_JavaProjects-master\InvestmentValueCalculator\src\InvestmentCalculator\InvestmentCalcForm.java,InvestmentCalculator.InvestmentCalcForm,initComponents/0,btnCalc,5
D:\Project\CSP_JavaProjects-master\CSP_JavaProjects-master\InvestmentValueCalculator\src\InvestmentCalculator\InvestmentCalcForm.java,InvestmentCalculator.InvestmentCalcForm,initComponents/0,tfAmount,3
D:\Project\CSP_JavaProjects-master\CSP_JavaProjects-master\InvestmentValueCalculator\src\InvestmentCalculator\InvestmentCalcForm.java,InvestmentCalculator.InvestmentCalcForm,initComponents/0,tfInterest,3
D:\Project\CSP_JavaProjects-master\CSP_JavaProjects-master\InvestmentValueCalculator\src\InvestmentCalculator\InvestmentCalcForm.java,InvestmentCalculator.InvestmentCalcForm,initComponents/0,btnClear,5
D:\Project\CSP_JavaProjects-master\CSP_JavaProjects-master\InvestmentValueCalculator\src\InvestmentCalculator\InvestmentCalcForm.java,InvestmentCalculator.InvestmentCalcForm,initComponents/0,jLabel1,4
D:\Project\CSP_JavaProjects-master\CSP_JavaProjects-master\InvestmentValueCalculator\src\InvestmentCalculator\InvestmentCalcForm.java,InvestmentCalculator.InvestmentCalcForm,initComponents/0,tfFutureVal,4
D:\Project\CSP_JavaProjects-master\CSP_JavaProjects-master\Program2OnlineStore\src\program2onlinestore\Item.java,program2onlinestore.Item,"Item/2[java.lang.String,double]",price,3
D:\Project\CSP_JavaProjects-master\CSP_JavaProjects-master\Program2OnlineStore\src\program2onlinestore\Item.java,program2onlinestore.Item,"Item/2[java.lang.String,double]",title,3
D:\Project\CSP_JavaProjects-master\CSP_JavaProjects-master\Program2OnlineStore\src\program2onlinestore\Item.java,program2onlinestore.Item,getTitle/0,title,1
D:\Project\CSP_JavaProjects-master\CSP_JavaProjects-master\Program2OnlineStore\src\program2onlinestore\Item.java,program2onlinestore.Item,setPrice/1[double],price,3
D:\Project\CSP_JavaProjects-master\CSP_JavaProjects-master\Program2OnlineStore\src\program2onlinestore\Item.java,program2onlinestore.Item,getPrice/0,price,1
D:\Project\CSP_JavaProjects-master\CSP_JavaProjects-master\Program2OnlineStore\src\program2onlinestore\Item.java,program2onlinestore.Item,setTitle/1[java.lang.String],title,3
D:\Project\CSP_JavaProjects-master\CSP_JavaProjects-master\CSC322 Program3\src\com\jsoftware\test\impl\Question.java,com.jsoftware.test.impl.Question,setQuestion/1[java.lang.String],question,3
D:\Project\CSP_JavaProjects-master\CSP_JavaProjects-master\CSC322 Program3\src\com\jsoftware\test\impl\Question.java,com.jsoftware.test.impl.Question,Question/1[java.lang.String],question,3
D:\Project\CSP_JavaProjects-master\CSP_JavaProjects-master\CSC322 Program3\src\com\jsoftware\test\impl\Question.java,com.jsoftware.test.impl.Question,getQuestion/0,question,1
D:\Project\CSP_JavaProjects-master\CSP_JavaProjects-master\CSC322 Program3\src\com\jsoftware\test\impl\FillInBlanks.java,com.jsoftware.test.impl.FillInBlanks,checkAnswer/1[java.lang.String[]],answer,1
D:\Project\CSP_JavaProjects-master\CSP_JavaProjects-master\CSC322 Program3\src\com\jsoftware\test\impl\FillInBlanks.java,com.jsoftware.test.impl.FillInBlanks,"FillInBlanks/2[java.lang.String,java.lang.String[]]",answer,3
D:\Project\CSP_JavaProjects-master\CSP_JavaProjects-master\AddressBook\src\Contact.java,Contact,postalCodeProperty/0,postalCode,1
D:\Project\CSP_JavaProjects-master\CSP_JavaProjects-master\AddressBook\src\Contact.java,Contact,getPostalCode/0,postalCode,1
D:\Project\CSP_JavaProjects-master\CSP_JavaProjects-master\AddressBook\src\Contact.java,Contact,getLastName/0,lastName,1
D:\Project\CSP_JavaProjects-master\CSP_JavaProjects-master\AddressBook\src\Contact.java,Contact,birthdayProperty/0,birthday,1
D:\Project\CSP_JavaProjects-master\CSP_JavaProjects-master\AddressBook\src\Contact.java,Contact,setLastName/1[java.lang.String],lastName,3
D:\Project\CSP_JavaProjects-master\CSP_JavaProjects-master\AddressBook\src\Contact.java,Contact,getStreet/0,street,1
D:\Project\CSP_JavaProjects-master\CSP_JavaProjects-master\AddressBook\src\Contact.java,Contact,getFirstName/0,firstName,1
D:\Project\CSP_JavaProjects-master\CSP_JavaProjects-master\AddressBook\src\Contact.java,Contact,"Contact/2[java.lang.String,java.lang.String]",birthday,1
D:\Project\CSP_JavaProjects-master\CSP_JavaProjects-master\AddressBook\src\Contact.java,Contact,"Contact/2[java.lang.String,java.lang.String]",firstName,4
D:\Project\CSP_JavaProjects-master\CSP_JavaProjects-master\AddressBook\src\Contact.java,Contact,"Contact/2[java.lang.String,java.lang.String]",lastName,4
D:\Project\CSP_JavaProjects-master\CSP_JavaProjects-master\AddressBook\src\Contact.java,Contact,"Contact/2[java.lang.String,java.lang.String]",city,1
D:\Project\CSP_JavaProjects-master\CSP_JavaProjects-master\AddressBook\src\Contact.java,Contact,"Contact/2[java.lang.String,java.lang.String]",street,1
D:\Project\CSP_JavaProjects-master\CSP_JavaProjects-master\AddressBook\src\Contact.java,Contact,"Contact/2[java.lang.String,java.lang.String]",postalCode,1
D:\Project\CSP_JavaProjects-master\CSP_JavaProjects-master\AddressBook\src\Contact.java,Contact,lastNameProperty/0,lastName,1
D:\Project\CSP_JavaProjects-master\CSP_JavaProjects-master\AddressBook\src\Contact.java,Contact,setStreet/1[java.lang.String],street,3
D:\Project\CSP_JavaProjects-master\CSP_JavaProjects-master\AddressBook\src\Contact.java,Contact,cityProperty/0,city,1
D:\Project\CSP_JavaProjects-master\CSP_JavaProjects-master\AddressBook\src\Contact.java,Contact,setFirstName/1[java.lang.String],firstName,3
D:\Project\CSP_JavaProjects-master\CSP_JavaProjects-master\AddressBook\src\Contact.java,Contact,setBirthday/1[java.time.LocalDate],birthday,3
D:\Project\CSP_JavaProjects-master\CSP_JavaProjects-master\AddressBook\src\Contact.java,Contact,setPostalCode/1[int],postalCode,3
D:\Project\CSP_JavaProjects-master\CSP_JavaProjects-master\AddressBook\src\Contact.java,Contact,getCity/0,city,1
D:\Project\CSP_JavaProjects-master\CSP_JavaProjects-master\AddressBook\src\Contact.java,Contact,firstNameProperty/0,firstName,1
D:\Project\CSP_JavaProjects-master\CSP_JavaProjects-master\AddressBook\src\Contact.java,Contact,setCity/1[java.lang.String],city,3
D:\Project\CSP_JavaProjects-master\CSP_JavaProjects-master\AddressBook\src\Contact.java,Contact,streetProperty/0,street,1
D:\Project\CSP_JavaProjects-master\CSP_JavaProjects-master\AddressBook\src\Contact.java,Contact,getBirthday/0,birthday,1
D:\Project\CSP_JavaProjects-master\CSP_JavaProjects-master\Program2OnlineStore\src\program2onlinestore\Book.java,program2onlinestore.Book,getEdition/0,edition,1
D:\Project\CSP_JavaProjects-master\CSP_JavaProjects-master\Program2OnlineStore\src\program2onlinestore\Book.java,program2onlinestore.Book,setAuthor/1[java.lang.String],author,3
D:\Project\CSP_JavaProjects-master\CSP_JavaProjects-master\Program2OnlineStore\src\program2onlinestore\Book.java,program2onlinestore.Book,getPublisher/0,publisher,1
D:\Project\CSP_JavaProjects-master\CSP_JavaProjects-master\Program2OnlineStore\src\program2onlinestore\Book.java,program2onlinestore.Book,setPublisher/1[java.lang.String],publisher,3
D:\Project\CSP_JavaProjects-master\CSP_JavaProjects-master\Program2OnlineStore\src\program2onlinestore\Book.java,program2onlinestore.Book,"Book/6[java.lang.String,double,java.lang.String,java.lang.String,java.lang.String,int]",pubYear,3
D:\Project\CSP_JavaProjects-master\CSP_JavaProjects-master\Program2OnlineStore\src\program2onlinestore\Book.java,program2onlinestore.Book,"Book/6[java.lang.String,double,java.lang.String,java.lang.String,java.lang.String,int]",author,3
D:\Project\CSP_JavaProjects-master\CSP_JavaProjects-master\Program2OnlineStore\src\program2onlinestore\Book.java,program2onlinestore.Book,"Book/6[java.lang.String,double,java.lang.String,java.lang.String,java.lang.String,int]",edition,3
D:\Project\CSP_JavaProjects-master\CSP_JavaProjects-master\Program2OnlineStore\src\program2onlinestore\Book.java,program2onlinestore.Book,"Book/6[java.lang.String,double,java.lang.String,java.lang.String,java.lang.String,int]",publisher,3
D:\Project\CSP_JavaProjects-master\CSP_JavaProjects-master\Program2OnlineStore\src\program2onlinestore\Book.java,program2onlinestore.Book,setPubYear/1[int],pubYear,3
D:\Project\CSP_JavaProjects-master\CSP_JavaProjects-master\Program2OnlineStore\src\program2onlinestore\Book.java,program2onlinestore.Book,getPubYear/0,pubYear,1
D:\Project\CSP_JavaProjects-master\CSP_JavaProjects-master\Program2OnlineStore\src\program2onlinestore\Book.java,program2onlinestore.Book,getAuthor/0,author,1
D:\Project\CSP_JavaProjects-master\CSP_JavaProjects-master\Program2OnlineStore\src\program2onlinestore\Book.java,program2onlinestore.Book,setEdition/1[java.lang.String],edition,3
D:\Project\CSP_JavaProjects-master\CSP_JavaProjects-master\CSC322 Program3\src\com\jsoftware\test\impl\TrueFalseQuestion.java,com.jsoftware.test.impl.TrueFalseQuestion,"TrueFalseQuestion/2[java.lang.String,boolean]",answer,3
D:\Project\CSP_JavaProjects-master\CSP_JavaProjects-master\CSC322 Program3\src\com\jsoftware\test\impl\TrueFalseQuestion.java,com.jsoftware.test.impl.TrueFalseQuestion,checkAnswer/1[boolean],answer,3
D:\Project\CSP_JavaProjects-master\CSP_JavaProjects-master\CSC322 Program3\src\com\jsoftware\test\impl\TrueFalseQuestion.java,com.jsoftware.test.impl.TrueFalseQuestion,getAnswer/0,answer,1
D:\Project\CSP_JavaProjects-master\CSP_JavaProjects-master\CSC322 Program3\src\com\jsoftware\test\impl\TrueFalseQuestion.java,com.jsoftware.test.impl.TrueFalseQuestion,setAnswer/1[boolean],answer,3
D:\Project\CSP_JavaProjects-master\CSP_JavaProjects-master\Program2OnlineStore\src\program2onlinestore\ItemInventory.java,program2onlinestore.ItemInventory,getEntries/0,entries,1
D:\Project\CSP_JavaProjects-master\CSP_JavaProjects-master\Program2OnlineStore\src\program2onlinestore\ItemInventory.java,program2onlinestore.ItemInventory,ItemInventory/0,entries,1
D:\Project\CSP_JavaProjects-master\CSP_JavaProjects-master\CSC322 Program3\src\com\jsoftware\test\impl\ShortAnswerQuestion.java,com.jsoftware.test.impl.ShortAnswerQuestion,"ShortAnswerQuestion/2[java.lang.String,java.lang.String[]]",keywords,3
D:\Project\CSP_JavaProjects-master\CSP_JavaProjects-master\CSC322 Program3\src\com\jsoftware\test\impl\ShortAnswerQuestion.java,com.jsoftware.test.impl.ShortAnswerQuestion,setKeywords/1[java.lang.String[]],keywords,3
D:\Project\CSP_JavaProjects-master\CSP_JavaProjects-master\CSC322 Program3\src\com\jsoftware\test\impl\ShortAnswerQuestion.java,com.jsoftware.test.impl.ShortAnswerQuestion,getKeywords/0,keywords,1
D:\Project\CSP_JavaProjects-master\CSP_JavaProjects-master\CSC322 Program3\src\com\jsoftware\test\impl\ShortAnswerQuestion.java,com.jsoftware.test.impl.ShortAnswerQuestion,checkAnswer/1[java.lang.String],keywords,1
