file,class,method,constructor,line,cbo,cboModified,fanin,fanout,wmc,rfc,loc,returnsQty,variablesQty,parametersQty,methodsInvokedQty,methodsInvokedLocalQty,methodsInvokedIndirectLocalQty,loopQty,comparisonsQty,tryCatchQty,parenthesizedExpsQty,stringLiteralsQty,numbersQty,assignmentsQty,mathOperationsQty,maxNestedBlocksQty,anonymousClassesQty,innerClassesQty,lambdasQty,uniqueWordsQty,modifiers,logStatementsQty,hasJavaDoc
D:\Project\CSP_JavaProjects-master\CSP_JavaProjects-master\JavaAppCsc\src\Account.java,Account,deposit/1[double],false,74,0,1,1,0,1,0,3,1,0,1,0,0,0,0,0,0,0,0,0,1,0,0,0,0,0,3,0,0,false
D:\Project\CSP_JavaProjects-master\CSP_JavaProjects-master\JavaAppCsc\src\Account.java,Account,setAnnualInterestRate/1[double],false,59,0,0,0,0,1,0,3,0,0,1,0,0,0,0,0,0,0,0,0,1,0,0,0,0,0,6,1,0,false
D:\Project\CSP_JavaProjects-master\CSP_JavaProjects-master\JavaAppCsc\src\Account.java,Account,"Account/2[int,double]",true,25,0,1,1,0,1,0,4,0,0,2,0,0,0,0,0,0,0,0,0,2,0,0,0,0,0,6,1,0,false
D:\Project\CSP_JavaProjects-master\CSP_JavaProjects-master\JavaAppCsc\src\Account.java,Account,getAnnualInterestRate/0,false,47,0,0,0,0,1,0,3,1,0,0,0,0,0,0,0,0,0,0,0,0,0,0,0,0,0,5,1,0,false
D:\Project\CSP_JavaProjects-master\CSP_JavaProjects-master\JavaAppCsc\src\Account.java,Account,setBalance/1[double],false,55,0,0,0,0,1,0,3,0,0,1,0,0,0,0,0,0,0,0,0,1,0,0,0,0,0,4,1,0,false
D:\Project\CSP_JavaProjects-master\CSP_JavaProjects-master\JavaAppCsc\src\Account.java,Account,withdraw/1[double],false,69,0,1,1,0,1,0,3,1,0,1,0,0,0,0,0,0,0,0,0,1,0,0,0,0,0,3,0,0,false
D:\Project\CSP_JavaProjects-master\CSP_JavaProjects-master\JavaAppCsc\src\Account.java,Account,getId/0,false,39,0,0,0,0,1,0,3,1,0,0,0,0,0,0,0,0,0,0,0,0,0,0,0,0,0,3,1,0,false
D:\Project\CSP_JavaProjects-master\CSP_JavaProjects-master\JavaAppCsc\src\Account.java,Account,setDateCreated/1[java.util.Date],false,64,0,0,0,0,1,0,3,0,0,1,0,0,0,0,0,0,0,0,0,1,0,0,0,0,0,5,1,0,false
D:\Project\CSP_JavaProjects-master\CSP_JavaProjects-master\JavaAppCsc\src\Account.java,Account,setId/1[int],false,51,0,0,0,0,1,0,3,0,0,1,0,0,0,0,0,0,0,0,0,1,0,0,0,0,0,4,1,0,false
D:\Project\CSP_JavaProjects-master\CSP_JavaProjects-master\JavaAppCsc\src\Account.java,Account,Account/0,true,21,0,0,0,0,1,0,2,0,0,0,0,0,0,0,0,0,0,0,0,0,0,0,0,0,0,1,1,0,false
D:\Project\CSP_JavaProjects-master\CSP_JavaProjects-master\JavaAppCsc\src\Account.java,Account,getBalance/0,false,43,0,1,1,0,1,0,3,1,0,0,0,0,0,0,0,0,0,0,0,0,0,0,0,0,0,3,1,0,false
D:\Project\CSP_JavaProjects-master\CSP_JavaProjects-master\JavaAppCsc\src\Account.java,Account,"Account/3[int,double,double]",true,32,0,0,0,0,1,0,5,0,0,3,0,0,0,0,0,0,0,0,0,3,0,0,0,0,0,10,1,0,false
D:\Project\CSP_JavaProjects-master\CSP_JavaProjects-master\CSC322 Program3\src\com\jsoftware\test\api\IQuestionSet.java,com.jsoftware.test.api.IQuestionSet,getQuestion/1[int],false,37,1,2,2,0,1,0,1,0,0,1,0,0,0,0,0,0,0,0,0,0,0,0,0,0,0,12,1,0,true
D:\Project\CSP_JavaProjects-master\CSP_JavaProjects-master\CSC322 Program3\src\com\jsoftware\test\api\IQuestionSet.java,com.jsoftware.test.api.IQuestionSet,emptyTestSet/0,false,10,1,0,0,0,1,0,1,0,0,0,0,0,0,0,0,0,0,0,0,0,0,0,0,0,0,11,1,0,true
D:\Project\CSP_JavaProjects-master\CSP_JavaProjects-master\CSC322 Program3\src\com\jsoftware\test\api\IQuestionSet.java,com.jsoftware.test.api.IQuestionSet,size/0,false,44,0,2,2,0,1,0,1,0,0,0,0,0,0,0,0,0,0,0,0,0,0,0,0,0,0,8,1,0,true
D:\Project\CSP_JavaProjects-master\CSP_JavaProjects-master\CSC322 Program3\src\com\jsoftware\test\api\IQuestionSet.java,com.jsoftware.test.api.IQuestionSet,remove/1[int],false,30,0,1,1,0,1,0,1,0,0,1,0,0,0,0,0,0,0,0,0,0,0,0,0,0,0,8,1,0,true
D:\Project\CSP_JavaProjects-master\CSP_JavaProjects-master\CSC322 Program3\src\com\jsoftware\test\api\IQuestionSet.java,com.jsoftware.test.api.IQuestionSet,randomSample/1[int],false,16,1,1,1,0,1,0,1,0,0,1,0,0,0,0,0,0,0,0,0,0,0,0,0,0,0,16,1,0,true
D:\Project\CSP_JavaProjects-master\CSP_JavaProjects-master\CSC322 Program3\src\com\jsoftware\test\api\IQuestionSet.java,com.jsoftware.test.api.IQuestionSet,add/1[com.jsoftware.test.api.IQuestion],false,23,1,2,2,0,1,0,1,0,0,1,0,0,0,0,0,0,0,0,0,0,0,0,0,0,0,10,1,0,true
D:\Project\CSP_JavaProjects-master\CSP_JavaProjects-master\Program2OnlineStore\src\program2onlinestore\OnlineStore.java,program2onlinestore.OnlineStore,getType/1[program2onlinestore.Item],false,96,4,1,1,0,4,0,6,4,0,1,0,0,0,0,0,0,0,4,0,0,0,1,0,0,0,9,10,0,false
D:\Project\CSP_JavaProjects-master\CSP_JavaProjects-master\Program2OnlineStore\src\program2onlinestore\OnlineStore.java,program2onlinestore.OnlineStore,printItem/1[program2onlinestore.ItemEntry],false,89,3,6,1,5,1,6,4,0,1,1,6,1,1,0,0,0,0,1,0,1,0,0,0,0,0,5,2,0,false
D:\Project\CSP_JavaProjects-master\CSP_JavaProjects-master\Program2OnlineStore\src\program2onlinestore\OnlineStore.java,program2onlinestore.OnlineStore,start/0,false,20,7,6,1,5,14,8,46,0,2,0,8,2,2,5,1,0,0,8,5,3,0,4,0,0,0,37,1,0,false
D:\Project\CSP_JavaProjects-master\CSP_JavaProjects-master\Program2OnlineStore\src\program2onlinestore\OnlineStore.java,program2onlinestore.OnlineStore,printHeader/0,false,85,0,1,1,0,1,1,3,0,0,0,1,0,0,0,0,0,0,5,0,0,0,0,0,0,0,3,2,0,false
D:\Project\CSP_JavaProjects-master\CSP_JavaProjects-master\IncrementDecrement\src\IncrementDecrement\Problem3.java,IncrementDecrement.Problem3,start/1[IncrementDecrement.Stage],false,36,5,0,0,0,1,13,33,0,3,1,13,0,0,0,0,0,0,2,16,3,0,1,0,0,3,20,1,0,false
D:\Project\CSP_JavaProjects-master\CSP_JavaProjects-master\IncrementDecrement\src\IncrementDecrement\Problem3.java,IncrementDecrement.Problem3,main/1[java.lang.String[]],false,72,0,0,0,0,1,1,3,0,0,1,1,0,0,0,0,0,0,0,0,0,0,0,0,0,0,3,9,0,false
D:\Project\CSP_JavaProjects-master\CSP_JavaProjects-master\JavaAppCsc\src\javaappcsc\JavaAppCsc.java,javaappcsc.JavaAppCsc,main/1[java.lang.String[]],false,19,0,0,0,0,7,4,41,0,5,1,4,0,0,1,0,0,0,15,6,8,5,3,0,0,0,24,9,0,true
D:\Project\CSP_JavaProjects-master\CSP_JavaProjects-master\Program2OnlineStore\src\program2onlinestore\MusicCD.java,program2onlinestore.MusicCD,getGenres/0,false,76,0,0,0,0,1,0,3,1,0,0,0,0,0,0,0,0,0,0,0,0,0,0,0,0,0,3,1,0,false
D:\Project\CSP_JavaProjects-master\CSP_JavaProjects-master\Program2OnlineStore\src\program2onlinestore\MusicCD.java,program2onlinestore.MusicCD,setArtists/1[java.lang.String],false,40,0,0,0,0,1,0,3,0,0,1,0,0,0,0,0,0,0,0,0,1,0,0,0,0,0,3,1,0,false
D:\Project\CSP_JavaProjects-master\CSP_JavaProjects-master\Program2OnlineStore\src\program2onlinestore\MusicCD.java,program2onlinestore.MusicCD,getTotalLength/0,false,68,0,0,0,0,1,0,3,1,0,0,0,0,0,0,0,0,0,0,0,0,0,0,0,0,0,4,1,0,false
D:\Project\CSP_JavaProjects-master\CSP_JavaProjects-master\Program2OnlineStore\src\program2onlinestore\MusicCD.java,program2onlinestore.MusicCD,getLabel/0,false,52,0,0,0,0,1,0,3,1,0,0,0,0,0,0,0,0,0,0,0,0,0,0,0,0,0,3,1,0,false
D:\Project\CSP_JavaProjects-master\CSP_JavaProjects-master\Program2OnlineStore\src\program2onlinestore\MusicCD.java,program2onlinestore.MusicCD,setGenres/1[java.lang.String],false,80,0,0,0,0,1,0,3,0,0,1,0,0,0,0,0,0,0,0,0,1,0,0,0,0,0,3,1,0,false
D:\Project\CSP_JavaProjects-master\CSP_JavaProjects-master\Program2OnlineStore\src\program2onlinestore\MusicCD.java,program2onlinestore.MusicCD,getRecordCompany/0,false,60,0,0,0,0,1,0,3,1,0,0,0,0,0,0,0,0,0,0,0,0,0,0,0,0,0,4,1,0,false
D:\Project\CSP_JavaProjects-master\CSP_JavaProjects-master\Program2OnlineStore\src\program2onlinestore\MusicCD.java,program2onlinestore.MusicCD,setRecordCompany/1[java.lang.String],false,64,0,0,0,0,1,0,3,0,0,1,0,0,0,0,0,0,0,0,0,1,0,0,0,0,0,4,1,0,false
D:\Project\CSP_JavaProjects-master\CSP_JavaProjects-master\Program2OnlineStore\src\program2onlinestore\MusicCD.java,program2onlinestore.MusicCD,getReleaseDate/0,false,44,0,0,0,0,1,0,3,1,0,0,0,0,0,0,0,0,0,0,0,0,0,0,0,0,0,4,1,0,false
D:\Project\CSP_JavaProjects-master\CSP_JavaProjects-master\Program2OnlineStore\src\program2onlinestore\MusicCD.java,program2onlinestore.MusicCD,setLabel/1[java.lang.String],false,56,0,0,0,0,1,0,3,0,0,1,0,0,0,0,0,0,0,0,0,1,0,0,0,0,0,3,1,0,false
D:\Project\CSP_JavaProjects-master\CSP_JavaProjects-master\Program2OnlineStore\src\program2onlinestore\MusicCD.java,program2onlinestore.MusicCD,setTotalLength/1[int],false,72,0,0,0,0,1,0,3,0,0,1,0,0,0,0,0,0,0,0,0,1,0,0,0,0,0,4,1,0,false
D:\Project\CSP_JavaProjects-master\CSP_JavaProjects-master\Program2OnlineStore\src\program2onlinestore\MusicCD.java,program2onlinestore.MusicCD,getArtists/0,false,36,0,0,0,0,1,0,3,1,0,0,0,0,0,0,0,0,0,0,0,0,0,0,0,0,0,3,1,0,false
D:\Project\CSP_JavaProjects-master\CSP_JavaProjects-master\Program2OnlineStore\src\program2onlinestore\MusicCD.java,program2onlinestore.MusicCD,"MusicCD/8[java.lang.String,double,java.lang.String,java.util.Date,java.lang.String,java.lang.String,int,java.lang.String]",true,25,0,1,1,0,1,0,9,0,0,8,0,0,0,0,0,0,0,0,0,6,0,0,0,0,0,12,1,0,false
D:\Project\CSP_JavaProjects-master\CSP_JavaProjects-master\Program2OnlineStore\src\program2onlinestore\MusicCD.java,program2onlinestore.MusicCD,setReleaseDate/1[java.util.Date],false,48,0,0,0,0,1,0,3,0,0,1,0,0,0,0,0,0,0,0,0,1,0,0,0,0,0,4,1,0,false
D:\Project\CSP_JavaProjects-master\CSP_JavaProjects-master\Program2OnlineStore\src\program2onlinestore\Software.java,program2onlinestore.Software,setVersion/1[java.lang.String],false,28,0,0,0,0,1,0,3,0,0,1,0,0,0,0,0,0,0,0,0,1,0,0,0,0,0,3,1,0,false
D:\Project\CSP_JavaProjects-master\CSP_JavaProjects-master\Program2OnlineStore\src\program2onlinestore\Software.java,program2onlinestore.Software,"Software/3[java.lang.String,double,java.lang.String]",true,18,0,1,1,0,1,0,4,0,0,3,0,0,0,0,0,0,0,0,0,1,0,0,0,0,0,2,1,0,false
D:\Project\CSP_JavaProjects-master\CSP_JavaProjects-master\Program2OnlineStore\src\program2onlinestore\Software.java,program2onlinestore.Software,getVersion/0,false,24,0,0,0,0,1,0,3,1,0,0,0,0,0,0,0,0,0,0,0,0,0,0,0,0,0,3,1,0,false
D:\Project\CSP_JavaProjects-master\CSP_JavaProjects-master\CSC322 Program3\src\com\jsoftware\test\impl\QuestionSet.java,com.jsoftware.test.impl.QuestionSet,emptyTestSet/0,false,22,2,0,0,0,1,1,4,1,0,0,1,0,0,0,0,0,0,0,0,0,0,0,0,0,0,5,1,0,false
D:\Project\CSP_JavaProjects-master\CSP_JavaProjects-master\CSC322 Program3\src\com\jsoftware\test\impl\QuestionSet.java,com.jsoftware.test.impl.QuestionSet,size/0,false,64,0,1,1,0,1,1,3,1,0,0,1,0,0,0,0,0,0,0,0,0,0,0,0,0,0,1,1,0,false
D:\Project\CSP_JavaProjects-master\CSP_JavaProjects-master\CSC322 Program3\src\com\jsoftware\test\impl\QuestionSet.java,com.jsoftware.test.impl.QuestionSet,add/1[com.jsoftware.test.api.IQuestion],false,47,1,0,0,0,1,1,4,1,0,1,1,0,0,0,0,0,0,0,0,0,0,0,0,0,0,5,1,0,false
D:\Project\CSP_JavaProjects-master\CSP_JavaProjects-master\CSC322 Program3\src\com\jsoftware\test\impl\QuestionSet.java,com.jsoftware.test.impl.QuestionSet,getQuestion/1[int],false,59,1,1,1,0,1,1,3,1,0,1,1,0,0,0,0,0,0,0,0,0,0,0,0,0,0,4,1,0,false
D:\Project\CSP_JavaProjects-master\CSP_JavaProjects-master\CSC322 Program3\src\com\jsoftware\test\impl\QuestionSet.java,com.jsoftware.test.impl.QuestionSet,remove/1[int],false,53,0,0,0,0,1,1,4,1,0,1,1,0,0,0,0,0,0,0,0,0,0,0,0,0,0,3,1,0,false
D:\Project\CSP_JavaProjects-master\CSP_JavaProjects-master\CSC322 Program3\src\com\jsoftware\test\impl\QuestionSet.java,com.jsoftware.test.impl.QuestionSet,randomSample/1[int],false,28,3,4,0,4,4,4,15,1,5,1,4,2,1,2,1,0,3,0,2,5,2,3,0,0,0,11,1,0,false
D:\Project\CSP_JavaProjects-master\CSP_JavaProjects-master\Arithmetic\src\arithmetic\MathOp.java,arithmetic.MathOp,"add/2[int,int]",false,14,0,0,0,0,1,0,1,0,0,2,0,0,0,0,0,0,0,0,0,0,0,0,0,0,0,2,1,0,false
D:\Project\CSP_JavaProjects-master\CSP_JavaProjects-master\Arithmetic\src\arithmetic\MathOp.java,arithmetic.MathOp,"mul/2[int,int]",false,16,0,0,0,0,1,0,1,0,0,2,0,0,0,0,0,0,0,0,0,0,0,0,0,0,0,2,1,0,false
D:\Project\CSP_JavaProjects-master\CSP_JavaProjects-master\Arithmetic\src\arithmetic\MathOp.java,arithmetic.MathOp,"div/2[int,int]",false,17,0,0,0,0,1,0,1,0,0,2,0,0,0,0,0,0,0,0,0,0,0,0,0,0,0,2,1,0,false
D:\Project\CSP_JavaProjects-master\CSP_JavaProjects-master\Arithmetic\src\arithmetic\MathOp.java,arithmetic.MathOp,"sub/2[int,int]",false,15,0,0,0,0,1,0,1,0,0,2,0,0,0,0,0,0,0,0,0,0,0,0,0,0,0,2,1,0,false
D:\Project\CSP_JavaProjects-master\CSP_JavaProjects-master\CSC322 Program3\src\com\jsoftware\test\api\IMultipleChoiceQuestion.java,com.jsoftware.test.api.IMultipleChoiceQuestion,checkAnswer/1[int],false,13,0,0,0,0,1,0,1,0,0,1,0,0,0,0,0,0,0,0,0,0,0,0,0,0,0,10,1,0,true
D:\Project\CSP_JavaProjects-master\CSP_JavaProjects-master\PairFruits\src\PairFruits\PairImpl.java,PairFruits.PairImpl,getSecond/0,false,28,1,0,0,0,1,0,3,1,0,0,0,0,0,0,0,0,0,0,0,0,0,0,0,0,0,4,1,0,false
D:\Project\CSP_JavaProjects-master\CSP_JavaProjects-master\PairFruits\src\PairFruits\PairImpl.java,PairFruits.PairImpl,toString/0,false,32,0,0,0,0,1,1,3,1,0,0,1,0,0,0,0,0,0,1,0,0,1,0,0,0,0,2,1,0,false
D:\Project\CSP_JavaProjects-master\CSP_JavaProjects-master\PairFruits\src\PairFruits\PairImpl.java,PairFruits.PairImpl,"PairImpl/2[E,T]",true,17,2,0,0,0,1,0,4,0,0,2,0,0,0,0,0,0,0,0,0,2,0,0,0,0,0,5,1,0,false
D:\Project\CSP_JavaProjects-master\CSP_JavaProjects-master\PairFruits\src\PairFruits\PairImpl.java,PairFruits.PairImpl,getFirst/0,false,23,1,0,0,0,1,0,3,1,0,0,0,0,0,0,0,0,0,0,0,0,0,0,0,0,0,4,1,0,false
D:\Project\CSP_JavaProjects-master\CSP_JavaProjects-master\Program2OnlineStore\src\program2onlinestore\ItemEntry.java,program2onlinestore.ItemEntry,"ItemEntry/2[program2onlinestore.Item,int]",true,19,1,1,1,0,1,0,4,0,0,2,0,0,0,0,0,0,0,0,0,2,0,0,0,0,0,4,1,0,false
D:\Project\CSP_JavaProjects-master\CSP_JavaProjects-master\Program2OnlineStore\src\program2onlinestore\ItemEntry.java,program2onlinestore.ItemEntry,setQuantity/1[int],false,37,0,0,0,0,1,0,3,0,0,1,0,0,0,0,0,0,0,0,0,1,0,0,0,0,0,3,1,0,false
D:\Project\CSP_JavaProjects-master\CSP_JavaProjects-master\Program2OnlineStore\src\program2onlinestore\ItemEntry.java,program2onlinestore.ItemEntry,getQuantity/0,false,33,0,1,1,0,1,0,3,1,0,0,0,0,0,0,0,0,0,0,0,0,0,0,0,0,0,3,1,0,false
D:\Project\CSP_JavaProjects-master\CSP_JavaProjects-master\Program2OnlineStore\src\program2onlinestore\ItemEntry.java,program2onlinestore.ItemEntry,setItem/1[program2onlinestore.Item],false,29,1,0,0,0,1,0,3,0,0,1,0,0,0,0,0,0,0,0,0,1,0,0,0,0,0,3,1,0,false
D:\Project\CSP_JavaProjects-master\CSP_JavaProjects-master\Program2OnlineStore\src\program2onlinestore\ItemEntry.java,program2onlinestore.ItemEntry,getItem/0,false,25,1,2,2,0,1,0,3,1,0,0,0,0,0,0,0,0,0,0,0,0,0,0,0,0,0,3,1,0,false
D:\Project\CSP_JavaProjects-master\CSP_JavaProjects-master\Program2OnlineStore\src\program2onlinestore\Main.java,program2onlinestore.Main,main/1[java.lang.String[]],false,15,1,2,0,2,1,1,3,0,0,1,1,0,0,0,0,0,0,0,0,0,0,0,0,0,0,7,9,0,false
D:\Project\CSP_JavaProjects-master\CSP_JavaProjects-master\CSC322 Program3\src\com\jsoftware\test\impl\MultipleChoice.java,com.jsoftware.test.impl.MultipleChoice,"MultipleChoice/3[java.lang.String,java.lang.String[],int]",true,21,0,1,1,0,1,0,5,0,0,3,0,0,0,0,0,0,0,0,0,2,0,0,0,0,0,5,0,0,false
D:\Project\CSP_JavaProjects-master\CSP_JavaProjects-master\CSC322 Program3\src\com\jsoftware\test\impl\MultipleChoice.java,com.jsoftware.test.impl.MultipleChoice,getChoices/0,false,42,0,1,1,0,1,0,3,1,0,0,0,0,0,0,0,0,0,0,0,0,0,0,0,0,0,3,1,0,false
D:\Project\CSP_JavaProjects-master\CSP_JavaProjects-master\CSC322 Program3\src\com\jsoftware\test\impl\MultipleChoice.java,com.jsoftware.test.impl.MultipleChoice,setAnswer/1[int],false,47,0,0,0,0,1,0,3,0,0,1,0,0,0,0,0,0,0,0,0,1,0,0,0,0,0,3,1,0,false
D:\Project\CSP_JavaProjects-master\CSP_JavaProjects-master\CSC322 Program3\src\com\jsoftware\test\impl\MultipleChoice.java,com.jsoftware.test.impl.MultipleChoice,setChoices/1[java.lang.String[]],false,37,0,0,0,0,1,0,3,0,0,1,0,0,0,0,0,0,0,0,0,1,0,0,0,0,0,3,1,0,false
D:\Project\CSP_JavaProjects-master\CSP_JavaProjects-master\CSC322 Program3\src\com\jsoftware\test\impl\MultipleChoice.java,com.jsoftware.test.impl.MultipleChoice,getAnswer/0,false,52,0,0,0,0,1,0,3,1,0,0,0,0,0,0,0,0,0,0,0,0,0,0,0,0,0,3,1,0,false
D:\Project\CSP_JavaProjects-master\CSP_JavaProjects-master\CSC322 Program3\src\com\jsoftware\test\impl\MultipleChoice.java,com.jsoftware.test.impl.MultipleChoice,checkAnswer/1[int],false,29,0,1,1,0,2,0,6,2,0,1,0,0,0,0,1,0,0,0,0,0,0,1,0,0,0,6,1,0,false
D:\Project\CSP_JavaProjects-master\CSP_JavaProjects-master\InvestmentValueCalculator\src\InvestmentCalculator\InvestmentCalcForm.java,InvestmentCalculator.InvestmentCalcForm,main/1[java.lang.String[]],false,157,1,1,0,1,7,9,28,0,0,1,9,0,0,1,0,1,0,1,0,0,0,3,1,0,0,21,9,0,true
D:\Project\CSP_JavaProjects-master\CSP_JavaProjects-master\InvestmentValueCalculator\src\InvestmentCalculator\InvestmentCalcForm.java,InvestmentCalculator.InvestmentCalcForm,InvestmentCalcForm/0,true,17,1,2,1,1,1,1,3,0,0,0,1,1,1,0,0,0,0,0,0,0,0,0,0,0,0,7,1,0,true
D:\Project\CSP_JavaProjects-master\CSP_JavaProjects-master\InvestmentValueCalculator\src\InvestmentCalculator\InvestmentCalcForm.java,InvestmentCalculator.InvestmentCalcForm,btnClearActionPerformed/1[java.awt.event.ActionEvent],false,125,0,1,1,0,1,1,6,0,0,1,1,0,0,0,0,0,0,3,0,0,0,0,0,0,0,6,2,0,false
D:\Project\CSP_JavaProjects-master\CSP_JavaProjects-master\InvestmentValueCalculator\src\InvestmentCalculator\InvestmentCalcForm.java,InvestmentCalculator.InvestmentCalcForm,btnCalcActionPerformed/1[java.awt.event.ActionEvent],false,137,0,1,1,0,1,5,7,0,4,1,5,0,0,0,0,0,1,1,3,4,5,0,0,0,0,10,2,0,false
D:\Project\CSP_JavaProjects-master\CSP_JavaProjects-master\InvestmentValueCalculator\src\InvestmentCalculator\InvestmentCalcForm.java,InvestmentCalculator.InvestmentCalcForm,initComponents/0,false,28,0,2,1,1,1,23,37,0,1,0,23,0,0,0,0,0,0,7,31,11,0,0,2,0,0,52,2,0,true
D:\Project\CSP_JavaProjects-master\CSP_JavaProjects-master\JavaAppCsc\src\ATMMachine.java,ATMMachine,main/1[java.lang.String[]],false,18,1,4,0,4,9,10,44,0,8,1,10,0,0,2,0,0,0,17,17,8,4,2,0,0,0,32,9,0,true
D:\Project\CSP_JavaProjects-master\CSP_JavaProjects-master\CSC322 Program3\src\com\jsoftware\test\api\IQuestionFactory.java,com.jsoftware.test.api.IQuestionFactory,"makeShortAnswer/2[java.lang.String,java.lang.String[]]",false,36,1,1,1,0,1,0,1,0,0,2,0,0,0,0,0,0,0,0,0,0,0,0,0,0,0,18,1,0,true
D:\Project\CSP_JavaProjects-master\CSP_JavaProjects-master\CSC322 Program3\src\com\jsoftware\test\api\IQuestionFactory.java,com.jsoftware.test.api.IQuestionFactory,"save/2[com.jsoftware.test.api.IQuestionSet,java.lang.String]",false,53,1,1,1,0,1,0,1,0,0,2,0,0,0,0,0,0,0,0,0,0,0,0,0,0,0,17,1,0,true
D:\Project\CSP_JavaProjects-master\CSP_JavaProjects-master\CSC322 Program3\src\com\jsoftware\test\api\IQuestionFactory.java,com.jsoftware.test.api.IQuestionFactory,load/1[java.lang.String],false,44,1,1,1,0,1,0,1,0,0,1,0,0,0,0,0,0,0,0,0,0,0,0,0,0,0,19,1,0,true
D:\Project\CSP_JavaProjects-master\CSP_JavaProjects-master\CSC322 Program3\src\com\jsoftware\test\api\IQuestionFactory.java,com.jsoftware.test.api.IQuestionFactory,makeEmptyQuestionSet/0,false,62,1,0,0,0,1,0,1,0,0,0,0,0,0,0,0,0,0,0,0,0,0,0,0,0,0,9,1,0,true
D:\Project\CSP_JavaProjects-master\CSP_JavaProjects-master\CSC322 Program3\src\com\jsoftware\test\api\IQuestionFactory.java,com.jsoftware.test.api.IQuestionFactory,"makeMultipleChoice/3[java.lang.String,java.lang.String[],int]",false,10,1,1,1,0,1,0,1,0,0,3,0,0,0,0,0,0,0,0,0,0,0,0,0,0,0,23,1,0,true
D:\Project\CSP_JavaProjects-master\CSP_JavaProjects-master\CSC322 Program3\src\com\jsoftware\test\api\IQuestionFactory.java,com.jsoftware.test.api.IQuestionFactory,"makeTrueFalse/2[java.lang.String,boolean]",false,20,1,1,1,0,1,0,1,0,0,2,0,0,0,0,0,0,0,0,0,0,0,0,0,0,0,15,1,0,true
D:\Project\CSP_JavaProjects-master\CSP_JavaProjects-master\CSC322 Program3\src\com\jsoftware\test\api\IQuestionFactory.java,com.jsoftware.test.api.IQuestionFactory,"makeFillInBlank/2[java.lang.String,java.lang.String[]]",false,28,1,1,1,0,1,0,1,0,0,2,0,0,0,0,0,0,0,0,0,0,0,0,0,0,0,22,1,0,true
D:\Project\CSP_JavaProjects-master\CSP_JavaProjects-master\CSC322 Program3\src\com\jsoftware\test\api\IFillInBlanksQuestion.java,com.jsoftware.test.api.IFillInBlanksQuestion,checkAnswer/1[java.lang.String[]],false,12,0,0,0,0,1,0,1,0,0,1,0,0,0,0,0,0,0,0,0,0,0,0,0,0,0,21,1,0,true
D:\Project\CSP_JavaProjects-master\CSP_JavaProjects-master\CSC322 Program3\src\com\jsoftware\test\api\IShortAnswerQuestion.java,com.jsoftware.test.api.IShortAnswerQuestion,checkAnswer/1[java.lang.String],false,8,0,0,0,0,1,0,1,0,0,1,0,0,0,0,0,0,0,0,0,0,0,0,0,0,0,8,1,0,true
D:\Project\CSP_JavaProjects-master\CSP_JavaProjects-master\CSC322 Program3\src\com\jsoftware\test\test\TestTaker.java,com.jsoftware.test.test.TestTaker,main/1[java.lang.String[]],false,23,9,12,0,12,23,18,148,0,21,1,18,0,0,4,10,0,15,49,10,26,8,4,0,0,0,68,9,0,false
D:\Project\CSP_JavaProjects-master\CSP_JavaProjects-master\PairFruits\src\PairFruits\PairFruits.java,PairFruits.PairFruits,main/1[java.lang.String[]],false,16,2,3,0,3,1,5,10,0,2,1,5,0,0,0,0,0,0,4,3,1,1,1,0,0,1,4,9,0,false
D:\Project\CSP_JavaProjects-master\CSP_JavaProjects-master\PairFruits\src\PairFruits\Pair.java,PairFruits.Pair,getFirst/0,false,17,1,0,0,0,1,0,1,0,0,0,0,0,0,0,0,0,0,0,0,0,0,0,0,0,0,3,0,0,false
D:\Project\CSP_JavaProjects-master\CSP_JavaProjects-master\PairFruits\src\PairFruits\Pair.java,PairFruits.Pair,getSecond/0,false,18,1,0,0,0,1,0,1,0,0,0,0,0,0,0,0,0,0,0,0,0,0,0,0,0,0,3,0,0,false
D:\Project\CSP_JavaProjects-master\CSP_JavaProjects-master\Arithmetic\src\arithmetic\Arithmetic.java,arithmetic.Arithmetic,"add/2[int,int]",false,63,0,1,1,0,1,1,3,0,0,2,1,0,0,0,0,0,0,0,0,0,1,0,0,0,0,3,1,0,false
D:\Project\CSP_JavaProjects-master\CSP_JavaProjects-master\Arithmetic\src\arithmetic\Arithmetic.java,arithmetic.Arithmetic,"sub/2[int,int]",false,68,0,1,1,0,1,1,3,0,0,2,1,0,0,0,0,0,0,0,0,0,1,0,0,0,0,3,1,0,false
D:\Project\CSP_JavaProjects-master\CSP_JavaProjects-master\Arithmetic\src\arithmetic\Arithmetic.java,arithmetic.Arithmetic,"mul/2[int,int]",false,73,0,1,1,0,1,1,3,0,0,2,1,0,0,0,0,0,0,0,0,0,1,0,0,0,0,3,1,0,false
D:\Project\CSP_JavaProjects-master\CSP_JavaProjects-master\Arithmetic\src\arithmetic\Arithmetic.java,arithmetic.Arithmetic,main/1[java.lang.String[]],false,19,1,5,0,5,7,7,35,0,6,1,7,4,1,1,1,0,0,5,8,7,0,2,0,0,0,36,9,0,true
D:\Project\CSP_JavaProjects-master\CSP_JavaProjects-master\Arithmetic\src\arithmetic\Arithmetic.java,arithmetic.Arithmetic,"div/2[int,int]",false,78,0,1,1,0,2,2,4,0,0,2,2,0,0,0,1,0,0,1,1,0,1,1,0,0,0,6,1,0,false
D:\Project\CSP_JavaProjects-master\CSP_JavaProjects-master\CSC322 Program3\src\com\jsoftware\test\api\ITrueFalseQuestion.java,com.jsoftware.test.api.ITrueFalseQuestion,checkAnswer/1[boolean],false,11,0,0,0,0,1,0,1,0,0,1,0,0,0,0,0,0,0,0,0,0,0,0,0,0,0,10,1,0,true
D:\Project\CSP_JavaProjects-master\CSP_JavaProjects-master\Program2OnlineStore\src\program2onlinestore\Item.java,program2onlinestore.Item,"Item/2[java.lang.String,double]",true,18,0,0,0,0,1,0,4,0,0,2,0,0,0,0,0,0,0,0,0,2,0,0,0,0,0,3,1,0,false
D:\Project\CSP_JavaProjects-master\CSP_JavaProjects-master\Program2OnlineStore\src\program2onlinestore\Item.java,program2onlinestore.Item,getTitle/0,false,25,0,1,1,0,1,0,3,1,0,0,0,0,0,0,0,0,0,0,0,0,0,0,0,0,0,3,1,0,false
D:\Project\CSP_JavaProjects-master\CSP_JavaProjects-master\Program2OnlineStore\src\program2onlinestore\Item.java,program2onlinestore.Item,setPrice/1[double],false,37,0,0,0,0,1,0,3,0,0,1,0,0,0,0,0,0,0,0,0,1,0,0,0,0,0,3,1,0,false
D:\Project\CSP_JavaProjects-master\CSP_JavaProjects-master\Program2OnlineStore\src\program2onlinestore\Item.java,program2onlinestore.Item,getPrice/0,false,33,0,1,1,0,1,0,3,1,0,0,0,0,0,0,0,0,0,0,0,0,0,0,0,0,0,3,1,0,false
D:\Project\CSP_JavaProjects-master\CSP_JavaProjects-master\Program2OnlineStore\src\program2onlinestore\Item.java,program2onlinestore.Item,setTitle/1[java.lang.String],false,29,0,0,0,0,1,0,3,0,0,1,0,0,0,0,0,0,0,0,0,1,0,0,0,0,0,3,1,0,false
D:\Project\CSP_JavaProjects-master\CSP_JavaProjects-master\CSC322 Program3\src\com\jsoftware\test\impl\Question.java,com.jsoftware.test.impl.Question,setQuestion/1[java.lang.String],false,24,0,0,0,0,1,0,3,0,0,1,0,0,0,0,0,0,0,0,0,1,0,0,0,0,0,3,2,0,false
D:\Project\CSP_JavaProjects-master\CSP_JavaProjects-master\CSC322 Program3\src\com\jsoftware\test\impl\Question.java,com.jsoftware.test.impl.Question,Question/1[java.lang.String],true,19,0,0,0,0,1,0,3,0,0,1,0,0,0,0,0,0,0,0,0,1,0,0,0,0,0,2,1,0,false
D:\Project\CSP_JavaProjects-master\CSP_JavaProjects-master\CSC322 Program3\src\com\jsoftware\test\impl\Question.java,com.jsoftware.test.impl.Question,getQuestion/0,false,29,0,1,1,0,1,0,3,1,0,0,0,0,0,0,0,0,0,0,0,0,0,0,0,0,0,3,1,0,false
D:\Project\CSP_JavaProjects-master\CSP_JavaProjects-master\CSC322 Program3\src\com\jsoftware\test\impl\QuestionFactory.java,com.jsoftware.test.impl.QuestionFactory,"makeTrueFalse/2[java.lang.String,boolean]",false,31,2,1,0,1,1,0,4,1,1,2,0,0,0,0,0,0,0,0,0,1,0,0,0,0,0,7,1,0,false
D:\Project\CSP_JavaProjects-master\CSP_JavaProjects-master\CSC322 Program3\src\com\jsoftware\test\impl\QuestionFactory.java,com.jsoftware.test.impl.QuestionFactory,load/1[java.lang.String],false,49,1,0,0,0,3,2,12,2,3,1,2,0,0,0,0,1,0,0,0,3,0,2,0,0,0,16,1,0,false
D:\Project\CSP_JavaProjects-master\CSP_JavaProjects-master\CSC322 Program3\src\com\jsoftware\test\impl\QuestionFactory.java,com.jsoftware.test.impl.QuestionFactory,"makeFillInBlank/2[java.lang.String,java.lang.String[]]",false,37,2,1,0,1,1,0,4,1,1,2,0,0,0,0,0,0,0,0,0,1,0,0,0,0,0,9,1,0,false
D:\Project\CSP_JavaProjects-master\CSP_JavaProjects-master\CSC322 Program3\src\com\jsoftware\test\impl\QuestionFactory.java,com.jsoftware.test.impl.QuestionFactory,"makeShortAnswer/2[java.lang.String,java.lang.String[]]",false,43,2,1,0,1,1,0,4,1,1,2,0,0,0,0,0,0,0,0,0,1,0,0,0,0,0,7,1,0,false
D:\Project\CSP_JavaProjects-master\CSP_JavaProjects-master\CSC322 Program3\src\com\jsoftware\test\impl\QuestionFactory.java,com.jsoftware.test.impl.QuestionFactory,makeEmptyQuestionSet/0,false,79,1,0,0,0,1,0,3,1,0,0,0,0,0,0,0,0,0,0,0,0,0,0,0,0,0,6,1,0,false
D:\Project\CSP_JavaProjects-master\CSP_JavaProjects-master\CSC322 Program3\src\com\jsoftware\test\impl\QuestionFactory.java,com.jsoftware.test.impl.QuestionFactory,"makeMultipleChoice/3[java.lang.String,java.lang.String[],int]",false,25,2,1,0,1,1,0,4,1,1,3,0,0,0,0,0,0,0,0,0,1,0,0,0,0,0,7,1,0,false
D:\Project\CSP_JavaProjects-master\CSP_JavaProjects-master\CSC322 Program3\src\com\jsoftware\test\impl\QuestionFactory.java,com.jsoftware.test.impl.QuestionFactory,"save/2[com.jsoftware.test.api.IQuestionSet,java.lang.String]",false,64,1,0,0,0,2,3,12,1,2,2,3,0,0,0,0,1,0,0,0,2,0,1,0,0,0,15,1,0,false
D:\Project\CSP_JavaProjects-master\CSP_JavaProjects-master\CSC322 Program3\src\com\jsoftware\test\impl\FillInBlanks.java,com.jsoftware.test.impl.FillInBlanks,checkAnswer/1[java.lang.String[]],false,28,0,1,1,0,4,1,11,3,1,1,1,0,0,1,1,0,0,0,1,1,0,2,0,0,0,6,1,0,false
D:\Project\CSP_JavaProjects-master\CSP_JavaProjects-master\CSC322 Program3\src\com\jsoftware\test\impl\FillInBlanks.java,com.jsoftware.test.impl.FillInBlanks,"FillInBlanks/2[java.lang.String,java.lang.String[]]",true,21,0,1,1,0,1,0,4,0,0,2,0,0,0,0,0,0,0,0,0,1,0,0,0,0,0,5,1,0,false
D:\Project\CSP_JavaProjects-master\CSP_JavaProjects-master\AddressBook\src\Contact.java,Contact,postalCodeProperty/0,false,99,1,0,0,0,1,0,3,1,0,0,0,0,0,0,0,0,0,0,0,0,0,0,0,0,0,4,1,0,false
D:\Project\CSP_JavaProjects-master\CSP_JavaProjects-master\AddressBook\src\Contact.java,Contact,Contact/0,true,34,0,0,0,0,1,0,3,0,0,0,0,0,0,0,0,0,0,0,0,0,0,0,0,0,0,2,1,0,true
D:\Project\CSP_JavaProjects-master\CSP_JavaProjects-master\AddressBook\src\Contact.java,Contact,getPostalCode/0,false,91,0,0,0,0,1,1,3,1,0,0,1,0,0,0,0,0,0,0,0,0,0,0,0,0,0,3,1,0,false
D:\Project\CSP_JavaProjects-master\CSP_JavaProjects-master\AddressBook\src\Contact.java,Contact,getLastName/0,false,67,0,0,0,0,1,1,3,1,0,0,1,0,0,0,0,0,0,0,0,0,0,0,0,0,0,3,1,0,false
D:\Project\CSP_JavaProjects-master\CSP_JavaProjects-master\AddressBook\src\Contact.java,Contact,birthdayProperty/0,false,123,1,0,0,0,1,0,3,1,0,0,0,0,0,0,0,0,0,0,0,0,0,0,0,0,0,2,1,0,false
D:\Project\CSP_JavaProjects-master\CSP_JavaProjects-master\AddressBook\src\Contact.java,Contact,setLastName/1[java.lang.String],false,71,0,0,0,0,1,1,3,0,0,1,1,0,0,0,0,0,0,0,0,0,0,0,0,0,0,4,1,0,false
D:\Project\CSP_JavaProjects-master\CSP_JavaProjects-master\AddressBook\src\Contact.java,Contact,getStreet/0,false,79,0,0,0,0,1,1,3,1,0,0,1,0,0,0,0,0,0,0,0,0,0,0,0,0,0,2,1,0,false
D:\Project\CSP_JavaProjects-master\CSP_JavaProjects-master\AddressBook\src\Contact.java,Contact,getFirstName/0,false,55,0,0,0,0,1,1,3,1,0,0,1,0,0,0,0,0,0,0,0,0,0,0,0,0,0,3,1,0,false
D:\Project\CSP_JavaProjects-master\CSP_JavaProjects-master\AddressBook\src\Contact.java,Contact,"Contact/2[java.lang.String,java.lang.String]",true,44,3,0,0,0,1,1,8,0,0,2,1,0,0,0,0,0,0,2,4,6,0,0,0,0,0,12,1,0,true
D:\Project\CSP_JavaProjects-master\CSP_JavaProjects-master\AddressBook\src\Contact.java,Contact,lastNameProperty/0,false,75,1,0,0,0,1,0,3,1,0,0,0,0,0,0,0,0,0,0,0,0,0,0,0,0,0,4,1,0,false
D:\Project\CSP_JavaProjects-master\CSP_JavaProjects-master\AddressBook\src\Contact.java,Contact,main/1[java.lang.String[]],false,127,0,0,0,0,1,1,3,0,0,1,1,0,0,0,0,0,0,0,0,0,0,0,0,0,0,3,9,0,false
D:\Project\CSP_JavaProjects-master\CSP_JavaProjects-master\AddressBook\src\Contact.java,Contact,setStreet/1[java.lang.String],false,83,0,0,0,0,1,1,3,0,0,1,1,0,0,0,0,0,0,0,0,0,0,0,0,0,0,3,1,0,false
D:\Project\CSP_JavaProjects-master\CSP_JavaProjects-master\AddressBook\src\Contact.java,Contact,cityProperty/0,false,111,1,0,0,0,1,0,3,1,0,0,0,0,0,0,0,0,0,0,0,0,0,0,0,0,0,3,1,0,false
D:\Project\CSP_JavaProjects-master\CSP_JavaProjects-master\AddressBook\src\Contact.java,Contact,setFirstName/1[java.lang.String],false,59,0,0,0,0,1,1,3,0,0,1,1,0,0,0,0,0,0,0,0,0,0,0,0,0,0,4,1,0,false
D:\Project\CSP_JavaProjects-master\CSP_JavaProjects-master\AddressBook\src\Contact.java,Contact,setBirthday/1[java.time.LocalDate],false,119,0,0,0,0,1,1,3,0,0,1,1,0,0,0,0,0,0,0,0,0,0,0,0,0,0,5,1,0,false
D:\Project\CSP_JavaProjects-master\CSP_JavaProjects-master\AddressBook\src\Contact.java,Contact,setPostalCode/1[int],false,95,0,0,0,0,1,1,3,0,0,1,1,0,0,0,0,0,0,0,0,0,0,0,0,0,0,4,1,0,false
D:\Project\CSP_JavaProjects-master\CSP_JavaProjects-master\AddressBook\src\Contact.java,Contact,getCity/0,false,103,0,0,0,0,1,1,3,1,0,0,1,0,0,0,0,0,0,0,0,0,0,0,0,0,0,2,1,0,false
D:\Project\CSP_JavaProjects-master\CSP_JavaProjects-master\AddressBook\src\Contact.java,Contact,firstNameProperty/0,false,63,1,0,0,0,1,0,3,1,0,0,0,0,0,0,0,0,0,0,0,0,0,0,0,0,0,4,1,0,false
D:\Project\CSP_JavaProjects-master\CSP_JavaProjects-master\AddressBook\src\Contact.java,Contact,setCity/1[java.lang.String],false,107,0,0,0,0,1,1,3,0,0,1,1,0,0,0,0,0,0,0,0,0,0,0,0,0,0,3,1,0,false
D:\Project\CSP_JavaProjects-master\CSP_JavaProjects-master\AddressBook\src\Contact.java,Contact,streetProperty/0,false,87,1,0,0,0,1,0,3,1,0,0,0,0,0,0,0,0,0,0,0,0,0,0,0,0,0,3,1,0,false
D:\Project\CSP_JavaProjects-master\CSP_JavaProjects-master\AddressBook\src\Contact.java,Contact,getBirthday/0,false,115,0,0,0,0,1,1,3,1,0,0,1,0,0,0,0,0,0,0,0,0,0,0,0,0,0,4,1,0,false
D:\Project\CSP_JavaProjects-master\CSP_JavaProjects-master\AddressBook\src\Contact.java,Contact,start/1[Stage],false,132,1,0,0,0,1,0,2,0,0,1,0,0,0,0,0,0,0,0,0,0,0,0,0,0,0,4,1,0,false
D:\Project\CSP_JavaProjects-master\CSP_JavaProjects-master\Program2OnlineStore\src\program2onlinestore\Book.java,program2onlinestore.Book,getEdition/0,false,37,0,0,0,0,1,0,3,1,0,0,0,0,0,0,0,0,0,0,0,0,0,0,0,0,0,3,1,0,false
D:\Project\CSP_JavaProjects-master\CSP_JavaProjects-master\Program2OnlineStore\src\program2onlinestore\Book.java,program2onlinestore.Book,setAuthor/1[java.lang.String],false,33,0,0,0,0,1,0,3,0,0,1,0,0,0,0,0,0,0,0,0,1,0,0,0,0,0,3,1,0,false
D:\Project\CSP_JavaProjects-master\CSP_JavaProjects-master\Program2OnlineStore\src\program2onlinestore\Book.java,program2onlinestore.Book,getPublisher/0,false,45,0,0,0,0,1,0,3,1,0,0,0,0,0,0,0,0,0,0,0,0,0,0,0,0,0,3,1,0,false
D:\Project\CSP_JavaProjects-master\CSP_JavaProjects-master\Program2OnlineStore\src\program2onlinestore\Book.java,program2onlinestore.Book,setPublisher/1[java.lang.String],false,49,0,0,0,0,1,0,3,0,0,1,0,0,0,0,0,0,0,0,0,1,0,0,0,0,0,3,1,0,false
D:\Project\CSP_JavaProjects-master\CSP_JavaProjects-master\Program2OnlineStore\src\program2onlinestore\Book.java,program2onlinestore.Book,"Book/6[java.lang.String,double,java.lang.String,java.lang.String,java.lang.String,int]",true,20,0,1,1,0,1,0,7,0,0,6,0,0,0,0,0,0,0,0,0,4,0,0,0,0,0,6,1,0,false
D:\Project\CSP_JavaProjects-master\CSP_JavaProjects-master\Program2OnlineStore\src\program2onlinestore\Book.java,program2onlinestore.Book,setPubYear/1[int],false,57,0,0,0,0,1,0,3,0,0,1,0,0,0,0,0,0,0,0,0,1,0,0,0,0,0,4,1,0,false
D:\Project\CSP_JavaProjects-master\CSP_JavaProjects-master\Program2OnlineStore\src\program2onlinestore\Book.java,program2onlinestore.Book,getPubYear/0,false,53,0,0,0,0,1,0,3,1,0,0,0,0,0,0,0,0,0,0,0,0,0,0,0,0,0,4,1,0,false
D:\Project\CSP_JavaProjects-master\CSP_JavaProjects-master\Program2OnlineStore\src\program2onlinestore\Book.java,program2onlinestore.Book,getAuthor/0,false,29,0,0,0,0,1,0,3,1,0,0,0,0,0,0,0,0,0,0,0,0,0,0,0,0,0,3,1,0,false
D:\Project\CSP_JavaProjects-master\CSP_JavaProjects-master\Program2OnlineStore\src\program2onlinestore\Book.java,program2onlinestore.Book,setEdition/1[java.lang.String],false,41,0,0,0,0,1,0,3,0,0,1,0,0,0,0,0,0,0,0,0,1,0,0,0,0,0,3,1,0,false
D:\Project\CSP_JavaProjects-master\CSP_JavaProjects-master\CSC322 Program3\src\com\jsoftware\test\impl\TrueFalseQuestion.java,com.jsoftware.test.impl.TrueFalseQuestion,"TrueFalseQuestion/2[java.lang.String,boolean]",true,20,0,1,1,0,1,0,4,0,0,2,0,0,0,0,0,0,0,0,0,1,0,0,0,0,0,5,1,0,false
D:\Project\CSP_JavaProjects-master\CSP_JavaProjects-master\CSC322 Program3\src\com\jsoftware\test\impl\TrueFalseQuestion.java,com.jsoftware.test.impl.TrueFalseQuestion,checkAnswer/1[boolean],false,27,0,1,1,0,2,0,6,2,0,1,0,0,0,0,1,0,0,0,0,0,0,1,0,0,0,5,1,0,false
D:\Project\CSP_JavaProjects-master\CSP_JavaProjects-master\CSC322 Program3\src\com\jsoftware\test\impl\TrueFalseQuestion.java,com.jsoftware.test.impl.TrueFalseQuestion,getAnswer/0,false,40,0,0,0,0,1,0,3,1,0,0,0,0,0,0,0,0,0,0,0,0,0,0,0,0,0,3,1,0,false
D:\Project\CSP_JavaProjects-master\CSP_JavaProjects-master\CSC322 Program3\src\com\jsoftware\test\impl\TrueFalseQuestion.java,com.jsoftware.test.impl.TrueFalseQuestion,setAnswer/1[boolean],false,35,0,0,0,0,1,0,3,0,0,1,0,0,0,0,0,0,0,0,0,1,0,0,0,0,0,3,1,0,false
D:\Project\CSP_JavaProjects-master\CSP_JavaProjects-master\InvestmentValueCalculator\src\InvestmentCalculator\InvestmentCalcForm.java,InvestmentCalculator.InvestmentCalcForm$Anonymous2,actionPerformed/1[java.awt.event.ActionEvent],false,62,1,2,0,2,1,1,3,0,0,1,1,0,0,0,0,0,0,0,0,0,0,0,0,0,0,6,1,0,false
D:\Project\CSP_JavaProjects-master\CSP_JavaProjects-master\InvestmentValueCalculator\src\InvestmentCalculator\InvestmentCalcForm.java,InvestmentCalculator.InvestmentCalcForm$Anonymous3,run/0,false,183,1,1,0,1,1,1,3,0,0,0,1,0,0,0,0,0,0,0,0,0,0,0,0,0,0,5,1,0,false
D:\Project\CSP_JavaProjects-master\CSP_JavaProjects-master\MaxValLocation\src\Location\Location.java,Location.Location,locateLargest/1[double[][]],false,23,2,1,1,0,4,0,15,1,6,1,0,0,0,2,0,0,0,0,7,7,0,3,0,0,0,9,9,0,false
D:\Project\CSP_JavaProjects-master\CSP_JavaProjects-master\MaxValLocation\src\Location\Location.java,Location.Location,main/1[java.lang.String[]],false,40,2,2,0,2,3,5,12,0,8,1,5,1,1,2,0,0,0,5,4,9,1,2,0,0,0,24,9,0,false
D:\Project\CSP_JavaProjects-master\CSP_JavaProjects-master\InvestmentValueCalculator\src\InvestmentCalculator\InvestmentCalcForm.java,InvestmentCalculator.InvestmentCalcForm$Anonymous1,actionPerformed/1[java.awt.event.ActionEvent],false,55,1,2,0,2,1,1,3,0,0,1,1,0,0,0,0,0,0,0,0,0,0,0,0,0,0,6,1,0,false
D:\Project\CSP_JavaProjects-master\CSP_JavaProjects-master\Program2OnlineStore\src\program2onlinestore\ItemInventory.java,program2onlinestore.ItemInventory,getEntries/0,false,112,1,1,1,0,1,0,3,1,0,0,0,0,0,0,0,0,0,0,0,0,0,0,0,0,0,3,1,0,false
D:\Project\CSP_JavaProjects-master\CSP_JavaProjects-master\Program2OnlineStore\src\program2onlinestore\ItemInventory.java,program2onlinestore.ItemInventory,load/1[java.lang.String],false,26,5,6,1,5,5,11,55,1,29,1,11,0,0,1,0,0,0,5,22,36,0,2,0,0,0,51,9,0,false
D:\Project\CSP_JavaProjects-master\CSP_JavaProjects-master\Program2OnlineStore\src\program2onlinestore\ItemInventory.java,program2onlinestore.ItemInventory,ItemInventory/0,true,23,1,1,1,0,1,0,3,0,0,0,0,0,0,0,0,0,0,0,0,1,0,0,0,0,0,3,2,0,false
D:\Project\CSP_JavaProjects-master\CSP_JavaProjects-master\CSC322 Program3\src\com\jsoftware\test\impl\ShortAnswerQuestion.java,com.jsoftware.test.impl.ShortAnswerQuestion,"ShortAnswerQuestion/2[java.lang.String,java.lang.String[]]",true,19,0,1,1,0,1,0,4,0,0,2,0,0,0,0,0,0,0,0,0,1,0,0,0,0,0,5,1,0,false
D:\Project\CSP_JavaProjects-master\CSP_JavaProjects-master\CSC322 Program3\src\com\jsoftware\test\impl\ShortAnswerQuestion.java,com.jsoftware.test.impl.ShortAnswerQuestion,setKeywords/1[java.lang.String[]],false,35,0,0,0,0,1,0,3,0,0,1,0,0,0,0,0,0,0,0,0,1,0,0,0,0,0,3,1,0,false
D:\Project\CSP_JavaProjects-master\CSP_JavaProjects-master\CSC322 Program3\src\com\jsoftware\test\impl\ShortAnswerQuestion.java,com.jsoftware.test.impl.ShortAnswerQuestion,getKeywords/0,false,39,0,0,0,0,1,0,3,1,0,0,0,0,0,0,0,0,0,0,0,0,0,0,0,0,0,3,1,0,false
D:\Project\CSP_JavaProjects-master\CSP_JavaProjects-master\CSC322 Program3\src\com\jsoftware\test\impl\ShortAnswerQuestion.java,com.jsoftware.test.impl.ShortAnswerQuestion,checkAnswer/1[java.lang.String],false,25,0,1,1,0,3,1,8,2,1,1,1,0,0,1,0,0,0,0,1,1,0,2,0,0,0,6,1,0,false
D:\Project\CSP_JavaProjects-master\CSP_JavaProjects-master\CSC322 Program3\src\com\jsoftware\test\api\IQuestion.java,com.jsoftware.test.api.IQuestion,getQuestion/0,false,8,0,2,2,0,1,0,1,0,0,0,0,0,0,0,0,0,0,0,0,0,0,0,0,0,0,29,1,0,true
D:\Project\CSP_JavaProjects-master\CSP_JavaProjects-master\CSC322 Program3\src\com\jsoftware\test\test\TestMaker.java,com.jsoftware.test.test.TestMaker,main/1[java.lang.String[]],false,20,5,12,0,12,9,18,97,0,22,1,18,0,0,2,7,0,9,27,19,39,4,3,0,0,0,70,9,0,false
D:\Project\CSP_JavaProjects-master\CSP_JavaProjects-master\Problem1\src\Problem1\Problem1.java,Problem1.Problem1,Problem1/1[java.lang.String],false,16,1,3,2,1,4,6,11,3,0,1,6,1,0,0,1,0,0,2,9,0,2,2,0,0,0,2,9,0,false
D:\Project\CSP_JavaProjects-master\CSP_JavaProjects-master\Problem1\src\Problem1\Problem1.java,Problem1.Problem1,main/1[java.lang.String[]],false,27,1,1,0,1,1,4,5,0,1,1,4,1,1,0,0,0,0,1,0,1,0,0,0,0,0,6,9,0,false
