file,class,method,variable,usage
D:\Project\CSP_JavaProjects-master\CSP_JavaProjects-master\JavaAppCsc\src\Account.java,Account,deposit/1[double],amount,1
D:\Project\CSP_JavaProjects-master\CSP_JavaProjects-master\JavaAppCsc\src\Account.java,Account,setAnnualInterestRate/1[double],newAnnualInterestRate,1
D:\Project\CSP_JavaProjects-master\CSP_JavaProjects-master\JavaAppCsc\src\Account.java,Account,"Account/2[int,double]",newId,1
D:\Project\CSP_JavaProjects-master\CSP_JavaProjects-master\JavaAppCsc\src\Account.java,Account,"Account/2[int,double]",newBalance,1
D:\Project\CSP_JavaProjects-master\CSP_JavaProjects-master\JavaAppCsc\src\Account.java,Account,setBalance/1[double],newBalance,1
D:\Project\CSP_JavaProjects-master\CSP_JavaProjects-master\JavaAppCsc\src\Account.java,Account,withdraw/1[double],amount,1
D:\Project\CSP_JavaProjects-master\CSP_JavaProjects-master\JavaAppCsc\src\Account.java,Account,setDateCreated/1[java.util.Date],newDateCreated,1
D:\Project\CSP_JavaProjects-master\CSP_JavaProjects-master\JavaAppCsc\src\Account.java,Account,setId/1[int],newId,1
D:\Project\CSP_JavaProjects-master\CSP_JavaProjects-master\JavaAppCsc\src\Account.java,Account,"Account/3[int,double,double]",newAnnualInterestRate,1
D:\Project\CSP_JavaProjects-master\CSP_JavaProjects-master\JavaAppCsc\src\Account.java,Account,"Account/3[int,double,double]",newId,1
D:\Project\CSP_JavaProjects-master\CSP_JavaProjects-master\JavaAppCsc\src\Account.java,Account,"Account/3[int,double,double]",newBalance,1
D:\Project\CSP_JavaProjects-master\CSP_JavaProjects-master\CSC322 Program3\src\com\jsoftware\test\api\IQuestionSet.java,com.jsoftware.test.api.IQuestionSet,getQuestion/1[int],index,0
D:\Project\CSP_JavaProjects-master\CSP_JavaProjects-master\CSC322 Program3\src\com\jsoftware\test\api\IQuestionSet.java,com.jsoftware.test.api.IQuestionSet,remove/1[int],index,0
D:\Project\CSP_JavaProjects-master\CSP_JavaProjects-master\CSC322 Program3\src\com\jsoftware\test\api\IQuestionSet.java,com.jsoftware.test.api.IQuestionSet,randomSample/1[int],size,0
D:\Project\CSP_JavaProjects-master\CSP_JavaProjects-master\CSC322 Program3\src\com\jsoftware\test\api\IQuestionSet.java,com.jsoftware.test.api.IQuestionSet,add/1[com.jsoftware.test.api.IQuestion],question,0
D:\Project\CSP_JavaProjects-master\CSP_JavaProjects-master\Program2OnlineStore\src\program2onlinestore\OnlineStore.java,program2onlinestore.OnlineStore,getType/1[program2onlinestore.Item],item,3
D:\Project\CSP_JavaProjects-master\CSP_JavaProjects-master\Program2OnlineStore\src\program2onlinestore\OnlineStore.java,program2onlinestore.OnlineStore,printItem/1[program2onlinestore.ItemEntry],itemEntry,2
D:\Project\CSP_JavaProjects-master\CSP_JavaProjects-master\Program2OnlineStore\src\program2onlinestore\OnlineStore.java,program2onlinestore.OnlineStore,printItem/1[program2onlinestore.ItemEntry],item,3
D:\Project\CSP_JavaProjects-master\CSP_JavaProjects-master\Program2OnlineStore\src\program2onlinestore\OnlineStore.java,program2onlinestore.OnlineStore,start/0,itemEntry,10
D:\Project\CSP_JavaProjects-master\CSP_JavaProjects-master\Program2OnlineStore\src\program2onlinestore\OnlineStore.java,program2onlinestore.OnlineStore,start/0,scanner,1
D:\Project\CSP_JavaProjects-master\CSP_JavaProjects-master\Program2OnlineStore\src\program2onlinestore\OnlineStore.java,program2onlinestore.OnlineStore,start/0,n,2
D:\Project\CSP_JavaProjects-master\CSP_JavaProjects-master\IncrementDecrement\src\IncrementDecrement\Problem3.java,IncrementDecrement.Problem3,start/1[IncrementDecrement.Stage],primaryStage,2
D:\Project\CSP_JavaProjects-master\CSP_JavaProjects-master\IncrementDecrement\src\IncrementDecrement\Problem3.java,IncrementDecrement.Problem3,start/1[IncrementDecrement.Stage],hbox,3
D:\Project\CSP_JavaProjects-master\CSP_JavaProjects-master\IncrementDecrement\src\IncrementDecrement\Problem3.java,IncrementDecrement.Problem3,start/1[IncrementDecrement.Stage],e,2
D:\Project\CSP_JavaProjects-master\CSP_JavaProjects-master\IncrementDecrement\src\IncrementDecrement\Problem3.java,IncrementDecrement.Problem3,start/1[IncrementDecrement.Stage],gridPane,7
D:\Project\CSP_JavaProjects-master\CSP_JavaProjects-master\IncrementDecrement\src\IncrementDecrement\Problem3.java,IncrementDecrement.Problem3,start/1[IncrementDecrement.Stage],scene,1
D:\Project\CSP_JavaProjects-master\CSP_JavaProjects-master\IncrementDecrement\src\IncrementDecrement\Problem3.java,IncrementDecrement.Problem3,main/1[java.lang.String[]],args,1
D:\Project\CSP_JavaProjects-master\CSP_JavaProjects-master\JavaAppCsc\src\javaappcsc\JavaAppCsc.java,javaappcsc.JavaAppCsc,main/1[java.lang.String[]],args,0
D:\Project\CSP_JavaProjects-master\CSP_JavaProjects-master\JavaAppCsc\src\javaappcsc\JavaAppCsc.java,javaappcsc.JavaAppCsc,main/1[java.lang.String[]],s,3
D:\Project\CSP_JavaProjects-master\CSP_JavaProjects-master\JavaAppCsc\src\javaappcsc\JavaAppCsc.java,javaappcsc.JavaAppCsc,main/1[java.lang.String[]],balance,10
D:\Project\CSP_JavaProjects-master\CSP_JavaProjects-master\JavaAppCsc\src\javaappcsc\JavaAppCsc.java,javaappcsc.JavaAppCsc,main/1[java.lang.String[]],deposit,2
D:\Project\CSP_JavaProjects-master\CSP_JavaProjects-master\JavaAppCsc\src\javaappcsc\JavaAppCsc.java,javaappcsc.JavaAppCsc,main/1[java.lang.String[]],n,1
D:\Project\CSP_JavaProjects-master\CSP_JavaProjects-master\JavaAppCsc\src\javaappcsc\JavaAppCsc.java,javaappcsc.JavaAppCsc,main/1[java.lang.String[]],withdraw,3
D:\Project\CSP_JavaProjects-master\CSP_JavaProjects-master\Program2OnlineStore\src\program2onlinestore\MusicCD.java,program2onlinestore.MusicCD,setArtists/1[java.lang.String],artists,2
D:\Project\CSP_JavaProjects-master\CSP_JavaProjects-master\Program2OnlineStore\src\program2onlinestore\MusicCD.java,program2onlinestore.MusicCD,setGenres/1[java.lang.String],genres,2
D:\Project\CSP_JavaProjects-master\CSP_JavaProjects-master\Program2OnlineStore\src\program2onlinestore\MusicCD.java,program2onlinestore.MusicCD,setRecordCompany/1[java.lang.String],recordCompany,2
D:\Project\CSP_JavaProjects-master\CSP_JavaProjects-master\Program2OnlineStore\src\program2onlinestore\MusicCD.java,program2onlinestore.MusicCD,setLabel/1[java.lang.String],label,2
D:\Project\CSP_JavaProjects-master\CSP_JavaProjects-master\Program2OnlineStore\src\program2onlinestore\MusicCD.java,program2onlinestore.MusicCD,setTotalLength/1[int],totalLength,2
D:\Project\CSP_JavaProjects-master\CSP_JavaProjects-master\Program2OnlineStore\src\program2onlinestore\MusicCD.java,program2onlinestore.MusicCD,"MusicCD/8[java.lang.String,double,java.lang.String,java.util.Date,java.lang.String,java.lang.String,int,java.lang.String]",artists,2
D:\Project\CSP_JavaProjects-master\CSP_JavaProjects-master\Program2OnlineStore\src\program2onlinestore\MusicCD.java,program2onlinestore.MusicCD,"MusicCD/8[java.lang.String,double,java.lang.String,java.util.Date,java.lang.String,java.lang.String,int,java.lang.String]",releaseDate,2
D:\Project\CSP_JavaProjects-master\CSP_JavaProjects-master\Program2OnlineStore\src\program2onlinestore\MusicCD.java,program2onlinestore.MusicCD,"MusicCD/8[java.lang.String,double,java.lang.String,java.util.Date,java.lang.String,java.lang.String,int,java.lang.String]",price,1
D:\Project\CSP_JavaProjects-master\CSP_JavaProjects-master\Program2OnlineStore\src\program2onlinestore\MusicCD.java,program2onlinestore.MusicCD,"MusicCD/8[java.lang.String,double,java.lang.String,java.util.Date,java.lang.String,java.lang.String,int,java.lang.String]",genres,2
D:\Project\CSP_JavaProjects-master\CSP_JavaProjects-master\Program2OnlineStore\src\program2onlinestore\MusicCD.java,program2onlinestore.MusicCD,"MusicCD/8[java.lang.String,double,java.lang.String,java.util.Date,java.lang.String,java.lang.String,int,java.lang.String]",label,2
D:\Project\CSP_JavaProjects-master\CSP_JavaProjects-master\Program2OnlineStore\src\program2onlinestore\MusicCD.java,program2onlinestore.MusicCD,"MusicCD/8[java.lang.String,double,java.lang.String,java.util.Date,java.lang.String,java.lang.String,int,java.lang.String]",recordCompany,2
D:\Project\CSP_JavaProjects-master\CSP_JavaProjects-master\Program2OnlineStore\src\program2onlinestore\MusicCD.java,program2onlinestore.MusicCD,"MusicCD/8[java.lang.String,double,java.lang.String,java.util.Date,java.lang.String,java.lang.String,int,java.lang.String]",totalLength,2
D:\Project\CSP_JavaProjects-master\CSP_JavaProjects-master\Program2OnlineStore\src\program2onlinestore\MusicCD.java,program2onlinestore.MusicCD,"MusicCD/8[java.lang.String,double,java.lang.String,java.util.Date,java.lang.String,java.lang.String,int,java.lang.String]",title,1
D:\Project\CSP_JavaProjects-master\CSP_JavaProjects-master\Program2OnlineStore\src\program2onlinestore\MusicCD.java,program2onlinestore.MusicCD,setReleaseDate/1[java.util.Date],releaseDate,2
D:\Project\CSP_JavaProjects-master\CSP_JavaProjects-master\Program2OnlineStore\src\program2onlinestore\Software.java,program2onlinestore.Software,setVersion/1[java.lang.String],version,2
D:\Project\CSP_JavaProjects-master\CSP_JavaProjects-master\Program2OnlineStore\src\program2onlinestore\Software.java,program2onlinestore.Software,"Software/3[java.lang.String,double,java.lang.String]",price,1
D:\Project\CSP_JavaProjects-master\CSP_JavaProjects-master\Program2OnlineStore\src\program2onlinestore\Software.java,program2onlinestore.Software,"Software/3[java.lang.String,double,java.lang.String]",title,1
D:\Project\CSP_JavaProjects-master\CSP_JavaProjects-master\Program2OnlineStore\src\program2onlinestore\Software.java,program2onlinestore.Software,"Software/3[java.lang.String,double,java.lang.String]",version,2
D:\Project\CSP_JavaProjects-master\CSP_JavaProjects-master\CSC322 Program3\src\com\jsoftware\test\impl\QuestionSet.java,com.jsoftware.test.impl.QuestionSet,add/1[com.jsoftware.test.api.IQuestion],question,1
D:\Project\CSP_JavaProjects-master\CSP_JavaProjects-master\CSC322 Program3\src\com\jsoftware\test\impl\QuestionSet.java,com.jsoftware.test.impl.QuestionSet,getQuestion/1[int],index,1
D:\Project\CSP_JavaProjects-master\CSP_JavaProjects-master\CSC322 Program3\src\com\jsoftware\test\impl\QuestionSet.java,com.jsoftware.test.impl.QuestionSet,remove/1[int],index,1
D:\Project\CSP_JavaProjects-master\CSP_JavaProjects-master\CSC322 Program3\src\com\jsoftware\test\impl\QuestionSet.java,com.jsoftware.test.impl.QuestionSet,randomSample/1[int],random,3
D:\Project\CSP_JavaProjects-master\CSP_JavaProjects-master\CSC322 Program3\src\com\jsoftware\test\impl\QuestionSet.java,com.jsoftware.test.impl.QuestionSet,randomSample/1[int],Qs,1
D:\Project\CSP_JavaProjects-master\CSP_JavaProjects-master\CSC322 Program3\src\com\jsoftware\test\impl\QuestionSet.java,com.jsoftware.test.impl.QuestionSet,randomSample/1[int],size,5
D:\Project\CSP_JavaProjects-master\CSP_JavaProjects-master\CSC322 Program3\src\com\jsoftware\test\impl\QuestionSet.java,com.jsoftware.test.impl.QuestionSet,randomSample/1[int],Ques,2
D:\Project\CSP_JavaProjects-master\CSP_JavaProjects-master\CSC322 Program3\src\com\jsoftware\test\impl\QuestionSet.java,com.jsoftware.test.impl.QuestionSet,randomSample/1[int],i,2
D:\Project\CSP_JavaProjects-master\CSP_JavaProjects-master\CSC322 Program3\src\com\jsoftware\test\impl\QuestionSet.java,com.jsoftware.test.impl.QuestionSet,randomSample/1[int],j,3
D:\Project\CSP_JavaProjects-master\CSP_JavaProjects-master\Arithmetic\src\arithmetic\MathOp.java,arithmetic.MathOp,"add/2[int,int]",a,0
D:\Project\CSP_JavaProjects-master\CSP_JavaProjects-master\Arithmetic\src\arithmetic\MathOp.java,arithmetic.MathOp,"add/2[int,int]",b,0
D:\Project\CSP_JavaProjects-master\CSP_JavaProjects-master\Arithmetic\src\arithmetic\MathOp.java,arithmetic.MathOp,"mul/2[int,int]",a,0
D:\Project\CSP_JavaProjects-master\CSP_JavaProjects-master\Arithmetic\src\arithmetic\MathOp.java,arithmetic.MathOp,"mul/2[int,int]",b,0
D:\Project\CSP_JavaProjects-master\CSP_JavaProjects-master\Arithmetic\src\arithmetic\MathOp.java,arithmetic.MathOp,"div/2[int,int]",a,0
D:\Project\CSP_JavaProjects-master\CSP_JavaProjects-master\Arithmetic\src\arithmetic\MathOp.java,arithmetic.MathOp,"div/2[int,int]",b,0
D:\Project\CSP_JavaProjects-master\CSP_JavaProjects-master\Arithmetic\src\arithmetic\MathOp.java,arithmetic.MathOp,"sub/2[int,int]",a,0
D:\Project\CSP_JavaProjects-master\CSP_JavaProjects-master\Arithmetic\src\arithmetic\MathOp.java,arithmetic.MathOp,"sub/2[int,int]",b,0
D:\Project\CSP_JavaProjects-master\CSP_JavaProjects-master\CSC322 Program3\src\com\jsoftware\test\api\IMultipleChoiceQuestion.java,com.jsoftware.test.api.IMultipleChoiceQuestion,checkAnswer/1[int],index,0
D:\Project\CSP_JavaProjects-master\CSP_JavaProjects-master\PairFruits\src\PairFruits\PairImpl.java,PairFruits.PairImpl,"PairImpl/2[E,T]",first,2
D:\Project\CSP_JavaProjects-master\CSP_JavaProjects-master\PairFruits\src\PairFruits\PairImpl.java,PairFruits.PairImpl,"PairImpl/2[E,T]",second,2
D:\Project\CSP_JavaProjects-master\CSP_JavaProjects-master\Program2OnlineStore\src\program2onlinestore\ItemEntry.java,program2onlinestore.ItemEntry,"ItemEntry/2[program2onlinestore.Item,int]",item,2
D:\Project\CSP_JavaProjects-master\CSP_JavaProjects-master\Program2OnlineStore\src\program2onlinestore\ItemEntry.java,program2onlinestore.ItemEntry,"ItemEntry/2[program2onlinestore.Item,int]",quantity,2
D:\Project\CSP_JavaProjects-master\CSP_JavaProjects-master\Program2OnlineStore\src\program2onlinestore\ItemEntry.java,program2onlinestore.ItemEntry,setQuantity/1[int],quantity,2
D:\Project\CSP_JavaProjects-master\CSP_JavaProjects-master\Program2OnlineStore\src\program2onlinestore\ItemEntry.java,program2onlinestore.ItemEntry,setItem/1[program2onlinestore.Item],item,2
D:\Project\CSP_JavaProjects-master\CSP_JavaProjects-master\Program2OnlineStore\src\program2onlinestore\Main.java,program2onlinestore.Main,main/1[java.lang.String[]],args,0
D:\Project\CSP_JavaProjects-master\CSP_JavaProjects-master\CSC322 Program3\src\com\jsoftware\test\impl\MultipleChoice.java,com.jsoftware.test.impl.MultipleChoice,"MultipleChoice/3[java.lang.String,java.lang.String[],int]",question,1
D:\Project\CSP_JavaProjects-master\CSP_JavaProjects-master\CSC322 Program3\src\com\jsoftware\test\impl\MultipleChoice.java,com.jsoftware.test.impl.MultipleChoice,"MultipleChoice/3[java.lang.String,java.lang.String[],int]",answer,2
D:\Project\CSP_JavaProjects-master\CSP_JavaProjects-master\CSC322 Program3\src\com\jsoftware\test\impl\MultipleChoice.java,com.jsoftware.test.impl.MultipleChoice,"MultipleChoice/3[java.lang.String,java.lang.String[],int]",choices,2
D:\Project\CSP_JavaProjects-master\CSP_JavaProjects-master\CSC322 Program3\src\com\jsoftware\test\impl\MultipleChoice.java,com.jsoftware.test.impl.MultipleChoice,setAnswer/1[int],answer,2
D:\Project\CSP_JavaProjects-master\CSP_JavaProjects-master\CSC322 Program3\src\com\jsoftware\test\impl\MultipleChoice.java,com.jsoftware.test.impl.MultipleChoice,setChoices/1[java.lang.String[]],choices,2
D:\Project\CSP_JavaProjects-master\CSP_JavaProjects-master\CSC322 Program3\src\com\jsoftware\test\impl\MultipleChoice.java,com.jsoftware.test.impl.MultipleChoice,checkAnswer/1[int],index,1
D:\Project\CSP_JavaProjects-master\CSP_JavaProjects-master\InvestmentValueCalculator\src\InvestmentCalculator\InvestmentCalcForm.java,InvestmentCalculator.InvestmentCalcForm,main/1[java.lang.String[]],args,0
D:\Project\CSP_JavaProjects-master\CSP_JavaProjects-master\InvestmentValueCalculator\src\InvestmentCalculator\InvestmentCalcForm.java,InvestmentCalculator.InvestmentCalcForm,main/1[java.lang.String[]],ex,7
D:\Project\CSP_JavaProjects-master\CSP_JavaProjects-master\InvestmentValueCalculator\src\InvestmentCalculator\InvestmentCalcForm.java,InvestmentCalculator.InvestmentCalcForm,main/1[java.lang.String[]],info,2
D:\Project\CSP_JavaProjects-master\CSP_JavaProjects-master\InvestmentValueCalculator\src\InvestmentCalculator\InvestmentCalcForm.java,InvestmentCalculator.InvestmentCalcForm,btnClearActionPerformed/1[java.awt.event.ActionEvent],evt,0
D:\Project\CSP_JavaProjects-master\CSP_JavaProjects-master\InvestmentValueCalculator\src\InvestmentCalculator\InvestmentCalcForm.java,InvestmentCalculator.InvestmentCalcForm,btnCalcActionPerformed/1[java.awt.event.ActionEvent],FV,1
D:\Project\CSP_JavaProjects-master\CSP_JavaProjects-master\InvestmentValueCalculator\src\InvestmentCalculator\InvestmentCalcForm.java,InvestmentCalculator.InvestmentCalcForm,btnCalcActionPerformed/1[java.awt.event.ActionEvent],A,1
D:\Project\CSP_JavaProjects-master\CSP_JavaProjects-master\InvestmentValueCalculator\src\InvestmentCalculator\InvestmentCalcForm.java,InvestmentCalculator.InvestmentCalcForm,btnCalcActionPerformed/1[java.awt.event.ActionEvent],evt,0
D:\Project\CSP_JavaProjects-master\CSP_JavaProjects-master\InvestmentValueCalculator\src\InvestmentCalculator\InvestmentCalcForm.java,InvestmentCalculator.InvestmentCalcForm,btnCalcActionPerformed/1[java.awt.event.ActionEvent],Y,1
D:\Project\CSP_JavaProjects-master\CSP_JavaProjects-master\InvestmentValueCalculator\src\InvestmentCalculator\InvestmentCalcForm.java,InvestmentCalculator.InvestmentCalcForm,btnCalcActionPerformed/1[java.awt.event.ActionEvent],I,1
D:\Project\CSP_JavaProjects-master\CSP_JavaProjects-master\InvestmentValueCalculator\src\InvestmentCalculator\InvestmentCalcForm.java,InvestmentCalculator.InvestmentCalcForm,initComponents/0,layout,20
D:\Project\CSP_JavaProjects-master\CSP_JavaProjects-master\JavaAppCsc\src\ATMMachine.java,ATMMachine,main/1[java.lang.String[]],args,0
D:\Project\CSP_JavaProjects-master\CSP_JavaProjects-master\JavaAppCsc\src\ATMMachine.java,ATMMachine,main/1[java.lang.String[]],s,5
D:\Project\CSP_JavaProjects-master\CSP_JavaProjects-master\JavaAppCsc\src\ATMMachine.java,ATMMachine,main/1[java.lang.String[]],balance,0
D:\Project\CSP_JavaProjects-master\CSP_JavaProjects-master\JavaAppCsc\src\ATMMachine.java,ATMMachine,main/1[java.lang.String[]],deposit,1
D:\Project\CSP_JavaProjects-master\CSP_JavaProjects-master\JavaAppCsc\src\ATMMachine.java,ATMMachine,main/1[java.lang.String[]],i,4
D:\Project\CSP_JavaProjects-master\CSP_JavaProjects-master\JavaAppCsc\src\ATMMachine.java,ATMMachine,main/1[java.lang.String[]],accounts,4
D:\Project\CSP_JavaProjects-master\CSP_JavaProjects-master\JavaAppCsc\src\ATMMachine.java,ATMMachine,main/1[java.lang.String[]],id,6
D:\Project\CSP_JavaProjects-master\CSP_JavaProjects-master\JavaAppCsc\src\ATMMachine.java,ATMMachine,main/1[java.lang.String[]],n,1
D:\Project\CSP_JavaProjects-master\CSP_JavaProjects-master\JavaAppCsc\src\ATMMachine.java,ATMMachine,main/1[java.lang.String[]],withdraw,1
D:\Project\CSP_JavaProjects-master\CSP_JavaProjects-master\CSC322 Program3\src\com\jsoftware\test\api\IQuestionFactory.java,com.jsoftware.test.api.IQuestionFactory,"makeShortAnswer/2[java.lang.String,java.lang.String[]]",question,0
D:\Project\CSP_JavaProjects-master\CSP_JavaProjects-master\CSC322 Program3\src\com\jsoftware\test\api\IQuestionFactory.java,com.jsoftware.test.api.IQuestionFactory,"makeShortAnswer/2[java.lang.String,java.lang.String[]]",keywords,0
D:\Project\CSP_JavaProjects-master\CSP_JavaProjects-master\CSC322 Program3\src\com\jsoftware\test\api\IQuestionFactory.java,com.jsoftware.test.api.IQuestionFactory,"save/2[com.jsoftware.test.api.IQuestionSet,java.lang.String]",filename,0
D:\Project\CSP_JavaProjects-master\CSP_JavaProjects-master\CSC322 Program3\src\com\jsoftware\test\api\IQuestionFactory.java,com.jsoftware.test.api.IQuestionFactory,"save/2[com.jsoftware.test.api.IQuestionSet,java.lang.String]",testSet,0
D:\Project\CSP_JavaProjects-master\CSP_JavaProjects-master\CSC322 Program3\src\com\jsoftware\test\api\IQuestionFactory.java,com.jsoftware.test.api.IQuestionFactory,load/1[java.lang.String],filename,0
D:\Project\CSP_JavaProjects-master\CSP_JavaProjects-master\CSC322 Program3\src\com\jsoftware\test\api\IQuestionFactory.java,com.jsoftware.test.api.IQuestionFactory,"makeMultipleChoice/3[java.lang.String,java.lang.String[],int]",question,0
D:\Project\CSP_JavaProjects-master\CSP_JavaProjects-master\CSC322 Program3\src\com\jsoftware\test\api\IQuestionFactory.java,com.jsoftware.test.api.IQuestionFactory,"makeMultipleChoice/3[java.lang.String,java.lang.String[],int]",answer,0
D:\Project\CSP_JavaProjects-master\CSP_JavaProjects-master\CSC322 Program3\src\com\jsoftware\test\api\IQuestionFactory.java,com.jsoftware.test.api.IQuestionFactory,"makeMultipleChoice/3[java.lang.String,java.lang.String[],int]",choices,0
D:\Project\CSP_JavaProjects-master\CSP_JavaProjects-master\CSC322 Program3\src\com\jsoftware\test\api\IQuestionFactory.java,com.jsoftware.test.api.IQuestionFactory,"makeTrueFalse/2[java.lang.String,boolean]",question,0
D:\Project\CSP_JavaProjects-master\CSP_JavaProjects-master\CSC322 Program3\src\com\jsoftware\test\api\IQuestionFactory.java,com.jsoftware.test.api.IQuestionFactory,"makeTrueFalse/2[java.lang.String,boolean]",answer,0
D:\Project\CSP_JavaProjects-master\CSP_JavaProjects-master\CSC322 Program3\src\com\jsoftware\test\api\IQuestionFactory.java,com.jsoftware.test.api.IQuestionFactory,"makeFillInBlank/2[java.lang.String,java.lang.String[]]",question,0
D:\Project\CSP_JavaProjects-master\CSP_JavaProjects-master\CSC322 Program3\src\com\jsoftware\test\api\IQuestionFactory.java,com.jsoftware.test.api.IQuestionFactory,"makeFillInBlank/2[java.lang.String,java.lang.String[]]",answers,0
D:\Project\CSP_JavaProjects-master\CSP_JavaProjects-master\CSC322 Program3\src\com\jsoftware\test\api\IFillInBlanksQuestion.java,com.jsoftware.test.api.IFillInBlanksQuestion,checkAnswer/1[java.lang.String[]],keywords,0
D:\Project\CSP_JavaProjects-master\CSP_JavaProjects-master\CSC322 Program3\src\com\jsoftware\test\api\IShortAnswerQuestion.java,com.jsoftware.test.api.IShortAnswerQuestion,checkAnswer/1[java.lang.String],answer,0
D:\Project\CSP_JavaProjects-master\CSP_JavaProjects-master\CSC322 Program3\src\com\jsoftware\test\test\TestTaker.java,com.jsoftware.test.test.TestTaker,main/1[java.lang.String[]],correct,9
D:\Project\CSP_JavaProjects-master\CSP_JavaProjects-master\CSC322 Program3\src\com\jsoftware\test\test\TestTaker.java,com.jsoftware.test.test.TestTaker,main/1[java.lang.String[]],question,3
D:\Project\CSP_JavaProjects-master\CSP_JavaProjects-master\CSC322 Program3\src\com\jsoftware\test\test\TestTaker.java,com.jsoftware.test.test.TestTaker,main/1[java.lang.String[]],keywords,3
D:\Project\CSP_JavaProjects-master\CSP_JavaProjects-master\CSC322 Program3\src\com\jsoftware\test\test\TestTaker.java,com.jsoftware.test.test.TestTaker,main/1[java.lang.String[]],i1,9
D:\Project\CSP_JavaProjects-master\CSP_JavaProjects-master\CSC322 Program3\src\com\jsoftware\test\test\TestTaker.java,com.jsoftware.test.test.TestTaker,main/1[java.lang.String[]],i,21
D:\Project\CSP_JavaProjects-master\CSP_JavaProjects-master\CSC322 Program3\src\com\jsoftware\test\test\TestTaker.java,com.jsoftware.test.test.TestTaker,main/1[java.lang.String[]],SA,4
D:\Project\CSP_JavaProjects-master\CSP_JavaProjects-master\CSC322 Program3\src\com\jsoftware\test\test\TestTaker.java,com.jsoftware.test.test.TestTaker,main/1[java.lang.String[]],args,0
D:\Project\CSP_JavaProjects-master\CSP_JavaProjects-master\CSC322 Program3\src\com\jsoftware\test\test\TestTaker.java,com.jsoftware.test.test.TestTaker,main/1[java.lang.String[]],tf,4
D:\Project\CSP_JavaProjects-master\CSP_JavaProjects-master\CSC322 Program3\src\com\jsoftware\test\test\TestTaker.java,com.jsoftware.test.test.TestTaker,main/1[java.lang.String[]],s,16
D:\Project\CSP_JavaProjects-master\CSP_JavaProjects-master\CSC322 Program3\src\com\jsoftware\test\test\TestTaker.java,com.jsoftware.test.test.TestTaker,main/1[java.lang.String[]],answer,4
D:\Project\CSP_JavaProjects-master\CSP_JavaProjects-master\CSC322 Program3\src\com\jsoftware\test\test\TestTaker.java,com.jsoftware.test.test.TestTaker,main/1[java.lang.String[]],QuestionF,1
D:\Project\CSP_JavaProjects-master\CSP_JavaProjects-master\CSC322 Program3\src\com\jsoftware\test\test\TestTaker.java,com.jsoftware.test.test.TestTaker,main/1[java.lang.String[]],name,3
D:\Project\CSP_JavaProjects-master\CSP_JavaProjects-master\CSC322 Program3\src\com\jsoftware\test\test\TestTaker.java,com.jsoftware.test.test.TestTaker,main/1[java.lang.String[]],X,11
D:\Project\CSP_JavaProjects-master\CSP_JavaProjects-master\CSC322 Program3\src\com\jsoftware\test\test\TestTaker.java,com.jsoftware.test.test.TestTaker,main/1[java.lang.String[]],QuestionS,15
D:\Project\CSP_JavaProjects-master\CSP_JavaProjects-master\CSC322 Program3\src\com\jsoftware\test\test\TestTaker.java,com.jsoftware.test.test.TestTaker,main/1[java.lang.String[]],choice,2
D:\Project\CSP_JavaProjects-master\CSP_JavaProjects-master\CSC322 Program3\src\com\jsoftware\test\test\TestTaker.java,com.jsoftware.test.test.TestTaker,main/1[java.lang.String[]],FIB,4
D:\Project\CSP_JavaProjects-master\CSP_JavaProjects-master\CSC322 Program3\src\com\jsoftware\test\test\TestTaker.java,com.jsoftware.test.test.TestTaker,main/1[java.lang.String[]],nm,2
D:\Project\CSP_JavaProjects-master\CSP_JavaProjects-master\CSC322 Program3\src\com\jsoftware\test\test\TestTaker.java,com.jsoftware.test.test.TestTaker,main/1[java.lang.String[]],option,2
D:\Project\CSP_JavaProjects-master\CSP_JavaProjects-master\PairFruits\src\PairFruits\PairFruits.java,PairFruits.PairFruits,main/1[java.lang.String[]],args,0
D:\Project\CSP_JavaProjects-master\CSP_JavaProjects-master\PairFruits\src\PairFruits\PairFruits.java,PairFruits.PairFruits,main/1[java.lang.String[]],p,2
D:\Project\CSP_JavaProjects-master\CSP_JavaProjects-master\PairFruits\src\PairFruits\PairFruits.java,PairFruits.PairFruits,main/1[java.lang.String[]],fruits,4
D:\Project\CSP_JavaProjects-master\CSP_JavaProjects-master\Arithmetic\src\arithmetic\Arithmetic.java,arithmetic.Arithmetic,"add/2[int,int]",a,1
D:\Project\CSP_JavaProjects-master\CSP_JavaProjects-master\Arithmetic\src\arithmetic\Arithmetic.java,arithmetic.Arithmetic,"add/2[int,int]",b,1
D:\Project\CSP_JavaProjects-master\CSP_JavaProjects-master\Arithmetic\src\arithmetic\Arithmetic.java,arithmetic.Arithmetic,"sub/2[int,int]",a,1
D:\Project\CSP_JavaProjects-master\CSP_JavaProjects-master\Arithmetic\src\arithmetic\Arithmetic.java,arithmetic.Arithmetic,"sub/2[int,int]",b,1
D:\Project\CSP_JavaProjects-master\CSP_JavaProjects-master\Arithmetic\src\arithmetic\Arithmetic.java,arithmetic.Arithmetic,"mul/2[int,int]",a,1
D:\Project\CSP_JavaProjects-master\CSP_JavaProjects-master\Arithmetic\src\arithmetic\Arithmetic.java,arithmetic.Arithmetic,"mul/2[int,int]",b,1
D:\Project\CSP_JavaProjects-master\CSP_JavaProjects-master\Arithmetic\src\arithmetic\Arithmetic.java,arithmetic.Arithmetic,main/1[java.lang.String[]],args,0
D:\Project\CSP_JavaProjects-master\CSP_JavaProjects-master\Arithmetic\src\arithmetic\Arithmetic.java,arithmetic.Arithmetic,main/1[java.lang.String[]],arith,4
D:\Project\CSP_JavaProjects-master\CSP_JavaProjects-master\Arithmetic\src\arithmetic\Arithmetic.java,arithmetic.Arithmetic,main/1[java.lang.String[]],a,5
D:\Project\CSP_JavaProjects-master\CSP_JavaProjects-master\Arithmetic\src\arithmetic\Arithmetic.java,arithmetic.Arithmetic,main/1[java.lang.String[]],b,5
D:\Project\CSP_JavaProjects-master\CSP_JavaProjects-master\Arithmetic\src\arithmetic\Arithmetic.java,arithmetic.Arithmetic,main/1[java.lang.String[]],s,4
D:\Project\CSP_JavaProjects-master\CSP_JavaProjects-master\Arithmetic\src\arithmetic\Arithmetic.java,arithmetic.Arithmetic,main/1[java.lang.String[]],ch,2
D:\Project\CSP_JavaProjects-master\CSP_JavaProjects-master\Arithmetic\src\arithmetic\Arithmetic.java,arithmetic.Arithmetic,main/1[java.lang.String[]],cont,2
D:\Project\CSP_JavaProjects-master\CSP_JavaProjects-master\Arithmetic\src\arithmetic\Arithmetic.java,arithmetic.Arithmetic,"div/2[int,int]",a,1
D:\Project\CSP_JavaProjects-master\CSP_JavaProjects-master\Arithmetic\src\arithmetic\Arithmetic.java,arithmetic.Arithmetic,"div/2[int,int]",b,2
D:\Project\CSP_JavaProjects-master\CSP_JavaProjects-master\CSC322 Program3\src\com\jsoftware\test\api\ITrueFalseQuestion.java,com.jsoftware.test.api.ITrueFalseQuestion,checkAnswer/1[boolean],answer,0
D:\Project\CSP_JavaProjects-master\CSP_JavaProjects-master\Program2OnlineStore\src\program2onlinestore\Item.java,program2onlinestore.Item,"Item/2[java.lang.String,double]",price,2
D:\Project\CSP_JavaProjects-master\CSP_JavaProjects-master\Program2OnlineStore\src\program2onlinestore\Item.java,program2onlinestore.Item,"Item/2[java.lang.String,double]",title,2
D:\Project\CSP_JavaProjects-master\CSP_JavaProjects-master\Program2OnlineStore\src\program2onlinestore\Item.java,program2onlinestore.Item,setPrice/1[double],price,2
D:\Project\CSP_JavaProjects-master\CSP_JavaProjects-master\Program2OnlineStore\src\program2onlinestore\Item.java,program2onlinestore.Item,setTitle/1[java.lang.String],title,2
D:\Project\CSP_JavaProjects-master\CSP_JavaProjects-master\CSC322 Program3\src\com\jsoftware\test\impl\Question.java,com.jsoftware.test.impl.Question,setQuestion/1[java.lang.String],question,2
D:\Project\CSP_JavaProjects-master\CSP_JavaProjects-master\CSC322 Program3\src\com\jsoftware\test\impl\Question.java,com.jsoftware.test.impl.Question,Question/1[java.lang.String],question,2
D:\Project\CSP_JavaProjects-master\CSP_JavaProjects-master\CSC322 Program3\src\com\jsoftware\test\impl\QuestionFactory.java,com.jsoftware.test.impl.QuestionFactory,"makeTrueFalse/2[java.lang.String,boolean]",q,1
D:\Project\CSP_JavaProjects-master\CSP_JavaProjects-master\CSC322 Program3\src\com\jsoftware\test\impl\QuestionFactory.java,com.jsoftware.test.impl.QuestionFactory,"makeTrueFalse/2[java.lang.String,boolean]",question,1
D:\Project\CSP_JavaProjects-master\CSP_JavaProjects-master\CSC322 Program3\src\com\jsoftware\test\impl\QuestionFactory.java,com.jsoftware.test.impl.QuestionFactory,"makeTrueFalse/2[java.lang.String,boolean]",answer,1
D:\Project\CSP_JavaProjects-master\CSP_JavaProjects-master\CSC322 Program3\src\com\jsoftware\test\impl\QuestionFactory.java,com.jsoftware.test.impl.QuestionFactory,load/1[java.lang.String],filename,1
D:\Project\CSP_JavaProjects-master\CSP_JavaProjects-master\CSC322 Program3\src\com\jsoftware\test\impl\QuestionFactory.java,com.jsoftware.test.impl.QuestionFactory,load/1[java.lang.String],in,1
D:\Project\CSP_JavaProjects-master\CSP_JavaProjects-master\CSC322 Program3\src\com\jsoftware\test\impl\QuestionFactory.java,com.jsoftware.test.impl.QuestionFactory,load/1[java.lang.String],e,1
D:\Project\CSP_JavaProjects-master\CSP_JavaProjects-master\CSC322 Program3\src\com\jsoftware\test\impl\QuestionFactory.java,com.jsoftware.test.impl.QuestionFactory,load/1[java.lang.String],fs,1
D:\Project\CSP_JavaProjects-master\CSP_JavaProjects-master\CSC322 Program3\src\com\jsoftware\test\impl\QuestionFactory.java,com.jsoftware.test.impl.QuestionFactory,load/1[java.lang.String],o,2
D:\Project\CSP_JavaProjects-master\CSP_JavaProjects-master\CSC322 Program3\src\com\jsoftware\test\impl\QuestionFactory.java,com.jsoftware.test.impl.QuestionFactory,"makeFillInBlank/2[java.lang.String,java.lang.String[]]",q,1
D:\Project\CSP_JavaProjects-master\CSP_JavaProjects-master\CSC322 Program3\src\com\jsoftware\test\impl\QuestionFactory.java,com.jsoftware.test.impl.QuestionFactory,"makeFillInBlank/2[java.lang.String,java.lang.String[]]",question,1
D:\Project\CSP_JavaProjects-master\CSP_JavaProjects-master\CSC322 Program3\src\com\jsoftware\test\impl\QuestionFactory.java,com.jsoftware.test.impl.QuestionFactory,"makeFillInBlank/2[java.lang.String,java.lang.String[]]",answers,1
D:\Project\CSP_JavaProjects-master\CSP_JavaProjects-master\CSC322 Program3\src\com\jsoftware\test\impl\QuestionFactory.java,com.jsoftware.test.impl.QuestionFactory,"makeShortAnswer/2[java.lang.String,java.lang.String[]]",q,1
D:\Project\CSP_JavaProjects-master\CSP_JavaProjects-master\CSC322 Program3\src\com\jsoftware\test\impl\QuestionFactory.java,com.jsoftware.test.impl.QuestionFactory,"makeShortAnswer/2[java.lang.String,java.lang.String[]]",question,1
D:\Project\CSP_JavaProjects-master\CSP_JavaProjects-master\CSC322 Program3\src\com\jsoftware\test\impl\QuestionFactory.java,com.jsoftware.test.impl.QuestionFactory,"makeShortAnswer/2[java.lang.String,java.lang.String[]]",keywords,1
D:\Project\CSP_JavaProjects-master\CSP_JavaProjects-master\CSC322 Program3\src\com\jsoftware\test\impl\QuestionFactory.java,com.jsoftware.test.impl.QuestionFactory,"makeMultipleChoice/3[java.lang.String,java.lang.String[],int]",q,1
D:\Project\CSP_JavaProjects-master\CSP_JavaProjects-master\CSC322 Program3\src\com\jsoftware\test\impl\QuestionFactory.java,com.jsoftware.test.impl.QuestionFactory,"makeMultipleChoice/3[java.lang.String,java.lang.String[],int]",question,1
D:\Project\CSP_JavaProjects-master\CSP_JavaProjects-master\CSC322 Program3\src\com\jsoftware\test\impl\QuestionFactory.java,com.jsoftware.test.impl.QuestionFactory,"makeMultipleChoice/3[java.lang.String,java.lang.String[],int]",answer,1
D:\Project\CSP_JavaProjects-master\CSP_JavaProjects-master\CSC322 Program3\src\com\jsoftware\test\impl\QuestionFactory.java,com.jsoftware.test.impl.QuestionFactory,"makeMultipleChoice/3[java.lang.String,java.lang.String[],int]",choices,1
D:\Project\CSP_JavaProjects-master\CSP_JavaProjects-master\CSC322 Program3\src\com\jsoftware\test\impl\QuestionFactory.java,com.jsoftware.test.impl.QuestionFactory,"save/2[com.jsoftware.test.api.IQuestionSet,java.lang.String]",filename,1
D:\Project\CSP_JavaProjects-master\CSP_JavaProjects-master\CSC322 Program3\src\com\jsoftware\test\impl\QuestionFactory.java,com.jsoftware.test.impl.QuestionFactory,"save/2[com.jsoftware.test.api.IQuestionSet,java.lang.String]",e,1
D:\Project\CSP_JavaProjects-master\CSP_JavaProjects-master\CSC322 Program3\src\com\jsoftware\test\impl\QuestionFactory.java,com.jsoftware.test.impl.QuestionFactory,"save/2[com.jsoftware.test.api.IQuestionSet,java.lang.String]",testSet,1
D:\Project\CSP_JavaProjects-master\CSP_JavaProjects-master\CSC322 Program3\src\com\jsoftware\test\impl\QuestionFactory.java,com.jsoftware.test.impl.QuestionFactory,"save/2[com.jsoftware.test.api.IQuestionSet,java.lang.String]",fs,1
D:\Project\CSP_JavaProjects-master\CSP_JavaProjects-master\CSC322 Program3\src\com\jsoftware\test\impl\QuestionFactory.java,com.jsoftware.test.impl.QuestionFactory,"save/2[com.jsoftware.test.api.IQuestionSet,java.lang.String]",out,2
D:\Project\CSP_JavaProjects-master\CSP_JavaProjects-master\CSC322 Program3\src\com\jsoftware\test\impl\FillInBlanks.java,com.jsoftware.test.impl.FillInBlanks,checkAnswer/1[java.lang.String[]],keywords,2
D:\Project\CSP_JavaProjects-master\CSP_JavaProjects-master\CSC322 Program3\src\com\jsoftware\test\impl\FillInBlanks.java,com.jsoftware.test.impl.FillInBlanks,checkAnswer/1[java.lang.String[]],i,4
D:\Project\CSP_JavaProjects-master\CSP_JavaProjects-master\CSC322 Program3\src\com\jsoftware\test\impl\FillInBlanks.java,com.jsoftware.test.impl.FillInBlanks,"FillInBlanks/2[java.lang.String,java.lang.String[]]",question,1
D:\Project\CSP_JavaProjects-master\CSP_JavaProjects-master\CSC322 Program3\src\com\jsoftware\test\impl\FillInBlanks.java,com.jsoftware.test.impl.FillInBlanks,"FillInBlanks/2[java.lang.String,java.lang.String[]]",answer,2
D:\Project\CSP_JavaProjects-master\CSP_JavaProjects-master\AddressBook\src\Contact.java,Contact,setLastName/1[java.lang.String],lastName,2
D:\Project\CSP_JavaProjects-master\CSP_JavaProjects-master\AddressBook\src\Contact.java,Contact,"Contact/2[java.lang.String,java.lang.String]",firstName,2
D:\Project\CSP_JavaProjects-master\CSP_JavaProjects-master\AddressBook\src\Contact.java,Contact,"Contact/2[java.lang.String,java.lang.String]",lastName,2
D:\Project\CSP_JavaProjects-master\CSP_JavaProjects-master\AddressBook\src\Contact.java,Contact,main/1[java.lang.String[]],args,1
D:\Project\CSP_JavaProjects-master\CSP_JavaProjects-master\AddressBook\src\Contact.java,Contact,setStreet/1[java.lang.String],street,2
D:\Project\CSP_JavaProjects-master\CSP_JavaProjects-master\AddressBook\src\Contact.java,Contact,setFirstName/1[java.lang.String],firstName,2
D:\Project\CSP_JavaProjects-master\CSP_JavaProjects-master\AddressBook\src\Contact.java,Contact,setBirthday/1[java.time.LocalDate],birthday,2
D:\Project\CSP_JavaProjects-master\CSP_JavaProjects-master\AddressBook\src\Contact.java,Contact,setPostalCode/1[int],postalCode,2
D:\Project\CSP_JavaProjects-master\CSP_JavaProjects-master\AddressBook\src\Contact.java,Contact,setCity/1[java.lang.String],city,2
D:\Project\CSP_JavaProjects-master\CSP_JavaProjects-master\AddressBook\src\Contact.java,Contact,start/1[Stage],primaryStage,0
D:\Project\CSP_JavaProjects-master\CSP_JavaProjects-master\Program2OnlineStore\src\program2onlinestore\Book.java,program2onlinestore.Book,setAuthor/1[java.lang.String],author,2
D:\Project\CSP_JavaProjects-master\CSP_JavaProjects-master\Program2OnlineStore\src\program2onlinestore\Book.java,program2onlinestore.Book,setPublisher/1[java.lang.String],publisher,2
D:\Project\CSP_JavaProjects-master\CSP_JavaProjects-master\Program2OnlineStore\src\program2onlinestore\Book.java,program2onlinestore.Book,"Book/6[java.lang.String,double,java.lang.String,java.lang.String,java.lang.String,int]",pubYear,2
D:\Project\CSP_JavaProjects-master\CSP_JavaProjects-master\Program2OnlineStore\src\program2onlinestore\Book.java,program2onlinestore.Book,"Book/6[java.lang.String,double,java.lang.String,java.lang.String,java.lang.String,int]",price,1
D:\Project\CSP_JavaProjects-master\CSP_JavaProjects-master\Program2OnlineStore\src\program2onlinestore\Book.java,program2onlinestore.Book,"Book/6[java.lang.String,double,java.lang.String,java.lang.String,java.lang.String,int]",author,2
D:\Project\CSP_JavaProjects-master\CSP_JavaProjects-master\Program2OnlineStore\src\program2onlinestore\Book.java,program2onlinestore.Book,"Book/6[java.lang.String,double,java.lang.String,java.lang.String,java.lang.String,int]",edition,2
D:\Project\CSP_JavaProjects-master\CSP_JavaProjects-master\Program2OnlineStore\src\program2onlinestore\Book.java,program2onlinestore.Book,"Book/6[java.lang.String,double,java.lang.String,java.lang.String,java.lang.String,int]",publisher,2
D:\Project\CSP_JavaProjects-master\CSP_JavaProjects-master\Program2OnlineStore\src\program2onlinestore\Book.java,program2onlinestore.Book,"Book/6[java.lang.String,double,java.lang.String,java.lang.String,java.lang.String,int]",title,1
D:\Project\CSP_JavaProjects-master\CSP_JavaProjects-master\Program2OnlineStore\src\program2onlinestore\Book.java,program2onlinestore.Book,setPubYear/1[int],pubYear,2
D:\Project\CSP_JavaProjects-master\CSP_JavaProjects-master\Program2OnlineStore\src\program2onlinestore\Book.java,program2onlinestore.Book,setEdition/1[java.lang.String],edition,2
D:\Project\CSP_JavaProjects-master\CSP_JavaProjects-master\CSC322 Program3\src\com\jsoftware\test\impl\TrueFalseQuestion.java,com.jsoftware.test.impl.TrueFalseQuestion,"TrueFalseQuestion/2[java.lang.String,boolean]",question,1
D:\Project\CSP_JavaProjects-master\CSP_JavaProjects-master\CSC322 Program3\src\com\jsoftware\test\impl\TrueFalseQuestion.java,com.jsoftware.test.impl.TrueFalseQuestion,"TrueFalseQuestion/2[java.lang.String,boolean]",answer,2
D:\Project\CSP_JavaProjects-master\CSP_JavaProjects-master\CSC322 Program3\src\com\jsoftware\test\impl\TrueFalseQuestion.java,com.jsoftware.test.impl.TrueFalseQuestion,checkAnswer/1[boolean],answer,2
D:\Project\CSP_JavaProjects-master\CSP_JavaProjects-master\CSC322 Program3\src\com\jsoftware\test\impl\TrueFalseQuestion.java,com.jsoftware.test.impl.TrueFalseQuestion,setAnswer/1[boolean],answer,2
D:\Project\CSP_JavaProjects-master\CSP_JavaProjects-master\InvestmentValueCalculator\src\InvestmentCalculator\InvestmentCalcForm.java,InvestmentCalculator.InvestmentCalcForm$Anonymous2,actionPerformed/1[java.awt.event.ActionEvent],evt,1
D:\Project\CSP_JavaProjects-master\CSP_JavaProjects-master\MaxValLocation\src\Location\Location.java,Location.Location,locateLargest/1[double[][]],a,5
D:\Project\CSP_JavaProjects-master\CSP_JavaProjects-master\MaxValLocation\src\Location\Location.java,Location.Location,locateLargest/1[double[][]],r,0
D:\Project\CSP_JavaProjects-master\CSP_JavaProjects-master\MaxValLocation\src\Location\Location.java,Location.Location,locateLargest/1[double[][]],b,3
D:\Project\CSP_JavaProjects-master\CSP_JavaProjects-master\MaxValLocation\src\Location\Location.java,Location.Location,locateLargest/1[double[][]],c,0
D:\Project\CSP_JavaProjects-master\CSP_JavaProjects-master\MaxValLocation\src\Location\Location.java,Location.Location,locateLargest/1[double[][]],maxValue,2
D:\Project\CSP_JavaProjects-master\CSP_JavaProjects-master\MaxValLocation\src\Location\Location.java,Location.Location,locateLargest/1[double[][]],i,5
D:\Project\CSP_JavaProjects-master\CSP_JavaProjects-master\MaxValLocation\src\Location\Location.java,Location.Location,locateLargest/1[double[][]],j,5
D:\Project\CSP_JavaProjects-master\CSP_JavaProjects-master\MaxValLocation\src\Location\Location.java,Location.Location,main/1[java.lang.String[]],args,0
D:\Project\CSP_JavaProjects-master\CSP_JavaProjects-master\MaxValLocation\src\Location\Location.java,Location.Location,main/1[java.lang.String[]],arr,2
D:\Project\CSP_JavaProjects-master\CSP_JavaProjects-master\MaxValLocation\src\Location\Location.java,Location.Location,main/1[java.lang.String[]],input,3
D:\Project\CSP_JavaProjects-master\CSP_JavaProjects-master\MaxValLocation\src\Location\Location.java,Location.Location,main/1[java.lang.String[]],a,4
D:\Project\CSP_JavaProjects-master\CSP_JavaProjects-master\MaxValLocation\src\Location\Location.java,Location.Location,main/1[java.lang.String[]],loc,0
D:\Project\CSP_JavaProjects-master\CSP_JavaProjects-master\MaxValLocation\src\Location\Location.java,Location.Location,main/1[java.lang.String[]],rw,1
D:\Project\CSP_JavaProjects-master\CSP_JavaProjects-master\MaxValLocation\src\Location\Location.java,Location.Location,main/1[java.lang.String[]],cl,1
D:\Project\CSP_JavaProjects-master\CSP_JavaProjects-master\MaxValLocation\src\Location\Location.java,Location.Location,main/1[java.lang.String[]],i,4
D:\Project\CSP_JavaProjects-master\CSP_JavaProjects-master\MaxValLocation\src\Location\Location.java,Location.Location,main/1[java.lang.String[]],j,3
D:\Project\CSP_JavaProjects-master\CSP_JavaProjects-master\InvestmentValueCalculator\src\InvestmentCalculator\InvestmentCalcForm.java,InvestmentCalculator.InvestmentCalcForm$Anonymous1,actionPerformed/1[java.awt.event.ActionEvent],evt,1
D:\Project\CSP_JavaProjects-master\CSP_JavaProjects-master\Program2OnlineStore\src\program2onlinestore\ItemInventory.java,program2onlinestore.ItemInventory,load/1[java.lang.String],date,1
D:\Project\CSP_JavaProjects-master\CSP_JavaProjects-master\Program2OnlineStore\src\program2onlinestore\ItemInventory.java,program2onlinestore.ItemInventory,load/1[java.lang.String],fileName,1
D:\Project\CSP_JavaProjects-master\CSP_JavaProjects-master\Program2OnlineStore\src\program2onlinestore\ItemInventory.java,program2onlinestore.ItemInventory,load/1[java.lang.String],itemType,1
D:\Project\CSP_JavaProjects-master\CSP_JavaProjects-master\Program2OnlineStore\src\program2onlinestore\ItemInventory.java,program2onlinestore.ItemInventory,load/1[java.lang.String],software,1
D:\Project\CSP_JavaProjects-master\CSP_JavaProjects-master\Program2OnlineStore\src\program2onlinestore\ItemInventory.java,program2onlinestore.ItemInventory,load/1[java.lang.String],artist,1
D:\Project\CSP_JavaProjects-master\CSP_JavaProjects-master\Program2OnlineStore\src\program2onlinestore\ItemInventory.java,program2onlinestore.ItemInventory,load/1[java.lang.String],year,1
D:\Project\CSP_JavaProjects-master\CSP_JavaProjects-master\Program2OnlineStore\src\program2onlinestore\ItemInventory.java,program2onlinestore.ItemInventory,load/1[java.lang.String],line,1
D:\Project\CSP_JavaProjects-master\CSP_JavaProjects-master\Program2OnlineStore\src\program2onlinestore\ItemInventory.java,program2onlinestore.ItemInventory,load/1[java.lang.String],book,1
D:\Project\CSP_JavaProjects-master\CSP_JavaProjects-master\Program2OnlineStore\src\program2onlinestore\ItemInventory.java,program2onlinestore.ItemInventory,load/1[java.lang.String],edition,1
D:\Project\CSP_JavaProjects-master\CSP_JavaProjects-master\Program2OnlineStore\src\program2onlinestore\ItemInventory.java,program2onlinestore.ItemInventory,load/1[java.lang.String],title,3
D:\Project\CSP_JavaProjects-master\CSP_JavaProjects-master\Program2OnlineStore\src\program2onlinestore\ItemInventory.java,program2onlinestore.ItemInventory,load/1[java.lang.String],price,6
D:\Project\CSP_JavaProjects-master\CSP_JavaProjects-master\Program2OnlineStore\src\program2onlinestore\ItemInventory.java,program2onlinestore.ItemInventory,load/1[java.lang.String],genres,1
D:\Project\CSP_JavaProjects-master\CSP_JavaProjects-master\Program2OnlineStore\src\program2onlinestore\ItemInventory.java,program2onlinestore.ItemInventory,load/1[java.lang.String],datePart,3
D:\Project\CSP_JavaProjects-master\CSP_JavaProjects-master\Program2OnlineStore\src\program2onlinestore\ItemInventory.java,program2onlinestore.ItemInventory,load/1[java.lang.String],calendar,2
D:\Project\CSP_JavaProjects-master\CSP_JavaProjects-master\Program2OnlineStore\src\program2onlinestore\ItemInventory.java,program2onlinestore.ItemInventory,load/1[java.lang.String],fileInputStream,2
D:\Project\CSP_JavaProjects-master\CSP_JavaProjects-master\Program2OnlineStore\src\program2onlinestore\ItemInventory.java,program2onlinestore.ItemInventory,load/1[java.lang.String],quantity,6
D:\Project\CSP_JavaProjects-master\CSP_JavaProjects-master\Program2OnlineStore\src\program2onlinestore\ItemInventory.java,program2onlinestore.ItemInventory,load/1[java.lang.String],releaseDate,1
D:\Project\CSP_JavaProjects-master\CSP_JavaProjects-master\Program2OnlineStore\src\program2onlinestore\ItemInventory.java,program2onlinestore.ItemInventory,load/1[java.lang.String],author,1
D:\Project\CSP_JavaProjects-master\CSP_JavaProjects-master\Program2OnlineStore\src\program2onlinestore\ItemInventory.java,program2onlinestore.ItemInventory,load/1[java.lang.String],recordedCompany,1
D:\Project\CSP_JavaProjects-master\CSP_JavaProjects-master\Program2OnlineStore\src\program2onlinestore\ItemInventory.java,program2onlinestore.ItemInventory,load/1[java.lang.String],label,1
D:\Project\CSP_JavaProjects-master\CSP_JavaProjects-master\Program2OnlineStore\src\program2onlinestore\ItemInventory.java,program2onlinestore.ItemInventory,load/1[java.lang.String],totalLength,1
D:\Project\CSP_JavaProjects-master\CSP_JavaProjects-master\Program2OnlineStore\src\program2onlinestore\ItemInventory.java,program2onlinestore.ItemInventory,load/1[java.lang.String],version,1
D:\Project\CSP_JavaProjects-master\CSP_JavaProjects-master\Program2OnlineStore\src\program2onlinestore\ItemInventory.java,program2onlinestore.ItemInventory,load/1[java.lang.String],itemEntry,4
D:\Project\CSP_JavaProjects-master\CSP_JavaProjects-master\Program2OnlineStore\src\program2onlinestore\ItemInventory.java,program2onlinestore.ItemInventory,load/1[java.lang.String],musicCD,1
D:\Project\CSP_JavaProjects-master\CSP_JavaProjects-master\Program2OnlineStore\src\program2onlinestore\ItemInventory.java,program2onlinestore.ItemInventory,load/1[java.lang.String],s,3
D:\Project\CSP_JavaProjects-master\CSP_JavaProjects-master\Program2OnlineStore\src\program2onlinestore\ItemInventory.java,program2onlinestore.ItemInventory,load/1[java.lang.String],month,1
D:\Project\CSP_JavaProjects-master\CSP_JavaProjects-master\Program2OnlineStore\src\program2onlinestore\ItemInventory.java,program2onlinestore.ItemInventory,load/1[java.lang.String],pubYear,1
D:\Project\CSP_JavaProjects-master\CSP_JavaProjects-master\Program2OnlineStore\src\program2onlinestore\ItemInventory.java,program2onlinestore.ItemInventory,load/1[java.lang.String],itemInventory,2
D:\Project\CSP_JavaProjects-master\CSP_JavaProjects-master\Program2OnlineStore\src\program2onlinestore\ItemInventory.java,program2onlinestore.ItemInventory,load/1[java.lang.String],parts,19
D:\Project\CSP_JavaProjects-master\CSP_JavaProjects-master\Program2OnlineStore\src\program2onlinestore\ItemInventory.java,program2onlinestore.ItemInventory,load/1[java.lang.String],publisher,1
D:\Project\CSP_JavaProjects-master\CSP_JavaProjects-master\CSC322 Program3\src\com\jsoftware\test\impl\ShortAnswerQuestion.java,com.jsoftware.test.impl.ShortAnswerQuestion,"ShortAnswerQuestion/2[java.lang.String,java.lang.String[]]",question,1
D:\Project\CSP_JavaProjects-master\CSP_JavaProjects-master\CSC322 Program3\src\com\jsoftware\test\impl\ShortAnswerQuestion.java,com.jsoftware.test.impl.ShortAnswerQuestion,"ShortAnswerQuestion/2[java.lang.String,java.lang.String[]]",keywords,2
D:\Project\CSP_JavaProjects-master\CSP_JavaProjects-master\CSC322 Program3\src\com\jsoftware\test\impl\ShortAnswerQuestion.java,com.jsoftware.test.impl.ShortAnswerQuestion,setKeywords/1[java.lang.String[]],keywords,2
D:\Project\CSP_JavaProjects-master\CSP_JavaProjects-master\CSC322 Program3\src\com\jsoftware\test\impl\ShortAnswerQuestion.java,com.jsoftware.test.impl.ShortAnswerQuestion,checkAnswer/1[java.lang.String],answer,1
D:\Project\CSP_JavaProjects-master\CSP_JavaProjects-master\CSC322 Program3\src\com\jsoftware\test\impl\ShortAnswerQuestion.java,com.jsoftware.test.impl.ShortAnswerQuestion,checkAnswer/1[java.lang.String],i,3
D:\Project\CSP_JavaProjects-master\CSP_JavaProjects-master\CSC322 Program3\src\com\jsoftware\test\test\TestMaker.java,com.jsoftware.test.test.TestMaker,main/1[java.lang.String[]],r2,4
D:\Project\CSP_JavaProjects-master\CSP_JavaProjects-master\CSC322 Program3\src\com\jsoftware\test\test\TestMaker.java,com.jsoftware.test.test.TestMaker,main/1[java.lang.String[]],q1,8
D:\Project\CSP_JavaProjects-master\CSP_JavaProjects-master\CSC322 Program3\src\com\jsoftware\test\test\TestMaker.java,com.jsoftware.test.test.TestMaker,main/1[java.lang.String[]],r3,4
D:\Project\CSP_JavaProjects-master\CSP_JavaProjects-master\CSC322 Program3\src\com\jsoftware\test\test\TestMaker.java,com.jsoftware.test.test.TestMaker,main/1[java.lang.String[]],a,5
D:\Project\CSP_JavaProjects-master\CSP_JavaProjects-master\CSC322 Program3\src\com\jsoftware\test\test\TestMaker.java,com.jsoftware.test.test.TestMaker,main/1[java.lang.String[]],keywords,7
D:\Project\CSP_JavaProjects-master\CSP_JavaProjects-master\CSC322 Program3\src\com\jsoftware\test\test\TestMaker.java,com.jsoftware.test.test.TestMaker,main/1[java.lang.String[]],I,7
D:\Project\CSP_JavaProjects-master\CSP_JavaProjects-master\CSC322 Program3\src\com\jsoftware\test\test\TestMaker.java,com.jsoftware.test.test.TestMaker,main/1[java.lang.String[]],i,4
D:\Project\CSP_JavaProjects-master\CSP_JavaProjects-master\CSC322 Program3\src\com\jsoftware\test\test\TestMaker.java,com.jsoftware.test.test.TestMaker,main/1[java.lang.String[]],args,0
D:\Project\CSP_JavaProjects-master\CSP_JavaProjects-master\CSC322 Program3\src\com\jsoftware\test\test\TestMaker.java,com.jsoftware.test.test.TestMaker,main/1[java.lang.String[]],a1,3
D:\Project\CSP_JavaProjects-master\CSP_JavaProjects-master\CSC322 Program3\src\com\jsoftware\test\test\TestMaker.java,com.jsoftware.test.test.TestMaker,main/1[java.lang.String[]],number,0
D:\Project\CSP_JavaProjects-master\CSP_JavaProjects-master\CSC322 Program3\src\com\jsoftware\test\test\TestMaker.java,com.jsoftware.test.test.TestMaker,main/1[java.lang.String[]],s,23
D:\Project\CSP_JavaProjects-master\CSP_JavaProjects-master\CSC322 Program3\src\com\jsoftware\test\test\TestMaker.java,com.jsoftware.test.test.TestMaker,main/1[java.lang.String[]],answer,4
D:\Project\CSP_JavaProjects-master\CSP_JavaProjects-master\CSC322 Program3\src\com\jsoftware\test\test\TestMaker.java,com.jsoftware.test.test.TestMaker,main/1[java.lang.String[]],QuestionF,5
D:\Project\CSP_JavaProjects-master\CSP_JavaProjects-master\CSC322 Program3\src\com\jsoftware\test\test\TestMaker.java,com.jsoftware.test.test.TestMaker,main/1[java.lang.String[]],X,2
D:\Project\CSP_JavaProjects-master\CSP_JavaProjects-master\CSC322 Program3\src\com\jsoftware\test\test\TestMaker.java,com.jsoftware.test.test.TestMaker,main/1[java.lang.String[]],Question,8
D:\Project\CSP_JavaProjects-master\CSP_JavaProjects-master\CSC322 Program3\src\com\jsoftware\test\test\TestMaker.java,com.jsoftware.test.test.TestMaker,main/1[java.lang.String[]],choice,10
D:\Project\CSP_JavaProjects-master\CSP_JavaProjects-master\CSC322 Program3\src\com\jsoftware\test\test\TestMaker.java,com.jsoftware.test.test.TestMaker,main/1[java.lang.String[]],r0,4
D:\Project\CSP_JavaProjects-master\CSP_JavaProjects-master\CSC322 Program3\src\com\jsoftware\test\test\TestMaker.java,com.jsoftware.test.test.TestMaker,main/1[java.lang.String[]],r1,4
D:\Project\CSP_JavaProjects-master\CSP_JavaProjects-master\CSC322 Program3\src\com\jsoftware\test\test\TestMaker.java,com.jsoftware.test.test.TestMaker,main/1[java.lang.String[]],nm,1
D:\Project\CSP_JavaProjects-master\CSP_JavaProjects-master\Problem1\src\Problem1\Problem1.java,Problem1.Problem1,Problem1/1[java.lang.String],s,9
D:\Project\CSP_JavaProjects-master\CSP_JavaProjects-master\Problem1\src\Problem1\Problem1.java,Problem1.Problem1,main/1[java.lang.String[]],args,0
D:\Project\CSP_JavaProjects-master\CSP_JavaProjects-master\Problem1\src\Problem1\Problem1.java,Problem1.Problem1,main/1[java.lang.String[]],in,2
