file,class,type,cbo,cboModified,fanin,fanout,wmc,dit,noc,rfc,lcom,lcom*,tcc,lcc,totalMethodsQty,staticMethodsQty,publicMethodsQty,privateMethodsQty,protectedMethodsQty,defaultMethodsQty,visibleMethodsQty,abstractMethodsQty,finalMethodsQty,synchronizedMethodsQty,totalFieldsQty,staticFieldsQty,publicFieldsQty,privateFieldsQty,protectedFieldsQty,defaultFieldsQty,finalFieldsQty,synchronizedFieldsQty,nosi,loc,returnQty,loopQty,comparisonsQty,tryCatchQty,parenthesizedExpsQty,stringLiteralsQty,numbersQty,assignmentsQty,mathOperationsQty,variablesQty,maxNestedBlocksQty,anonymousClassesQty,innerClassesQty,lambdasQty,uniqueWordsQty,modifiers,logStatementsQty
D:\Project\Detection\UniScore-master\UniScore-master\UniScore-Client\src\lecturer\panels\content\DashboardContentPanel.java,lecturer.panels.content.DashboardContentPanel$Anonymous1,anonymous,3,3,0,3,1,1,0,1,0,0.0,NaN,NaN,1,0,1,0,0,0,1,0,0,0,0,0,0,0,0,0,0,0,1,7,0,0,0,0,0,0,0,2,0,0,0,0,0,0,9,-1,0
D:\Project\Detection\UniScore-master\UniScore-master\UniScore-Client\src\lecturer\panels\content\DashboardContentPanel.java,lecturer.panels.content.DashboardContentPanel$Anonymous3,anonymous,3,3,0,3,1,1,0,1,0,0.0,NaN,NaN,1,0,1,0,0,0,1,0,0,0,0,0,0,0,0,0,0,0,1,7,0,0,0,0,0,0,0,2,0,0,0,0,0,0,9,-1,0
D:\Project\Detection\UniScore-master\UniScore-master\UniScore-Client\src\lecturer\panels\navigation\LogoutNavigationPanel.java,lecturer.panels.navigation.LogoutNavigationPanel,class,2,5,3,2,2,6,0,13,0,0.0,1.0,1.0,2,0,2,0,0,0,2,0,0,0,1,0,0,1,0,0,0,0,1,52,1,0,0,0,0,5,2,3,0,3,0,1,0,0,14,1,0
D:\Project\Detection\UniScore-master\UniScore-master\UniScore-Client\src\lecturer\panels\content\DashboardContentPanel.java,lecturer.panels.content.DashboardContentPanel$Anonymous2,anonymous,3,3,0,3,1,1,0,1,0,0.0,NaN,NaN,1,0,1,0,0,0,1,0,0,0,0,0,0,0,0,0,0,0,1,7,0,0,0,0,0,0,0,2,0,0,0,0,0,0,9,-1,0
D:\Project\Detection\UniScore-master\UniScore-master\UniScore-Client\src\lecturer\panels\content\DashboardContentPanel.java,lecturer.panels.content.DashboardContentPanel$Anonymous4,anonymous,8,8,0,8,4,1,0,9,0,0.0,NaN,NaN,1,0,1,0,0,0,1,0,0,0,0,0,0,0,0,0,0,0,2,28,0,0,0,1,0,8,0,6,7,3,1,0,0,0,39,-1,0
D:\Project\Detection\UniScore-master\UniScore-master\UniScore-Server\src\models\Activity.java,Activity,class,4,5,1,4,10,1,0,0,29,0.75,0.0,0.0,10,0,10,0,0,0,10,0,0,0,3,0,0,2,0,1,0,0,0,35,4,0,0,0,0,1,0,6,0,4,0,0,0,0,12,1,0
D:\Project\Detection\UniScore-master\UniScore-master\UniScore-Server\src\connectors\SubmissionConnector.java,connectors.SubmissionConnector,class,10,12,2,10,46,1,0,35,55,0.0,0.0,0.0,11,0,10,1,0,0,10,0,0,0,0,0,0,0,0,0,0,0,15,260,20,9,15,0,0,59,75,87,16,57,3,0,0,0,107,1,0
D:\Project\Detection\UniScore-master\UniScore-master\UniScore-Client\src\student\panels\navigation\DashboardNavigationPanel.java,student.panels.navigation.DashboardNavigationPanel$Anonymous1,anonymous,3,3,0,3,1,1,0,1,0,0.0,NaN,NaN,1,0,1,0,0,0,1,0,0,0,0,0,0,0,0,0,0,0,1,7,0,0,0,0,0,0,0,2,0,0,0,0,0,0,9,-1,0
D:\Project\Detection\UniScore-master\UniScore-master\UniScore-Server\src\connectivity\DBConnection.java,connectivity.DBConnection,class,1,13,12,1,4,1,0,3,1,0.33333334,NaN,NaN,3,2,1,2,0,0,1,0,0,0,1,1,0,1,0,0,0,0,3,20,1,0,1,0,0,6,0,6,1,6,1,0,0,0,17,1,0
D:\Project\Detection\UniScore-master\UniScore-master\UniScore-Client\src\lecturer\panels\content\DisplayQuestionsContentPanel.java,lecturer.panels.content.DisplayQuestionsContentPanel,class,8,16,8,8,19,6,0,77,8,0.75308645,0.33333334,0.33333334,9,0,3,6,0,0,3,0,0,0,9,0,0,9,0,0,0,0,3,343,1,1,2,2,1,54,155,54,26,50,3,4,0,0,93,1,0
D:\Project\Detection\UniScore-master\UniScore-master\UniScore-Server\src\admin\panels\navigation\LecturerNavigationPanel.java,admin.panels.navigation.LecturerNavigationPanel,class,2,5,3,2,2,6,0,13,0,0.0,1.0,1.0,2,0,2,0,0,0,2,0,0,0,1,0,0,1,0,0,0,0,1,31,1,0,0,0,0,4,2,3,0,3,0,1,0,0,14,1,0
D:\Project\Detection\UniScore-master\UniScore-master\UniScore-Client\src\student\panels\content\ModuleContentPanel.java,student.panels.content.ModuleContentPanel,class,3,6,3,3,4,6,0,11,0,0.71428573,0.5,0.5,4,0,4,0,0,0,4,0,0,0,7,0,0,4,0,3,0,0,0,65,1,0,0,0,0,13,24,16,0,17,0,0,0,0,39,1,0
D:\Project\Detection\UniScore-master\UniScore-master\UniScore-Client\src\com\utils\ContentTable.java,com.utils.ContentTable,class,0,12,12,0,1,5,0,0,0,0.0,NaN,NaN,1,0,1,0,0,0,1,0,0,0,0,0,0,0,0,0,0,0,0,5,1,0,0,0,0,1,0,0,0,0,0,0,0,0,8,1,0
D:\Project\Detection\UniScore-master\UniScore-master\UniScore-Server\src\models\Exam.java,Exam,class,4,5,1,4,18,1,0,0,109,0.84027785,0.0,0.0,18,0,18,0,0,0,18,0,0,0,3,0,0,3,0,0,0,0,0,64,8,0,0,0,0,1,0,15,0,8,0,0,0,0,22,1,0
D:\Project\Detection\UniScore-master\UniScore-master\UniScore-Client\src\lecturer\panels\content\ExamContentPanel.java,lecturer.panels.content.ExamContentPanel$Anonymous1,anonymous,7,7,0,7,4,1,0,13,0,0.0,NaN,NaN,1,0,1,0,0,0,1,0,0,0,0,0,0,0,0,0,0,0,0,29,0,0,0,1,0,12,2,5,8,5,1,0,0,0,44,-1,0
D:\Project\Detection\UniScore-master\UniScore-master\UniScore-Client\src\com\panels\ContentPanel.java,com.panels.ContentPanel,class,0,24,24,0,1,5,19,0,0,0.0,NaN,NaN,1,0,1,0,0,0,1,1,0,0,0,0,0,0,0,0,0,0,0,3,0,0,0,0,0,1,0,0,0,0,0,0,0,0,4,1025,0
D:\Project\Detection\UniScore-master\UniScore-master\UniScore-Client\src\lecturer\panels\content\ExamContentPanel.java,lecturer.panels.content.ExamContentPanel$Anonymous2,anonymous,1,1,0,1,1,1,0,1,0,0.0,NaN,NaN,1,0,1,0,0,0,1,0,0,0,0,0,0,0,0,0,0,0,0,6,0,0,0,0,0,0,0,1,0,1,0,0,0,0,11,-1,0
D:\Project\Detection\UniScore-master\UniScore-master\UniScore-Client\src\lecturer\panels\content\ExamContentPanel.java,lecturer.panels.content.ExamContentPanel$Anonymous3,anonymous,6,6,0,6,5,1,0,12,0,0.0,NaN,NaN,1,0,1,0,0,0,1,0,0,0,0,0,0,0,0,0,0,0,0,30,0,0,0,1,0,11,0,5,9,5,1,0,0,0,39,-1,0
D:\Project\Detection\UniScore-master\UniScore-master\UniScore-Client\src\lecturer\panels\content\QuestionnaireContentPanel.java,lecturer.panels.content.QuestionnaireContentPanel,class,8,12,4,8,14,6,0,62,9,0.7346939,0.0,0.0,7,0,2,5,0,0,2,0,0,0,7,0,0,7,0,0,0,0,2,262,1,2,0,1,0,38,103,39,16,38,5,2,0,0,80,1,0
D:\Project\Detection\UniScore-master\UniScore-master\UniScore-Client\src\lecturer\panels\navigation\DashboardNavigationPanel.java,lecturer.panels.navigation.DashboardNavigationPanel$Anonymous1,anonymous,3,3,0,3,1,1,0,1,0,0.0,NaN,NaN,1,0,1,0,0,0,1,0,0,0,0,0,0,0,0,0,0,0,1,7,0,0,0,0,0,0,0,2,0,0,0,0,0,0,9,-1,0
D:\Project\Detection\UniScore-master\UniScore-master\UniScore-Client\src\lecturer\panels\content\ExamContentPanel.java,lecturer.panels.content.ExamContentPanel$Anonymous4,anonymous,5,5,0,5,5,1,0,15,0,0.0,NaN,NaN,1,0,1,0,0,0,1,0,0,0,0,0,0,0,0,0,0,0,1,32,0,0,1,1,0,6,2,9,6,7,2,0,0,0,36,-1,0
D:\Project\Detection\UniScore-master\UniScore-master\UniScore-Client\src\lecturer\panels\content\DisplayQuestionsContentPanel.java,lecturer.panels.content.DisplayQuestionsContentPanel$Anonymous4,anonymous,1,1,0,1,1,1,0,3,0,0.0,NaN,NaN,1,0,1,0,0,0,1,0,0,0,0,0,0,0,0,0,0,0,0,5,0,0,0,0,0,0,0,0,0,0,0,0,0,0,8,-1,0
D:\Project\Detection\UniScore-master\UniScore-master\UniScore-Client\src\lecturer\panels\content\DisplayQuestionsContentPanel.java,lecturer.panels.content.DisplayQuestionsContentPanel$Anonymous3,anonymous,4,4,0,4,3,1,0,15,0,0.0,NaN,NaN,1,0,1,0,0,0,1,0,0,0,0,0,0,0,0,0,0,0,3,17,0,0,2,0,0,0,9,3,0,1,1,0,0,0,10,-1,0
D:\Project\Detection\UniScore-master\UniScore-master\UniScore-Server\src\connectors\UserConnector.java,connectors.UserConnector,class,3,4,1,3,28,1,0,32,36,0.0,0.0,0.0,9,0,9,0,0,0,9,0,0,0,0,0,0,0,0,0,0,0,18,230,21,6,13,0,0,16,96,50,3,45,2,0,0,0,52,1,0
D:\Project\Detection\UniScore-master\UniScore-master\UniScore-Client\src\lecturer\panels\content\DisplayQuestionsContentPanel.java,lecturer.panels.content.DisplayQuestionsContentPanel$Anonymous2,anonymous,3,3,0,3,1,1,0,1,0,0.0,NaN,NaN,1,0,1,0,0,0,1,0,0,0,0,0,0,0,0,0,0,0,1,7,0,0,0,0,0,0,0,2,0,0,0,0,0,0,10,-1,0
D:\Project\Detection\UniScore-master\UniScore-master\UniScore-Client\src\lecturer\panels\content\DisplayQuestionsContentPanel.java,lecturer.panels.content.DisplayQuestionsContentPanel$Anonymous1,anonymous,3,3,0,3,1,1,0,1,0,0.0,NaN,NaN,1,0,1,0,0,0,1,0,0,0,0,0,0,0,0,0,0,0,1,7,0,0,0,0,0,0,0,2,0,0,0,0,0,0,10,-1,0
D:\Project\Detection\UniScore-master\UniScore-master\UniScore-Server\src\admin\panels\content\LoginContentPanel.java,admin.panels.content.LoginContentPanel,class,2,2,0,2,2,6,0,18,0,0.45454547,1.0,1.0,2,0,2,0,0,0,2,0,0,0,11,0,0,11,0,0,0,0,1,126,1,0,0,0,0,12,52,11,0,11,0,1,0,0,32,1,0
D:\Project\Detection\UniScore-master\UniScore-master\UniScore-Client\src\student\panels\navigation\ExamNavigationPanel.java,student.panels.navigation.ExamNavigationPanel,class,2,5,3,2,2,6,0,13,0,0.0,1.0,1.0,2,0,2,0,0,0,2,0,0,0,1,0,0,1,0,0,0,0,1,31,1,0,0,0,0,5,2,3,0,3,0,1,0,0,14,1,0
D:\Project\Detection\UniScore-master\UniScore-master\UniScore-Client\src\student\panels\content\SubmissionContentPanel.java,student.panels.content.SubmissionContentPanel,class,6,9,3,6,5,6,0,37,0,0.44444445,1.0,1.0,3,0,3,0,0,0,3,0,0,0,3,0,0,0,0,3,0,0,1,70,1,1,0,1,0,11,22,9,0,9,2,0,0,0,32,1,0
D:\Project\Detection\UniScore-master\UniScore-master\UniScore-Client\src\lecturer\panels\content\QuestionnaireContentPanel.java,lecturer.panels.content.QuestionnaireContentPanel$Anonymous1,anonymous,3,3,0,3,1,1,0,1,0,0.0,NaN,NaN,1,0,1,0,0,0,1,0,0,0,0,0,0,0,0,0,0,0,1,7,0,0,0,0,0,0,0,2,0,0,0,0,0,0,11,-1,0
D:\Project\Detection\UniScore-master\UniScore-master\UniScore-Client\src\lecturer\panels\content\QuestionnaireContentPanel.java,lecturer.panels.content.QuestionnaireContentPanel$Anonymous2,anonymous,5,5,0,5,5,1,0,15,0,0.0,NaN,NaN,1,0,1,0,0,0,1,0,0,0,0,0,0,0,0,0,0,0,1,32,0,0,1,1,0,6,2,9,6,7,2,0,0,0,35,-1,0
D:\Project\Detection\UniScore-master\UniScore-master\UniScore-Client\src\models\User.java,models.User,class,0,31,31,0,27,1,0,0,233,0.85493827,0.16809116,0.9259259,27,0,27,0,0,0,27,0,0,0,3,0,0,3,0,0,0,0,0,106,12,0,0,0,0,1,0,35,0,12,0,0,0,0,31,1,0
D:\Project\Detection\UniScore-master\UniScore-master\UniScore-Client\src\lecturer\panels\navigation\AvatarPanel.java,lecturer.panels.navigation.AvatarPanel,class,1,2,1,1,2,1,0,4,0,0.0,1.0,1.0,2,0,2,0,0,0,2,0,0,0,1,0,0,1,0,0,0,0,0,11,1,0,0,0,0,2,4,1,0,1,0,0,0,0,9,1,0
D:\Project\Detection\UniScore-master\UniScore-master\UniScore-Client\src\student\panels\navigation\LogoutNavigationPanel.java,student.panels.navigation.LogoutNavigationPanel,class,2,4,2,2,2,6,0,13,0,0.0,1.0,1.0,2,0,2,0,0,0,2,0,0,0,1,0,0,1,0,0,0,0,1,34,1,0,0,0,0,5,2,3,0,3,0,1,0,0,14,1,0
D:\Project\Detection\UniScore-master\UniScore-master\UniScore-Client\src\lecturer\panels\content\DisplayQuestionContentPanel.java,lecturer.panels.content.DisplayQuestionContentPanel,class,5,7,2,5,7,6,0,40,5,0.7738095,0.0,0.0,7,0,2,5,0,0,2,0,0,0,12,0,0,12,0,0,0,0,3,381,1,0,0,0,0,34,190,46,8,46,0,5,0,0,66,1,0
D:\Project\Detection\UniScore-master\UniScore-master\UniScore-Server\src\models\Module.java,Module,class,4,5,1,4,17,1,0,0,68,0.7731093,0.0,0.0,17,0,17,0,0,0,17,0,0,0,3,0,0,3,0,0,0,0,0,66,7,0,0,0,0,1,0,20,0,7,0,0,0,0,19,1,0
D:\Project\Detection\UniScore-master\UniScore-master\UniScore-Client\src\student\panels\navigation\NavigationUserAvatar.java,student.panels.navigation.NavigationUserAvatar,class,1,2,1,1,2,1,0,4,0,0.0,1.0,1.0,2,0,2,0,0,0,2,0,0,0,1,0,0,1,0,0,0,0,0,11,1,0,0,0,0,2,4,1,0,1,0,0,0,0,10,1,0
D:\Project\Detection\UniScore-master\UniScore-master\UniScore-Server\src\connectors\ExamConnector.java,connectors.ExamConnector,class,7,9,2,7,25,1,0,30,28,0.0,0.0,0.0,8,0,8,0,0,0,8,0,0,0,0,0,0,0,0,0,0,0,15,171,19,6,11,0,0,8,55,42,1,41,3,0,0,0,54,1,0
D:\Project\Detection\UniScore-master\UniScore-master\UniScore-Client\src\com\utils\UI.java,com.utils.UI,class,0,0,0,0,0,1,0,0,0,NaN,-1.0,-1.0,0,0,0,0,0,0,0,0,0,0,48,48,47,1,0,0,0,0,0,50,0,0,0,0,0,1,46,48,0,48,0,0,0,0,37,1,0
D:\Project\Detection\UniScore-master\UniScore-master\UniScore-Server\src\com\panels\NavigationPanel.java,NavigationPanel,class,2,2,0,2,1,1,0,0,0,0.0,NaN,NaN,1,0,1,0,0,0,1,1,0,0,0,0,0,0,0,0,0,0,0,3,0,0,0,0,0,1,0,0,0,0,0,0,0,0,4,1025,0
D:\Project\Detection\UniScore-master\UniScore-master\UniScore-Server\src\main\panels\AdminPanel.java,main.panels.AdminPanel,class,11,31,20,11,6,6,0,23,2,0.65909094,0.0,0.0,4,3,2,2,0,0,2,0,0,0,11,4,2,9,0,0,0,0,3,66,0,1,0,0,0,2,1,12,0,12,2,0,0,0,42,1,0
D:\Project\Detection\UniScore-master\UniScore-master\UniScore-Server\src\com\utils\ContentTable.java,ContentTable,class,3,3,0,3,1,1,0,0,0,0.0,NaN,NaN,1,0,1,0,0,0,1,0,0,0,0,0,0,0,0,0,0,0,0,5,1,0,0,0,0,1,0,0,0,0,0,0,0,0,8,1,0
D:\Project\Detection\UniScore-master\UniScore-master\UniScore-Server\src\com\utils\Identification.java,Identification,class,1,1,0,1,6,1,0,2,0,0.0,NaN,NaN,1,1,1,0,0,0,1,0,0,0,0,0,0,0,0,0,0,0,0,23,1,0,0,0,0,5,5,6,0,1,1,0,0,0,7,1,0
D:\Project\Detection\UniScore-master\UniScore-master\UniScore-Client\src\lecturer\panels\content\DisplayQuestionContentPanel.java,lecturer.panels.content.DisplayQuestionContentPanel$Anonymous1,anonymous,1,1,0,1,1,1,0,1,0,0.0,NaN,NaN,1,0,1,0,0,0,1,0,0,0,0,0,0,0,0,0,0,0,0,6,0,0,0,0,0,0,0,1,0,1,0,0,0,0,10,-1,0
D:\Project\Detection\UniScore-master\UniScore-master\UniScore-Client\src\main\panels\LecturerPanel.java,main.panels.LecturerPanel,class,12,39,27,12,6,6,0,29,2,0.6666667,0.0,0.0,4,3,2,2,0,0,2,0,0,0,12,4,2,10,0,0,0,0,3,69,0,1,0,0,0,3,1,13,0,13,2,0,0,0,49,1,0
D:\Project\Detection\UniScore-master\UniScore-master\UniScore-Server\src\com\utils\GenerateReport.java,com.utils.GenerateReport,class,6,8,2,6,5,1,0,12,0,0.25,0.5,0.5,4,3,4,0,0,0,4,0,0,0,1,1,0,1,0,0,0,0,5,32,3,0,1,0,0,9,0,14,2,14,1,0,0,0,33,1,0
D:\Project\Detection\UniScore-master\UniScore-master\UniScore-Client\src\lecturer\panels\content\DisplayQuestionContentPanel.java,lecturer.panels.content.DisplayQuestionContentPanel$Anonymous5,anonymous,0,0,0,0,1,1,0,1,0,0.0,NaN,NaN,1,0,0,0,1,0,1,0,0,0,0,0,0,0,0,0,0,0,0,7,1,0,0,0,0,0,4,1,0,1,0,0,0,0,10,-1,0
D:\Project\Detection\UniScore-master\UniScore-master\UniScore-Client\src\lecturer\panels\content\DisplayQuestionContentPanel.java,lecturer.panels.content.DisplayQuestionContentPanel$Anonymous4,anonymous,0,0,0,0,2,1,0,3,0,0.0,NaN,NaN,1,0,1,0,0,0,1,0,0,0,0,0,0,0,0,0,0,0,0,14,1,0,0,0,0,0,0,1,0,1,1,0,0,0,13,-1,0
D:\Project\Detection\UniScore-master\UniScore-master\UniScore-Client\src\student\panels\content\DashboardContentPanel.java,student.panels.content.DashboardContentPanel,class,3,6,3,3,5,6,0,16,0,0.6666667,1.0,1.0,4,0,3,1,0,0,3,0,0,0,3,0,0,0,0,3,0,0,3,135,1,0,0,1,0,10,33,18,0,18,1,3,0,0,31,1,0
D:\Project\Detection\UniScore-master\UniScore-master\UniScore-Client\src\com\utils\Identification.java,com.utils.Identification,class,0,5,5,0,6,1,0,2,0,0.0,NaN,NaN,1,1,1,0,0,0,1,0,0,0,0,0,0,0,0,0,0,0,0,23,1,0,0,0,0,5,5,6,0,1,1,0,0,0,7,1,0
D:\Project\Detection\UniScore-master\UniScore-master\UniScore-Client\src\lecturer\panels\content\DisplayQuestionContentPanel.java,lecturer.panels.content.DisplayQuestionContentPanel$Anonymous3,anonymous,9,9,0,9,11,1,0,20,0,0.0,NaN,NaN,1,0,1,0,0,0,1,0,0,0,0,0,0,0,0,0,0,0,0,65,0,0,1,1,0,21,7,13,10,13,3,0,0,0,53,-1,0
D:\Project\Detection\UniScore-master\UniScore-master\UniScore-Client\src\lecturer\panels\navigation\ExamNavigationPanel.java,lecturer.panels.navigation.ExamNavigationPanel,class,2,6,4,2,2,6,0,13,0,0.0,1.0,1.0,2,0,2,0,0,0,2,0,0,0,1,0,0,1,0,0,0,0,1,31,1,0,0,0,0,5,2,3,0,3,0,1,0,0,14,1,0
D:\Project\Detection\UniScore-master\UniScore-master\UniScore-Client\src\student\panels\content\DashboardContentPanel.java,student.panels.content.DashboardContentPanel$Anonymous1,anonymous,3,3,0,3,1,1,0,1,0,0.0,NaN,NaN,1,0,1,0,0,0,1,0,0,0,0,0,0,0,0,0,0,0,1,7,0,0,0,0,0,0,0,2,0,0,0,0,0,0,9,-1,0
D:\Project\Detection\UniScore-master\UniScore-master\UniScore-Server\src\admin\panels\navigation\ExamsNavigationPanel.java,admin.panels.navigation.ExamsNavigationPanel$Anonymous1,anonymous,3,3,0,3,1,1,0,1,0,0.0,NaN,NaN,1,0,1,0,0,0,1,0,0,0,0,0,0,0,0,0,0,0,1,7,0,0,0,0,0,0,0,2,0,0,0,0,0,0,9,-1,0
D:\Project\Detection\UniScore-master\UniScore-master\UniScore-Server\src\admin\panels\navigation\ModulesNavigationPanel.java,admin.panels.navigation.ModulesNavigationPanel,class,2,5,3,2,2,6,0,13,0,0.0,1.0,1.0,2,0,2,0,0,0,2,0,0,0,1,0,0,1,0,0,0,0,1,31,1,0,0,0,0,4,2,3,0,3,0,1,0,0,14,1,0
D:\Project\Detection\UniScore-master\UniScore-master\UniScore-Server\src\connectivity\UniScoreInterface.java,UniScoreInterface,interface,11,11,0,11,54,1,0,0,1431,0.0,0.0,0.0,54,0,54,0,0,0,54,0,0,0,0,0,0,0,0,0,0,0,0,56,0,0,0,0,0,0,0,0,0,0,0,0,0,0,70,1,0
D:\Project\Detection\UniScore-master\UniScore-master\UniScore-Client\src\lecturer\panels\content\DisplayQuestionContentPanel.java,lecturer.panels.content.DisplayQuestionContentPanel$Anonymous2,anonymous,3,3,0,3,1,1,0,1,0,0.0,NaN,NaN,1,0,1,0,0,0,1,0,0,0,0,0,0,0,0,0,0,0,1,7,0,0,0,0,0,0,0,2,0,0,0,0,0,0,11,-1,0
D:\Project\Detection\UniScore-master\UniScore-master\UniScore-Client\src\student\panels\content\DashboardContentPanel.java,student.panels.content.DashboardContentPanel$Anonymous2,anonymous,3,3,0,3,1,1,0,1,0,0.0,NaN,NaN,1,0,1,0,0,0,1,0,0,0,0,0,0,0,0,0,0,0,1,7,0,0,0,0,0,0,0,2,0,0,0,0,0,0,9,-1,0
D:\Project\Detection\UniScore-master\UniScore-master\UniScore-Server\src\admin\panels\content\LecturerContentPanel.java,admin.panels.content.LecturerContentPanel,class,5,9,4,5,7,6,0,50,0,0.6,0.6666667,1.0,4,0,4,0,0,0,4,0,0,0,5,0,0,0,0,5,0,0,1,216,1,1,1,1,0,58,127,34,11,33,2,1,0,0,70,1,0
D:\Project\Detection\UniScore-master\UniScore-master\UniScore-Client\src\student\panels\content\DashboardContentPanel.java,student.panels.content.DashboardContentPanel$Anonymous3,anonymous,3,3,0,3,1,1,0,1,0,0.0,NaN,NaN,1,0,1,0,0,0,1,0,0,0,0,0,0,0,0,0,0,0,1,7,0,0,0,0,0,0,0,2,0,0,0,0,0,0,9,-1,0
D:\Project\Detection\UniScore-master\UniScore-master\UniScore-Client\src\student\panels\content\ExamContentPanel.java,student.panels.content.ExamContentPanel,class,2,5,3,2,3,6,0,9,0,0.0,1.0,1.0,3,0,3,0,0,0,3,0,0,0,1,0,0,0,0,1,0,0,0,31,1,0,0,0,0,4,10,4,0,4,0,0,0,0,14,1,0
D:\Project\Detection\UniScore-master\UniScore-master\UniScore-Client\src\lecturer\panels\navigation\LogoutNavigationPanel.java,lecturer.panels.navigation.LogoutNavigationPanel$Anonymous1,anonymous,8,8,0,8,4,1,0,9,0,0.0,NaN,NaN,1,0,1,0,0,0,1,0,0,0,0,0,0,0,0,0,0,0,2,28,0,0,0,1,0,8,0,6,7,3,1,0,0,0,39,-1,0
D:\Project\Detection\UniScore-master\UniScore-master\UniScore-Server\src\models\Question.java,Question,class,4,5,1,4,22,1,0,0,175,0.8681819,0.0,0.0,22,0,22,0,0,0,22,0,0,0,3,0,0,3,0,0,0,0,0,78,10,0,0,0,0,1,0,19,0,10,0,0,0,0,24,1,0
D:\Project\Detection\UniScore-master\UniScore-master\UniScore-Client\src\student\panels\navigation\SubmissionNavigationPanel.java,student.panels.navigation.SubmissionNavigationPanel,class,2,5,3,2,2,6,0,13,0,0.0,1.0,1.0,2,0,2,0,0,0,2,0,0,0,1,0,0,1,0,0,0,0,1,31,1,0,0,0,0,5,2,3,0,3,0,1,0,0,14,1,0
D:\Project\Detection\UniScore-master\UniScore-master\UniScore-Server\src\admin\panels\content\ModulesContentPanel.java,admin.panels.content.ModulesContentPanel,class,3,6,3,3,5,6,0,17,0,0.73333335,0.6,0.6,5,0,5,0,0,0,5,0,0,0,3,0,0,0,0,3,0,0,0,206,2,0,0,0,0,18,111,31,1,31,0,1,0,0,43,1,0
D:\Project\Detection\UniScore-master\UniScore-master\UniScore-Server\src\com\utils\Mail.java,com.utils.Mail$Anonymous1,anonymous,1,1,0,1,1,1,0,0,0,0.0,NaN,NaN,1,0,0,0,1,0,1,0,0,0,0,0,0,0,0,0,0,0,0,5,1,0,0,0,0,0,0,0,0,0,0,0,0,0,3,-1,0
D:\Project\Detection\UniScore-master\UniScore-master\UniScore-Client\src\lecturer\panels\content\ModuleContentPanel.java,lecturer.panels.content.ModuleContentPanel,class,2,5,3,2,7,6,0,17,13,0.6428572,0.0,0.0,7,0,2,5,0,0,2,0,0,0,2,0,0,2,0,0,0,0,0,208,2,0,0,0,0,9,104,25,1,25,0,1,0,0,39,1,0
D:\Project\Detection\UniScore-master\UniScore-master\UniScore-Client\src\com\utils\SuccessNotifier.java,com.utils.SuccessNotifier,class,3,9,6,3,1,6,0,27,0,0.0,NaN,NaN,1,0,1,0,0,0,1,0,0,0,0,0,0,0,0,0,0,0,1,70,0,0,0,0,0,6,31,7,0,7,0,1,0,0,41,1,0
D:\Project\Detection\UniScore-master\UniScore-master\UniScore-Server\src\admin\panels\content\DashboardContentPanel.java,admin.panels.content.DashboardContentPanel$Anonymous1,anonymous,3,3,0,3,1,1,0,1,0,0.0,NaN,NaN,1,0,1,0,0,0,1,0,0,0,0,0,0,0,0,0,0,0,1,7,0,0,0,0,0,0,0,2,0,0,0,0,0,0,9,-1,0
D:\Project\Detection\UniScore-master\UniScore-master\UniScore-Server\src\models\Submission.java,Submission,class,4,5,1,4,16,1,0,0,78,0.8125,0.0,0.0,16,0,16,0,0,0,16,0,0,0,4,0,0,4,0,0,0,0,0,59,7,0,0,0,0,1,0,14,0,7,0,0,0,0,23,1,0
D:\Project\Detection\UniScore-master\UniScore-master\UniScore-Server\src\admin\panels\content\DashboardContentPanel.java,admin.panels.content.DashboardContentPanel$Anonymous2,anonymous,3,3,0,3,1,1,0,1,0,0.0,NaN,NaN,1,0,1,0,0,0,1,0,0,0,0,0,0,0,0,0,0,0,1,7,0,0,0,0,0,0,0,2,0,0,0,0,0,0,9,-1,0
D:\Project\Detection\UniScore-master\UniScore-master\UniScore-Server\src\admin\panels\content\ModulesContentPanel.java,admin.panels.content.ModulesContentPanel$Anonymous1,anonymous,2,2,0,2,5,1,0,7,0,0.0,NaN,NaN,0,0,0,0,0,0,1,0,0,0,0,0,0,0,0,0,0,0,0,28,0,2,0,1,0,5,2,5,2,5,4,0,0,0,15,-1,0
D:\Project\Detection\UniScore-master\UniScore-master\UniScore-Client\src\lecturer\panels\navigation\StudentNavigationPanel.java,lecturer.panels.navigation.StudentNavigationPanel,class,2,5,3,2,2,6,0,13,0,0.0,1.0,1.0,2,0,2,0,0,0,2,0,0,0,1,0,0,1,0,0,0,0,1,31,1,0,0,0,0,5,2,3,0,3,0,1,0,0,14,1,0
D:\Project\Detection\UniScore-master\UniScore-master\UniScore-Client\src\lecturer\panels\navigation\QuestionNavigationPanel.java,lecturer.panels.navigation.QuestionNavigationPanel$Anonymous1,anonymous,3,3,0,3,1,1,0,1,0,0.0,NaN,NaN,1,0,1,0,0,0,1,0,0,0,0,0,0,0,0,0,0,0,1,7,0,0,0,0,0,0,0,2,0,0,0,0,0,0,10,-1,0
D:\Project\Detection\UniScore-master\UniScore-master\UniScore-Client\src\com\panels\NavigationPanel.java,com.panels.NavigationPanel,class,0,21,21,0,1,5,17,0,0,0.0,NaN,NaN,1,0,1,0,0,0,1,1,0,0,0,0,0,0,0,0,0,0,0,3,0,0,0,0,0,1,0,0,0,0,0,0,0,0,4,1025,0
D:\Project\Detection\UniScore-master\UniScore-master\UniScore-Client\src\connectivity\UniScoreClient.java,connectivity.UniScoreClient,class,6,6,0,6,8,1,0,8,1,0.75,0.0,0.0,2,1,2,0,0,0,2,0,0,0,6,6,6,0,0,0,0,0,1,54,0,0,0,1,0,16,1,10,10,13,2,0,0,0,54,1,0
D:\Project\Detection\UniScore-master\UniScore-master\UniScore-Server\src\admin\panels\navigation\LogoutNavigationPanel.java,admin.panels.navigation.LogoutNavigationPanel,class,2,4,2,2,2,6,0,13,0,0.0,1.0,1.0,2,0,2,0,0,0,2,0,0,0,1,0,0,1,0,0,0,0,1,34,1,0,0,0,0,5,2,3,0,3,0,1,0,0,14,1,0
D:\Project\Detection\UniScore-master\UniScore-master\UniScore-Server\src\connectivity\UniScore.java,connectivity.UniScore,class,23,24,1,23,56,1,0,53,1485,0.0,0.0,0.0,55,0,54,0,1,0,55,0,0,0,0,0,0,0,0,0,0,0,4,221,53,0,1,0,0,1,0,49,0,49,1,0,0,0,85,1,0
D:\Project\Detection\UniScore-master\UniScore-master\UniScore-Client\src\lecturer\panels\content\DashboardContentPanel.java,lecturer.panels.content.DashboardContentPanel,class,9,12,3,9,19,6,0,42,13,0.7714286,0.0,0.0,7,0,2,5,0,0,2,0,0,0,3,0,0,3,0,0,0,0,4,269,3,2,1,2,1,33,65,42,16,41,4,4,0,0,87,1,0
D:\Project\Detection\UniScore-master\UniScore-master\UniScore-Client\src\com\utils\ErrorNotifier.java,com.utils.ErrorNotifier$Anonymous1,anonymous,0,0,0,0,3,1,0,4,3,0.0,0.0,0.0,3,0,3,0,0,0,3,0,0,0,0,0,0,0,0,0,0,0,0,15,0,0,0,0,0,0,9,0,0,0,0,0,0,0,12,-1,0
D:\Project\Detection\UniScore-master\UniScore-master\UniScore-Server\src\admin\panels\content\ExamsContentPanel.java,admin.panels.content.ExamsContentPanel$Anonymous1,anonymous,4,4,0,4,3,1,0,19,0,0.0,NaN,NaN,1,0,1,0,0,0,1,0,0,0,0,0,0,0,0,0,0,0,1,18,0,0,1,1,0,0,2,4,0,4,2,0,0,0,13,-1,0
D:\Project\Detection\UniScore-master\UniScore-master\UniScore-Client\src\lecturer\panels\content\RemoveQuestionNotifier.java,lecturer.panels.content.RemoveQuestionNotifier,class,4,6,2,4,1,6,0,31,0,0.0,NaN,NaN,1,0,1,0,0,0,1,0,0,0,0,0,0,0,0,0,0,0,2,119,0,0,0,0,0,10,42,9,1,9,0,2,0,0,53,1,0
D:\Project\Detection\UniScore-master\UniScore-master\UniScore-Server\src\admin\panels\content\DashboardContentPanel.java,admin.panels.content.DashboardContentPanel,class,3,6,3,3,5,6,0,16,0,0.6666667,1.0,1.0,4,0,3,1,0,0,3,0,0,0,3,0,0,0,0,3,0,0,4,174,1,0,0,1,0,12,74,22,0,22,1,4,0,0,32,1,0
D:\Project\Detection\UniScore-master\UniScore-master\UniScore-Server\src\connectors\ModuleConnector.java,connectors.ModuleConnector,class,5,9,4,5,29,1,0,25,21,0.0,0.0,0.0,7,0,7,0,0,0,7,0,0,0,0,0,0,0,0,0,0,0,13,153,17,4,18,0,0,9,53,38,1,34,2,0,0,0,49,1,0
D:\Project\Detection\UniScore-master\UniScore-master\UniScore-Client\src\lecturer\panels\content\SubmissionMailer.java,lecturer.panels.content.SubmissionMailer$Anonymous1,anonymous,8,8,0,8,10,1,0,18,3,0.0,0.0,0.0,3,0,3,0,0,0,3,0,0,0,0,0,0,0,0,0,0,0,0,61,0,0,0,1,0,16,11,8,11,8,2,0,0,0,60,-1,0
D:\Project\Detection\UniScore-master\UniScore-master\UniScore-Client\src\models\Submission.java,models.Submission,class,0,8,8,0,16,1,0,0,78,0.8125,0.175,0.875,16,0,16,0,0,0,16,0,0,0,4,0,0,4,0,0,0,0,0,59,7,0,0,0,0,1,0,14,0,7,0,0,0,0,23,1,0
D:\Project\Detection\UniScore-master\UniScore-master\UniScore-Client\src\lecturer\panels\content\StudentContentPanel.java,lecturer.panels.content.StudentContentPanel,class,7,12,5,7,14,6,0,67,10,0.75,0.0,0.0,8,0,2,6,0,0,2,0,0,0,7,0,0,7,0,0,0,0,4,280,1,1,0,1,0,44,119,38,16,37,4,2,0,0,99,1,0
D:\Project\Detection\UniScore-master\UniScore-master\UniScore-Server\src\admin\panels\navigation\ModulesNavigationPanel.java,admin.panels.navigation.ModulesNavigationPanel$Anonymous1,anonymous,3,3,0,3,1,1,0,1,0,0.0,NaN,NaN,1,0,1,0,0,0,1,0,0,0,0,0,0,0,0,0,0,0,1,7,0,0,0,0,0,0,0,2,0,0,0,0,0,0,9,-1,0
D:\Project\Detection\UniScore-master\UniScore-master\UniScore-Client\src\models\Exam.java,models.Exam,class,0,22,22,0,18,1,0,0,109,0.84027785,0.14379086,0.6928105,18,0,18,0,0,0,18,0,0,0,3,0,0,3,0,0,0,0,0,64,8,0,0,0,0,1,0,15,0,8,0,0,0,0,22,1,0
D:\Project\Detection\UniScore-master\UniScore-master\UniScore-Server\src\com\utils\UI.java,UI,class,4,4,0,4,0,1,0,0,0,NaN,-1.0,-1.0,0,0,0,0,0,0,0,0,0,0,67,67,67,0,0,0,0,0,0,69,0,0,0,0,0,7,73,67,0,67,0,0,0,0,29,1,0
D:\Project\Detection\UniScore-master\UniScore-master\UniScore-Client\src\main\panels\StudentPanel.java,main.panels.StudentPanel,class,10,27,17,10,6,6,0,24,2,0.65,0.0,0.0,4,3,2,2,0,0,2,0,0,0,10,4,2,8,0,0,0,0,3,63,0,1,0,0,0,2,1,11,0,11,2,0,0,0,40,1,0
D:\Project\Detection\UniScore-master\UniScore-master\UniScore-Server\src\reports\SubmissionReport.java,reports.SubmissionReport,class,1,2,1,1,1,1,0,0,0,0.0,NaN,NaN,1,0,1,0,0,0,1,0,0,0,0,0,0,0,0,0,0,0,0,9,0,0,0,0,0,8,0,4,2,4,0,0,0,0,36,1,0
D:\Project\Detection\UniScore-master\UniScore-master\UniScore-Server\src\admin\panels\content\DashboardContentPanel.java,admin.panels.content.DashboardContentPanel$Anonymous3,anonymous,3,3,0,3,1,1,0,1,0,0.0,NaN,NaN,1,0,1,0,0,0,1,0,0,0,0,0,0,0,0,0,0,0,1,7,0,0,0,0,0,0,0,2,0,0,0,0,0,0,9,-1,0
D:\Project\Detection\UniScore-master\UniScore-master\UniScore-Server\src\admin\panels\content\DashboardContentPanel.java,admin.panels.content.DashboardContentPanel$Anonymous4,anonymous,3,3,0,3,1,1,0,1,0,0.0,NaN,NaN,1,0,1,0,0,0,1,0,0,0,0,0,0,0,0,0,0,0,1,7,0,0,0,0,0,0,0,2,0,0,0,0,0,0,9,-1,0
D:\Project\Detection\UniScore-master\UniScore-master\UniScore-Server\src\connectors\QuestionConnector.java,connectors.QuestionConnector,class,3,4,1,3,24,1,0,29,28,0.0,0.0,0.0,8,0,8,0,0,0,8,0,0,0,0,0,0,0,0,0,0,0,16,179,19,5,11,0,0,12,66,41,2,40,2,0,0,0,49,1,0
D:\Project\Detection\UniScore-master\UniScore-master\UniScore-Client\src\com\utils\ErrorNotifier.java,com.utils.ErrorNotifier,class,1,21,20,1,1,6,0,27,0,0.0,NaN,NaN,1,0,1,0,0,0,1,0,0,0,0,0,0,0,0,0,0,0,1,62,0,0,0,0,0,6,31,7,0,7,0,1,0,0,38,1,0
D:\Project\Detection\UniScore-master\UniScore-master\UniScore-Client\src\connectivity\UniScoreInterface.java,connectivity.UniScoreInterface,interface,8,38,30,8,54,1,0,0,1431,0.0,0.0,0.0,54,0,54,0,0,0,54,0,0,0,0,0,0,0,0,0,0,0,0,56,0,0,0,0,0,0,0,0,0,0,0,0,0,0,70,1,0
D:\Project\Detection\UniScore-master\UniScore-master\UniScore-Server\src\admin\panels\navigation\StudentNavigationPanel.java,admin.panels.navigation.StudentNavigationPanel,class,2,5,3,2,2,6,0,13,0,0.0,1.0,1.0,2,0,2,0,0,0,2,0,0,0,1,0,0,1,0,0,0,0,1,31,1,0,0,0,0,4,2,3,0,3,0,1,0,0,14,1,0
D:\Project\Detection\UniScore-master\UniScore-master\UniScore-Client\src\models\Module.java,models.Module,class,0,19,19,0,17,1,0,0,68,0.7731093,0.25,0.88235295,17,0,17,0,0,0,17,0,0,0,3,0,0,3,0,0,0,0,0,66,7,0,0,0,0,1,0,20,0,7,0,0,0,0,19,1,0
D:\Project\Detection\UniScore-master\UniScore-master\UniScore-Server\src\connectivity\UniScoreServer.java,connectivity.UniScoreServer,class,6,6,0,6,3,1,0,8,0,0.75,NaN,NaN,1,1,1,0,0,0,1,0,0,0,4,4,4,0,0,0,0,0,3,25,0,0,0,1,0,7,1,3,1,6,2,0,0,0,26,1,0
D:\Project\Detection\UniScore-master\UniScore-master\UniScore-Client\src\lecturer\panels\content\StudentContentPanel.java,lecturer.panels.content.StudentContentPanel$Anonymous1,anonymous,9,9,0,9,7,1,0,22,0,0.0,NaN,NaN,1,0,1,0,0,0,1,0,0,0,0,0,0,0,0,0,0,0,1,41,0,0,3,1,0,14,10,8,8,7,3,0,0,0,48,-1,0
D:\Project\Detection\UniScore-master\UniScore-master\UniScore-Client\src\lecturer\panels\content\StudentContentPanel.java,lecturer.panels.content.StudentContentPanel$Anonymous2,anonymous,1,1,0,1,1,1,0,3,0,0.0,NaN,NaN,1,0,1,0,0,0,1,0,0,0,0,0,0,0,0,0,0,0,0,5,0,0,0,0,0,0,0,0,0,0,0,0,0,0,8,-1,0
D:\Project\Detection\UniScore-master\UniScore-master\UniScore-Server\src\connectors\LoginConnector.java,connectors.LoginConnector,class,2,3,1,2,4,1,0,8,0,0.0,NaN,NaN,1,0,1,0,0,0,1,0,0,0,0,0,0,0,0,0,0,0,2,18,2,1,2,0,1,1,5,6,0,5,2,0,0,0,36,1,0
D:\Project\Detection\UniScore-master\UniScore-master\UniScore-Server\src\models\Grade.java,Grade,class,3,4,1,3,6,1,0,0,3,0.5,0.0,0.0,6,0,6,0,0,0,6,0,0,0,2,0,0,2,0,0,0,0,0,22,2,0,0,0,0,1,0,4,0,2,0,0,0,0,8,1,0
D:\Project\Detection\UniScore-master\UniScore-master\UniScore-Client\src\lecturer\panels\navigation\NamePanel.java,lecturer.panels.navigation.NamePanel,class,1,2,1,1,2,1,0,13,0,0.0,1.0,1.0,2,0,2,0,0,0,2,0,0,0,1,0,0,1,0,0,0,0,1,24,1,0,0,0,0,2,10,3,1,3,0,0,0,0,10,1,0
D:\Project\Detection\UniScore-master\UniScore-master\UniScore-Server\src\connectors\ActivityConnector.java,connectors.ActivityConnector,class,3,4,1,3,14,1,0,18,15,0.0,0.0,0.0,6,0,6,0,0,0,6,0,0,0,0,0,0,0,0,0,0,0,8,82,11,3,5,0,0,4,17,21,0,21,2,0,0,0,42,1,0
D:\Project\Detection\UniScore-master\UniScore-master\UniScore-Client\src\main\panels\LoginPanel.java,main.panels.LoginPanel,class,2,10,8,2,1,6,0,13,0,0.0,NaN,NaN,1,0,1,0,0,0,1,0,0,0,1,0,0,1,0,0,0,0,0,13,0,0,0,0,0,3,0,1,0,1,0,0,0,0,26,1,0
D:\Project\Detection\UniScore-master\UniScore-master\UniScore-Client\src\lecturer\panels\navigation\ExamNavigationPanel.java,lecturer.panels.navigation.ExamNavigationPanel$Anonymous1,anonymous,3,3,0,3,1,1,0,1,0,0.0,NaN,NaN,1,0,1,0,0,0,1,0,0,0,0,0,0,0,0,0,0,0,1,7,0,0,0,0,0,0,0,2,0,0,0,0,0,0,9,-1,0
D:\Project\Detection\UniScore-master\UniScore-master\UniScore-Server\src\com\panels\ContentPanel.java,ContentPanel,class,2,3,1,2,1,1,0,0,0,0.0,NaN,NaN,1,0,1,0,0,0,1,1,0,0,0,0,0,0,0,0,0,0,0,3,0,0,0,0,0,1,0,0,0,0,0,0,0,0,4,1025,0
D:\Project\Detection\UniScore-master\UniScore-master\UniScore-Server\src\connectors\ConnectorInterface.java,connectors.ConnectorInterface,interface,1,8,7,1,5,1,0,0,10,0.0,0.0,0.0,5,0,5,0,0,0,5,0,0,0,0,0,0,0,0,0,0,0,0,7,0,0,0,0,0,0,0,0,0,0,0,0,0,0,11,1,0
D:\Project\Detection\UniScore-master\UniScore-master\UniScore-Client\src\models\Grade.java,models.Grade,class,0,3,3,0,6,1,0,0,3,0.5,0.4,0.6666667,6,0,6,0,0,0,6,0,0,0,2,0,0,2,0,0,0,0,0,22,2,0,0,0,0,1,0,4,0,2,0,0,0,0,8,1,0
D:\Project\Detection\UniScore-master\UniScore-master\UniScore-Client\src\student\panels\navigation\SubmissionNavigationPanel.java,student.panels.navigation.SubmissionNavigationPanel$Anonymous1,anonymous,3,3,0,3,1,1,0,1,0,0.0,NaN,NaN,1,0,1,0,0,0,1,0,0,0,0,0,0,0,0,0,0,0,1,7,0,0,0,0,0,0,0,2,0,0,0,0,0,0,9,-1,0
D:\Project\Detection\UniScore-master\UniScore-master\UniScore-Server\src\admin\panels\navigation\StudentNavigationPanel.java,admin.panels.navigation.StudentNavigationPanel$Anonymous1,anonymous,3,3,0,3,1,1,0,1,0,0.0,NaN,NaN,1,0,1,0,0,0,1,0,0,0,0,0,0,0,0,0,0,0,1,7,0,0,0,0,0,0,0,2,0,0,0,0,0,0,9,-1,0
D:\Project\Detection\UniScore-master\UniScore-master\UniScore-Client\src\student\panels\navigation\ModuleNavigationPanel.java,student.panels.navigation.ModuleNavigationPanel$Anonymous1,anonymous,3,3,0,3,1,1,0,1,0,0.0,NaN,NaN,1,0,1,0,0,0,1,0,0,0,0,0,0,0,0,0,0,0,1,7,0,0,0,0,0,0,0,2,0,0,0,0,0,0,9,-1,0
D:\Project\Detection\UniScore-master\UniScore-master\UniScore-Server\src\models\User.java,User,class,4,5,1,4,27,1,0,0,233,0.85493827,0.0,0.0,27,0,27,0,0,0,27,0,0,0,3,0,0,3,0,0,0,0,0,106,12,0,0,0,0,1,0,35,0,12,0,0,0,0,31,1,0
D:\Project\Detection\UniScore-master\UniScore-master\UniScore-Server\src\com\utils\IpifyAPI.java,com.utils.IpifyAPI,class,0,1,1,0,1,1,0,3,0,0.0,NaN,NaN,1,1,1,0,0,0,1,0,0,0,0,0,0,0,0,0,0,0,0,6,1,0,0,0,0,4,0,1,0,1,0,0,0,0,8,1,0
D:\Project\Detection\UniScore-master\UniScore-master\UniScore-Client\src\lecturer\panels\navigation\ModuleNavigationPanel.java,lecturer.panels.navigation.ModuleNavigationPanel$Anonymous1,anonymous,3,3,0,3,1,1,0,1,0,0.0,NaN,NaN,1,0,1,0,0,0,1,0,0,0,0,0,0,0,0,0,0,0,1,7,0,0,0,0,0,0,0,2,0,0,0,0,0,0,9,-1,0
D:\Project\Detection\UniScore-master\UniScore-master\UniScore-Server\src\admin\panels\content\LoginContentPanel.java,admin.panels.content.LoginContentPanel$Anonymous1,anonymous,3,3,0,3,8,1,0,21,3,0.0,0.0,0.0,3,0,3,0,0,0,3,0,0,0,0,0,0,0,0,0,0,0,0,49,0,0,2,1,0,2,3,4,1,2,4,0,0,0,32,-1,0
D:\Project\Detection\UniScore-master\UniScore-master\UniScore-Client\src\student\panels\navigation\ExamNavigationPanel.java,student.panels.navigation.ExamNavigationPanel$Anonymous1,anonymous,3,3,0,3,1,1,0,1,0,0.0,NaN,NaN,1,0,1,0,0,0,1,0,0,0,0,0,0,0,0,0,0,0,1,7,0,0,0,0,0,0,0,2,0,0,0,0,0,0,9,-1,0
D:\Project\Detection\UniScore-master\UniScore-master\UniScore-Server\src\com\utils\Mail.java,com.utils.Mail,class,4,5,1,4,1,1,0,8,0,0.0,NaN,NaN,1,1,1,0,0,0,1,0,0,0,0,0,0,0,0,0,0,0,0,24,0,0,0,0,0,13,0,5,0,5,0,1,0,0,19,1,0
D:\Project\Detection\UniScore-master\UniScore-master\UniScore-Client\src\lecturer\panels\content\RemoveQuestionNotifier.java,lecturer.panels.content.RemoveQuestionNotifier$Anonymous2,anonymous,0,0,0,0,3,1,0,4,3,0.0,0.0,0.0,3,0,3,0,0,0,3,0,0,0,0,0,0,0,0,0,0,0,0,15,0,0,0,0,0,0,9,0,0,0,0,0,0,0,11,-1,0
D:\Project\Detection\UniScore-master\UniScore-master\UniScore-Client\src\lecturer\panels\content\RemoveQuestionNotifier.java,lecturer.panels.content.RemoveQuestionNotifier$Anonymous1,anonymous,9,9,0,9,7,1,0,13,3,0.0,0.0,0.0,3,0,3,0,0,0,3,0,0,0,0,0,0,0,0,0,0,0,0,43,0,0,0,1,0,15,9,6,9,6,2,0,0,0,52,-1,0
D:\Project\Detection\UniScore-master\UniScore-master\UniScore-Server\src\com\utils\Encryptor.java,com.utils.Encryptor,class,3,5,2,3,3,1,0,11,1,0.0,NaN,NaN,2,2,1,1,0,0,1,0,0,0,0,0,0,0,0,0,0,0,3,17,2,1,0,0,1,1,5,6,1,5,1,0,0,0,26,1,0
D:\Project\Detection\UniScore-master\UniScore-master\UniScore-Client\src\com\utils\SuccessNotifier.java,com.utils.SuccessNotifier$Anonymous1,anonymous,1,1,0,1,5,1,0,5,3,0.0,0.0,0.0,3,0,3,0,0,0,3,0,0,0,0,0,0,0,0,0,0,0,1,23,0,0,2,0,0,0,9,2,0,0,1,0,0,0,16,-1,0
D:\Project\Detection\UniScore-master\UniScore-master\UniScore-Client\src\com\panels\content\LoginContentPanel.java,com.panels.content.LoginContentPanel$Anonymous1,anonymous,1,1,0,1,2,1,0,2,0,0.0,NaN,NaN,1,0,1,0,0,0,1,0,0,0,0,0,0,0,0,0,0,0,0,7,0,0,1,0,0,0,1,0,0,0,1,0,0,0,7,-1,0
D:\Project\Detection\UniScore-master\UniScore-master\UniScore-Client\src\student\panels\navigation\LogoutNavigationPanel.java,student.panels.navigation.LogoutNavigationPanel$Anonymous1,anonymous,3,3,0,3,1,1,0,3,0,0.0,NaN,NaN,1,0,1,0,0,0,1,0,0,0,0,0,0,0,0,0,0,0,1,10,0,0,0,0,0,0,0,3,0,0,0,0,0,0,11,-1,0
D:\Project\Detection\UniScore-master\UniScore-master\UniScore-Server\src\admin\panels\navigation\LecturerNavigationPanel.java,admin.panels.navigation.LecturerNavigationPanel$Anonymous1,anonymous,3,3,0,3,1,1,0,1,0,0.0,NaN,NaN,1,0,1,0,0,0,1,0,0,0,0,0,0,0,0,0,0,0,1,7,0,0,0,0,0,0,0,2,0,0,0,0,0,0,9,-1,0
D:\Project\Detection\UniScore-master\UniScore-master\UniScore-Server\src\admin\panels\navigation\ExamsNavigationPanel.java,admin.panels.navigation.ExamsNavigationPanel,class,2,5,3,2,2,6,0,13,0,0.0,1.0,1.0,2,0,2,0,0,0,2,0,0,0,1,0,0,1,0,0,0,0,1,31,1,0,0,0,0,4,2,3,0,3,0,1,0,0,14,1,0
D:\Project\Detection\UniScore-master\UniScore-master\UniScore-Client\src\student\panels\navigation\ModuleNavigationPanel.java,student.panels.navigation.ModuleNavigationPanel,class,2,5,3,2,2,6,0,13,0,0.0,1.0,1.0,2,0,2,0,0,0,2,0,0,0,1,0,0,1,0,0,0,0,1,31,1,0,0,0,0,5,2,3,0,3,0,1,0,0,14,1,0
D:\Project\Detection\UniScore-master\UniScore-master\UniScore-Server\src\admin\panels\content\StudentContentPanel.java,admin.panels.content.StudentContentPanel,class,5,9,4,5,7,6,0,50,0,0.6,0.6666667,1.0,4,0,4,0,0,0,4,0,0,0,5,0,0,0,0,5,0,0,1,211,1,1,1,1,0,57,122,33,11,32,2,1,0,0,70,1,0
D:\Project\Detection\UniScore-master\UniScore-master\UniScore-Client\src\com\panels\content\LoginContentPanel.java,com.panels.content.LoginContentPanel$Anonymous2,anonymous,1,1,0,1,3,1,0,4,3,0.0,0.0,0.0,3,0,3,0,0,0,3,0,0,0,0,0,0,0,0,0,0,0,0,15,0,0,0,0,0,0,0,0,0,0,0,0,0,0,12,-1,0
D:\Project\Detection\UniScore-master\UniScore-master\UniScore-Client\src\lecturer\panels\content\SubmissionMailer.java,lecturer.panels.content.SubmissionMailer,class,1,2,1,1,1,6,0,27,0,0.0,NaN,NaN,1,0,1,0,0,0,1,0,0,0,3,0,0,3,0,0,0,0,1,130,0,0,0,0,0,10,54,9,1,9,0,1,0,0,48,1,0
D:\Project\Detection\UniScore-master\UniScore-master\UniScore-Server\src\admin\panels\navigation\DashboardNavigationPanel.java,admin.panels.navigation.DashboardNavigationPanel$Anonymous1,anonymous,3,3,0,3,1,1,0,1,0,0.0,NaN,NaN,1,0,1,0,0,0,1,0,0,0,0,0,0,0,0,0,0,0,1,7,0,0,0,0,0,0,0,2,0,0,0,0,0,0,9,-1,0
D:\Project\Detection\UniScore-master\UniScore-master\UniScore-Server\src\admin\panels\content\StudentContentPanel.java,admin.panels.content.StudentContentPanel$Anonymous1,anonymous,3,3,0,3,3,1,0,15,0,0.0,NaN,NaN,1,0,1,0,0,0,1,0,0,0,0,0,0,0,0,0,0,0,0,15,0,0,1,1,0,0,2,2,0,2,2,0,0,0,13,-1,0
D:\Project\Detection\UniScore-master\UniScore-master\UniScore-Client\src\com\utils\BarChartFrame.java,com.utils.BarChartFrame,class,8,10,2,8,1,6,0,36,0,0.0,NaN,NaN,1,0,1,0,0,0,1,0,0,0,0,0,0,0,0,0,0,0,4,39,0,0,0,0,0,5,8,5,0,5,0,0,0,0,31,1,0
D:\Project\Detection\UniScore-master\UniScore-master\UniScore-Client\src\lecturer\panels\navigation\StudentNavigationPanel.java,lecturer.panels.navigation.StudentNavigationPanel$Anonymous1,anonymous,3,3,0,3,1,1,0,1,0,0.0,NaN,NaN,1,0,1,0,0,0,1,0,0,0,0,0,0,0,0,0,0,0,1,7,0,0,0,0,0,0,0,2,0,0,0,0,0,0,9,-1,0
D:\Project\Detection\UniScore-master\UniScore-master\UniScore-Client\src\com\utils\BarChartPanel.java,com.utils.BarChartPanel,class,7,8,1,7,2,1,0,36,0,0.0,1.0,1.0,2,0,2,0,0,0,2,0,0,0,1,0,0,0,0,1,0,0,0,41,1,0,0,0,0,0,10,4,0,4,0,0,0,0,29,1,0
D:\Project\Detection\UniScore-master\UniScore-master\UniScore-Server\src\admin\panels\navigation\DashboardNavigationPanel.java,admin.panels.navigation.DashboardNavigationPanel,class,2,4,2,2,2,6,0,13,0,0.0,1.0,1.0,2,0,2,0,0,0,2,0,0,0,1,0,0,1,0,0,0,0,1,31,1,0,0,0,0,5,2,3,0,3,0,1,0,0,14,1,0
D:\Project\Detection\UniScore-master\UniScore-master\UniScore-Client\src\lecturer\panels\content\CreateQuestionContentPanel.java,lecturer.panels.content.CreateQuestionContentPanel$Anonymous1,anonymous,3,3,0,3,1,1,0,1,0,0.0,NaN,NaN,1,0,1,0,0,0,1,0,0,0,0,0,0,0,0,0,0,0,1,7,0,0,0,0,0,0,0,2,0,0,0,0,0,0,11,-1,0
D:\Project\Detection\UniScore-master\UniScore-master\UniScore-Client\src\lecturer\panels\content\ModuleContentPanel.java,lecturer.panels.content.ModuleContentPanel$Anonymous1,anonymous,4,4,0,4,7,1,0,10,0,0.0,NaN,NaN,0,0,0,0,0,0,1,0,0,0,0,0,0,0,0,0,0,0,0,40,0,2,0,1,0,9,2,8,7,8,4,0,0,0,36,-1,0
D:\Project\Detection\UniScore-master\UniScore-master\UniScore-Client\src\lecturer\panels\content\CreateQuestionContentPanel.java,lecturer.panels.content.CreateQuestionContentPanel$Anonymous2,anonymous,10,10,0,10,12,1,0,19,0,0.0,NaN,NaN,1,0,1,0,0,0,1,0,0,0,0,0,0,0,0,0,0,0,0,72,0,0,2,1,0,17,9,15,10,15,4,0,0,0,55,-1,0
D:\Project\Detection\UniScore-master\UniScore-master\UniScore-Client\src\lecturer\panels\content\CreateQuestionContentPanel.java,lecturer.panels.content.CreateQuestionContentPanel$Anonymous3,anonymous,0,0,0,0,2,1,0,3,0,0.0,NaN,NaN,1,0,1,0,0,0,1,0,0,0,0,0,0,0,0,0,0,0,0,14,1,0,0,0,0,0,0,1,0,1,1,0,0,0,13,-1,0
D:\Project\Detection\UniScore-master\UniScore-master\UniScore-Client\src\lecturer\panels\content\CreateQuestionContentPanel.java,lecturer.panels.content.CreateQuestionContentPanel$Anonymous4,anonymous,0,0,0,0,1,1,0,1,0,0.0,NaN,NaN,1,0,0,0,1,0,1,0,0,0,0,0,0,0,0,0,0,0,0,7,1,0,0,0,0,0,4,1,0,1,0,0,0,0,10,-1,0
D:\Project\Detection\UniScore-master\UniScore-master\UniScore-Server\src\admin\panels\content\LecturerContentPanel.java,admin.panels.content.LecturerContentPanel$Anonymous1,anonymous,3,3,0,3,3,1,0,15,0,0.0,NaN,NaN,1,0,1,0,0,0,1,0,0,0,0,0,0,0,0,0,0,0,0,15,0,0,1,1,0,0,2,2,0,2,2,0,0,0,13,-1,0
D:\Project\Detection\UniScore-master\UniScore-master\UniScore-Server\src\admin\panels\navigation\LogoutNavigationPanel.java,admin.panels.navigation.LogoutNavigationPanel$Anonymous1,anonymous,3,3,0,3,1,1,0,3,0,0.0,NaN,NaN,1,0,1,0,0,0,1,0,0,0,0,0,0,0,0,0,0,0,1,10,0,0,0,0,0,0,0,3,0,0,0,0,0,0,11,-1,0
D:\Project\Detection\UniScore-master\UniScore-master\UniScore-Client\src\lecturer\panels\navigation\DashboardNavigationPanel.java,lecturer.panels.navigation.DashboardNavigationPanel,class,2,4,2,2,2,6,0,13,0,0.0,1.0,1.0,2,0,2,0,0,0,2,0,0,0,1,0,0,1,0,0,0,0,1,31,1,0,0,0,0,5,2,3,0,3,0,1,0,0,14,1,0
D:\Project\Detection\UniScore-master\UniScore-master\UniScore-Server\src\main\panels\LoginPanel.java,LoginPanel,class,4,4,0,4,2,1,0,9,1,0.5,0.0,0.0,2,0,2,0,0,0,2,0,0,0,1,0,0,1,0,0,0,0,0,14,0,0,0,0,0,2,0,1,0,1,0,0,0,0,22,1,0
D:\Project\Detection\UniScore-master\UniScore-master\UniScore-Client\src\lecturer\panels\content\ExamContentPanel.java,lecturer.panels.content.ExamContentPanel,class,9,14,5,9,20,6,0,65,9,0.7346939,0.0,0.0,7,0,2,5,0,0,2,0,0,0,7,0,0,7,0,0,0,0,4,426,1,2,1,2,0,52,173,60,21,56,5,4,0,0,87,1,0
D:\Project\Detection\UniScore-master\UniScore-master\UniScore-Client\src\lecturer\panels\navigation\QuestionNavigationPanel.java,lecturer.panels.navigation.QuestionNavigationPanel,class,2,13,11,2,2,6,0,13,0,0.0,1.0,1.0,2,0,2,0,0,0,2,0,0,0,1,0,0,1,0,0,0,0,1,31,1,0,0,0,0,5,2,3,0,3,0,1,0,0,14,1,0
D:\Project\Detection\UniScore-master\UniScore-master\UniScore-Client\src\models\Activity.java,models.Activity,class,0,13,13,0,10,1,0,0,29,0.75,0.17777778,0.26666668,10,0,10,0,0,0,10,0,0,0,3,0,0,2,0,1,0,0,0,35,4,0,0,0,0,1,0,6,0,4,0,0,0,0,12,1,0
D:\Project\Detection\UniScore-master\UniScore-master\UniScore-Client\src\models\Question.java,models.Question,class,0,10,10,0,22,1,0,0,175,0.8681819,0.121212125,0.74458873,22,0,22,0,0,0,22,0,0,0,3,0,0,3,0,0,0,0,0,78,10,0,0,0,0,1,0,19,0,10,0,0,0,0,24,1,0
D:\Project\Detection\UniScore-master\UniScore-master\UniScore-Client\src\com\panels\content\LoginContentPanel.java,com.panels.content.LoginContentPanel,class,8,11,3,8,19,6,0,39,0,0.51515156,0.6666667,1.0,3,0,3,0,0,0,3,0,0,0,11,0,0,11,0,0,0,0,1,171,1,0,8,1,2,35,61,21,15,18,4,2,0,0,71,1,0
D:\Project\Detection\UniScore-master\UniScore-master\UniScore-Client\src\lecturer\panels\navigation\ModuleNavigationPanel.java,lecturer.panels.navigation.ModuleNavigationPanel,class,2,5,3,2,2,6,0,13,0,0.0,1.0,1.0,2,0,2,0,0,0,2,0,0,0,1,0,0,1,0,0,0,0,1,31,1,0,0,0,0,5,2,3,0,3,0,1,0,0,14,1,0
D:\Project\Detection\UniScore-master\UniScore-master\UniScore-Client\src\student\panels\navigation\DashboardNavigationPanel.java,student.panels.navigation.DashboardNavigationPanel,class,2,4,2,2,2,6,0,13,0,0.0,1.0,1.0,2,0,2,0,0,0,2,0,0,0,1,0,0,1,0,0,0,0,1,31,1,0,0,0,0,5,2,3,0,3,0,1,0,0,14,1,0
D:\Project\Detection\UniScore-master\UniScore-master\UniScore-Client\src\lecturer\panels\content\CreateQuestionContentPanel.java,lecturer.panels.content.CreateQuestionContentPanel,class,4,7,3,4,8,6,0,34,7,0.7738095,0.0,0.0,7,0,2,5,0,0,2,0,0,0,12,0,0,12,0,0,0,0,2,378,1,0,0,0,1,35,192,49,9,47,1,4,0,0,68,1,0
D:\Project\Detection\UniScore-master\UniScore-master\UniScore-Server\src\admin\panels\content\ExamsContentPanel.java,admin.panels.content.ExamsContentPanel,class,6,10,4,6,9,6,0,49,0,0.6,0.6666667,1.0,4,0,4,0,0,0,4,0,0,0,5,0,0,0,0,5,0,0,1,212,1,2,2,1,0,51,119,33,9,32,3,1,0,0,54,1,0
D:\Project\Detection\UniScore-master\UniScore-master\UniScore-Server\src\admin\panels\navigation\NavigationUserAvatar.java,admin.panels.navigation.NavigationUserAvatar,class,1,2,1,1,2,1,0,4,0,0.0,1.0,1.0,2,0,2,0,0,0,2,0,0,0,1,0,0,1,0,0,0,0,0,11,1,0,0,0,0,2,4,1,0,1,0,0,0,0,10,1,0
D:\Project\Detection\UniScore-master\UniScore-master\UniScore-Server\src\connectors\GradeConnector.java,connectors.GradeConnector,class,3,4,1,3,13,1,0,14,10,0.0,0.0,0.0,5,0,5,0,0,0,5,0,0,0,0,0,0,0,0,0,0,0,8,72,11,2,6,0,0,4,11,19,0,19,2,0,0,0,40,1,0
D:\Project\Detection\UniScore-master\UniScore-master\UniScore-Client\src\com\utils\ExceptionList.java,com.utils.ExceptionList,class,0,0,0,0,0,1,0,0,0,NaN,-1.0,-1.0,0,0,0,0,0,0,0,0,0,0,11,11,11,0,0,0,0,0,0,13,0,0,0,0,0,0,11,11,0,11,0,0,0,0,25,1,0
