file,class,type,cbo,wmc,rfc,lcom
D:\Project\Detection\UniScore-master\UniScore-master\UniScore-Client\src\lecturer\panels\content\DashboardContentPanel.java,lecturer.panels.content.DashboardContentPanel$Anonymous1,anonymous,3,1,1,0
D:\Project\Detection\UniScore-master\UniScore-master\UniScore-Client\src\lecturer\panels\content\DashboardContentPanel.java,lecturer.panels.content.DashboardContentPanel$Anonymous3,anonymous,3,1,1,0
D:\Project\Detection\UniScore-master\UniScore-master\UniScore-Client\src\lecturer\panels\navigation\LogoutNavigationPanel.java,lecturer.panels.navigation.LogoutNavigationPanel,class,2,2,13,0
D:\Project\Detection\UniScore-master\UniScore-master\UniScore-Client\src\lecturer\panels\content\DashboardContentPanel.java,lecturer.panels.content.DashboardContentPanel$Anonymous2,anonymous,3,1,1,0
D:\Project\Detection\UniScore-master\UniScore-master\UniScore-Client\src\lecturer\panels\content\DashboardContentPanel.java,lecturer.panels.content.DashboardContentPanel$Anonymous4,anonymous,8,4,9,0
D:\Project\Detection\UniScore-master\UniScore-master\UniScore-Server\src\models\Activity.java,Activity,class,4,10,0,29
D:\Project\Detection\UniScore-master\UniScore-master\UniScore-Server\src\connectors\SubmissionConnector.java,connectors.SubmissionConnector,class,10,46,35,55
D:\Project\Detection\UniScore-master\UniScore-master\UniScore-Client\src\student\panels\navigation\DashboardNavigationPanel.java,student.panels.navigation.DashboardNavigationPanel$Anonymous1,anonymous,3,1,1,0
D:\Project\Detection\UniScore-master\UniScore-master\UniScore-Server\src\connectivity\DBConnection.java,connectivity.DBConnection,class,1,4,3,1
D:\Project\Detection\UniScore-master\UniScore-master\UniScore-Client\src\lecturer\panels\content\DisplayQuestionsContentPanel.java,lecturer.panels.content.DisplayQuestionsContentPanel,class,8,19,77,8
D:\Project\Detection\UniScore-master\UniScore-master\UniScore-Server\src\admin\panels\navigation\LecturerNavigationPanel.java,admin.panels.navigation.LecturerNavigationPanel,class,2,2,13,0
D:\Project\Detection\UniScore-master\UniScore-master\UniScore-Client\src\student\panels\content\ModuleContentPanel.java,student.panels.content.ModuleContentPanel,class,3,4,11,0
D:\Project\Detection\UniScore-master\UniScore-master\UniScore-Client\src\com\utils\ContentTable.java,com.utils.ContentTable,class,0,1,0,0
D:\Project\Detection\UniScore-master\UniScore-master\UniScore-Server\src\models\Exam.java,Exam,class,4,18,0,109
D:\Project\Detection\UniScore-master\UniScore-master\UniScore-Client\src\lecturer\panels\content\ExamContentPanel.java,lecturer.panels.content.ExamContentPanel$Anonymous1,anonymous,7,4,13,0
D:\Project\Detection\UniScore-master\UniScore-master\UniScore-Client\src\com\panels\ContentPanel.java,com.panels.ContentPanel,class,0,1,0,0
D:\Project\Detection\UniScore-master\UniScore-master\UniScore-Client\src\lecturer\panels\content\ExamContentPanel.java,lecturer.panels.content.ExamContentPanel$Anonymous2,anonymous,1,1,1,0
D:\Project\Detection\UniScore-master\UniScore-master\UniScore-Client\src\lecturer\panels\content\ExamContentPanel.java,lecturer.panels.content.ExamContentPanel$Anonymous3,anonymous,6,5,12,0
D:\Project\Detection\UniScore-master\UniScore-master\UniScore-Client\src\lecturer\panels\content\QuestionnaireContentPanel.java,lecturer.panels.content.QuestionnaireContentPanel,class,8,14,62,9
D:\Project\Detection\UniScore-master\UniScore-master\UniScore-Client\src\lecturer\panels\navigation\DashboardNavigationPanel.java,lecturer.panels.navigation.DashboardNavigationPanel$Anonymous1,anonymous,3,1,1,0
D:\Project\Detection\UniScore-master\UniScore-master\UniScore-Client\src\lecturer\panels\content\ExamContentPanel.java,lecturer.panels.content.ExamContentPanel$Anonymous4,anonymous,5,5,15,0
D:\Project\Detection\UniScore-master\UniScore-master\UniScore-Client\src\lecturer\panels\content\DisplayQuestionsContentPanel.java,lecturer.panels.content.DisplayQuestionsContentPanel$Anonymous4,anonymous,1,1,3,0
D:\Project\Detection\UniScore-master\UniScore-master\UniScore-Client\src\lecturer\panels\content\DisplayQuestionsContentPanel.java,lecturer.panels.content.DisplayQuestionsContentPanel$Anonymous3,anonymous,4,3,15,0
D:\Project\Detection\UniScore-master\UniScore-master\UniScore-Server\src\connectors\UserConnector.java,connectors.UserConnector,class,3,28,32,36
D:\Project\Detection\UniScore-master\UniScore-master\UniScore-Client\src\lecturer\panels\content\DisplayQuestionsContentPanel.java,lecturer.panels.content.DisplayQuestionsContentPanel$Anonymous2,anonymous,3,1,1,0
D:\Project\Detection\UniScore-master\UniScore-master\UniScore-Client\src\lecturer\panels\content\DisplayQuestionsContentPanel.java,lecturer.panels.content.DisplayQuestionsContentPanel$Anonymous1,anonymous,3,1,1,0
D:\Project\Detection\UniScore-master\UniScore-master\UniScore-Server\src\admin\panels\content\LoginContentPanel.java,admin.panels.content.LoginContentPanel,class,2,2,18,0
D:\Project\Detection\UniScore-master\UniScore-master\UniScore-Client\src\student\panels\navigation\ExamNavigationPanel.java,student.panels.navigation.ExamNavigationPanel,class,2,2,13,0
D:\Project\Detection\UniScore-master\UniScore-master\UniScore-Client\src\student\panels\content\SubmissionContentPanel.java,student.panels.content.SubmissionContentPanel,class,6,5,37,0
D:\Project\Detection\UniScore-master\UniScore-master\UniScore-Client\src\lecturer\panels\content\QuestionnaireContentPanel.java,lecturer.panels.content.QuestionnaireContentPanel$Anonymous1,anonymous,3,1,1,0
D:\Project\Detection\UniScore-master\UniScore-master\UniScore-Client\src\lecturer\panels\content\QuestionnaireContentPanel.java,lecturer.panels.content.QuestionnaireContentPanel$Anonymous2,anonymous,5,5,15,0
D:\Project\Detection\UniScore-master\UniScore-master\UniScore-Client\src\models\User.java,models.User,class,0,27,0,233
D:\Project\Detection\UniScore-master\UniScore-master\UniScore-Client\src\lecturer\panels\navigation\AvatarPanel.java,lecturer.panels.navigation.AvatarPanel,class,1,2,4,0
D:\Project\Detection\UniScore-master\UniScore-master\UniScore-Client\src\student\panels\navigation\LogoutNavigationPanel.java,student.panels.navigation.LogoutNavigationPanel,class,2,2,13,0
D:\Project\Detection\UniScore-master\UniScore-master\UniScore-Client\src\lecturer\panels\content\DisplayQuestionContentPanel.java,lecturer.panels.content.DisplayQuestionContentPanel,class,5,7,40,5
D:\Project\Detection\UniScore-master\UniScore-master\UniScore-Server\src\models\Module.java,Module,class,4,17,0,68
D:\Project\Detection\UniScore-master\UniScore-master\UniScore-Client\src\student\panels\navigation\NavigationUserAvatar.java,student.panels.navigation.NavigationUserAvatar,class,1,2,4,0
D:\Project\Detection\UniScore-master\UniScore-master\UniScore-Server\src\connectors\ExamConnector.java,connectors.ExamConnector,class,7,25,30,28
D:\Project\Detection\UniScore-master\UniScore-master\UniScore-Client\src\com\utils\UI.java,com.utils.UI,class,0,0,0,0
D:\Project\Detection\UniScore-master\UniScore-master\UniScore-Server\src\com\panels\NavigationPanel.java,NavigationPanel,class,2,1,0,0
D:\Project\Detection\UniScore-master\UniScore-master\UniScore-Server\src\main\panels\AdminPanel.java,main.panels.AdminPanel,class,11,6,23,2
D:\Project\Detection\UniScore-master\UniScore-master\UniScore-Server\src\com\utils\ContentTable.java,ContentTable,class,3,1,0,0
D:\Project\Detection\UniScore-master\UniScore-master\UniScore-Server\src\com\utils\Identification.java,Identification,class,1,6,2,0
D:\Project\Detection\UniScore-master\UniScore-master\UniScore-Client\src\lecturer\panels\content\DisplayQuestionContentPanel.java,lecturer.panels.content.DisplayQuestionContentPanel$Anonymous1,anonymous,1,1,1,0
D:\Project\Detection\UniScore-master\UniScore-master\UniScore-Client\src\main\panels\LecturerPanel.java,main.panels.LecturerPanel,class,12,6,29,2
D:\Project\Detection\UniScore-master\UniScore-master\UniScore-Server\src\com\utils\GenerateReport.java,com.utils.GenerateReport,class,6,5,12,0
D:\Project\Detection\UniScore-master\UniScore-master\UniScore-Client\src\lecturer\panels\content\DisplayQuestionContentPanel.java,lecturer.panels.content.DisplayQuestionContentPanel$Anonymous5,anonymous,0,1,1,0
D:\Project\Detection\UniScore-master\UniScore-master\UniScore-Client\src\lecturer\panels\content\DisplayQuestionContentPanel.java,lecturer.panels.content.DisplayQuestionContentPanel$Anonymous4,anonymous,0,2,3,0
D:\Project\Detection\UniScore-master\UniScore-master\UniScore-Client\src\student\panels\content\DashboardContentPanel.java,student.panels.content.DashboardContentPanel,class,3,5,16,0
D:\Project\Detection\UniScore-master\UniScore-master\UniScore-Client\src\com\utils\Identification.java,com.utils.Identification,class,0,6,2,0
D:\Project\Detection\UniScore-master\UniScore-master\UniScore-Client\src\lecturer\panels\content\DisplayQuestionContentPanel.java,lecturer.panels.content.DisplayQuestionContentPanel$Anonymous3,anonymous,9,11,20,0
D:\Project\Detection\UniScore-master\UniScore-master\UniScore-Client\src\lecturer\panels\navigation\ExamNavigationPanel.java,lecturer.panels.navigation.ExamNavigationPanel,class,2,2,13,0
D:\Project\Detection\UniScore-master\UniScore-master\UniScore-Client\src\student\panels\content\DashboardContentPanel.java,student.panels.content.DashboardContentPanel$Anonymous1,anonymous,3,1,1,0
D:\Project\Detection\UniScore-master\UniScore-master\UniScore-Server\src\admin\panels\navigation\ExamsNavigationPanel.java,admin.panels.navigation.ExamsNavigationPanel$Anonymous1,anonymous,3,1,1,0
D:\Project\Detection\UniScore-master\UniScore-master\UniScore-Server\src\admin\panels\navigation\ModulesNavigationPanel.java,admin.panels.navigation.ModulesNavigationPanel,class,2,2,13,0
D:\Project\Detection\UniScore-master\UniScore-master\UniScore-Server\src\connectivity\UniScoreInterface.java,UniScoreInterface,interface,11,54,0,1431
D:\Project\Detection\UniScore-master\UniScore-master\UniScore-Client\src\lecturer\panels\content\DisplayQuestionContentPanel.java,lecturer.panels.content.DisplayQuestionContentPanel$Anonymous2,anonymous,3,1,1,0
D:\Project\Detection\UniScore-master\UniScore-master\UniScore-Client\src\student\panels\content\DashboardContentPanel.java,student.panels.content.DashboardContentPanel$Anonymous2,anonymous,3,1,1,0
D:\Project\Detection\UniScore-master\UniScore-master\UniScore-Server\src\admin\panels\content\LecturerContentPanel.java,admin.panels.content.LecturerContentPanel,class,5,7,50,0
D:\Project\Detection\UniScore-master\UniScore-master\UniScore-Client\src\student\panels\content\DashboardContentPanel.java,student.panels.content.DashboardContentPanel$Anonymous3,anonymous,3,1,1,0
D:\Project\Detection\UniScore-master\UniScore-master\UniScore-Client\src\student\panels\content\ExamContentPanel.java,student.panels.content.ExamContentPanel,class,2,3,9,0
D:\Project\Detection\UniScore-master\UniScore-master\UniScore-Client\src\lecturer\panels\navigation\LogoutNavigationPanel.java,lecturer.panels.navigation.LogoutNavigationPanel$Anonymous1,anonymous,8,4,9,0
D:\Project\Detection\UniScore-master\UniScore-master\UniScore-Server\src\models\Question.java,Question,class,4,22,0,175
D:\Project\Detection\UniScore-master\UniScore-master\UniScore-Client\src\student\panels\navigation\SubmissionNavigationPanel.java,student.panels.navigation.SubmissionNavigationPanel,class,2,2,13,0
D:\Project\Detection\UniScore-master\UniScore-master\UniScore-Server\src\admin\panels\content\ModulesContentPanel.java,admin.panels.content.ModulesContentPanel,class,3,5,17,0
D:\Project\Detection\UniScore-master\UniScore-master\UniScore-Server\src\com\utils\Mail.java,com.utils.Mail$Anonymous1,anonymous,1,1,0,0
D:\Project\Detection\UniScore-master\UniScore-master\UniScore-Client\src\lecturer\panels\content\ModuleContentPanel.java,lecturer.panels.content.ModuleContentPanel,class,2,7,17,13
D:\Project\Detection\UniScore-master\UniScore-master\UniScore-Client\src\com\utils\SuccessNotifier.java,com.utils.SuccessNotifier,class,3,1,27,0
D:\Project\Detection\UniScore-master\UniScore-master\UniScore-Server\src\admin\panels\content\DashboardContentPanel.java,admin.panels.content.DashboardContentPanel$Anonymous1,anonymous,3,1,1,0
D:\Project\Detection\UniScore-master\UniScore-master\UniScore-Server\src\models\Submission.java,Submission,class,4,16,0,78
D:\Project\Detection\UniScore-master\UniScore-master\UniScore-Server\src\admin\panels\content\DashboardContentPanel.java,admin.panels.content.DashboardContentPanel$Anonymous2,anonymous,3,1,1,0
D:\Project\Detection\UniScore-master\UniScore-master\UniScore-Server\src\admin\panels\content\ModulesContentPanel.java,admin.panels.content.ModulesContentPanel$Anonymous1,anonymous,2,5,7,0
D:\Project\Detection\UniScore-master\UniScore-master\UniScore-Client\src\lecturer\panels\navigation\StudentNavigationPanel.java,lecturer.panels.navigation.StudentNavigationPanel,class,2,2,13,0
D:\Project\Detection\UniScore-master\UniScore-master\UniScore-Client\src\lecturer\panels\navigation\QuestionNavigationPanel.java,lecturer.panels.navigation.QuestionNavigationPanel$Anonymous1,anonymous,3,1,1,0
D:\Project\Detection\UniScore-master\UniScore-master\UniScore-Client\src\com\panels\NavigationPanel.java,com.panels.NavigationPanel,class,0,1,0,0
D:\Project\Detection\UniScore-master\UniScore-master\UniScore-Client\src\connectivity\UniScoreClient.java,connectivity.UniScoreClient,class,6,8,8,1
D:\Project\Detection\UniScore-master\UniScore-master\UniScore-Server\src\admin\panels\navigation\LogoutNavigationPanel.java,admin.panels.navigation.LogoutNavigationPanel,class,2,2,13,0
D:\Project\Detection\UniScore-master\UniScore-master\UniScore-Server\src\connectivity\UniScore.java,connectivity.UniScore,class,23,56,53,1485
D:\Project\Detection\UniScore-master\UniScore-master\UniScore-Client\src\lecturer\panels\content\DashboardContentPanel.java,lecturer.panels.content.DashboardContentPanel,class,9,19,42,13
D:\Project\Detection\UniScore-master\UniScore-master\UniScore-Client\src\com\utils\ErrorNotifier.java,com.utils.ErrorNotifier$Anonymous1,anonymous,0,3,4,3
D:\Project\Detection\UniScore-master\UniScore-master\UniScore-Server\src\admin\panels\content\ExamsContentPanel.java,admin.panels.content.ExamsContentPanel$Anonymous1,anonymous,4,3,19,0
D:\Project\Detection\UniScore-master\UniScore-master\UniScore-Client\src\lecturer\panels\content\RemoveQuestionNotifier.java,lecturer.panels.content.RemoveQuestionNotifier,class,4,1,31,0
D:\Project\Detection\UniScore-master\UniScore-master\UniScore-Server\src\admin\panels\content\DashboardContentPanel.java,admin.panels.content.DashboardContentPanel,class,3,5,16,0
D:\Project\Detection\UniScore-master\UniScore-master\UniScore-Server\src\connectors\ModuleConnector.java,connectors.ModuleConnector,class,5,29,25,21
D:\Project\Detection\UniScore-master\UniScore-master\UniScore-Client\src\lecturer\panels\content\SubmissionMailer.java,lecturer.panels.content.SubmissionMailer$Anonymous1,anonymous,8,10,18,3
D:\Project\Detection\UniScore-master\UniScore-master\UniScore-Client\src\models\Submission.java,models.Submission,class,0,16,0,78
D:\Project\Detection\UniScore-master\UniScore-master\UniScore-Client\src\lecturer\panels\content\StudentContentPanel.java,lecturer.panels.content.StudentContentPanel,class,7,14,67,10
D:\Project\Detection\UniScore-master\UniScore-master\UniScore-Server\src\admin\panels\navigation\ModulesNavigationPanel.java,admin.panels.navigation.ModulesNavigationPanel$Anonymous1,anonymous,3,1,1,0
D:\Project\Detection\UniScore-master\UniScore-master\UniScore-Client\src\models\Exam.java,models.Exam,class,0,18,0,109
D:\Project\Detection\UniScore-master\UniScore-master\UniScore-Server\src\com\utils\UI.java,UI,class,4,0,0,0
D:\Project\Detection\UniScore-master\UniScore-master\UniScore-Client\src\main\panels\StudentPanel.java,main.panels.StudentPanel,class,10,6,24,2
D:\Project\Detection\UniScore-master\UniScore-master\UniScore-Server\src\reports\SubmissionReport.java,reports.SubmissionReport,class,1,1,0,0
D:\Project\Detection\UniScore-master\UniScore-master\UniScore-Server\src\admin\panels\content\DashboardContentPanel.java,admin.panels.content.DashboardContentPanel$Anonymous3,anonymous,3,1,1,0
D:\Project\Detection\UniScore-master\UniScore-master\UniScore-Server\src\admin\panels\content\DashboardContentPanel.java,admin.panels.content.DashboardContentPanel$Anonymous4,anonymous,3,1,1,0
D:\Project\Detection\UniScore-master\UniScore-master\UniScore-Server\src\connectors\QuestionConnector.java,connectors.QuestionConnector,class,3,24,29,28
D:\Project\Detection\UniScore-master\UniScore-master\UniScore-Client\src\com\utils\ErrorNotifier.java,com.utils.ErrorNotifier,class,1,1,27,0
D:\Project\Detection\UniScore-master\UniScore-master\UniScore-Client\src\connectivity\UniScoreInterface.java,connectivity.UniScoreInterface,interface,8,54,0,1431
D:\Project\Detection\UniScore-master\UniScore-master\UniScore-Server\src\admin\panels\navigation\StudentNavigationPanel.java,admin.panels.navigation.StudentNavigationPanel,class,2,2,13,0
D:\Project\Detection\UniScore-master\UniScore-master\UniScore-Client\src\models\Module.java,models.Module,class,0,17,0,68
D:\Project\Detection\UniScore-master\UniScore-master\UniScore-Server\src\connectivity\UniScoreServer.java,connectivity.UniScoreServer,class,6,3,8,0
D:\Project\Detection\UniScore-master\UniScore-master\UniScore-Client\src\lecturer\panels\content\StudentContentPanel.java,lecturer.panels.content.StudentContentPanel$Anonymous1,anonymous,9,7,22,0
D:\Project\Detection\UniScore-master\UniScore-master\UniScore-Client\src\lecturer\panels\content\StudentContentPanel.java,lecturer.panels.content.StudentContentPanel$Anonymous2,anonymous,1,1,3,0
D:\Project\Detection\UniScore-master\UniScore-master\UniScore-Server\src\connectors\LoginConnector.java,connectors.LoginConnector,class,2,4,8,0
D:\Project\Detection\UniScore-master\UniScore-master\UniScore-Server\src\models\Grade.java,Grade,class,3,6,0,3
D:\Project\Detection\UniScore-master\UniScore-master\UniScore-Client\src\lecturer\panels\navigation\NamePanel.java,lecturer.panels.navigation.NamePanel,class,1,2,13,0
D:\Project\Detection\UniScore-master\UniScore-master\UniScore-Server\src\connectors\ActivityConnector.java,connectors.ActivityConnector,class,3,14,18,15
D:\Project\Detection\UniScore-master\UniScore-master\UniScore-Client\src\main\panels\LoginPanel.java,main.panels.LoginPanel,class,2,1,13,0
D:\Project\Detection\UniScore-master\UniScore-master\UniScore-Client\src\lecturer\panels\navigation\ExamNavigationPanel.java,lecturer.panels.navigation.ExamNavigationPanel$Anonymous1,anonymous,3,1,1,0
D:\Project\Detection\UniScore-master\UniScore-master\UniScore-Server\src\com\panels\ContentPanel.java,ContentPanel,class,2,1,0,0
D:\Project\Detection\UniScore-master\UniScore-master\UniScore-Server\src\connectors\ConnectorInterface.java,connectors.ConnectorInterface,interface,1,5,0,10
D:\Project\Detection\UniScore-master\UniScore-master\UniScore-Client\src\models\Grade.java,models.Grade,class,0,6,0,3
D:\Project\Detection\UniScore-master\UniScore-master\UniScore-Client\src\student\panels\navigation\SubmissionNavigationPanel.java,student.panels.navigation.SubmissionNavigationPanel$Anonymous1,anonymous,3,1,1,0
D:\Project\Detection\UniScore-master\UniScore-master\UniScore-Server\src\admin\panels\navigation\StudentNavigationPanel.java,admin.panels.navigation.StudentNavigationPanel$Anonymous1,anonymous,3,1,1,0
D:\Project\Detection\UniScore-master\UniScore-master\UniScore-Client\src\student\panels\navigation\ModuleNavigationPanel.java,student.panels.navigation.ModuleNavigationPanel$Anonymous1,anonymous,3,1,1,0
D:\Project\Detection\UniScore-master\UniScore-master\UniScore-Server\src\models\User.java,User,class,4,27,0,233
D:\Project\Detection\UniScore-master\UniScore-master\UniScore-Server\src\com\utils\IpifyAPI.java,com.utils.IpifyAPI,class,0,1,3,0
D:\Project\Detection\UniScore-master\UniScore-master\UniScore-Client\src\lecturer\panels\navigation\ModuleNavigationPanel.java,lecturer.panels.navigation.ModuleNavigationPanel$Anonymous1,anonymous,3,1,1,0
D:\Project\Detection\UniScore-master\UniScore-master\UniScore-Server\src\admin\panels\content\LoginContentPanel.java,admin.panels.content.LoginContentPanel$Anonymous1,anonymous,3,8,21,3
D:\Project\Detection\UniScore-master\UniScore-master\UniScore-Client\src\student\panels\navigation\ExamNavigationPanel.java,student.panels.navigation.ExamNavigationPanel$Anonymous1,anonymous,3,1,1,0
D:\Project\Detection\UniScore-master\UniScore-master\UniScore-Server\src\com\utils\Mail.java,com.utils.Mail,class,4,1,8,0
D:\Project\Detection\UniScore-master\UniScore-master\UniScore-Client\src\lecturer\panels\content\RemoveQuestionNotifier.java,lecturer.panels.content.RemoveQuestionNotifier$Anonymous2,anonymous,0,3,4,3
D:\Project\Detection\UniScore-master\UniScore-master\UniScore-Client\src\lecturer\panels\content\RemoveQuestionNotifier.java,lecturer.panels.content.RemoveQuestionNotifier$Anonymous1,anonymous,9,7,13,3
D:\Project\Detection\UniScore-master\UniScore-master\UniScore-Server\src\com\utils\Encryptor.java,com.utils.Encryptor,class,3,3,11,1
D:\Project\Detection\UniScore-master\UniScore-master\UniScore-Client\src\com\utils\SuccessNotifier.java,com.utils.SuccessNotifier$Anonymous1,anonymous,1,5,5,3
D:\Project\Detection\UniScore-master\UniScore-master\UniScore-Client\src\com\panels\content\LoginContentPanel.java,com.panels.content.LoginContentPanel$Anonymous1,anonymous,1,2,2,0
D:\Project\Detection\UniScore-master\UniScore-master\UniScore-Client\src\student\panels\navigation\LogoutNavigationPanel.java,student.panels.navigation.LogoutNavigationPanel$Anonymous1,anonymous,3,1,3,0
D:\Project\Detection\UniScore-master\UniScore-master\UniScore-Server\src\admin\panels\navigation\LecturerNavigationPanel.java,admin.panels.navigation.LecturerNavigationPanel$Anonymous1,anonymous,3,1,1,0
D:\Project\Detection\UniScore-master\UniScore-master\UniScore-Server\src\admin\panels\navigation\ExamsNavigationPanel.java,admin.panels.navigation.ExamsNavigationPanel,class,2,2,13,0
D:\Project\Detection\UniScore-master\UniScore-master\UniScore-Client\src\student\panels\navigation\ModuleNavigationPanel.java,student.panels.navigation.ModuleNavigationPanel,class,2,2,13,0
D:\Project\Detection\UniScore-master\UniScore-master\UniScore-Server\src\admin\panels\content\StudentContentPanel.java,admin.panels.content.StudentContentPanel,class,5,7,50,0
D:\Project\Detection\UniScore-master\UniScore-master\UniScore-Client\src\com\panels\content\LoginContentPanel.java,com.panels.content.LoginContentPanel$Anonymous2,anonymous,1,3,4,3
D:\Project\Detection\UniScore-master\UniScore-master\UniScore-Client\src\lecturer\panels\content\SubmissionMailer.java,lecturer.panels.content.SubmissionMailer,class,1,1,27,0
D:\Project\Detection\UniScore-master\UniScore-master\UniScore-Server\src\admin\panels\navigation\DashboardNavigationPanel.java,admin.panels.navigation.DashboardNavigationPanel$Anonymous1,anonymous,3,1,1,0
D:\Project\Detection\UniScore-master\UniScore-master\UniScore-Server\src\admin\panels\content\StudentContentPanel.java,admin.panels.content.StudentContentPanel$Anonymous1,anonymous,3,3,15,0
D:\Project\Detection\UniScore-master\UniScore-master\UniScore-Client\src\com\utils\BarChartFrame.java,com.utils.BarChartFrame,class,8,1,36,0
D:\Project\Detection\UniScore-master\UniScore-master\UniScore-Client\src\lecturer\panels\navigation\StudentNavigationPanel.java,lecturer.panels.navigation.StudentNavigationPanel$Anonymous1,anonymous,3,1,1,0
D:\Project\Detection\UniScore-master\UniScore-master\UniScore-Client\src\com\utils\BarChartPanel.java,com.utils.BarChartPanel,class,7,2,36,0
D:\Project\Detection\UniScore-master\UniScore-master\UniScore-Server\src\admin\panels\navigation\DashboardNavigationPanel.java,admin.panels.navigation.DashboardNavigationPanel,class,2,2,13,0
D:\Project\Detection\UniScore-master\UniScore-master\UniScore-Client\src\lecturer\panels\content\CreateQuestionContentPanel.java,lecturer.panels.content.CreateQuestionContentPanel$Anonymous1,anonymous,3,1,1,0
D:\Project\Detection\UniScore-master\UniScore-master\UniScore-Client\src\lecturer\panels\content\ModuleContentPanel.java,lecturer.panels.content.ModuleContentPanel$Anonymous1,anonymous,4,7,10,0
D:\Project\Detection\UniScore-master\UniScore-master\UniScore-Client\src\lecturer\panels\content\CreateQuestionContentPanel.java,lecturer.panels.content.CreateQuestionContentPanel$Anonymous2,anonymous,10,12,19,0
D:\Project\Detection\UniScore-master\UniScore-master\UniScore-Client\src\lecturer\panels\content\CreateQuestionContentPanel.java,lecturer.panels.content.CreateQuestionContentPanel$Anonymous3,anonymous,0,2,3,0
D:\Project\Detection\UniScore-master\UniScore-master\UniScore-Client\src\lecturer\panels\content\CreateQuestionContentPanel.java,lecturer.panels.content.CreateQuestionContentPanel$Anonymous4,anonymous,0,1,1,0
D:\Project\Detection\UniScore-master\UniScore-master\UniScore-Server\src\admin\panels\content\LecturerContentPanel.java,admin.panels.content.LecturerContentPanel$Anonymous1,anonymous,3,3,15,0
D:\Project\Detection\UniScore-master\UniScore-master\UniScore-Server\src\admin\panels\navigation\LogoutNavigationPanel.java,admin.panels.navigation.LogoutNavigationPanel$Anonymous1,anonymous,3,1,3,0
D:\Project\Detection\UniScore-master\UniScore-master\UniScore-Client\src\lecturer\panels\navigation\DashboardNavigationPanel.java,lecturer.panels.navigation.DashboardNavigationPanel,class,2,2,13,0
D:\Project\Detection\UniScore-master\UniScore-master\UniScore-Server\src\main\panels\LoginPanel.java,LoginPanel,class,4,2,9,1
D:\Project\Detection\UniScore-master\UniScore-master\UniScore-Client\src\lecturer\panels\content\ExamContentPanel.java,lecturer.panels.content.ExamContentPanel,class,9,20,65,9
D:\Project\Detection\UniScore-master\UniScore-master\UniScore-Client\src\lecturer\panels\navigation\QuestionNavigationPanel.java,lecturer.panels.navigation.QuestionNavigationPanel,class,2,2,13,0
D:\Project\Detection\UniScore-master\UniScore-master\UniScore-Client\src\models\Activity.java,models.Activity,class,0,10,0,29
D:\Project\Detection\UniScore-master\UniScore-master\UniScore-Client\src\models\Question.java,models.Question,class,0,22,0,175
D:\Project\Detection\UniScore-master\UniScore-master\UniScore-Client\src\com\panels\content\LoginContentPanel.java,com.panels.content.LoginContentPanel,class,8,19,39,0
D:\Project\Detection\UniScore-master\UniScore-master\UniScore-Client\src\lecturer\panels\navigation\ModuleNavigationPanel.java,lecturer.panels.navigation.ModuleNavigationPanel,class,2,2,13,0
D:\Project\Detection\UniScore-master\UniScore-master\UniScore-Client\src\student\panels\navigation\DashboardNavigationPanel.java,student.panels.navigation.DashboardNavigationPanel,class,2,2,13,0
D:\Project\Detection\UniScore-master\UniScore-master\UniScore-Client\src\lecturer\panels\content\CreateQuestionContentPanel.java,lecturer.panels.content.CreateQuestionContentPanel,class,4,8,34,7
D:\Project\Detection\UniScore-master\UniScore-master\UniScore-Server\src\admin\panels\content\ExamsContentPanel.java,admin.panels.content.ExamsContentPanel,class,6,9,49,0
D:\Project\Detection\UniScore-master\UniScore-master\UniScore-Server\src\admin\panels\navigation\NavigationUserAvatar.java,admin.panels.navigation.NavigationUserAvatar,class,1,2,4,0
D:\Project\Detection\UniScore-master\UniScore-master\UniScore-Server\src\connectors\GradeConnector.java,connectors.GradeConnector,class,3,13,14,10
D:\Project\Detection\UniScore-master\UniScore-master\UniScore-Client\src\com\utils\ExceptionList.java,com.utils.ExceptionList,class,0,0,0,0
,,,3.471698113,6.547169811,11.83647799,38.01886792
