file,class,type,cbo,wmc,rfc,lcom
D:\Project\Detection\store-pos-master\store-pos-master\src\controller\AddSalesReturnController.java,controller.AddSalesReturnController,class,22,48,87,0
D:\Project\Detection\store-pos-master\store-pos-master\src\controller\AddSalesController.java,controller.AddSalesController,class,21,48,88,0
D:\Project\Detection\store-pos-master\store-pos-master\src\controller\ListSalesReturnController.java,controller.ListSalesReturnController,class,18,12,40,0
D:\Project\Detection\store-pos-master\store-pos-master\src\controller\ListPurchaseReturnController.java,controller.ListPurchaseReturnController,class,18,12,40,0
D:\Project\Detection\store-pos-master\store-pos-master\src\controller\EditPurchaseController.java,controller.EditPurchaseController,class,26,50,96,0
D:\Project\Detection\store-pos-master\store-pos-master\src\controller\EditPurchaseReturnController.java,controller.EditPurchaseReturnController,class,26,50,96,0
D:\Project\Detection\store-pos-master\store-pos-master\src\database\DbConnection.java,database.DbConnection,class,2,6,5,4
D:\Project\Detection\store-pos-master\store-pos-master\src\model\SalesReturnModel.java,model.SalesReturnModel,class,0,20,0,136
D:\Project\Detection\store-pos-master\store-pos-master\src\model\Item.java,model.Item,class,0,16,0,78
D:\Project\Detection\store-pos-master\store-pos-master\src\controller\EditSalesController.java,controller.EditSalesController,class,25,50,96,0
D:\Project\Detection\store-pos-master\store-pos-master\src\helper\AlertHelper.java,helper.AlertHelper,class,4,2,6,0
D:\Project\Detection\store-pos-master\store-pos-master\src\controller\AddPurchaseController.java,controller.AddPurchaseController,class,22,48,87,0
D:\Project\Detection\store-pos-master\store-pos-master\src\controller\MainPanelController.java,controller.MainPanelController,class,11,18,22,97
D:\Project\Detection\store-pos-master\store-pos-master\src\model\PurchaseModel.java,model.PurchaseModel,class,0,20,0,136
D:\Project\Detection\store-pos-master\store-pos-master\src\model\PurchaseReturnModel.java,model.PurchaseReturnModel,class,0,20,0,136
D:\Project\Detection\store-pos-master\store-pos-master\src\controller\ListPurchaseController.java,controller.ListPurchaseController,class,17,12,40,0
D:\Project\Detection\store-pos-master\store-pos-master\src\controller\AddPurchaseReturnController.java,controller.AddPurchaseReturnController,class,22,48,87,0
D:\Project\Detection\store-pos-master\store-pos-master\src\controller\ListSalesController.java,controller.ListSalesController,class,18,12,40,0
D:\Project\Detection\store-pos-master\store-pos-master\src\controller\EditSalesReturnController.java,controller.EditSalesReturnController,class,26,50,96,0
D:\Project\Detection\store-pos-master\store-pos-master\src\main\MainPanel.java,main.MainPanel,class,5,2,9,1
D:\Project\Detection\store-pos-master\store-pos-master\src\model\SalesModel.java,model.SalesModel,class,0,24,0,210
,,,13.47619048,27.04761905,44.52380952,38
