file,class,type,cbo,cboModified,fanin,fanout,wmc,dit,noc,rfc,lcom,lcom*,tcc,lcc,totalMethodsQty,staticMethodsQty,publicMethodsQty,privateMethodsQty,protectedMethodsQty,defaultMethodsQty,visibleMethodsQty,abstractMethodsQty,finalMethodsQty,synchronizedMethodsQty,totalFieldsQty,staticFieldsQty,publicFieldsQty,privateFieldsQty,protectedFieldsQty,defaultFieldsQty,finalFieldsQty,synchronizedFieldsQty,nosi,loc,returnQty,loopQty,comparisonsQty,tryCatchQty,parenthesizedExpsQty,stringLiteralsQty,numbersQty,assignmentsQty,mathOperationsQty,variablesQty,maxNestedBlocksQty,anonymousClassesQty,innerClassesQty,lambdasQty,uniqueWordsQty,modifiers,logStatementsQty
D:\Project\JavaSwing-DesktopApplication-SteamStadia-master\JavaSwing-DesktopApplication-SteamStadia-master\SteamStadia\src\swing\Witcher3.java,swing.Witcher3,class,13,42,29,13,40,6,0,51,190,0.95000035,0.0,0.0,20,1,2,18,0,0,2,0,0,0,36,0,0,36,0,0,0,0,19,422,0,1,0,1,0,79,316,58,6,58,3,8,0,0,163,1,0
D:\Project\JavaSwing-DesktopApplication-SteamStadia-master\JavaSwing-DesktopApplication-SteamStadia-master\SteamStadia\src\swing\ServerFrame.java,swing.ServerFrame,class,2,8,6,2,11,6,0,42,17,0.8428572,0.0,0.0,7,1,4,3,0,0,4,0,0,0,10,0,5,5,0,0,0,0,4,94,1,0,2,1,0,13,7,14,0,12,2,3,0,0,47,1,0
D:\Project\JavaSwing-DesktopApplication-SteamStadia-master\JavaSwing-DesktopApplication-SteamStadia-master\SteamStadia\src\swing\GLibrary2.java,swing.GLibrary2$Anonymous6,anonymous,1,1,0,1,3,1,0,3,3,0.0,0.0,0.0,3,0,3,0,0,0,3,0,0,0,0,0,0,0,0,0,0,0,0,11,0,0,0,0,0,0,0,0,0,0,0,0,0,0,7,-1,0
D:\Project\JavaSwing-DesktopApplication-SteamStadia-master\JavaSwing-DesktopApplication-SteamStadia-master\SteamStadia\src\swing\Profile.java,swing.Profile,class,8,20,12,8,46,6,0,67,190,0.95000017,0.0,0.0,20,1,3,17,0,0,3,0,0,0,26,0,0,26,0,0,0,0,13,389,1,5,2,1,1,61,330,66,6,52,3,9,0,0,144,1,0
D:\Project\JavaSwing-DesktopApplication-SteamStadia-master\JavaSwing-DesktopApplication-SteamStadia-master\SteamStadia\src\swing\GLibrary2.java,swing.GLibrary2$Anonymous5,anonymous,1,1,0,1,3,1,0,3,3,0.0,0.0,0.0,3,0,3,0,0,0,3,0,0,0,0,0,0,0,0,0,0,0,0,11,0,0,0,0,0,0,0,0,0,0,0,0,0,0,8,-1,0
D:\Project\JavaSwing-DesktopApplication-SteamStadia-master\JavaSwing-DesktopApplication-SteamStadia-master\SteamStadia\src\swing\GLibrary2.java,swing.GLibrary2$Anonymous4,anonymous,1,1,0,1,3,1,0,3,3,0.0,0.0,0.0,3,0,3,0,0,0,3,0,0,0,0,0,0,0,0,0,0,0,0,11,0,0,0,0,0,0,0,0,0,0,0,0,0,0,8,-1,0
D:\Project\JavaSwing-DesktopApplication-SteamStadia-master\JavaSwing-DesktopApplication-SteamStadia-master\SteamStadia\src\swing\GLibrary2.java,swing.GLibrary2$Anonymous3,anonymous,1,1,0,1,3,1,0,3,3,0.0,0.0,0.0,3,0,3,0,0,0,3,0,0,0,0,0,0,0,0,0,0,0,0,11,0,0,0,0,0,0,0,0,0,0,0,0,0,0,8,-1,0
D:\Project\JavaSwing-DesktopApplication-SteamStadia-master\JavaSwing-DesktopApplication-SteamStadia-master\SteamStadia\src\swing\GLibrary2.java,swing.GLibrary2$Anonymous2,anonymous,1,1,0,1,3,1,0,3,3,0.0,0.0,0.0,3,0,3,0,0,0,3,0,0,0,0,0,0,0,0,0,0,0,0,11,0,0,0,0,0,0,0,0,0,0,0,0,0,0,8,-1,0
D:\Project\JavaSwing-DesktopApplication-SteamStadia-master\JavaSwing-DesktopApplication-SteamStadia-master\SteamStadia\src\swing\GLibrary2.java,swing.GLibrary2$Anonymous1,anonymous,1,1,0,1,3,1,0,3,3,0.0,0.0,0.0,3,0,3,0,0,0,3,0,0,0,0,0,0,0,0,0,0,0,0,11,0,0,0,0,0,0,0,0,0,0,0,0,0,0,8,-1,0
D:\Project\JavaSwing-DesktopApplication-SteamStadia-master\JavaSwing-DesktopApplication-SteamStadia-master\SteamStadia\src\swing\SocketServer.java,swing.SocketServer,class,5,8,3,5,44,1,0,25,0,0.63095236,0.5777778,1.0,12,0,10,2,0,0,10,0,0,2,6,0,6,0,0,0,0,0,2,197,4,6,6,5,0,69,15,30,12,16,4,0,0,0,53,1,0
D:\Project\JavaSwing-DesktopApplication-SteamStadia-master\JavaSwing-DesktopApplication-SteamStadia-master\SteamStadia\src\swing\Upload.java,swing.Upload,class,2,3,1,2,8,1,0,11,0,0.21428572,1.0,1.0,2,0,2,0,0,0,2,0,0,0,7,0,7,0,0,0,0,0,1,46,0,1,3,2,1,3,3,7,0,9,2,0,0,0,25,1,0
D:\Project\JavaSwing-DesktopApplication-SteamStadia-master\JavaSwing-DesktopApplication-SteamStadia-master\SteamStadia\src\swing\alienshooter.java,swing.alienshooter,class,12,21,9,12,38,6,0,53,136,0.94117695,0.0,0.0,17,1,2,15,0,0,2,0,0,0,35,0,0,35,0,0,0,0,21,398,0,1,0,2,0,73,312,57,6,57,3,7,0,0,169,1,0
D:\Project\JavaSwing-DesktopApplication-SteamStadia-master\JavaSwing-DesktopApplication-SteamStadia-master\SteamStadia\src\swing\chatmesssenger.java,swing.chatmesssenger,class,5,24,19,5,56,6,0,57,465,0.97124815,0.0,0.0,31,1,2,29,0,0,2,0,0,0,45,5,5,39,0,1,1,0,20,536,0,1,0,6,0,57,210,67,6,65,3,18,0,0,143,1,0
D:\Project\JavaSwing-DesktopApplication-SteamStadia-master\JavaSwing-DesktopApplication-SteamStadia-master\SteamStadia\src\swing\alienshooter.java,swing.alienshooter$Anonymous5,anonymous,1,1,0,1,1,1,0,1,0,0.0,NaN,NaN,1,0,1,0,0,0,1,0,0,0,0,0,0,0,0,0,0,0,0,5,0,0,0,0,0,0,0,0,0,0,0,0,0,0,6,-1,0
D:\Project\JavaSwing-DesktopApplication-SteamStadia-master\JavaSwing-DesktopApplication-SteamStadia-master\SteamStadia\src\swing\alienshooter.java,swing.alienshooter$Anonymous4,anonymous,1,1,0,1,3,1,0,3,3,0.0,0.0,0.0,3,0,3,0,0,0,3,0,0,0,0,0,0,0,0,0,0,0,0,11,0,0,0,0,0,0,0,0,0,0,0,0,0,0,8,-1,0
D:\Project\JavaSwing-DesktopApplication-SteamStadia-master\JavaSwing-DesktopApplication-SteamStadia-master\SteamStadia\src\swing\alienshooter.java,swing.alienshooter$Anonymous3,anonymous,1,1,0,1,2,1,0,2,1,0.0,0.0,0.0,2,0,2,0,0,0,2,0,0,0,0,0,0,0,0,0,0,0,0,8,0,0,0,0,0,0,0,0,0,0,0,0,0,0,7,-1,0
D:\Project\JavaSwing-DesktopApplication-SteamStadia-master\JavaSwing-DesktopApplication-SteamStadia-master\SteamStadia\src\swing\alienshooter.java,swing.alienshooter$Anonymous2,anonymous,1,1,0,1,2,1,0,2,1,0.0,0.0,0.0,2,0,2,0,0,0,2,0,0,0,0,0,0,0,0,0,0,0,0,8,0,0,0,0,0,0,0,0,0,0,0,0,0,0,7,-1,0
D:\Project\JavaSwing-DesktopApplication-SteamStadia-master\JavaSwing-DesktopApplication-SteamStadia-master\SteamStadia\src\swing\alienshooter.java,swing.alienshooter$Anonymous1,anonymous,1,1,0,1,3,1,0,3,3,0.0,0.0,0.0,3,0,3,0,0,0,3,0,0,0,0,0,0,0,0,0,0,0,0,11,0,0,0,0,0,0,0,0,0,0,0,0,0,0,8,-1,0
D:\Project\JavaSwing-DesktopApplication-SteamStadia-master\JavaSwing-DesktopApplication-SteamStadia-master\SteamStadia\src\swing\SocketServer.java,swing.ServerThread,class,3,4,1,3,12,2,0,15,0,0.61904764,0.6666667,1.0,6,0,6,0,0,0,6,0,0,0,7,0,7,0,0,0,0,0,0,52,1,1,3,2,0,6,1,13,2,8,2,0,0,0,35,0,0
D:\Project\JavaSwing-DesktopApplication-SteamStadia-master\JavaSwing-DesktopApplication-SteamStadia-master\SteamStadia\src\swing\alienshooter.java,swing.alienshooter$Anonymous7,anonymous,1,1,0,1,1,1,0,1,0,0.0,NaN,NaN,1,0,1,0,0,0,1,0,0,0,0,0,0,0,0,0,0,0,0,5,0,0,0,0,0,0,0,0,0,0,0,0,0,0,3,-1,0
D:\Project\JavaSwing-DesktopApplication-SteamStadia-master\JavaSwing-DesktopApplication-SteamStadia-master\SteamStadia\src\swing\alienshooter.java,swing.alienshooter$Anonymous6,anonymous,1,1,0,1,3,1,0,3,3,0.0,0.0,0.0,3,0,3,0,0,0,3,0,0,0,0,0,0,0,0,0,0,0,0,11,0,0,0,0,0,0,0,0,0,0,0,0,0,0,8,-1,0
D:\Project\JavaSwing-DesktopApplication-SteamStadia-master\JavaSwing-DesktopApplication-SteamStadia-master\SteamStadia\src\swing\messenger.java,swing.messenger$Anonymous8,anonymous,1,1,0,1,1,1,0,1,0,0.0,NaN,NaN,1,0,1,0,0,0,1,0,0,0,0,0,0,0,0,0,0,0,0,5,0,0,0,0,0,0,0,0,0,0,0,0,0,0,6,-1,0
D:\Project\JavaSwing-DesktopApplication-SteamStadia-master\JavaSwing-DesktopApplication-SteamStadia-master\SteamStadia\src\swing\messenger.java,swing.messenger$Anonymous9,anonymous,1,1,0,1,1,1,0,1,0,0.0,NaN,NaN,1,0,1,0,0,0,1,0,0,0,0,0,0,0,0,0,0,0,0,5,0,0,0,0,0,0,0,0,0,0,0,0,0,0,5,-1,0
D:\Project\JavaSwing-DesktopApplication-SteamStadia-master\JavaSwing-DesktopApplication-SteamStadia-master\SteamStadia\src\swing\messenger.java,swing.messenger$Anonymous4,anonymous,1,1,0,1,1,1,0,1,0,0.0,NaN,NaN,1,0,1,0,0,0,1,0,0,0,0,0,0,0,0,0,0,0,0,5,0,0,0,0,0,0,0,0,0,0,0,0,0,0,6,-1,0
D:\Project\JavaSwing-DesktopApplication-SteamStadia-master\JavaSwing-DesktopApplication-SteamStadia-master\SteamStadia\src\swing\Starwar.java,swing.Starwar$Anonymous8,anonymous,1,1,0,1,1,1,0,1,0,0.0,NaN,NaN,1,0,1,0,0,0,1,0,0,0,0,0,0,0,0,0,0,0,0,5,0,0,0,0,0,0,0,0,0,0,0,0,0,0,3,-1,0
D:\Project\JavaSwing-DesktopApplication-SteamStadia-master\JavaSwing-DesktopApplication-SteamStadia-master\SteamStadia\src\swing\GLibrary2.java,swing.GLibrary2$Anonymous9,anonymous,1,1,0,1,3,1,0,3,3,0.0,0.0,0.0,3,0,3,0,0,0,3,0,0,0,0,0,0,0,0,0,0,0,0,11,0,0,0,0,0,0,0,0,0,0,0,0,0,0,8,-1,0
D:\Project\JavaSwing-DesktopApplication-SteamStadia-master\JavaSwing-DesktopApplication-SteamStadia-master\SteamStadia\src\swing\messenger.java,swing.messenger$Anonymous5,anonymous,1,1,0,1,1,1,0,1,0,0.0,NaN,NaN,1,0,1,0,0,0,1,0,0,0,0,0,0,0,0,0,0,0,0,5,0,0,0,0,0,0,0,0,0,0,0,0,0,0,6,-1,0
D:\Project\JavaSwing-DesktopApplication-SteamStadia-master\JavaSwing-DesktopApplication-SteamStadia-master\SteamStadia\src\swing\Starwar.java,swing.Starwar$Anonymous7,anonymous,1,1,0,1,3,1,0,3,3,0.0,0.0,0.0,3,0,3,0,0,0,3,0,0,0,0,0,0,0,0,0,0,0,0,11,0,0,0,0,0,0,0,0,0,0,0,0,0,0,7,-1,0
D:\Project\JavaSwing-DesktopApplication-SteamStadia-master\JavaSwing-DesktopApplication-SteamStadia-master\SteamStadia\src\swing\GLibrary2.java,swing.GLibrary2$Anonymous8,anonymous,1,1,0,1,3,1,0,3,3,0.0,0.0,0.0,3,0,3,0,0,0,3,0,0,0,0,0,0,0,0,0,0,0,0,11,0,0,0,0,0,0,0,0,0,0,0,0,0,0,8,-1,0
D:\Project\JavaSwing-DesktopApplication-SteamStadia-master\JavaSwing-DesktopApplication-SteamStadia-master\SteamStadia\src\swing\messenger.java,swing.messenger$Anonymous6,anonymous,1,1,0,1,1,1,0,1,0,0.0,NaN,NaN,1,0,1,0,0,0,1,0,0,0,0,0,0,0,0,0,0,0,0,5,0,0,0,0,0,0,0,0,0,0,0,0,0,0,6,-1,0
D:\Project\JavaSwing-DesktopApplication-SteamStadia-master\JavaSwing-DesktopApplication-SteamStadia-master\SteamStadia\src\swing\GLibrary2.java,swing.GLibrary2$Anonymous7,anonymous,1,1,0,1,3,1,0,3,3,0.0,0.0,0.0,3,0,3,0,0,0,3,0,0,0,0,0,0,0,0,0,0,0,0,11,0,0,0,0,0,0,0,0,0,0,0,0,0,0,8,-1,0
D:\Project\JavaSwing-DesktopApplication-SteamStadia-master\JavaSwing-DesktopApplication-SteamStadia-master\SteamStadia\src\swing\messenger.java,swing.messenger$Anonymous7,anonymous,1,1,0,1,3,1,0,3,3,0.0,0.0,0.0,3,0,3,0,0,0,3,0,0,0,0,0,0,0,0,0,0,0,0,11,0,0,0,0,0,0,0,0,0,0,0,0,0,0,8,-1,0
D:\Project\JavaSwing-DesktopApplication-SteamStadia-master\JavaSwing-DesktopApplication-SteamStadia-master\SteamStadia\src\swing\Starwar.java,swing.Starwar$Anonymous4,anonymous,1,1,0,1,2,1,0,2,1,0.0,0.0,0.0,2,0,2,0,0,0,2,0,0,0,0,0,0,0,0,0,0,0,0,8,0,0,0,0,0,0,0,0,0,0,0,0,0,0,7,-1,0
D:\Project\JavaSwing-DesktopApplication-SteamStadia-master\JavaSwing-DesktopApplication-SteamStadia-master\SteamStadia\src\swing\messenger.java,swing.messenger$Anonymous1,anonymous,1,1,0,1,3,1,0,3,3,0.0,0.0,0.0,3,0,3,0,0,0,3,0,0,0,0,0,0,0,0,0,0,0,0,11,0,0,0,0,0,0,0,0,0,0,0,0,0,0,8,-1,0
D:\Project\JavaSwing-DesktopApplication-SteamStadia-master\JavaSwing-DesktopApplication-SteamStadia-master\SteamStadia\src\swing\Starwar.java,swing.Starwar$Anonymous3,anonymous,1,1,0,1,2,1,0,2,1,0.0,0.0,0.0,2,0,2,0,0,0,2,0,0,0,0,0,0,0,0,0,0,0,0,8,0,0,0,0,0,0,0,0,0,0,0,0,0,0,7,-1,0
D:\Project\JavaSwing-DesktopApplication-SteamStadia-master\JavaSwing-DesktopApplication-SteamStadia-master\SteamStadia\src\swing\messenger.java,swing.messenger$Anonymous2,anonymous,1,1,0,1,1,1,0,1,0,0.0,NaN,NaN,1,0,1,0,0,0,1,0,0,0,0,0,0,0,0,0,0,0,0,5,0,0,0,0,0,0,0,0,0,0,0,0,0,0,6,-1,0
D:\Project\JavaSwing-DesktopApplication-SteamStadia-master\JavaSwing-DesktopApplication-SteamStadia-master\SteamStadia\src\swing\Starwar.java,swing.Starwar$Anonymous6,anonymous,1,1,0,1,3,1,0,3,3,0.0,0.0,0.0,3,0,3,0,0,0,3,0,0,0,0,0,0,0,0,0,0,0,0,11,0,0,0,0,0,0,0,0,0,0,0,0,0,0,8,-1,0
D:\Project\JavaSwing-DesktopApplication-SteamStadia-master\JavaSwing-DesktopApplication-SteamStadia-master\SteamStadia\src\swing\messenger.java,swing.messenger$Anonymous3,anonymous,1,1,0,1,1,1,0,1,0,0.0,NaN,NaN,1,0,1,0,0,0,1,0,0,0,0,0,0,0,0,0,0,0,0,5,0,0,0,0,0,0,0,0,0,0,0,0,0,0,6,-1,0
D:\Project\JavaSwing-DesktopApplication-SteamStadia-master\JavaSwing-DesktopApplication-SteamStadia-master\SteamStadia\src\swing\Starwar.java,swing.Starwar$Anonymous5,anonymous,1,1,0,1,1,1,0,1,0,0.0,NaN,NaN,1,0,1,0,0,0,1,0,0,0,0,0,0,0,0,0,0,0,0,5,0,0,0,0,0,0,0,0,0,0,0,0,0,0,6,-1,0
D:\Project\JavaSwing-DesktopApplication-SteamStadia-master\JavaSwing-DesktopApplication-SteamStadia-master\SteamStadia\src\swing\Starwar.java,swing.Starwar$Anonymous2,anonymous,1,1,0,1,3,1,0,3,3,0.0,0.0,0.0,3,0,3,0,0,0,3,0,0,0,0,0,0,0,0,0,0,0,0,11,0,0,0,0,0,0,0,0,0,0,0,0,0,0,8,-1,0
D:\Project\JavaSwing-DesktopApplication-SteamStadia-master\JavaSwing-DesktopApplication-SteamStadia-master\SteamStadia\src\swing\Starwar.java,swing.Starwar$Anonymous1,anonymous,1,1,0,1,3,1,0,3,3,0.0,0.0,0.0,3,0,3,0,0,0,3,0,0,0,0,0,0,0,0,0,0,0,0,11,0,0,0,0,0,0,0,0,0,0,0,0,0,0,8,-1,0
D:\Project\JavaSwing-DesktopApplication-SteamStadia-master\JavaSwing-DesktopApplication-SteamStadia-master\SteamStadia\src\swing\Roadrash.java,swing.Roadrash,class,12,21,9,12,38,6,0,53,136,0.94117695,0.0,0.0,17,1,2,15,0,0,2,0,0,0,35,0,0,35,0,0,0,0,21,398,0,1,0,2,0,73,312,57,6,57,3,7,0,0,163,1,0
D:\Project\JavaSwing-DesktopApplication-SteamStadia-master\JavaSwing-DesktopApplication-SteamStadia-master\SteamStadia\src\swing\nioh.java,swing.nioh,class,13,22,9,13,39,6,0,55,136,0.94117695,0.0,0.0,17,1,2,15,0,0,2,0,0,0,35,0,0,35,0,0,0,0,19,407,0,2,1,2,1,76,312,60,6,60,3,7,0,0,174,1,0
D:\Project\JavaSwing-DesktopApplication-SteamStadia-master\JavaSwing-DesktopApplication-SteamStadia-master\SteamStadia\src\swing\Steamsignup.java,swing.Steamsignup,class,7,15,8,7,43,6,0,60,45,0.9130432,0.0,0.0,10,1,2,8,0,0,2,0,0,0,23,0,0,23,0,0,0,0,16,291,0,1,0,1,0,56,177,39,7,39,4,6,1,0,121,1,0
D:\Project\JavaSwing-DesktopApplication-SteamStadia-master\JavaSwing-DesktopApplication-SteamStadia-master\SteamStadia\src\swing\batman.java,swing.batman$Anonymous1,anonymous,1,1,0,1,3,1,0,3,3,0.0,0.0,0.0,3,0,3,0,0,0,3,0,0,0,0,0,0,0,0,0,0,0,0,11,0,0,0,0,0,0,0,0,0,0,0,0,0,0,8,-1,0
D:\Project\JavaSwing-DesktopApplication-SteamStadia-master\JavaSwing-DesktopApplication-SteamStadia-master\SteamStadia\src\swing\batman.java,swing.batman$Anonymous5,anonymous,1,1,0,1,1,1,0,1,0,0.0,NaN,NaN,1,0,1,0,0,0,1,0,0,0,0,0,0,0,0,0,0,0,0,5,0,0,0,0,0,0,0,0,0,0,0,0,0,0,6,-1,0
D:\Project\JavaSwing-DesktopApplication-SteamStadia-master\JavaSwing-DesktopApplication-SteamStadia-master\SteamStadia\src\swing\nfs.java,swing.nfs$Anonymous2,anonymous,1,1,0,1,2,1,0,2,1,0.0,0.0,0.0,2,0,2,0,0,0,2,0,0,0,0,0,0,0,0,0,0,0,0,8,0,0,0,0,0,0,0,0,0,0,0,0,0,0,7,-1,0
D:\Project\JavaSwing-DesktopApplication-SteamStadia-master\JavaSwing-DesktopApplication-SteamStadia-master\SteamStadia\src\swing\batman.java,swing.batman$Anonymous4,anonymous,1,1,0,1,3,1,0,3,3,0.0,0.0,0.0,3,0,3,0,0,0,3,0,0,0,0,0,0,0,0,0,0,0,0,11,0,0,0,0,0,0,0,0,0,0,0,0,0,0,8,-1,0
D:\Project\JavaSwing-DesktopApplication-SteamStadia-master\JavaSwing-DesktopApplication-SteamStadia-master\SteamStadia\src\swing\nfs.java,swing.nfs$Anonymous3,anonymous,1,1,0,1,2,1,0,2,1,0.0,0.0,0.0,2,0,2,0,0,0,2,0,0,0,0,0,0,0,0,0,0,0,0,8,0,0,0,0,0,0,0,0,0,0,0,0,0,0,7,-1,0
D:\Project\JavaSwing-DesktopApplication-SteamStadia-master\JavaSwing-DesktopApplication-SteamStadia-master\SteamStadia\src\swing\batman.java,swing.batman$Anonymous3,anonymous,1,1,0,1,2,1,0,2,1,0.0,0.0,0.0,2,0,2,0,0,0,2,0,0,0,0,0,0,0,0,0,0,0,0,8,0,0,0,0,0,0,0,0,0,0,0,0,0,0,7,-1,0
D:\Project\JavaSwing-DesktopApplication-SteamStadia-master\JavaSwing-DesktopApplication-SteamStadia-master\SteamStadia\src\swing\Message_1.java,swing.Message_1,class,0,0,0,0,2,1,0,0,0,0.2,1.0,1.0,2,0,2,0,0,0,2,0,0,0,2,1,1,1,0,0,1,0,0,13,1,0,0,0,0,5,1,5,1,5,0,0,0,0,15,1,0
D:\Project\JavaSwing-DesktopApplication-SteamStadia-master\JavaSwing-DesktopApplication-SteamStadia-master\SteamStadia\src\swing\batman.java,swing.batman$Anonymous2,anonymous,1,1,0,1,2,1,0,2,1,0.0,0.0,0.0,2,0,2,0,0,0,2,0,0,0,0,0,0,0,0,0,0,0,0,8,0,0,0,0,0,0,0,0,0,0,0,0,0,0,7,-1,0
D:\Project\JavaSwing-DesktopApplication-SteamStadia-master\JavaSwing-DesktopApplication-SteamStadia-master\SteamStadia\src\swing\nfs.java,swing.nfs$Anonymous1,anonymous,1,1,0,1,3,1,0,3,3,0.0,0.0,0.0,3,0,3,0,0,0,3,0,0,0,0,0,0,0,0,0,0,0,0,11,0,0,0,0,0,0,0,0,0,0,0,0,0,0,8,-1,0
D:\Project\JavaSwing-DesktopApplication-SteamStadia-master\JavaSwing-DesktopApplication-SteamStadia-master\SteamStadia\src\swing\DeusEx.java,swing.DeusEx,class,13,42,29,13,40,6,0,51,190,0.95000035,0.0,0.0,20,1,2,18,0,0,2,0,0,0,36,0,0,36,0,0,0,0,19,421,0,1,0,1,0,78,316,58,6,58,3,8,0,0,163,1,0
D:\Project\JavaSwing-DesktopApplication-SteamStadia-master\JavaSwing-DesktopApplication-SteamStadia-master\SteamStadia\src\swing\batman.java,swing.batman$Anonymous7,anonymous,1,1,0,1,1,1,0,1,0,0.0,NaN,NaN,1,0,1,0,0,0,1,0,0,0,0,0,0,0,0,0,0,0,0,5,0,0,0,0,0,0,0,0,0,0,0,0,0,0,3,-1,0
D:\Project\JavaSwing-DesktopApplication-SteamStadia-master\JavaSwing-DesktopApplication-SteamStadia-master\SteamStadia\src\swing\batman.java,swing.batman$Anonymous6,anonymous,1,1,0,1,3,1,0,3,3,0.0,0.0,0.0,3,0,3,0,0,0,3,0,0,0,0,0,0,0,0,0,0,0,0,11,0,0,0,0,0,0,0,0,0,0,0,0,0,0,8,-1,0
D:\Project\JavaSwing-DesktopApplication-SteamStadia-master\JavaSwing-DesktopApplication-SteamStadia-master\SteamStadia\src\swing\GLibrary.java,swing.GLibrary$Anonymous11,anonymous,1,1,0,1,3,1,0,3,3,0.0,0.0,0.0,3,0,3,0,0,0,3,0,0,0,0,0,0,0,0,0,0,0,0,11,0,0,0,0,0,0,0,0,0,0,0,0,0,0,8,-1,0
D:\Project\JavaSwing-DesktopApplication-SteamStadia-master\JavaSwing-DesktopApplication-SteamStadia-master\SteamStadia\src\swing\ChatFrame.java,swing.ChatFrame,class,7,39,32,7,92,6,0,79,1395,0.97777694,0.0,0.0,54,1,3,51,0,0,3,0,0,0,62,0,25,36,0,1,0,0,18,852,1,0,0,7,1,116,336,101,6,94,2,28,0,0,146,1,0
D:\Project\JavaSwing-DesktopApplication-SteamStadia-master\JavaSwing-DesktopApplication-SteamStadia-master\SteamStadia\src\swing\GLibrary.java,swing.GLibrary$Anonymous10,anonymous,1,1,0,1,3,1,0,3,3,0.0,0.0,0.0,3,0,3,0,0,0,3,0,0,0,0,0,0,0,0,0,0,0,0,11,0,0,0,0,0,0,0,0,0,0,0,0,0,0,8,-1,0
D:\Project\JavaSwing-DesktopApplication-SteamStadia-master\JavaSwing-DesktopApplication-SteamStadia-master\SteamStadia\src\swing\GLibrary.java,swing.GLibrary$Anonymous13,anonymous,1,1,0,1,1,1,0,1,0,0.0,NaN,NaN,1,0,1,0,0,0,1,0,0,0,0,0,0,0,0,0,0,0,0,5,0,0,0,0,0,0,0,0,0,0,0,0,0,0,4,-1,0
D:\Project\JavaSwing-DesktopApplication-SteamStadia-master\JavaSwing-DesktopApplication-SteamStadia-master\SteamStadia\src\swing\GLibrary.java,swing.GLibrary$Anonymous12,anonymous,1,1,0,1,3,1,0,3,3,0.0,0.0,0.0,3,0,3,0,0,0,3,0,0,0,0,0,0,0,0,0,0,0,0,11,0,0,0,0,0,0,0,0,0,0,0,0,0,0,8,-1,0
D:\Project\JavaSwing-DesktopApplication-SteamStadia-master\JavaSwing-DesktopApplication-SteamStadia-master\SteamStadia\src\swing\batman.java,swing.batman,class,13,22,9,13,39,6,0,55,136,0.94117695,0.0,0.0,17,1,2,15,0,0,2,0,0,0,35,0,0,35,0,0,0,0,19,407,0,2,1,2,1,76,312,60,6,60,3,7,0,0,174,1,0
D:\Project\JavaSwing-DesktopApplication-SteamStadia-master\JavaSwing-DesktopApplication-SteamStadia-master\SteamStadia\src\swing\chatmesssenger.java,swing.chatmesssenger$Anonymous8,anonymous,1,1,0,1,2,1,0,2,1,0.0,0.0,0.0,2,0,2,0,0,0,2,0,0,0,0,0,0,0,0,0,0,0,0,8,0,0,0,0,0,0,0,0,0,0,0,0,0,0,7,-1,0
D:\Project\JavaSwing-DesktopApplication-SteamStadia-master\JavaSwing-DesktopApplication-SteamStadia-master\SteamStadia\src\swing\chatmesssenger.java,swing.chatmesssenger$Anonymous7,anonymous,1,1,0,1,3,1,0,3,3,0.0,0.0,0.0,3,0,3,0,0,0,3,0,0,0,0,0,0,0,0,0,0,0,0,11,0,0,0,0,0,0,0,0,0,0,0,0,0,0,8,-1,0
D:\Project\JavaSwing-DesktopApplication-SteamStadia-master\JavaSwing-DesktopApplication-SteamStadia-master\SteamStadia\src\swing\chatmesssenger.java,swing.chatmesssenger$Anonymous6,anonymous,1,1,0,1,1,1,0,1,0,0.0,NaN,NaN,1,0,1,0,0,0,1,0,0,0,0,0,0,0,0,0,0,0,0,5,0,0,0,0,0,0,0,0,0,0,0,0,0,0,6,-1,0
D:\Project\JavaSwing-DesktopApplication-SteamStadia-master\JavaSwing-DesktopApplication-SteamStadia-master\SteamStadia\src\swing\chatmesssenger.java,swing.chatmesssenger$Anonymous5,anonymous,1,1,0,1,1,1,0,1,0,0.0,NaN,NaN,1,0,1,0,0,0,1,0,0,0,0,0,0,0,0,0,0,0,0,5,0,0,0,0,0,0,0,0,0,0,0,0,0,0,6,-1,0
D:\Project\JavaSwing-DesktopApplication-SteamStadia-master\JavaSwing-DesktopApplication-SteamStadia-master\SteamStadia\src\swing\chatmesssenger.java,swing.chatmesssenger$Anonymous4,anonymous,1,1,0,1,1,1,0,1,0,0.0,NaN,NaN,1,0,1,0,0,0,1,0,0,0,0,0,0,0,0,0,0,0,0,5,0,0,0,0,0,0,0,0,0,0,0,0,0,0,6,-1,0
D:\Project\JavaSwing-DesktopApplication-SteamStadia-master\JavaSwing-DesktopApplication-SteamStadia-master\SteamStadia\src\swing\GLibrary2.java,swing.GLibrary2$Anonymous10,anonymous,1,1,0,1,3,1,0,3,3,0.0,0.0,0.0,3,0,3,0,0,0,3,0,0,0,0,0,0,0,0,0,0,0,0,11,0,0,0,0,0,0,0,0,0,0,0,0,0,0,8,-1,0
D:\Project\JavaSwing-DesktopApplication-SteamStadia-master\JavaSwing-DesktopApplication-SteamStadia-master\SteamStadia\src\swing\nfs.java,swing.nfs,class,13,22,9,13,39,6,0,55,136,0.94117695,0.0,0.0,17,1,2,15,0,0,2,0,0,0,35,0,0,35,0,0,0,0,19,407,0,2,1,2,1,76,312,60,6,60,3,7,0,0,174,1,0
D:\Project\JavaSwing-DesktopApplication-SteamStadia-master\JavaSwing-DesktopApplication-SteamStadia-master\SteamStadia\src\swing\chatmesssenger.java,swing.chatmesssenger$Anonymous3,anonymous,1,1,0,1,1,1,0,1,0,0.0,NaN,NaN,1,0,1,0,0,0,1,0,0,0,0,0,0,0,0,0,0,0,0,5,0,0,0,0,0,0,0,0,0,0,0,0,0,0,6,-1,0
D:\Project\JavaSwing-DesktopApplication-SteamStadia-master\JavaSwing-DesktopApplication-SteamStadia-master\SteamStadia\src\swing\GLibrary2.java,swing.GLibrary2$Anonymous11,anonymous,1,1,0,1,3,1,0,3,3,0.0,0.0,0.0,3,0,3,0,0,0,3,0,0,0,0,0,0,0,0,0,0,0,0,11,0,0,0,0,0,0,0,0,0,0,0,0,0,0,8,-1,0
D:\Project\JavaSwing-DesktopApplication-SteamStadia-master\JavaSwing-DesktopApplication-SteamStadia-master\SteamStadia\src\swing\chatmesssenger.java,swing.chatmesssenger$Anonymous2,anonymous,1,1,0,1,1,1,0,1,0,0.0,NaN,NaN,1,0,1,0,0,0,1,0,0,0,0,0,0,0,0,0,0,0,0,5,0,0,0,0,0,0,0,0,0,0,0,0,0,0,6,-1,0
D:\Project\JavaSwing-DesktopApplication-SteamStadia-master\JavaSwing-DesktopApplication-SteamStadia-master\SteamStadia\src\swing\chatmesssenger.java,swing.chatmesssenger$Anonymous1,anonymous,1,1,0,1,3,1,0,3,3,0.0,0.0,0.0,3,0,3,0,0,0,3,0,0,0,0,0,0,0,0,0,0,0,0,11,0,0,0,0,0,0,0,0,0,0,0,0,0,0,8,-1,0
D:\Project\JavaSwing-DesktopApplication-SteamStadia-master\JavaSwing-DesktopApplication-SteamStadia-master\SteamStadia\src\swing\GLibrary2.java,swing.GLibrary2$Anonymous14,anonymous,1,1,0,1,3,1,0,3,3,0.0,0.0,0.0,3,0,3,0,0,0,3,0,0,0,0,0,0,0,0,0,0,0,0,11,0,0,0,0,0,0,0,0,0,0,0,0,0,0,7,-1,0
D:\Project\JavaSwing-DesktopApplication-SteamStadia-master\JavaSwing-DesktopApplication-SteamStadia-master\SteamStadia\src\swing\GLibrary2.java,swing.GLibrary2$Anonymous15,anonymous,1,1,0,1,3,1,0,3,3,0.0,0.0,0.0,3,0,3,0,0,0,3,0,0,0,0,0,0,0,0,0,0,0,0,11,0,0,0,0,0,0,0,0,0,0,0,0,0,0,8,-1,0
D:\Project\JavaSwing-DesktopApplication-SteamStadia-master\JavaSwing-DesktopApplication-SteamStadia-master\SteamStadia\src\swing\GLibrary2.java,swing.GLibrary2$Anonymous12,anonymous,1,1,0,1,3,1,0,3,3,0.0,0.0,0.0,3,0,3,0,0,0,3,0,0,0,0,0,0,0,0,0,0,0,0,11,0,0,0,0,0,0,0,0,0,0,0,0,0,0,8,-1,0
D:\Project\JavaSwing-DesktopApplication-SteamStadia-master\JavaSwing-DesktopApplication-SteamStadia-master\SteamStadia\src\swing\GLibrary2.java,swing.GLibrary2$Anonymous13,anonymous,1,1,0,1,3,1,0,3,3,0.0,0.0,0.0,3,0,3,0,0,0,3,0,0,0,0,0,0,0,0,0,0,0,0,11,0,0,0,0,0,0,0,0,0,0,0,0,0,0,8,-1,0
D:\Project\JavaSwing-DesktopApplication-SteamStadia-master\JavaSwing-DesktopApplication-SteamStadia-master\SteamStadia\src\swing\Database.java,swing.Database,class,5,7,2,5,16,1,0,24,0,0.2,0.6,0.6,5,1,5,0,0,0,5,0,0,0,1,0,1,0,0,0,0,0,7,87,8,2,2,3,0,12,4,30,0,30,4,0,0,0,50,1,0
D:\Project\JavaSwing-DesktopApplication-SteamStadia-master\JavaSwing-DesktopApplication-SteamStadia-master\SteamStadia\src\swing\GLibrary2.java,swing.GLibrary2$Anonymous18,anonymous,1,1,0,1,3,1,0,3,3,0.0,0.0,0.0,3,0,3,0,0,0,3,0,0,0,0,0,0,0,0,0,0,0,0,11,0,0,0,0,0,0,0,0,0,0,0,0,0,0,8,-1,0
D:\Project\JavaSwing-DesktopApplication-SteamStadia-master\JavaSwing-DesktopApplication-SteamStadia-master\SteamStadia\src\swing\GLibrary2.java,swing.GLibrary2$Anonymous19,anonymous,1,1,0,1,3,1,0,3,3,0.0,0.0,0.0,3,0,3,0,0,0,3,0,0,0,0,0,0,0,0,0,0,0,0,11,0,0,0,0,0,0,0,0,0,0,0,0,0,0,8,-1,0
D:\Project\JavaSwing-DesktopApplication-SteamStadia-master\JavaSwing-DesktopApplication-SteamStadia-master\SteamStadia\src\swing\Witcher3.java,swing.Witcher3$Anonymous8,anonymous,1,1,0,1,1,1,0,1,0,0.0,NaN,NaN,1,0,1,0,0,0,1,0,0,0,0,0,0,0,0,0,0,0,0,5,0,0,0,0,0,0,0,0,0,0,0,0,0,0,3,-1,0
D:\Project\JavaSwing-DesktopApplication-SteamStadia-master\JavaSwing-DesktopApplication-SteamStadia-master\SteamStadia\src\swing\GLibrary2.java,swing.GLibrary2$Anonymous16,anonymous,1,1,0,1,1,1,0,1,0,0.0,NaN,NaN,1,0,1,0,0,0,1,0,0,0,0,0,0,0,0,0,0,0,0,5,0,0,0,0,0,0,0,0,0,0,0,0,0,0,6,-1,0
D:\Project\JavaSwing-DesktopApplication-SteamStadia-master\JavaSwing-DesktopApplication-SteamStadia-master\SteamStadia\src\swing\chatmesssenger.java,swing.chatmesssenger$Anonymous9,anonymous,1,1,0,1,1,1,0,1,0,0.0,NaN,NaN,1,0,1,0,0,0,1,0,0,0,0,0,0,0,0,0,0,0,0,5,0,0,0,0,0,0,0,0,0,0,0,0,0,0,6,-1,0
D:\Project\JavaSwing-DesktopApplication-SteamStadia-master\JavaSwing-DesktopApplication-SteamStadia-master\SteamStadia\src\swing\GLibrary2.java,swing.GLibrary2$Anonymous17,anonymous,1,1,0,1,3,1,0,3,3,0.0,0.0,0.0,3,0,3,0,0,0,3,0,0,0,0,0,0,0,0,0,0,0,0,11,0,0,0,0,0,0,0,0,0,0,0,0,0,0,8,-1,0
D:\Project\JavaSwing-DesktopApplication-SteamStadia-master\JavaSwing-DesktopApplication-SteamStadia-master\SteamStadia\src\swing\wwe.java,swing.wwe$Anonymous1,anonymous,1,1,0,1,3,1,0,3,3,0.0,0.0,0.0,3,0,3,0,0,0,3,0,0,0,0,0,0,0,0,0,0,0,0,11,0,0,0,0,0,0,0,0,0,0,0,0,0,0,8,-1,0
D:\Project\JavaSwing-DesktopApplication-SteamStadia-master\JavaSwing-DesktopApplication-SteamStadia-master\SteamStadia\src\swing\HistoryFrame.java,swing.HistoryFrame,class,2,6,4,2,10,6,0,33,6,0.75,0.0,0.0,4,1,3,1,0,0,3,0,0,0,4,0,2,2,0,0,0,0,7,67,0,1,0,1,0,8,6,5,0,5,3,2,0,0,31,1,0
D:\Project\JavaSwing-DesktopApplication-SteamStadia-master\JavaSwing-DesktopApplication-SteamStadia-master\SteamStadia\src\swing\wwe.java,swing.wwe$Anonymous5,anonymous,1,1,0,1,1,1,0,1,0,0.0,NaN,NaN,1,0,1,0,0,0,1,0,0,0,0,0,0,0,0,0,0,0,0,5,0,0,0,0,0,0,0,0,0,0,0,0,0,0,6,-1,0
D:\Project\JavaSwing-DesktopApplication-SteamStadia-master\JavaSwing-DesktopApplication-SteamStadia-master\SteamStadia\src\swing\HistoryFrame.java,swing.HistoryFrame$Anonymous2,anonymous,1,1,0,1,1,1,0,1,0,0.0,NaN,NaN,1,0,1,0,0,0,1,0,0,0,0,0,0,0,0,0,0,0,0,5,0,0,0,0,0,0,0,0,0,0,0,0,0,0,4,-1,0
D:\Project\JavaSwing-DesktopApplication-SteamStadia-master\JavaSwing-DesktopApplication-SteamStadia-master\SteamStadia\src\swing\wwe.java,swing.wwe$Anonymous4,anonymous,1,1,0,1,3,1,0,3,3,0.0,0.0,0.0,3,0,3,0,0,0,3,0,0,0,0,0,0,0,0,0,0,0,0,11,0,0,0,0,0,0,0,0,0,0,0,0,0,0,8,-1,0
D:\Project\JavaSwing-DesktopApplication-SteamStadia-master\JavaSwing-DesktopApplication-SteamStadia-master\SteamStadia\src\swing\wwe.java,swing.wwe$Anonymous3,anonymous,1,1,0,1,2,1,0,2,1,0.0,0.0,0.0,2,0,2,0,0,0,2,0,0,0,0,0,0,0,0,0,0,0,0,8,0,0,0,0,0,0,0,0,0,0,0,0,0,0,7,-1,0
D:\Project\JavaSwing-DesktopApplication-SteamStadia-master\JavaSwing-DesktopApplication-SteamStadia-master\SteamStadia\src\swing\wwe.java,swing.wwe$Anonymous2,anonymous,1,1,0,1,2,1,0,2,1,0.0,0.0,0.0,2,0,2,0,0,0,2,0,0,0,0,0,0,0,0,0,0,0,0,8,0,0,0,0,0,0,0,0,0,0,0,0,0,0,7,-1,0
D:\Project\JavaSwing-DesktopApplication-SteamStadia-master\JavaSwing-DesktopApplication-SteamStadia-master\SteamStadia\src\swing\wwe.java,swing.wwe$Anonymous7,anonymous,1,1,0,1,1,1,0,1,0,0.0,NaN,NaN,1,0,1,0,0,0,1,0,0,0,0,0,0,0,0,0,0,0,0,5,0,0,0,0,0,0,0,0,0,0,0,0,0,0,3,-1,0
D:\Project\JavaSwing-DesktopApplication-SteamStadia-master\JavaSwing-DesktopApplication-SteamStadia-master\SteamStadia\src\swing\wwe.java,swing.wwe$Anonymous6,anonymous,1,1,0,1,3,1,0,3,3,0.0,0.0,0.0,3,0,3,0,0,0,3,0,0,0,0,0,0,0,0,0,0,0,0,11,0,0,0,0,0,0,0,0,0,0,0,0,0,0,8,-1,0
D:\Project\JavaSwing-DesktopApplication-SteamStadia-master\JavaSwing-DesktopApplication-SteamStadia-master\SteamStadia\src\swing\GLibrary2.java,swing.GLibrary2$Anonymous21,anonymous,1,1,0,1,3,1,0,3,3,0.0,0.0,0.0,3,0,3,0,0,0,3,0,0,0,0,0,0,0,0,0,0,0,0,11,0,0,0,0,0,0,0,0,0,0,0,0,0,0,8,-1,0
D:\Project\JavaSwing-DesktopApplication-SteamStadia-master\JavaSwing-DesktopApplication-SteamStadia-master\SteamStadia\src\swing\GLibrary2.java,swing.GLibrary2$Anonymous22,anonymous,1,1,0,1,3,1,0,3,3,0.0,0.0,0.0,3,0,3,0,0,0,3,0,0,0,0,0,0,0,0,0,0,0,0,11,0,0,0,0,0,0,0,0,0,0,0,0,0,0,8,-1,0
D:\Project\JavaSwing-DesktopApplication-SteamStadia-master\JavaSwing-DesktopApplication-SteamStadia-master\SteamStadia\src\swing\GLibrary2.java,swing.GLibrary2$Anonymous20,anonymous,1,1,0,1,3,1,0,3,3,0.0,0.0,0.0,3,0,3,0,0,0,3,0,0,0,0,0,0,0,0,0,0,0,0,11,0,0,0,0,0,0,0,0,0,0,0,0,0,0,8,-1,0
D:\Project\JavaSwing-DesktopApplication-SteamStadia-master\JavaSwing-DesktopApplication-SteamStadia-master\SteamStadia\src\swing\GLibrary2.java,swing.GLibrary2$Anonymous23,anonymous,1,1,0,1,1,1,0,1,0,0.0,NaN,NaN,1,0,1,0,0,0,1,0,0,0,0,0,0,0,0,0,0,0,0,5,0,0,0,0,0,0,0,0,0,0,0,0,0,0,4,-1,0
D:\Project\JavaSwing-DesktopApplication-SteamStadia-master\JavaSwing-DesktopApplication-SteamStadia-master\SteamStadia\src\swing\Profile.java,swing.Profile$Anonymous1,anonymous,1,1,0,1,3,1,0,3,3,0.0,0.0,0.0,3,0,3,0,0,0,3,0,0,0,0,0,0,0,0,0,0,0,0,11,0,0,0,0,0,0,0,0,0,0,0,0,0,0,7,-1,0
D:\Project\JavaSwing-DesktopApplication-SteamStadia-master\JavaSwing-DesktopApplication-SteamStadia-master\SteamStadia\src\swing\ChatFrame.java,swing.ChatFrame$Anonymous8,anonymous,1,1,0,1,3,1,0,3,3,0.0,0.0,0.0,3,0,3,0,0,0,3,0,0,0,0,0,0,0,0,0,0,0,0,11,0,0,0,0,0,0,0,0,0,0,0,0,0,0,8,-1,0
D:\Project\JavaSwing-DesktopApplication-SteamStadia-master\JavaSwing-DesktopApplication-SteamStadia-master\SteamStadia\src\swing\Profile.java,swing.Profile$Anonymous2,anonymous,1,1,0,1,2,1,0,2,1,0.0,0.0,0.0,2,0,2,0,0,0,2,0,0,0,0,0,0,0,0,0,0,0,0,8,0,0,0,0,0,0,0,0,0,0,0,0,0,0,7,-1,0
D:\Project\JavaSwing-DesktopApplication-SteamStadia-master\JavaSwing-DesktopApplication-SteamStadia-master\SteamStadia\src\swing\ChatFrame.java,swing.ChatFrame$Anonymous9,anonymous,1,1,0,1,3,1,0,3,3,0.0,0.0,0.0,3,0,3,0,0,0,3,0,0,0,0,0,0,0,0,0,0,0,0,11,0,0,0,0,0,0,0,0,0,0,0,0,0,0,8,-1,0
D:\Project\JavaSwing-DesktopApplication-SteamStadia-master\JavaSwing-DesktopApplication-SteamStadia-master\SteamStadia\src\swing\Profile.java,swing.Profile$Anonymous3,anonymous,1,1,0,1,2,1,0,2,1,0.0,0.0,0.0,2,0,2,0,0,0,2,0,0,0,0,0,0,0,0,0,0,0,0,8,0,0,0,0,0,0,0,0,0,0,0,0,0,0,7,-1,0
D:\Project\JavaSwing-DesktopApplication-SteamStadia-master\JavaSwing-DesktopApplication-SteamStadia-master\SteamStadia\src\swing\ChatFrame.java,swing.ChatFrame$Anonymous6,anonymous,1,1,0,1,3,1,0,3,3,0.0,0.0,0.0,3,0,3,0,0,0,3,0,0,0,0,0,0,0,0,0,0,0,0,11,0,0,0,0,0,0,0,0,0,0,0,0,0,0,8,-1,0
D:\Project\JavaSwing-DesktopApplication-SteamStadia-master\JavaSwing-DesktopApplication-SteamStadia-master\SteamStadia\src\swing\Profile.java,swing.Profile$Anonymous4,anonymous,1,1,0,1,3,1,0,3,3,0.0,0.0,0.0,3,0,3,0,0,0,3,0,0,0,0,0,0,0,0,0,0,0,0,11,0,0,0,0,0,0,0,0,0,0,0,0,0,0,8,-1,0
D:\Project\JavaSwing-DesktopApplication-SteamStadia-master\JavaSwing-DesktopApplication-SteamStadia-master\SteamStadia\src\swing\ChatFrame.java,swing.ChatFrame$Anonymous7,anonymous,1,1,0,1,3,1,0,3,3,0.0,0.0,0.0,3,0,3,0,0,0,3,0,0,0,0,0,0,0,0,0,0,0,0,11,0,0,0,0,0,0,0,0,0,0,0,0,0,0,8,-1,0
D:\Project\JavaSwing-DesktopApplication-SteamStadia-master\JavaSwing-DesktopApplication-SteamStadia-master\SteamStadia\src\swing\Profile.java,swing.Profile$Anonymous5,anonymous,1,1,0,1,3,1,0,3,3,0.0,0.0,0.0,3,0,3,0,0,0,3,0,0,0,0,0,0,0,0,0,0,0,0,11,0,0,0,0,0,0,0,0,0,0,0,0,0,0,8,-1,0
D:\Project\JavaSwing-DesktopApplication-SteamStadia-master\JavaSwing-DesktopApplication-SteamStadia-master\SteamStadia\src\swing\GLibrary.java,swing.GLibrary$Anonymous1,anonymous,1,1,0,1,3,1,0,3,3,0.0,0.0,0.0,3,0,3,0,0,0,3,0,0,0,0,0,0,0,0,0,0,0,0,11,0,0,0,0,0,0,0,0,0,0,0,0,0,0,8,-1,0
D:\Project\JavaSwing-DesktopApplication-SteamStadia-master\JavaSwing-DesktopApplication-SteamStadia-master\SteamStadia\src\swing\Profile.java,swing.Profile$Anonymous6,anonymous,1,1,0,1,1,1,0,1,0,0.0,NaN,NaN,1,0,1,0,0,0,1,0,0,0,0,0,0,0,0,0,0,0,0,5,0,0,0,0,0,0,0,0,0,0,0,0,0,0,7,-1,0
D:\Project\JavaSwing-DesktopApplication-SteamStadia-master\JavaSwing-DesktopApplication-SteamStadia-master\SteamStadia\src\swing\GLibrary.java,swing.GLibrary$Anonymous2,anonymous,1,1,0,1,3,1,0,3,3,0.0,0.0,0.0,3,0,3,0,0,0,3,0,0,0,0,0,0,0,0,0,0,0,0,11,0,0,0,0,0,0,0,0,0,0,0,0,0,0,8,-1,0
D:\Project\JavaSwing-DesktopApplication-SteamStadia-master\JavaSwing-DesktopApplication-SteamStadia-master\SteamStadia\src\swing\Profile.java,swing.Profile$Anonymous7,anonymous,1,1,0,1,1,1,0,1,0,0.0,NaN,NaN,1,0,1,0,0,0,1,0,0,0,0,0,0,0,0,0,0,0,0,5,0,0,0,0,0,0,0,0,0,0,0,0,0,0,6,-1,0
D:\Project\JavaSwing-DesktopApplication-SteamStadia-master\JavaSwing-DesktopApplication-SteamStadia-master\SteamStadia\src\swing\GLibrary.java,swing.GLibrary$Anonymous3,anonymous,1,1,0,1,3,1,0,3,3,0.0,0.0,0.0,3,0,3,0,0,0,3,0,0,0,0,0,0,0,0,0,0,0,0,11,0,0,0,0,0,0,0,0,0,0,0,0,0,0,8,-1,0
D:\Project\JavaSwing-DesktopApplication-SteamStadia-master\JavaSwing-DesktopApplication-SteamStadia-master\SteamStadia\src\swing\Profile.java,swing.Profile$Anonymous8,anonymous,1,1,0,1,1,1,0,1,0,0.0,NaN,NaN,1,0,1,0,0,0,1,0,0,0,0,0,0,0,0,0,0,0,0,5,0,0,0,0,0,0,0,0,0,0,0,0,0,0,6,-1,0
D:\Project\JavaSwing-DesktopApplication-SteamStadia-master\JavaSwing-DesktopApplication-SteamStadia-master\SteamStadia\src\swing\GLibrary.java,swing.GLibrary$Anonymous4,anonymous,1,1,0,1,3,1,0,3,3,0.0,0.0,0.0,3,0,3,0,0,0,3,0,0,0,0,0,0,0,0,0,0,0,0,11,0,0,0,0,0,0,0,0,0,0,0,0,0,0,8,-1,0
D:\Project\JavaSwing-DesktopApplication-SteamStadia-master\JavaSwing-DesktopApplication-SteamStadia-master\SteamStadia\src\swing\Profile.java,swing.Profile$Anonymous9,anonymous,1,1,0,1,1,1,0,1,0,0.0,NaN,NaN,1,0,1,0,0,0,1,0,0,0,0,0,0,0,0,0,0,0,0,5,0,0,0,0,0,0,0,0,0,0,0,0,0,0,3,-1,0
D:\Project\JavaSwing-DesktopApplication-SteamStadia-master\JavaSwing-DesktopApplication-SteamStadia-master\SteamStadia\src\swing\GLibrary.java,swing.GLibrary$Anonymous5,anonymous,1,1,0,1,3,1,0,3,3,0.0,0.0,0.0,3,0,3,0,0,0,3,0,0,0,0,0,0,0,0,0,0,0,0,11,0,0,0,0,0,0,0,0,0,0,0,0,0,0,8,-1,0
D:\Project\JavaSwing-DesktopApplication-SteamStadia-master\JavaSwing-DesktopApplication-SteamStadia-master\SteamStadia\src\swing\ChatFrame.java,swing.ChatFrame$Anonymous1,anonymous,2,2,0,2,8,1,0,2,21,0.0,0.0,0.0,7,0,7,0,0,0,7,0,0,0,0,0,0,0,0,0,0,0,0,22,0,0,0,1,0,3,0,0,0,0,1,0,0,0,14,-1,0
D:\Project\JavaSwing-DesktopApplication-SteamStadia-master\JavaSwing-DesktopApplication-SteamStadia-master\SteamStadia\src\swing\GLibrary.java,swing.GLibrary$Anonymous6,anonymous,1,1,0,1,3,1,0,3,3,0.0,0.0,0.0,3,0,3,0,0,0,3,0,0,0,0,0,0,0,0,0,0,0,0,11,0,0,0,0,0,0,0,0,0,0,0,0,0,0,7,-1,0
D:\Project\JavaSwing-DesktopApplication-SteamStadia-master\JavaSwing-DesktopApplication-SteamStadia-master\SteamStadia\src\swing\GLibrary.java,swing.GLibrary$Anonymous7,anonymous,1,1,0,1,3,1,0,3,3,0.0,0.0,0.0,3,0,3,0,0,0,3,0,0,0,0,0,0,0,0,0,0,0,0,11,0,0,0,0,0,0,0,0,0,0,0,0,0,0,8,-1,0
D:\Project\JavaSwing-DesktopApplication-SteamStadia-master\JavaSwing-DesktopApplication-SteamStadia-master\SteamStadia\src\swing\GLibrary.java,swing.GLibrary$Anonymous8,anonymous,1,1,0,1,3,1,0,3,3,0.0,0.0,0.0,3,0,3,0,0,0,3,0,0,0,0,0,0,0,0,0,0,0,0,11,0,0,0,0,0,0,0,0,0,0,0,0,0,0,8,-1,0
D:\Project\JavaSwing-DesktopApplication-SteamStadia-master\JavaSwing-DesktopApplication-SteamStadia-master\SteamStadia\src\swing\ChatFrame.java,swing.ChatFrame$Anonymous4,anonymous,1,1,0,1,1,1,0,1,0,0.0,NaN,NaN,1,0,1,0,0,0,1,0,0,0,0,0,0,0,0,0,0,0,0,5,0,0,0,0,0,0,0,0,0,0,0,0,0,0,6,-1,0
D:\Project\JavaSwing-DesktopApplication-SteamStadia-master\JavaSwing-DesktopApplication-SteamStadia-master\SteamStadia\src\swing\GLibrary.java,swing.GLibrary$Anonymous9,anonymous,1,1,0,1,3,1,0,3,3,0.0,0.0,0.0,3,0,3,0,0,0,3,0,0,0,0,0,0,0,0,0,0,0,0,11,0,0,0,0,0,0,0,0,0,0,0,0,0,0,8,-1,0
D:\Project\JavaSwing-DesktopApplication-SteamStadia-master\JavaSwing-DesktopApplication-SteamStadia-master\SteamStadia\src\swing\ChatFrame.java,swing.ChatFrame$Anonymous5,anonymous,1,1,0,1,1,1,0,1,0,0.0,NaN,NaN,1,0,1,0,0,0,1,0,0,0,0,0,0,0,0,0,0,0,0,5,0,0,0,0,0,0,0,0,0,0,0,0,0,0,6,-1,0
D:\Project\JavaSwing-DesktopApplication-SteamStadia-master\JavaSwing-DesktopApplication-SteamStadia-master\SteamStadia\src\swing\ChatFrame.java,swing.ChatFrame$Anonymous2,anonymous,1,1,0,1,1,1,0,1,0,0.0,NaN,NaN,1,0,1,0,0,0,1,0,0,0,0,0,0,0,0,0,0,0,0,5,0,0,0,0,0,0,0,0,0,0,0,0,0,0,6,-1,0
D:\Project\JavaSwing-DesktopApplication-SteamStadia-master\JavaSwing-DesktopApplication-SteamStadia-master\SteamStadia\src\swing\ChatFrame.java,swing.ChatFrame$Anonymous3,anonymous,1,1,0,1,1,1,0,1,0,0.0,NaN,NaN,1,0,1,0,0,0,1,0,0,0,0,0,0,0,0,0,0,0,0,5,0,0,0,0,0,0,0,0,0,0,0,0,0,0,6,-1,0
D:\Project\JavaSwing-DesktopApplication-SteamStadia-master\JavaSwing-DesktopApplication-SteamStadia-master\SteamStadia\src\swing\ChatFrame.java,swing.ChatFrame$Anonymous14,anonymous,1,1,0,1,2,1,0,2,1,0.0,0.0,0.0,2,0,2,0,0,0,2,0,0,0,0,0,0,0,0,0,0,0,0,8,0,0,0,0,0,0,0,0,0,0,0,0,0,0,7,-1,0
D:\Project\JavaSwing-DesktopApplication-SteamStadia-master\JavaSwing-DesktopApplication-SteamStadia-master\SteamStadia\src\swing\JChatBox.java,swing.JChatBox$Anonymous5,anonymous,1,1,0,1,2,1,0,5,0,0.0,NaN,NaN,1,0,1,0,0,0,1,0,0,0,0,0,0,0,0,0,0,0,2,10,0,0,0,0,0,3,0,1,1,1,1,0,0,0,12,-1,0
D:\Project\JavaSwing-DesktopApplication-SteamStadia-master\JavaSwing-DesktopApplication-SteamStadia-master\SteamStadia\src\swing\ChatFrame.java,swing.ChatFrame$Anonymous13,anonymous,1,1,0,1,2,1,0,2,1,0.0,0.0,0.0,2,0,2,0,0,0,2,0,0,0,0,0,0,0,0,0,0,0,0,8,0,0,0,0,0,0,0,0,0,0,0,0,0,0,7,-1,0
D:\Project\JavaSwing-DesktopApplication-SteamStadia-master\JavaSwing-DesktopApplication-SteamStadia-master\SteamStadia\src\swing\JChatBox.java,swing.JChatBox$Anonymous4,anonymous,1,1,0,1,2,1,0,3,0,0.0,NaN,NaN,1,0,1,0,0,0,1,0,0,0,0,0,0,0,0,0,0,0,2,10,0,0,0,0,0,1,0,0,0,0,1,0,0,0,10,-1,0
D:\Project\JavaSwing-DesktopApplication-SteamStadia-master\JavaSwing-DesktopApplication-SteamStadia-master\SteamStadia\src\swing\ChatFrame.java,swing.ChatFrame$Anonymous16,anonymous,1,1,0,1,3,1,0,3,3,0.0,0.0,0.0,3,0,3,0,0,0,3,0,0,0,0,0,0,0,0,0,0,0,0,11,0,0,0,0,0,0,0,0,0,0,0,0,0,0,8,-1,0
D:\Project\JavaSwing-DesktopApplication-SteamStadia-master\JavaSwing-DesktopApplication-SteamStadia-master\SteamStadia\src\swing\JChatBox.java,swing.JChatBox$Anonymous3,anonymous,1,1,0,1,3,1,0,5,0,0.0,NaN,NaN,1,0,1,0,0,0,1,0,0,0,0,0,0,0,0,0,0,0,1,18,0,0,1,0,0,3,0,2,0,0,2,0,0,0,22,-1,0
D:\Project\JavaSwing-DesktopApplication-SteamStadia-master\JavaSwing-DesktopApplication-SteamStadia-master\SteamStadia\src\swing\ChatFrame.java,swing.ChatFrame$Anonymous15,anonymous,1,1,0,1,3,1,0,3,3,0.0,0.0,0.0,3,0,3,0,0,0,3,0,0,0,0,0,0,0,0,0,0,0,0,11,0,0,0,0,0,0,0,0,0,0,0,0,0,0,8,-1,0
D:\Project\JavaSwing-DesktopApplication-SteamStadia-master\JavaSwing-DesktopApplication-SteamStadia-master\SteamStadia\src\swing\JChatBox.java,swing.JChatBox$Anonymous2,anonymous,1,1,0,1,3,1,0,6,0,0.0,NaN,NaN,1,0,1,0,0,0,1,0,0,0,0,0,0,0,0,0,0,0,2,18,0,0,1,1,1,0,0,2,0,1,2,0,0,0,23,-1,0
D:\Project\JavaSwing-DesktopApplication-SteamStadia-master\JavaSwing-DesktopApplication-SteamStadia-master\SteamStadia\src\swing\ChatFrame.java,swing.ChatFrame$Anonymous18,anonymous,1,1,0,1,1,1,0,1,0,0.0,NaN,NaN,1,0,1,0,0,0,1,0,0,0,0,0,0,0,0,0,0,0,0,5,0,0,0,0,0,0,0,0,0,0,0,0,0,0,7,-1,0
D:\Project\JavaSwing-DesktopApplication-SteamStadia-master\JavaSwing-DesktopApplication-SteamStadia-master\SteamStadia\src\swing\messenger.java,swing.messenger$Anonymous16,anonymous,1,1,0,1,1,1,0,1,0,0.0,NaN,NaN,1,0,1,0,0,0,1,0,0,0,0,0,0,0,0,0,0,0,0,5,0,0,0,0,0,0,0,0,0,0,0,0,0,0,6,-1,0
D:\Project\JavaSwing-DesktopApplication-SteamStadia-master\JavaSwing-DesktopApplication-SteamStadia-master\SteamStadia\src\swing\ChatFrame.java,swing.ChatFrame$Anonymous17,anonymous,1,1,0,1,1,1,0,1,0,0.0,NaN,NaN,1,0,1,0,0,0,1,0,0,0,0,0,0,0,0,0,0,0,0,5,0,0,0,0,0,0,0,0,0,0,0,0,0,0,7,-1,0
D:\Project\JavaSwing-DesktopApplication-SteamStadia-master\JavaSwing-DesktopApplication-SteamStadia-master\SteamStadia\src\swing\messenger.java,swing.messenger$Anonymous15,anonymous,1,1,0,1,3,1,0,3,3,0.0,0.0,0.0,3,0,3,0,0,0,3,0,0,0,0,0,0,0,0,0,0,0,0,11,0,0,0,0,0,0,0,0,0,0,0,0,0,0,8,-1,0
D:\Project\JavaSwing-DesktopApplication-SteamStadia-master\JavaSwing-DesktopApplication-SteamStadia-master\SteamStadia\src\swing\messenger.java,swing.messenger$Anonymous18,anonymous,1,1,0,1,1,1,0,1,0,0.0,NaN,NaN,1,0,1,0,0,0,1,0,0,0,0,0,0,0,0,0,0,0,0,5,0,0,0,0,0,0,0,0,0,0,0,0,0,0,3,-1,0
D:\Project\JavaSwing-DesktopApplication-SteamStadia-master\JavaSwing-DesktopApplication-SteamStadia-master\SteamStadia\src\swing\ChatFrame.java,swing.ChatFrame$Anonymous19,anonymous,1,1,0,1,1,1,0,1,0,0.0,NaN,NaN,1,0,1,0,0,0,1,0,0,0,0,0,0,0,0,0,0,0,0,5,0,0,0,0,0,0,0,0,0,0,0,0,0,0,6,-1,0
D:\Project\JavaSwing-DesktopApplication-SteamStadia-master\JavaSwing-DesktopApplication-SteamStadia-master\SteamStadia\src\swing\messenger.java,swing.messenger$Anonymous17,anonymous,1,1,0,1,1,1,0,1,0,0.0,NaN,NaN,1,0,1,0,0,0,1,0,0,0,0,0,0,0,0,0,0,0,0,5,0,0,0,0,0,0,0,0,0,0,0,0,0,0,7,-1,0
D:\Project\JavaSwing-DesktopApplication-SteamStadia-master\JavaSwing-DesktopApplication-SteamStadia-master\SteamStadia\src\swing\Payment.java,swing.Payment$Anonymous1,anonymous,1,1,0,1,1,1,0,1,0,0.0,NaN,NaN,1,0,1,0,0,0,1,0,0,0,0,0,0,0,0,0,0,0,0,5,0,0,0,0,0,0,0,0,0,0,0,0,0,0,7,-1,0
D:\Project\JavaSwing-DesktopApplication-SteamStadia-master\JavaSwing-DesktopApplication-SteamStadia-master\SteamStadia\src\swing\Payment.java,swing.Payment$Anonymous2,anonymous,1,1,0,1,3,1,0,3,3,0.0,0.0,0.0,3,0,3,0,0,0,3,0,0,0,0,0,0,0,0,0,0,0,0,11,0,0,0,0,0,0,0,0,0,0,0,0,0,0,8,-1,0
D:\Project\JavaSwing-DesktopApplication-SteamStadia-master\JavaSwing-DesktopApplication-SteamStadia-master\SteamStadia\src\swing\Payment.java,swing.Payment$Anonymous5,anonymous,1,1,0,1,3,1,0,3,3,0.0,0.0,0.0,3,0,3,0,0,0,3,0,0,0,0,0,0,0,0,0,0,0,0,11,0,0,0,0,0,0,0,0,0,0,0,0,0,0,8,-1,0
D:\Project\JavaSwing-DesktopApplication-SteamStadia-master\JavaSwing-DesktopApplication-SteamStadia-master\SteamStadia\src\swing\nioh.java,swing.nioh$Anonymous7,anonymous,1,1,0,1,1,1,0,1,0,0.0,NaN,NaN,1,0,1,0,0,0,1,0,0,0,0,0,0,0,0,0,0,0,0,5,0,0,0,0,0,0,0,0,0,0,0,0,0,0,3,-1,0
D:\Project\JavaSwing-DesktopApplication-SteamStadia-master\JavaSwing-DesktopApplication-SteamStadia-master\SteamStadia\src\swing\Payment.java,swing.Payment$Anonymous6,anonymous,1,1,0,1,3,1,0,3,3,0.0,0.0,0.0,3,0,3,0,0,0,3,0,0,0,0,0,0,0,0,0,0,0,0,11,0,0,0,0,0,0,0,0,0,0,0,0,0,0,7,-1,0
D:\Project\JavaSwing-DesktopApplication-SteamStadia-master\JavaSwing-DesktopApplication-SteamStadia-master\SteamStadia\src\swing\nioh.java,swing.nioh$Anonymous6,anonymous,1,1,0,1,3,1,0,3,3,0.0,0.0,0.0,3,0,3,0,0,0,3,0,0,0,0,0,0,0,0,0,0,0,0,11,0,0,0,0,0,0,0,0,0,0,0,0,0,0,8,-1,0
D:\Project\JavaSwing-DesktopApplication-SteamStadia-master\JavaSwing-DesktopApplication-SteamStadia-master\SteamStadia\src\swing\Payment.java,swing.Payment$Anonymous3,anonymous,1,1,0,1,2,1,0,2,1,0.0,0.0,0.0,2,0,2,0,0,0,2,0,0,0,0,0,0,0,0,0,0,0,0,8,0,0,0,0,0,0,0,0,0,0,0,0,0,0,7,-1,0
D:\Project\JavaSwing-DesktopApplication-SteamStadia-master\JavaSwing-DesktopApplication-SteamStadia-master\SteamStadia\src\swing\nioh.java,swing.nioh$Anonymous5,anonymous,1,1,0,1,1,1,0,1,0,0.0,NaN,NaN,1,0,1,0,0,0,1,0,0,0,0,0,0,0,0,0,0,0,0,5,0,0,0,0,0,0,0,0,0,0,0,0,0,0,6,-1,0
D:\Project\JavaSwing-DesktopApplication-SteamStadia-master\JavaSwing-DesktopApplication-SteamStadia-master\SteamStadia\src\swing\Payment.java,swing.Payment$Anonymous4,anonymous,1,1,0,1,2,1,0,2,1,0.0,0.0,0.0,2,0,2,0,0,0,2,0,0,0,0,0,0,0,0,0,0,0,0,8,0,0,0,0,0,0,0,0,0,0,0,0,0,0,7,-1,0
D:\Project\JavaSwing-DesktopApplication-SteamStadia-master\JavaSwing-DesktopApplication-SteamStadia-master\SteamStadia\src\swing\messenger.java,swing.messenger$Anonymous12,anonymous,1,1,0,1,3,1,0,3,3,0.0,0.0,0.0,3,0,3,0,0,0,3,0,0,0,0,0,0,0,0,0,0,0,0,11,0,0,0,0,0,0,0,0,0,0,0,0,0,0,8,-1,0
D:\Project\JavaSwing-DesktopApplication-SteamStadia-master\JavaSwing-DesktopApplication-SteamStadia-master\SteamStadia\src\swing\nioh.java,swing.nioh$Anonymous4,anonymous,1,1,0,1,3,1,0,3,3,0.0,0.0,0.0,3,0,3,0,0,0,3,0,0,0,0,0,0,0,0,0,0,0,0,11,0,0,0,0,0,0,0,0,0,0,0,0,0,0,8,-1,0
D:\Project\JavaSwing-DesktopApplication-SteamStadia-master\JavaSwing-DesktopApplication-SteamStadia-master\SteamStadia\src\swing\messenger.java,swing.messenger$Anonymous11,anonymous,1,1,0,1,1,1,0,1,0,0.0,NaN,NaN,1,0,1,0,0,0,1,0,0,0,0,0,0,0,0,0,0,0,0,5,0,0,0,0,0,0,0,0,0,0,0,0,0,0,7,-1,0
D:\Project\JavaSwing-DesktopApplication-SteamStadia-master\JavaSwing-DesktopApplication-SteamStadia-master\SteamStadia\src\swing\nioh.java,swing.nioh$Anonymous3,anonymous,1,1,0,1,2,1,0,2,1,0.0,0.0,0.0,2,0,2,0,0,0,2,0,0,0,0,0,0,0,0,0,0,0,0,8,0,0,0,0,0,0,0,0,0,0,0,0,0,0,7,-1,0
D:\Project\JavaSwing-DesktopApplication-SteamStadia-master\JavaSwing-DesktopApplication-SteamStadia-master\SteamStadia\src\swing\messenger.java,swing.messenger$Anonymous14,anonymous,1,1,0,1,1,1,0,1,0,0.0,NaN,NaN,1,0,1,0,0,0,1,0,0,0,0,0,0,0,0,0,0,0,0,5,0,0,0,0,0,0,0,0,0,0,0,0,0,0,7,-1,0
D:\Project\JavaSwing-DesktopApplication-SteamStadia-master\JavaSwing-DesktopApplication-SteamStadia-master\SteamStadia\src\swing\nioh.java,swing.nioh$Anonymous2,anonymous,1,1,0,1,2,1,0,2,1,0.0,0.0,0.0,2,0,2,0,0,0,2,0,0,0,0,0,0,0,0,0,0,0,0,8,0,0,0,0,0,0,0,0,0,0,0,0,0,0,7,-1,0
D:\Project\JavaSwing-DesktopApplication-SteamStadia-master\JavaSwing-DesktopApplication-SteamStadia-master\SteamStadia\src\swing\Payment.java,swing.Payment$Anonymous7,anonymous,1,1,0,1,1,1,0,1,0,0.0,NaN,NaN,1,0,1,0,0,0,1,0,0,0,0,0,0,0,0,0,0,0,0,5,0,0,0,0,0,0,0,0,0,0,0,0,0,0,3,-1,0
D:\Project\JavaSwing-DesktopApplication-SteamStadia-master\JavaSwing-DesktopApplication-SteamStadia-master\SteamStadia\src\swing\wwe.java,swing.wwe,class,13,22,9,13,39,6,0,55,136,0.94117695,0.0,0.0,17,1,2,15,0,0,2,0,0,0,35,0,0,35,0,0,0,0,19,407,0,2,1,2,1,76,312,60,6,60,3,7,0,0,174,1,0
D:\Project\JavaSwing-DesktopApplication-SteamStadia-master\JavaSwing-DesktopApplication-SteamStadia-master\SteamStadia\src\swing\messenger.java,swing.messenger$Anonymous13,anonymous,1,1,0,1,3,1,0,3,3,0.0,0.0,0.0,3,0,3,0,0,0,3,0,0,0,0,0,0,0,0,0,0,0,0,11,0,0,0,0,0,0,0,0,0,0,0,0,0,0,8,-1,0
D:\Project\JavaSwing-DesktopApplication-SteamStadia-master\JavaSwing-DesktopApplication-SteamStadia-master\SteamStadia\src\swing\nioh.java,swing.nioh$Anonymous1,anonymous,1,1,0,1,3,1,0,3,3,0.0,0.0,0.0,3,0,3,0,0,0,3,0,0,0,0,0,0,0,0,0,0,0,0,11,0,0,0,0,0,0,0,0,0,0,0,0,0,0,8,-1,0
D:\Project\JavaSwing-DesktopApplication-SteamStadia-master\JavaSwing-DesktopApplication-SteamStadia-master\SteamStadia\src\swing\ChatFrame.java,swing.ChatFrame$Anonymous10,anonymous,1,1,0,1,3,1,0,3,3,0.0,0.0,0.0,3,0,3,0,0,0,3,0,0,0,0,0,0,0,0,0,0,0,0,11,0,0,0,0,0,0,0,0,0,0,0,0,0,0,8,-1,0
D:\Project\JavaSwing-DesktopApplication-SteamStadia-master\JavaSwing-DesktopApplication-SteamStadia-master\SteamStadia\src\swing\JChatBox.java,swing.JChatBox$Anonymous1,anonymous,1,1,0,1,2,1,0,3,0,0.0,NaN,NaN,1,0,1,0,0,0,1,0,0,0,0,0,0,0,0,0,0,0,1,11,0,0,1,0,0,0,0,1,0,0,1,0,0,0,18,-1,0
D:\Project\JavaSwing-DesktopApplication-SteamStadia-master\JavaSwing-DesktopApplication-SteamStadia-master\SteamStadia\src\swing\kof.java,swing.kof,class,13,22,9,13,39,6,0,55,136,0.94117695,0.0,0.0,17,1,2,15,0,0,2,0,0,0,35,0,0,35,0,0,0,0,19,407,0,2,1,2,1,76,312,60,6,60,3,7,0,0,174,1,0
D:\Project\JavaSwing-DesktopApplication-SteamStadia-master\JavaSwing-DesktopApplication-SteamStadia-master\SteamStadia\src\swing\ChatFrame.java,swing.ChatFrame$Anonymous12,anonymous,1,1,0,1,1,1,0,1,0,0.0,NaN,NaN,1,0,1,0,0,0,1,0,0,0,0,0,0,0,0,0,0,0,0,5,0,0,0,0,0,0,0,0,0,0,0,0,0,0,7,-1,0
D:\Project\JavaSwing-DesktopApplication-SteamStadia-master\JavaSwing-DesktopApplication-SteamStadia-master\SteamStadia\src\swing\messenger.java,swing.messenger$Anonymous10,anonymous,1,1,0,1,1,1,0,1,0,0.0,NaN,NaN,1,0,1,0,0,0,1,0,0,0,0,0,0,0,0,0,0,0,0,5,0,0,0,0,0,0,0,0,0,0,0,0,0,0,7,-1,0
D:\Project\JavaSwing-DesktopApplication-SteamStadia-master\JavaSwing-DesktopApplication-SteamStadia-master\SteamStadia\src\swing\ChatFrame.java,swing.ChatFrame$Anonymous11,anonymous,1,1,0,1,1,1,0,1,0,0.0,NaN,NaN,1,0,1,0,0,0,1,0,0,0,0,0,0,0,0,0,0,0,0,5,0,0,0,0,0,0,0,0,0,0,0,0,0,0,7,-1,0
D:\Project\JavaSwing-DesktopApplication-SteamStadia-master\JavaSwing-DesktopApplication-SteamStadia-master\SteamStadia\src\swing\sekiro.java,swing.sekiro$Anonymous7,anonymous,1,1,0,1,1,1,0,1,0,0.0,NaN,NaN,1,0,1,0,0,0,1,0,0,0,0,0,0,0,0,0,0,0,0,5,0,0,0,0,0,0,0,0,0,0,0,0,0,0,3,-1,0
D:\Project\JavaSwing-DesktopApplication-SteamStadia-master\JavaSwing-DesktopApplication-SteamStadia-master\SteamStadia\src\swing\SocketClient.java,swing.SocketClient,class,6,9,3,6,35,1,0,34,0,0.53571427,0.5,0.5,4,0,4,0,0,0,4,0,0,0,7,0,7,0,0,0,0,0,3,190,0,4,3,4,4,70,4,28,15,26,6,0,0,0,70,1,0
D:\Project\JavaSwing-DesktopApplication-SteamStadia-master\JavaSwing-DesktopApplication-SteamStadia-master\SteamStadia\src\swing\Payment.java,swing.Payment,class,6,20,14,6,23,6,0,46,136,0.94117695,0.0,0.0,17,1,2,15,0,0,2,0,0,0,37,0,0,37,0,0,0,0,12,380,0,1,0,1,0,136,431,42,6,42,3,7,0,0,131,1,0
D:\Project\JavaSwing-DesktopApplication-SteamStadia-master\JavaSwing-DesktopApplication-SteamStadia-master\SteamStadia\src\swing\sekiro.java,swing.sekiro$Anonymous6,anonymous,1,1,0,1,3,1,0,3,3,0.0,0.0,0.0,3,0,3,0,0,0,3,0,0,0,0,0,0,0,0,0,0,0,0,11,0,0,0,0,0,0,0,0,0,0,0,0,0,0,8,-1,0
D:\Project\JavaSwing-DesktopApplication-SteamStadia-master\JavaSwing-DesktopApplication-SteamStadia-master\SteamStadia\src\swing\HistoryFrame.java,swing.HistoryFrame$Anonymous1,anonymous,1,1,0,1,2,1,0,0,1,0.5,0.0,0.0,2,0,2,0,0,0,2,0,0,0,2,0,0,0,0,2,0,0,0,10,2,0,0,0,0,0,0,2,0,2,0,0,0,0,11,-1,0
D:\Project\JavaSwing-DesktopApplication-SteamStadia-master\JavaSwing-DesktopApplication-SteamStadia-master\SteamStadia\src\swing\stateofdecay.java,swing.stateofdecay$Anonymous6,anonymous,1,1,0,1,3,1,0,3,3,0.0,0.0,0.0,3,0,3,0,0,0,3,0,0,0,0,0,0,0,0,0,0,0,0,11,0,0,0,0,0,0,0,0,0,0,0,0,0,0,8,-1,0
D:\Project\JavaSwing-DesktopApplication-SteamStadia-master\JavaSwing-DesktopApplication-SteamStadia-master\SteamStadia\src\swing\Witcher3.java,swing.Witcher3$Anonymous5,anonymous,1,1,0,1,1,1,0,1,0,0.0,NaN,NaN,1,0,1,0,0,0,1,0,0,0,0,0,0,0,0,0,0,0,0,5,0,0,0,0,0,0,0,0,0,0,0,0,0,0,6,-1,0
D:\Project\JavaSwing-DesktopApplication-SteamStadia-master\JavaSwing-DesktopApplication-SteamStadia-master\SteamStadia\src\swing\stateofdecay.java,swing.stateofdecay$Anonymous5,anonymous,1,1,0,1,1,1,0,1,0,0.0,NaN,NaN,1,0,1,0,0,0,1,0,0,0,0,0,0,0,0,0,0,0,0,5,0,0,0,0,0,0,0,0,0,0,0,0,0,0,6,-1,0
D:\Project\JavaSwing-DesktopApplication-SteamStadia-master\JavaSwing-DesktopApplication-SteamStadia-master\SteamStadia\src\swing\Witcher3.java,swing.Witcher3$Anonymous4,anonymous,1,1,0,1,2,1,0,2,1,0.0,0.0,0.0,2,0,2,0,0,0,2,0,0,0,0,0,0,0,0,0,0,0,0,8,0,0,0,0,0,0,0,0,0,0,0,0,0,0,7,-1,0
D:\Project\JavaSwing-DesktopApplication-SteamStadia-master\JavaSwing-DesktopApplication-SteamStadia-master\SteamStadia\src\swing\sekiro.java,swing.sekiro$Anonymous1,anonymous,1,1,0,1,3,1,0,3,3,0.0,0.0,0.0,3,0,3,0,0,0,3,0,0,0,0,0,0,0,0,0,0,0,0,11,0,0,0,0,0,0,0,0,0,0,0,0,0,0,8,-1,0
D:\Project\JavaSwing-DesktopApplication-SteamStadia-master\JavaSwing-DesktopApplication-SteamStadia-master\SteamStadia\src\swing\stateofdecay.java,swing.stateofdecay$Anonymous4,anonymous,1,1,0,1,3,1,0,3,3,0.0,0.0,0.0,3,0,3,0,0,0,3,0,0,0,0,0,0,0,0,0,0,0,0,11,0,0,0,0,0,0,0,0,0,0,0,0,0,0,8,-1,0
D:\Project\JavaSwing-DesktopApplication-SteamStadia-master\JavaSwing-DesktopApplication-SteamStadia-master\SteamStadia\src\swing\Witcher3.java,swing.Witcher3$Anonymous7,anonymous,1,1,0,1,3,1,0,3,3,0.0,0.0,0.0,3,0,3,0,0,0,3,0,0,0,0,0,0,0,0,0,0,0,0,11,0,0,0,0,0,0,0,0,0,0,0,0,0,0,7,-1,0
D:\Project\JavaSwing-DesktopApplication-SteamStadia-master\JavaSwing-DesktopApplication-SteamStadia-master\SteamStadia\src\swing\stateofdecay.java,swing.stateofdecay$Anonymous3,anonymous,1,1,0,1,2,1,0,2,1,0.0,0.0,0.0,2,0,2,0,0,0,2,0,0,0,0,0,0,0,0,0,0,0,0,8,0,0,0,0,0,0,0,0,0,0,0,0,0,0,7,-1,0
D:\Project\JavaSwing-DesktopApplication-SteamStadia-master\JavaSwing-DesktopApplication-SteamStadia-master\SteamStadia\src\swing\Witcher3.java,swing.Witcher3$Anonymous6,anonymous,1,1,0,1,3,1,0,3,3,0.0,0.0,0.0,3,0,3,0,0,0,3,0,0,0,0,0,0,0,0,0,0,0,0,11,0,0,0,0,0,0,0,0,0,0,0,0,0,0,8,-1,0
D:\Project\JavaSwing-DesktopApplication-SteamStadia-master\JavaSwing-DesktopApplication-SteamStadia-master\SteamStadia\src\swing\sekiro.java,swing.sekiro$Anonymous3,anonymous,1,1,0,1,2,1,0,2,1,0.0,0.0,0.0,2,0,2,0,0,0,2,0,0,0,0,0,0,0,0,0,0,0,0,8,0,0,0,0,0,0,0,0,0,0,0,0,0,0,7,-1,0
D:\Project\JavaSwing-DesktopApplication-SteamStadia-master\JavaSwing-DesktopApplication-SteamStadia-master\SteamStadia\src\swing\Witcher3.java,swing.Witcher3$Anonymous1,anonymous,1,1,0,1,3,1,0,3,3,0.0,0.0,0.0,3,0,3,0,0,0,3,0,0,0,0,0,0,0,0,0,0,0,0,11,0,0,0,0,0,0,0,0,0,0,0,0,0,0,8,-1,0
D:\Project\JavaSwing-DesktopApplication-SteamStadia-master\JavaSwing-DesktopApplication-SteamStadia-master\SteamStadia\src\swing\sekiro.java,swing.sekiro$Anonymous2,anonymous,1,1,0,1,2,1,0,2,1,0.0,0.0,0.0,2,0,2,0,0,0,2,0,0,0,0,0,0,0,0,0,0,0,0,8,0,0,0,0,0,0,0,0,0,0,0,0,0,0,7,-1,0
D:\Project\JavaSwing-DesktopApplication-SteamStadia-master\JavaSwing-DesktopApplication-SteamStadia-master\SteamStadia\src\swing\sekiro.java,swing.sekiro$Anonymous5,anonymous,1,1,0,1,1,1,0,1,0,0.0,NaN,NaN,1,0,1,0,0,0,1,0,0,0,0,0,0,0,0,0,0,0,0,5,0,0,0,0,0,0,0,0,0,0,0,0,0,0,6,-1,0
D:\Project\JavaSwing-DesktopApplication-SteamStadia-master\JavaSwing-DesktopApplication-SteamStadia-master\SteamStadia\src\swing\Witcher3.java,swing.Witcher3$Anonymous3,anonymous,1,1,0,1,2,1,0,2,1,0.0,0.0,0.0,2,0,2,0,0,0,2,0,0,0,0,0,0,0,0,0,0,0,0,8,0,0,0,0,0,0,0,0,0,0,0,0,0,0,7,-1,0
D:\Project\JavaSwing-DesktopApplication-SteamStadia-master\JavaSwing-DesktopApplication-SteamStadia-master\SteamStadia\src\swing\sekiro.java,swing.sekiro$Anonymous4,anonymous,1,1,0,1,3,1,0,3,3,0.0,0.0,0.0,3,0,3,0,0,0,3,0,0,0,0,0,0,0,0,0,0,0,0,11,0,0,0,0,0,0,0,0,0,0,0,0,0,0,8,-1,0
D:\Project\JavaSwing-DesktopApplication-SteamStadia-master\JavaSwing-DesktopApplication-SteamStadia-master\SteamStadia\src\swing\stateofdecay.java,swing.stateofdecay$Anonymous7,anonymous,1,1,0,1,1,1,0,1,0,0.0,NaN,NaN,1,0,1,0,0,0,1,0,0,0,0,0,0,0,0,0,0,0,0,5,0,0,0,0,0,0,0,0,0,0,0,0,0,0,3,-1,0
D:\Project\JavaSwing-DesktopApplication-SteamStadia-master\JavaSwing-DesktopApplication-SteamStadia-master\SteamStadia\src\swing\Witcher3.java,swing.Witcher3$Anonymous2,anonymous,1,1,0,1,3,1,0,3,3,0.0,0.0,0.0,3,0,3,0,0,0,3,0,0,0,0,0,0,0,0,0,0,0,0,11,0,0,0,0,0,0,0,0,0,0,0,0,0,0,8,-1,0
D:\Project\JavaSwing-DesktopApplication-SteamStadia-master\JavaSwing-DesktopApplication-SteamStadia-master\SteamStadia\src\swing\orphan.java,swing.orphan,class,12,38,26,12,38,6,0,53,136,0.94117695,0.0,0.0,17,1,2,15,0,0,2,0,0,0,35,0,0,35,0,0,0,0,21,398,0,1,0,2,0,73,312,57,6,57,3,7,0,0,163,1,0
D:\Project\JavaSwing-DesktopApplication-SteamStadia-master\JavaSwing-DesktopApplication-SteamStadia-master\SteamStadia\src\swing\stateofdecay.java,swing.stateofdecay$Anonymous2,anonymous,1,1,0,1,2,1,0,2,1,0.0,0.0,0.0,2,0,2,0,0,0,2,0,0,0,0,0,0,0,0,0,0,0,0,8,0,0,0,0,0,0,0,0,0,0,0,0,0,0,7,-1,0
D:\Project\JavaSwing-DesktopApplication-SteamStadia-master\JavaSwing-DesktopApplication-SteamStadia-master\SteamStadia\src\swing\stateofdecay.java,swing.stateofdecay$Anonymous1,anonymous,1,1,0,1,3,1,0,3,3,0.0,0.0,0.0,3,0,3,0,0,0,3,0,0,0,0,0,0,0,0,0,0,0,0,11,0,0,0,0,0,0,0,0,0,0,0,0,0,0,8,-1,0
D:\Project\JavaSwing-DesktopApplication-SteamStadia-master\JavaSwing-DesktopApplication-SteamStadia-master\SteamStadia\src\swing\farcary5.java,swing.farcary5$Anonymous4,anonymous,1,1,0,1,3,1,0,3,3,0.0,0.0,0.0,3,0,3,0,0,0,3,0,0,0,0,0,0,0,0,0,0,0,0,11,0,0,0,0,0,0,0,0,0,0,0,0,0,0,8,-1,0
D:\Project\JavaSwing-DesktopApplication-SteamStadia-master\JavaSwing-DesktopApplication-SteamStadia-master\SteamStadia\src\swing\Watchdogs2.java,swing.Watchdogs2$Anonymous8,anonymous,1,1,0,1,1,1,0,1,0,0.0,NaN,NaN,1,0,1,0,0,0,1,0,0,0,0,0,0,0,0,0,0,0,0,5,0,0,0,0,0,0,0,0,0,0,0,0,0,0,3,-1,0
D:\Project\JavaSwing-DesktopApplication-SteamStadia-master\JavaSwing-DesktopApplication-SteamStadia-master\SteamStadia\src\swing\farcary5.java,swing.farcary5$Anonymous5,anonymous,1,1,0,1,1,1,0,1,0,0.0,NaN,NaN,1,0,1,0,0,0,1,0,0,0,0,0,0,0,0,0,0,0,0,5,0,0,0,0,0,0,0,0,0,0,0,0,0,0,6,-1,0
D:\Project\JavaSwing-DesktopApplication-SteamStadia-master\JavaSwing-DesktopApplication-SteamStadia-master\SteamStadia\src\swing\Watchdogs2.java,swing.Watchdogs2$Anonymous7,anonymous,1,1,0,1,3,1,0,3,3,0.0,0.0,0.0,3,0,3,0,0,0,3,0,0,0,0,0,0,0,0,0,0,0,0,11,0,0,0,0,0,0,0,0,0,0,0,0,0,0,7,-1,0
D:\Project\JavaSwing-DesktopApplication-SteamStadia-master\JavaSwing-DesktopApplication-SteamStadia-master\SteamStadia\src\swing\farcary5.java,swing.farcary5$Anonymous2,anonymous,1,1,0,1,2,1,0,2,1,0.0,0.0,0.0,2,0,2,0,0,0,2,0,0,0,0,0,0,0,0,0,0,0,0,8,0,0,0,0,0,0,0,0,0,0,0,0,0,0,7,-1,0
D:\Project\JavaSwing-DesktopApplication-SteamStadia-master\JavaSwing-DesktopApplication-SteamStadia-master\SteamStadia\src\swing\Watchdogs2.java,swing.Watchdogs2$Anonymous6,anonymous,1,1,0,1,3,1,0,3,3,0.0,0.0,0.0,3,0,3,0,0,0,3,0,0,0,0,0,0,0,0,0,0,0,0,11,0,0,0,0,0,0,0,0,0,0,0,0,0,0,8,-1,0
D:\Project\JavaSwing-DesktopApplication-SteamStadia-master\JavaSwing-DesktopApplication-SteamStadia-master\SteamStadia\src\swing\farcary5.java,swing.farcary5$Anonymous3,anonymous,1,1,0,1,2,1,0,2,1,0.0,0.0,0.0,2,0,2,0,0,0,2,0,0,0,0,0,0,0,0,0,0,0,0,8,0,0,0,0,0,0,0,0,0,0,0,0,0,0,7,-1,0
D:\Project\JavaSwing-DesktopApplication-SteamStadia-master\JavaSwing-DesktopApplication-SteamStadia-master\SteamStadia\src\swing\Watchdogs2.java,swing.Watchdogs2$Anonymous5,anonymous,1,1,0,1,1,1,0,1,0,0.0,NaN,NaN,1,0,1,0,0,0,1,0,0,0,0,0,0,0,0,0,0,0,0,5,0,0,0,0,0,0,0,0,0,0,0,0,0,0,6,-1,0
D:\Project\JavaSwing-DesktopApplication-SteamStadia-master\JavaSwing-DesktopApplication-SteamStadia-master\SteamStadia\src\swing\farcary5.java,swing.farcary5$Anonymous6,anonymous,1,1,0,1,3,1,0,3,3,0.0,0.0,0.0,3,0,3,0,0,0,3,0,0,0,0,0,0,0,0,0,0,0,0,11,0,0,0,0,0,0,0,0,0,0,0,0,0,0,8,-1,0
D:\Project\JavaSwing-DesktopApplication-SteamStadia-master\JavaSwing-DesktopApplication-SteamStadia-master\SteamStadia\src\swing\farcary5.java,swing.farcary5$Anonymous7,anonymous,1,1,0,1,1,1,0,1,0,0.0,NaN,NaN,1,0,1,0,0,0,1,0,0,0,0,0,0,0,0,0,0,0,0,5,0,0,0,0,0,0,0,0,0,0,0,0,0,0,3,-1,0
D:\Project\JavaSwing-DesktopApplication-SteamStadia-master\JavaSwing-DesktopApplication-SteamStadia-master\SteamStadia\src\swing\battlefield.java,swing.battlefield$Anonymous2,anonymous,1,1,0,1,2,1,0,2,1,0.0,0.0,0.0,2,0,2,0,0,0,2,0,0,0,0,0,0,0,0,0,0,0,0,8,0,0,0,0,0,0,0,0,0,0,0,0,0,0,7,-1,0
D:\Project\JavaSwing-DesktopApplication-SteamStadia-master\JavaSwing-DesktopApplication-SteamStadia-master\SteamStadia\src\swing\battlefield.java,swing.battlefield$Anonymous1,anonymous,1,1,0,1,3,1,0,3,3,0.0,0.0,0.0,3,0,3,0,0,0,3,0,0,0,0,0,0,0,0,0,0,0,0,11,0,0,0,0,0,0,0,0,0,0,0,0,0,0,8,-1,0
D:\Project\JavaSwing-DesktopApplication-SteamStadia-master\JavaSwing-DesktopApplication-SteamStadia-master\SteamStadia\src\swing\battlefield.java,swing.battlefield$Anonymous4,anonymous,1,1,0,1,3,1,0,3,3,0.0,0.0,0.0,3,0,3,0,0,0,3,0,0,0,0,0,0,0,0,0,0,0,0,11,0,0,0,0,0,0,0,0,0,0,0,0,0,0,8,-1,0
D:\Project\JavaSwing-DesktopApplication-SteamStadia-master\JavaSwing-DesktopApplication-SteamStadia-master\SteamStadia\src\swing\battlefield.java,swing.battlefield$Anonymous3,anonymous,1,1,0,1,2,1,0,2,1,0.0,0.0,0.0,2,0,2,0,0,0,2,0,0,0,0,0,0,0,0,0,0,0,0,8,0,0,0,0,0,0,0,0,0,0,0,0,0,0,7,-1,0
D:\Project\JavaSwing-DesktopApplication-SteamStadia-master\JavaSwing-DesktopApplication-SteamStadia-master\SteamStadia\src\swing\Message.java,swing.Message,class,0,6,6,0,2,1,0,0,0,0.2,1.0,1.0,2,0,2,0,0,0,2,0,0,0,2,1,1,1,0,0,1,0,0,13,1,0,0,0,0,5,1,5,1,5,0,0,0,0,15,1,0
D:\Project\JavaSwing-DesktopApplication-SteamStadia-master\JavaSwing-DesktopApplication-SteamStadia-master\SteamStadia\src\swing\battlefield.java,swing.battlefield$Anonymous6,anonymous,1,1,0,1,3,1,0,3,3,0.0,0.0,0.0,3,0,3,0,0,0,3,0,0,0,0,0,0,0,0,0,0,0,0,11,0,0,0,0,0,0,0,0,0,0,0,0,0,0,8,-1,0
D:\Project\JavaSwing-DesktopApplication-SteamStadia-master\JavaSwing-DesktopApplication-SteamStadia-master\SteamStadia\src\swing\battlefield.java,swing.battlefield$Anonymous5,anonymous,1,1,0,1,1,1,0,1,0,0.0,NaN,NaN,1,0,1,0,0,0,1,0,0,0,0,0,0,0,0,0,0,0,0,5,0,0,0,0,0,0,0,0,0,0,0,0,0,0,6,-1,0
D:\Project\JavaSwing-DesktopApplication-SteamStadia-master\JavaSwing-DesktopApplication-SteamStadia-master\SteamStadia\src\swing\Watchdogs2.java,swing.Watchdogs2$Anonymous4,anonymous,1,1,0,1,2,1,0,2,1,0.0,0.0,0.0,2,0,2,0,0,0,2,0,0,0,0,0,0,0,0,0,0,0,0,8,0,0,0,0,0,0,0,0,0,0,0,0,0,0,7,-1,0
D:\Project\JavaSwing-DesktopApplication-SteamStadia-master\JavaSwing-DesktopApplication-SteamStadia-master\SteamStadia\src\swing\battlefield.java,swing.battlefield$Anonymous7,anonymous,1,1,0,1,1,1,0,1,0,0.0,NaN,NaN,1,0,1,0,0,0,1,0,0,0,0,0,0,0,0,0,0,0,0,5,0,0,0,0,0,0,0,0,0,0,0,0,0,0,3,-1,0
D:\Project\JavaSwing-DesktopApplication-SteamStadia-master\JavaSwing-DesktopApplication-SteamStadia-master\SteamStadia\src\swing\Watchdogs2.java,swing.Watchdogs2$Anonymous3,anonymous,1,1,0,1,2,1,0,2,1,0.0,0.0,0.0,2,0,2,0,0,0,2,0,0,0,0,0,0,0,0,0,0,0,0,8,0,0,0,0,0,0,0,0,0,0,0,0,0,0,7,-1,0
D:\Project\JavaSwing-DesktopApplication-SteamStadia-master\JavaSwing-DesktopApplication-SteamStadia-master\SteamStadia\src\swing\Watchdogs2.java,swing.Watchdogs2$Anonymous2,anonymous,1,1,0,1,3,1,0,3,3,0.0,0.0,0.0,3,0,3,0,0,0,3,0,0,0,0,0,0,0,0,0,0,0,0,11,0,0,0,0,0,0,0,0,0,0,0,0,0,0,8,-1,0
D:\Project\JavaSwing-DesktopApplication-SteamStadia-master\JavaSwing-DesktopApplication-SteamStadia-master\SteamStadia\src\swing\Watchdogs2.java,swing.Watchdogs2$Anonymous1,anonymous,1,1,0,1,3,1,0,3,3,0.0,0.0,0.0,3,0,3,0,0,0,3,0,0,0,0,0,0,0,0,0,0,0,0,11,0,0,0,0,0,0,0,0,0,0,0,0,0,0,8,-1,0
D:\Project\JavaSwing-DesktopApplication-SteamStadia-master\JavaSwing-DesktopApplication-SteamStadia-master\SteamStadia\src\swing\ChatFrame.java,swing.ChatFrame$Anonymous25,anonymous,1,1,0,1,3,1,0,3,3,0.0,0.0,0.0,3,0,3,0,0,0,3,0,0,0,0,0,0,0,0,0,0,0,0,11,0,0,0,0,0,0,0,0,0,0,0,0,0,0,8,-1,0
D:\Project\JavaSwing-DesktopApplication-SteamStadia-master\JavaSwing-DesktopApplication-SteamStadia-master\SteamStadia\src\swing\ChatFrame.java,swing.ChatFrame$Anonymous24,anonymous,1,1,0,1,3,1,0,3,3,0.0,0.0,0.0,3,0,3,0,0,0,3,0,0,0,0,0,0,0,0,0,0,0,0,11,0,0,0,0,0,0,0,0,0,0,0,0,0,0,8,-1,0
D:\Project\JavaSwing-DesktopApplication-SteamStadia-master\JavaSwing-DesktopApplication-SteamStadia-master\SteamStadia\src\swing\ChatFrame.java,swing.ChatFrame$Anonymous27,anonymous,1,1,0,1,3,1,0,3,3,0.0,0.0,0.0,3,0,3,0,0,0,3,0,0,0,0,0,0,0,0,0,0,0,0,11,0,0,0,0,0,0,0,0,0,0,0,0,0,0,8,-1,0
D:\Project\JavaSwing-DesktopApplication-SteamStadia-master\JavaSwing-DesktopApplication-SteamStadia-master\SteamStadia\src\swing\ChatFrame.java,swing.ChatFrame$Anonymous26,anonymous,1,1,0,1,3,1,0,3,3,0.0,0.0,0.0,3,0,3,0,0,0,3,0,0,0,0,0,0,0,0,0,0,0,0,11,0,0,0,0,0,0,0,0,0,0,0,0,0,0,8,-1,0
D:\Project\JavaSwing-DesktopApplication-SteamStadia-master\JavaSwing-DesktopApplication-SteamStadia-master\SteamStadia\src\swing\inside.java,swing.inside$Anonymous1,anonymous,1,1,0,1,3,1,0,3,3,0.0,0.0,0.0,3,0,3,0,0,0,3,0,0,0,0,0,0,0,0,0,0,0,0,11,0,0,0,0,0,0,0,0,0,0,0,0,0,0,8,-1,0
D:\Project\JavaSwing-DesktopApplication-SteamStadia-master\JavaSwing-DesktopApplication-SteamStadia-master\SteamStadia\src\swing\ChatFrame.java,swing.ChatFrame$Anonymous28,anonymous,1,1,0,1,1,1,0,1,0,0.0,NaN,NaN,1,0,1,0,0,0,1,0,0,0,0,0,0,0,0,0,0,0,0,5,0,0,0,0,0,0,0,0,0,0,0,0,0,0,4,-1,0
D:\Project\JavaSwing-DesktopApplication-SteamStadia-master\JavaSwing-DesktopApplication-SteamStadia-master\SteamStadia\src\swing\inside.java,swing.inside$Anonymous2,anonymous,1,1,0,1,2,1,0,2,1,0.0,0.0,0.0,2,0,2,0,0,0,2,0,0,0,0,0,0,0,0,0,0,0,0,8,0,0,0,0,0,0,0,0,0,0,0,0,0,0,7,-1,0
D:\Project\JavaSwing-DesktopApplication-SteamStadia-master\JavaSwing-DesktopApplication-SteamStadia-master\SteamStadia\src\swing\inside.java,swing.inside$Anonymous3,anonymous,1,1,0,1,2,1,0,2,1,0.0,0.0,0.0,2,0,2,0,0,0,2,0,0,0,0,0,0,0,0,0,0,0,0,8,0,0,0,0,0,0,0,0,0,0,0,0,0,0,7,-1,0
D:\Project\JavaSwing-DesktopApplication-SteamStadia-master\JavaSwing-DesktopApplication-SteamStadia-master\SteamStadia\src\swing\inside.java,swing.inside$Anonymous4,anonymous,1,1,0,1,3,1,0,3,3,0.0,0.0,0.0,3,0,3,0,0,0,3,0,0,0,0,0,0,0,0,0,0,0,0,11,0,0,0,0,0,0,0,0,0,0,0,0,0,0,8,-1,0
D:\Project\JavaSwing-DesktopApplication-SteamStadia-master\JavaSwing-DesktopApplication-SteamStadia-master\SteamStadia\src\swing\Dota2.java,swing.Dota2,class,13,42,29,13,40,6,0,51,190,0.95000035,0.0,0.0,20,1,2,18,0,0,2,0,0,0,36,0,0,36,0,0,0,0,19,422,0,1,0,1,0,79,316,58,6,58,3,8,0,0,163,1,0
D:\Project\JavaSwing-DesktopApplication-SteamStadia-master\JavaSwing-DesktopApplication-SteamStadia-master\SteamStadia\src\swing\chatmesssenger.java,swing.chatmesssenger$Anonymous18,anonymous,1,1,0,1,1,1,0,1,0,0.0,NaN,NaN,1,0,1,0,0,0,1,0,0,0,0,0,0,0,0,0,0,0,0,5,0,0,0,0,0,0,0,0,0,0,0,0,0,0,3,-1,0
D:\Project\JavaSwing-DesktopApplication-SteamStadia-master\JavaSwing-DesktopApplication-SteamStadia-master\SteamStadia\src\swing\chatmesssenger.java,swing.chatmesssenger$Anonymous16,anonymous,1,1,0,1,1,1,0,1,0,0.0,NaN,NaN,1,0,1,0,0,0,1,0,0,0,0,0,0,0,0,0,0,0,0,5,0,0,0,0,0,0,0,0,0,0,0,0,0,0,6,-1,0
D:\Project\JavaSwing-DesktopApplication-SteamStadia-master\JavaSwing-DesktopApplication-SteamStadia-master\SteamStadia\src\swing\chatmesssenger.java,swing.chatmesssenger$Anonymous17,anonymous,1,1,0,1,1,1,0,1,0,0.0,NaN,NaN,1,0,1,0,0,0,1,0,0,0,0,0,0,0,0,0,0,0,0,5,0,0,0,0,0,0,0,0,0,0,0,0,0,0,5,-1,0
D:\Project\JavaSwing-DesktopApplication-SteamStadia-master\JavaSwing-DesktopApplication-SteamStadia-master\SteamStadia\src\swing\chatmesssenger.java,swing.chatmesssenger$Anonymous14,anonymous,1,1,0,1,3,1,0,3,3,0.0,0.0,0.0,3,0,3,0,0,0,3,0,0,0,0,0,0,0,0,0,0,0,0,11,0,0,0,0,0,0,0,0,0,0,0,0,0,0,8,-1,0
D:\Project\JavaSwing-DesktopApplication-SteamStadia-master\JavaSwing-DesktopApplication-SteamStadia-master\SteamStadia\src\swing\chatmesssenger.java,swing.chatmesssenger$Anonymous15,anonymous,1,1,0,1,3,1,0,3,3,0.0,0.0,0.0,3,0,3,0,0,0,3,0,0,0,0,0,0,0,0,0,0,0,0,11,0,0,0,0,0,0,0,0,0,0,0,0,0,0,8,-1,0
D:\Project\JavaSwing-DesktopApplication-SteamStadia-master\JavaSwing-DesktopApplication-SteamStadia-master\SteamStadia\src\swing\ChatFrame.java,swing.ChatFrame$Anonymous21,anonymous,1,1,0,1,1,1,0,1,0,0.0,NaN,NaN,1,0,1,0,0,0,1,0,0,0,0,0,0,0,0,0,0,0,0,5,0,0,0,0,0,0,0,0,0,0,0,0,0,0,6,-1,0
D:\Project\JavaSwing-DesktopApplication-SteamStadia-master\JavaSwing-DesktopApplication-SteamStadia-master\SteamStadia\src\swing\chatmesssenger.java,swing.chatmesssenger$Anonymous12,anonymous,1,1,0,1,1,1,0,1,0,0.0,NaN,NaN,1,0,1,0,0,0,1,0,0,0,0,0,0,0,0,0,0,0,0,5,0,0,0,0,0,0,0,0,0,0,0,0,0,0,7,-1,0
D:\Project\JavaSwing-DesktopApplication-SteamStadia-master\JavaSwing-DesktopApplication-SteamStadia-master\SteamStadia\src\swing\ChatFrame.java,swing.ChatFrame$Anonymous20,anonymous,1,1,0,1,1,1,0,1,0,0.0,NaN,NaN,1,0,1,0,0,0,1,0,0,0,0,0,0,0,0,0,0,0,0,5,0,0,0,0,0,0,0,0,0,0,0,0,0,0,6,-1,0
D:\Project\JavaSwing-DesktopApplication-SteamStadia-master\JavaSwing-DesktopApplication-SteamStadia-master\SteamStadia\src\swing\chatmesssenger.java,swing.chatmesssenger$Anonymous13,anonymous,1,1,0,1,3,1,0,3,3,0.0,0.0,0.0,3,0,3,0,0,0,3,0,0,0,0,0,0,0,0,0,0,0,0,11,0,0,0,0,0,0,0,0,0,0,0,0,0,0,8,-1,0
D:\Project\JavaSwing-DesktopApplication-SteamStadia-master\JavaSwing-DesktopApplication-SteamStadia-master\SteamStadia\src\swing\farcary5.java,swing.farcary5$Anonymous1,anonymous,1,1,0,1,3,1,0,3,3,0.0,0.0,0.0,3,0,3,0,0,0,3,0,0,0,0,0,0,0,0,0,0,0,0,11,0,0,0,0,0,0,0,0,0,0,0,0,0,0,8,-1,0
D:\Project\JavaSwing-DesktopApplication-SteamStadia-master\JavaSwing-DesktopApplication-SteamStadia-master\SteamStadia\src\swing\ChatFrame.java,swing.ChatFrame$Anonymous23,anonymous,1,1,0,1,1,1,0,1,0,0.0,NaN,NaN,1,0,1,0,0,0,1,0,0,0,0,0,0,0,0,0,0,0,0,5,0,0,0,0,0,0,0,0,0,0,0,0,0,0,7,-1,0
D:\Project\JavaSwing-DesktopApplication-SteamStadia-master\JavaSwing-DesktopApplication-SteamStadia-master\SteamStadia\src\swing\chatmesssenger.java,swing.chatmesssenger$Anonymous10,anonymous,1,1,0,1,1,1,0,1,0,0.0,NaN,NaN,1,0,1,0,0,0,1,0,0,0,0,0,0,0,0,0,0,0,0,5,0,0,0,0,0,0,0,0,0,0,0,0,0,0,6,-1,0
D:\Project\JavaSwing-DesktopApplication-SteamStadia-master\JavaSwing-DesktopApplication-SteamStadia-master\SteamStadia\src\swing\ChatFrame.java,swing.ChatFrame$Anonymous22,anonymous,1,1,0,1,1,1,0,1,0,0.0,NaN,NaN,1,0,1,0,0,0,1,0,0,0,0,0,0,0,0,0,0,0,0,5,0,0,0,0,0,0,0,0,0,0,0,0,0,0,7,-1,0
D:\Project\JavaSwing-DesktopApplication-SteamStadia-master\JavaSwing-DesktopApplication-SteamStadia-master\SteamStadia\src\swing\chatmesssenger.java,swing.chatmesssenger$Anonymous11,anonymous,1,1,0,1,1,1,0,1,0,0.0,NaN,NaN,1,0,1,0,0,0,1,0,0,0,0,0,0,0,0,0,0,0,0,5,0,0,0,0,0,0,0,0,0,0,0,0,0,0,7,-1,0
D:\Project\JavaSwing-DesktopApplication-SteamStadia-master\JavaSwing-DesktopApplication-SteamStadia-master\SteamStadia\src\swing\kof.java,swing.kof$Anonymous2,anonymous,1,1,0,1,2,1,0,2,1,0.0,0.0,0.0,2,0,2,0,0,0,2,0,0,0,0,0,0,0,0,0,0,0,0,8,0,0,0,0,0,0,0,0,0,0,0,0,0,0,7,-1,0
D:\Project\JavaSwing-DesktopApplication-SteamStadia-master\JavaSwing-DesktopApplication-SteamStadia-master\SteamStadia\src\swing\kof.java,swing.kof$Anonymous1,anonymous,1,1,0,1,3,1,0,3,3,0.0,0.0,0.0,3,0,3,0,0,0,3,0,0,0,0,0,0,0,0,0,0,0,0,11,0,0,0,0,0,0,0,0,0,0,0,0,0,0,8,-1,0
D:\Project\JavaSwing-DesktopApplication-SteamStadia-master\JavaSwing-DesktopApplication-SteamStadia-master\SteamStadia\src\swing\farcary5.java,swing.farcary5,class,13,22,9,13,39,6,0,55,136,0.94117695,0.0,0.0,17,1,2,15,0,0,2,0,0,0,35,0,0,35,0,0,0,0,19,407,0,2,1,2,1,76,312,60,6,60,3,7,0,0,174,1,0
D:\Project\JavaSwing-DesktopApplication-SteamStadia-master\JavaSwing-DesktopApplication-SteamStadia-master\SteamStadia\src\swing\kof.java,swing.kof$Anonymous7,anonymous,1,1,0,1,1,1,0,1,0,0.0,NaN,NaN,1,0,1,0,0,0,1,0,0,0,0,0,0,0,0,0,0,0,0,5,0,0,0,0,0,0,0,0,0,0,0,0,0,0,3,-1,0
D:\Project\JavaSwing-DesktopApplication-SteamStadia-master\JavaSwing-DesktopApplication-SteamStadia-master\SteamStadia\src\swing\kof.java,swing.kof$Anonymous6,anonymous,1,1,0,1,3,1,0,3,3,0.0,0.0,0.0,3,0,3,0,0,0,3,0,0,0,0,0,0,0,0,0,0,0,0,11,0,0,0,0,0,0,0,0,0,0,0,0,0,0,8,-1,0
D:\Project\JavaSwing-DesktopApplication-SteamStadia-master\JavaSwing-DesktopApplication-SteamStadia-master\SteamStadia\src\swing\kof.java,swing.kof$Anonymous5,anonymous,1,1,0,1,1,1,0,1,0,0.0,NaN,NaN,1,0,1,0,0,0,1,0,0,0,0,0,0,0,0,0,0,0,0,5,0,0,0,0,0,0,0,0,0,0,0,0,0,0,6,-1,0
D:\Project\JavaSwing-DesktopApplication-SteamStadia-master\JavaSwing-DesktopApplication-SteamStadia-master\SteamStadia\src\swing\kof.java,swing.kof$Anonymous4,anonymous,1,1,0,1,3,1,0,3,3,0.0,0.0,0.0,3,0,3,0,0,0,3,0,0,0,0,0,0,0,0,0,0,0,0,11,0,0,0,0,0,0,0,0,0,0,0,0,0,0,8,-1,0
D:\Project\JavaSwing-DesktopApplication-SteamStadia-master\JavaSwing-DesktopApplication-SteamStadia-master\SteamStadia\src\swing\kof.java,swing.kof$Anonymous3,anonymous,1,1,0,1,2,1,0,2,1,0.0,0.0,0.0,2,0,2,0,0,0,2,0,0,0,0,0,0,0,0,0,0,0,0,8,0,0,0,0,0,0,0,0,0,0,0,0,0,0,7,-1,0
D:\Project\JavaSwing-DesktopApplication-SteamStadia-master\JavaSwing-DesktopApplication-SteamStadia-master\SteamStadia\src\swing\Dota2.java,swing.Dota2$Anonymous2,anonymous,1,1,0,1,3,1,0,3,3,0.0,0.0,0.0,3,0,3,0,0,0,3,0,0,0,0,0,0,0,0,0,0,0,0,11,0,0,0,0,0,0,0,0,0,0,0,0,0,0,8,-1,0
D:\Project\JavaSwing-DesktopApplication-SteamStadia-master\JavaSwing-DesktopApplication-SteamStadia-master\SteamStadia\src\swing\Dota2.java,swing.Dota2$Anonymous1,anonymous,1,1,0,1,3,1,0,3,3,0.0,0.0,0.0,3,0,3,0,0,0,3,0,0,0,0,0,0,0,0,0,0,0,0,11,0,0,0,0,0,0,0,0,0,0,0,0,0,0,8,-1,0
D:\Project\JavaSwing-DesktopApplication-SteamStadia-master\JavaSwing-DesktopApplication-SteamStadia-master\SteamStadia\src\swing\inside.java,swing.inside$Anonymous5,anonymous,1,1,0,1,1,1,0,1,0,0.0,NaN,NaN,1,0,1,0,0,0,1,0,0,0,0,0,0,0,0,0,0,0,0,5,0,0,0,0,0,0,0,0,0,0,0,0,0,0,6,-1,0
D:\Project\JavaSwing-DesktopApplication-SteamStadia-master\JavaSwing-DesktopApplication-SteamStadia-master\SteamStadia\src\swing\inside.java,swing.inside$Anonymous6,anonymous,1,1,0,1,3,1,0,3,3,0.0,0.0,0.0,3,0,3,0,0,0,3,0,0,0,0,0,0,0,0,0,0,0,0,11,0,0,0,0,0,0,0,0,0,0,0,0,0,0,8,-1,0
D:\Project\JavaSwing-DesktopApplication-SteamStadia-master\JavaSwing-DesktopApplication-SteamStadia-master\SteamStadia\src\swing\inside.java,swing.inside$Anonymous7,anonymous,1,1,0,1,1,1,0,1,0,0.0,NaN,NaN,1,0,1,0,0,0,1,0,0,0,0,0,0,0,0,0,0,0,0,5,0,0,0,0,0,0,0,0,0,0,0,0,0,0,3,-1,0
D:\Project\JavaSwing-DesktopApplication-SteamStadia-master\JavaSwing-DesktopApplication-SteamStadia-master\SteamStadia\src\swing\DeusEx.java,swing.DeusEx$Anonymous7,anonymous,1,1,0,1,3,1,0,3,3,0.0,0.0,0.0,3,0,3,0,0,0,3,0,0,0,0,0,0,0,0,0,0,0,0,11,0,0,0,0,0,0,0,0,0,0,0,0,0,0,7,-1,0
D:\Project\JavaSwing-DesktopApplication-SteamStadia-master\JavaSwing-DesktopApplication-SteamStadia-master\SteamStadia\src\swing\DeusEx.java,swing.DeusEx$Anonymous8,anonymous,1,1,0,1,1,1,0,1,0,0.0,NaN,NaN,1,0,1,0,0,0,1,0,0,0,0,0,0,0,0,0,0,0,0,5,0,0,0,0,0,0,0,0,0,0,0,0,0,0,4,-1,0
D:\Project\JavaSwing-DesktopApplication-SteamStadia-master\JavaSwing-DesktopApplication-SteamStadia-master\SteamStadia\src\swing\GLibrary.java,swing.GLibrary,class,12,52,40,12,59,6,0,43,741,0.9743586,0.0,0.0,39,1,2,37,0,0,2,0,0,0,50,0,0,50,0,0,0,0,25,638,0,1,0,1,0,118,375,84,6,84,3,13,0,0,152,1,0
D:\Project\JavaSwing-DesktopApplication-SteamStadia-master\JavaSwing-DesktopApplication-SteamStadia-master\SteamStadia\src\swing\DeusEx.java,swing.DeusEx$Anonymous3,anonymous,1,1,0,1,2,1,0,2,1,0.0,0.0,0.0,2,0,2,0,0,0,2,0,0,0,0,0,0,0,0,0,0,0,0,8,0,0,0,0,0,0,0,0,0,0,0,0,0,0,7,-1,0
D:\Project\JavaSwing-DesktopApplication-SteamStadia-master\JavaSwing-DesktopApplication-SteamStadia-master\SteamStadia\src\swing\Roadrash.java,swing.Roadrash$Anonymous1,anonymous,1,1,0,1,3,1,0,3,3,0.0,0.0,0.0,3,0,3,0,0,0,3,0,0,0,0,0,0,0,0,0,0,0,0,11,0,0,0,0,0,0,0,0,0,0,0,0,0,0,8,-1,0
D:\Project\JavaSwing-DesktopApplication-SteamStadia-master\JavaSwing-DesktopApplication-SteamStadia-master\SteamStadia\src\swing\DeusEx.java,swing.DeusEx$Anonymous4,anonymous,1,1,0,1,2,1,0,2,1,0.0,0.0,0.0,2,0,2,0,0,0,2,0,0,0,0,0,0,0,0,0,0,0,0,8,0,0,0,0,0,0,0,0,0,0,0,0,0,0,7,-1,0
D:\Project\JavaSwing-DesktopApplication-SteamStadia-master\JavaSwing-DesktopApplication-SteamStadia-master\SteamStadia\src\swing\Roadrash.java,swing.Roadrash$Anonymous2,anonymous,1,1,0,1,2,1,0,2,1,0.0,0.0,0.0,2,0,2,0,0,0,2,0,0,0,0,0,0,0,0,0,0,0,0,8,0,0,0,0,0,0,0,0,0,0,0,0,0,0,7,-1,0
D:\Project\JavaSwing-DesktopApplication-SteamStadia-master\JavaSwing-DesktopApplication-SteamStadia-master\SteamStadia\src\swing\DeusEx.java,swing.DeusEx$Anonymous5,anonymous,1,1,0,1,1,1,0,1,0,0.0,NaN,NaN,1,0,1,0,0,0,1,0,0,0,0,0,0,0,0,0,0,0,0,5,0,0,0,0,0,0,0,0,0,0,0,0,0,0,6,-1,0
D:\Project\JavaSwing-DesktopApplication-SteamStadia-master\JavaSwing-DesktopApplication-SteamStadia-master\SteamStadia\src\swing\Roadrash.java,swing.Roadrash$Anonymous3,anonymous,1,1,0,1,2,1,0,2,1,0.0,0.0,0.0,2,0,2,0,0,0,2,0,0,0,0,0,0,0,0,0,0,0,0,8,0,0,0,0,0,0,0,0,0,0,0,0,0,0,7,-1,0
D:\Project\JavaSwing-DesktopApplication-SteamStadia-master\JavaSwing-DesktopApplication-SteamStadia-master\SteamStadia\src\swing\DeusEx.java,swing.DeusEx$Anonymous6,anonymous,1,1,0,1,3,1,0,3,3,0.0,0.0,0.0,3,0,3,0,0,0,3,0,0,0,0,0,0,0,0,0,0,0,0,11,0,0,0,0,0,0,0,0,0,0,0,0,0,0,8,-1,0
D:\Project\JavaSwing-DesktopApplication-SteamStadia-master\JavaSwing-DesktopApplication-SteamStadia-master\SteamStadia\src\swing\Roadrash.java,swing.Roadrash$Anonymous4,anonymous,1,1,0,1,3,1,0,3,3,0.0,0.0,0.0,3,0,3,0,0,0,3,0,0,0,0,0,0,0,0,0,0,0,0,11,0,0,0,0,0,0,0,0,0,0,0,0,0,0,8,-1,0
D:\Project\JavaSwing-DesktopApplication-SteamStadia-master\JavaSwing-DesktopApplication-SteamStadia-master\SteamStadia\src\swing\Roadrash.java,swing.Roadrash$Anonymous5,anonymous,1,1,0,1,1,1,0,1,0,0.0,NaN,NaN,1,0,1,0,0,0,1,0,0,0,0,0,0,0,0,0,0,0,0,5,0,0,0,0,0,0,0,0,0,0,0,0,0,0,5,-1,0
D:\Project\JavaSwing-DesktopApplication-SteamStadia-master\JavaSwing-DesktopApplication-SteamStadia-master\SteamStadia\src\swing\JChatBox.java,swing.JChatBox,class,2,8,6,2,38,1,0,58,6,0.75627255,1.0,1.0,9,8,2,7,0,0,2,0,0,0,31,31,31,0,0,0,8,0,17,378,1,1,9,7,4,24,27,76,2,41,4,5,0,0,105,1,0
D:\Project\JavaSwing-DesktopApplication-SteamStadia-master\JavaSwing-DesktopApplication-SteamStadia-master\SteamStadia\src\swing\Roadrash.java,swing.Roadrash$Anonymous6,anonymous,1,1,0,1,3,1,0,3,3,0.0,0.0,0.0,3,0,3,0,0,0,3,0,0,0,0,0,0,0,0,0,0,0,0,11,0,0,0,0,0,0,0,0,0,0,0,0,0,0,8,-1,0
D:\Project\JavaSwing-DesktopApplication-SteamStadia-master\JavaSwing-DesktopApplication-SteamStadia-master\SteamStadia\src\swing\DeusEx.java,swing.DeusEx$Anonymous1,anonymous,1,1,0,1,3,1,0,3,3,0.0,0.0,0.0,3,0,3,0,0,0,3,0,0,0,0,0,0,0,0,0,0,0,0,11,0,0,0,0,0,0,0,0,0,0,0,0,0,0,8,-1,0
D:\Project\JavaSwing-DesktopApplication-SteamStadia-master\JavaSwing-DesktopApplication-SteamStadia-master\SteamStadia\src\swing\messenger.java,swing.messenger,class,5,33,28,5,62,6,0,62,433,0.9659261,0.0,0.0,30,1,2,28,0,0,2,0,0,0,44,5,0,38,0,6,0,0,21,571,0,3,0,9,0,72,229,76,9,67,3,18,0,0,150,1,0
D:\Project\JavaSwing-DesktopApplication-SteamStadia-master\JavaSwing-DesktopApplication-SteamStadia-master\SteamStadia\src\swing\Roadrash.java,swing.Roadrash$Anonymous7,anonymous,1,1,0,1,1,1,0,1,0,0.0,NaN,NaN,1,0,1,0,0,0,1,0,0,0,0,0,0,0,0,0,0,0,0,5,0,0,0,0,0,0,0,0,0,0,0,0,0,0,3,-1,0
D:\Project\JavaSwing-DesktopApplication-SteamStadia-master\JavaSwing-DesktopApplication-SteamStadia-master\SteamStadia\src\swing\DeusEx.java,swing.DeusEx$Anonymous2,anonymous,1,1,0,1,3,1,0,3,3,0.0,0.0,0.0,3,0,3,0,0,0,3,0,0,0,0,0,0,0,0,0,0,0,0,11,0,0,0,0,0,0,0,0,0,0,0,0,0,0,8,-1,0
D:\Project\JavaSwing-DesktopApplication-SteamStadia-master\JavaSwing-DesktopApplication-SteamStadia-master\SteamStadia\src\swing\Watchdogs2.java,swing.Watchdogs2,class,13,42,29,13,40,6,0,51,190,0.95000035,0.0,0.0,20,1,2,18,0,0,2,0,0,0,36,0,0,36,0,0,0,0,19,422,0,1,0,1,0,79,316,58,6,58,3,8,0,0,163,1,0
D:\Project\JavaSwing-DesktopApplication-SteamStadia-master\JavaSwing-DesktopApplication-SteamStadia-master\SteamStadia\src\swing\JChatBox.java,swing.ActionAdapter,class,0,1,1,0,1,1,0,0,0,0.0,NaN,NaN,1,0,1,0,0,0,1,0,0,0,0,0,0,0,0,0,0,0,0,4,0,0,0,0,0,0,0,0,0,0,0,0,0,0,7,0,0
D:\Project\JavaSwing-DesktopApplication-SteamStadia-master\JavaSwing-DesktopApplication-SteamStadia-master\SteamStadia\src\swing\stateofdecay.java,swing.stateofdecay,class,13,22,9,13,39,6,0,55,136,0.94117695,0.0,0.0,17,1,2,15,0,0,2,0,0,0,35,0,0,35,0,0,0,0,19,407,0,2,1,2,1,76,312,60,6,60,3,7,0,0,174,1,0
D:\Project\JavaSwing-DesktopApplication-SteamStadia-master\JavaSwing-DesktopApplication-SteamStadia-master\SteamStadia\src\swing\orphan.java,swing.orphan$Anonymous1,anonymous,1,1,0,1,3,1,0,3,3,0.0,0.0,0.0,3,0,3,0,0,0,3,0,0,0,0,0,0,0,0,0,0,0,0,11,0,0,0,0,0,0,0,0,0,0,0,0,0,0,8,-1,0
D:\Project\JavaSwing-DesktopApplication-SteamStadia-master\JavaSwing-DesktopApplication-SteamStadia-master\SteamStadia\src\swing\orphan.java,swing.orphan$Anonymous2,anonymous,1,1,0,1,2,1,0,2,1,0.0,0.0,0.0,2,0,2,0,0,0,2,0,0,0,0,0,0,0,0,0,0,0,0,8,0,0,0,0,0,0,0,0,0,0,0,0,0,0,7,-1,0
D:\Project\JavaSwing-DesktopApplication-SteamStadia-master\JavaSwing-DesktopApplication-SteamStadia-master\SteamStadia\src\swing\orphan.java,swing.orphan$Anonymous3,anonymous,1,1,0,1,2,1,0,2,1,0.0,0.0,0.0,2,0,2,0,0,0,2,0,0,0,0,0,0,0,0,0,0,0,0,8,0,0,0,0,0,0,0,0,0,0,0,0,0,0,7,-1,0
D:\Project\JavaSwing-DesktopApplication-SteamStadia-master\JavaSwing-DesktopApplication-SteamStadia-master\SteamStadia\src\swing\orphan.java,swing.orphan$Anonymous4,anonymous,1,1,0,1,3,1,0,3,3,0.0,0.0,0.0,3,0,3,0,0,0,3,0,0,0,0,0,0,0,0,0,0,0,0,11,0,0,0,0,0,0,0,0,0,0,0,0,0,0,8,-1,0
D:\Project\JavaSwing-DesktopApplication-SteamStadia-master\JavaSwing-DesktopApplication-SteamStadia-master\SteamStadia\src\swing\Steamsignup.java,swing.Steamsignup$Stringcheck,innerclass,0,0,0,0,25,1,0,5,3,1.0,0.0,0.0,3,0,3,0,0,0,3,0,0,0,1,0,1,0,0,0,0,0,0,32,13,2,9,0,3,3,9,8,3,7,3,0,0,0,15,1,0
D:\Project\JavaSwing-DesktopApplication-SteamStadia-master\JavaSwing-DesktopApplication-SteamStadia-master\SteamStadia\src\swing\orphan.java,swing.orphan$Anonymous5,anonymous,1,1,0,1,1,1,0,1,0,0.0,NaN,NaN,1,0,1,0,0,0,1,0,0,0,0,0,0,0,0,0,0,0,0,5,0,0,0,0,0,0,0,0,0,0,0,0,0,0,6,-1,0
D:\Project\JavaSwing-DesktopApplication-SteamStadia-master\JavaSwing-DesktopApplication-SteamStadia-master\SteamStadia\src\swing\orphan.java,swing.orphan$Anonymous6,anonymous,1,1,0,1,3,1,0,3,3,0.0,0.0,0.0,3,0,3,0,0,0,3,0,0,0,0,0,0,0,0,0,0,0,0,11,0,0,0,0,0,0,0,0,0,0,0,0,0,0,8,-1,0
D:\Project\JavaSwing-DesktopApplication-SteamStadia-master\JavaSwing-DesktopApplication-SteamStadia-master\SteamStadia\src\swing\orphan.java,swing.orphan$Anonymous7,anonymous,1,1,0,1,1,1,0,1,0,0.0,NaN,NaN,1,0,1,0,0,0,1,0,0,0,0,0,0,0,0,0,0,0,0,5,0,0,0,0,0,0,0,0,0,0,0,0,0,0,3,-1,0
D:\Project\JavaSwing-DesktopApplication-SteamStadia-master\JavaSwing-DesktopApplication-SteamStadia-master\SteamStadia\src\swing\nfs.java,swing.nfs$Anonymous6,anonymous,1,1,0,1,3,1,0,3,3,0.0,0.0,0.0,3,0,3,0,0,0,3,0,0,0,0,0,0,0,0,0,0,0,0,11,0,0,0,0,0,0,0,0,0,0,0,0,0,0,8,-1,0
D:\Project\JavaSwing-DesktopApplication-SteamStadia-master\JavaSwing-DesktopApplication-SteamStadia-master\SteamStadia\src\swing\Steam.java,swing.Steam$Anonymous2,anonymous,1,1,0,1,3,1,0,3,3,0.0,0.0,0.0,3,0,3,0,0,0,3,0,0,0,0,0,0,0,0,0,0,0,0,11,0,0,0,0,0,0,0,0,0,0,0,0,0,0,8,-1,0
D:\Project\JavaSwing-DesktopApplication-SteamStadia-master\JavaSwing-DesktopApplication-SteamStadia-master\SteamStadia\src\swing\nfs.java,swing.nfs$Anonymous7,anonymous,1,1,0,1,1,1,0,1,0,0.0,NaN,NaN,1,0,1,0,0,0,1,0,0,0,0,0,0,0,0,0,0,0,0,5,0,0,0,0,0,0,0,0,0,0,0,0,0,0,3,-1,0
D:\Project\JavaSwing-DesktopApplication-SteamStadia-master\JavaSwing-DesktopApplication-SteamStadia-master\SteamStadia\src\swing\Steam.java,swing.Steam$Anonymous1,anonymous,1,1,0,1,3,1,0,3,3,0.0,0.0,0.0,3,0,3,0,0,0,3,0,0,0,0,0,0,0,0,0,0,0,0,11,0,0,0,0,0,0,0,0,0,0,0,0,0,0,8,-1,0
D:\Project\JavaSwing-DesktopApplication-SteamStadia-master\JavaSwing-DesktopApplication-SteamStadia-master\SteamStadia\src\swing\nfs.java,swing.nfs$Anonymous4,anonymous,1,1,0,1,3,1,0,3,3,0.0,0.0,0.0,3,0,3,0,0,0,3,0,0,0,0,0,0,0,0,0,0,0,0,11,0,0,0,0,0,0,0,0,0,0,0,0,0,0,8,-1,0
D:\Project\JavaSwing-DesktopApplication-SteamStadia-master\JavaSwing-DesktopApplication-SteamStadia-master\SteamStadia\src\swing\Steam.java,swing.Steam$Anonymous4,anonymous,1,1,0,1,1,1,0,1,0,0.0,NaN,NaN,1,0,1,0,0,0,1,0,0,0,0,0,0,0,0,0,0,0,0,5,0,0,0,0,0,0,0,0,0,0,0,0,0,0,6,-1,0
D:\Project\JavaSwing-DesktopApplication-SteamStadia-master\JavaSwing-DesktopApplication-SteamStadia-master\SteamStadia\src\swing\Dbconnect.java,swing.Dbconnect,class,1,4,3,1,16,1,0,12,0,0.33333334,1.0,1.0,5,0,5,0,0,0,5,0,0,0,3,0,0,3,0,0,0,0,2,70,5,2,2,3,0,17,2,13,4,9,3,0,0,0,28,0,0
D:\Project\JavaSwing-DesktopApplication-SteamStadia-master\JavaSwing-DesktopApplication-SteamStadia-master\SteamStadia\src\swing\nfs.java,swing.nfs$Anonymous5,anonymous,1,1,0,1,1,1,0,1,0,0.0,NaN,NaN,1,0,1,0,0,0,1,0,0,0,0,0,0,0,0,0,0,0,0,5,0,0,0,0,0,0,0,0,0,0,0,0,0,0,6,-1,0
D:\Project\JavaSwing-DesktopApplication-SteamStadia-master\JavaSwing-DesktopApplication-SteamStadia-master\SteamStadia\src\swing\Steam.java,swing.Steam$Anonymous3,anonymous,1,1,0,1,1,1,0,1,0,0.0,NaN,NaN,1,0,1,0,0,0,1,0,0,0,0,0,0,0,0,0,0,0,0,5,0,0,0,0,0,0,0,0,0,0,0,0,0,0,6,-1,0
D:\Project\JavaSwing-DesktopApplication-SteamStadia-master\JavaSwing-DesktopApplication-SteamStadia-master\SteamStadia\src\swing\Steam.java,swing.Steam$Anonymous6,anonymous,1,1,0,1,1,1,0,1,0,0.0,NaN,NaN,1,0,1,0,0,0,1,0,0,0,0,0,0,0,0,0,0,0,0,5,0,0,0,0,0,0,0,0,0,0,0,0,0,0,3,-1,0
D:\Project\JavaSwing-DesktopApplication-SteamStadia-master\JavaSwing-DesktopApplication-SteamStadia-master\SteamStadia\src\swing\Steam.java,swing.Steam$Anonymous5,anonymous,1,1,0,1,3,1,0,3,3,0.0,0.0,0.0,3,0,3,0,0,0,3,0,0,0,0,0,0,0,0,0,0,0,0,11,0,0,0,0,0,0,0,0,0,0,0,0,0,0,7,-1,0
D:\Project\JavaSwing-DesktopApplication-SteamStadia-master\JavaSwing-DesktopApplication-SteamStadia-master\SteamStadia\src\swing\Dota2.java,swing.Dota2$Anonymous4,anonymous,1,1,0,1,2,1,0,2,1,0.0,0.0,0.0,2,0,2,0,0,0,2,0,0,0,0,0,0,0,0,0,0,0,0,8,0,0,0,0,0,0,0,0,0,0,0,0,0,0,7,-1,0
D:\Project\JavaSwing-DesktopApplication-SteamStadia-master\JavaSwing-DesktopApplication-SteamStadia-master\SteamStadia\src\swing\Starwar.java,swing.Starwar,class,13,42,29,13,40,6,0,51,190,0.95000035,0.0,0.0,20,1,2,18,0,0,2,0,0,0,36,0,0,36,0,0,0,0,19,422,0,1,0,1,0,79,316,58,6,58,3,8,0,0,164,1,0
D:\Project\JavaSwing-DesktopApplication-SteamStadia-master\JavaSwing-DesktopApplication-SteamStadia-master\SteamStadia\src\swing\Steamsignup.java,swing.Steamsignup$Anonymous3,anonymous,1,1,0,1,1,1,0,1,0,0.0,NaN,NaN,1,0,1,0,0,0,1,0,0,0,0,0,0,0,0,0,0,0,0,5,0,0,0,0,0,0,0,0,0,0,0,0,0,0,7,-1,0
D:\Project\JavaSwing-DesktopApplication-SteamStadia-master\JavaSwing-DesktopApplication-SteamStadia-master\SteamStadia\src\swing\Dota2.java,swing.Dota2$Anonymous3,anonymous,1,1,0,1,2,1,0,2,1,0.0,0.0,0.0,2,0,2,0,0,0,2,0,0,0,0,0,0,0,0,0,0,0,0,8,0,0,0,0,0,0,0,0,0,0,0,0,0,0,7,-1,0
D:\Project\JavaSwing-DesktopApplication-SteamStadia-master\JavaSwing-DesktopApplication-SteamStadia-master\SteamStadia\src\swing\Steamsignup.java,swing.Steamsignup$Anonymous4,anonymous,1,1,0,1,1,1,0,1,0,0.0,NaN,NaN,1,0,1,0,0,0,1,0,0,0,0,0,0,0,0,0,0,0,0,5,0,0,0,0,0,0,0,0,0,0,0,0,0,0,7,-1,0
D:\Project\JavaSwing-DesktopApplication-SteamStadia-master\JavaSwing-DesktopApplication-SteamStadia-master\SteamStadia\src\swing\Dota2.java,swing.Dota2$Anonymous6,anonymous,1,1,0,1,3,1,0,3,3,0.0,0.0,0.0,3,0,3,0,0,0,3,0,0,0,0,0,0,0,0,0,0,0,0,11,0,0,0,0,0,0,0,0,0,0,0,0,0,0,8,-1,0
D:\Project\JavaSwing-DesktopApplication-SteamStadia-master\JavaSwing-DesktopApplication-SteamStadia-master\SteamStadia\src\swing\GLibrary2.java,swing.GLibrary2,class,27,65,38,27,91,6,0,57,2209,0.9849195,0.0,0.0,67,1,2,65,0,0,2,0,0,0,96,0,0,95,0,1,0,0,37,1140,0,1,2,1,0,220,693,152,6,152,3,23,0,0,234,1,0
D:\Project\JavaSwing-DesktopApplication-SteamStadia-master\JavaSwing-DesktopApplication-SteamStadia-master\SteamStadia\src\swing\Steamsignup.java,swing.Steamsignup$Anonymous1,anonymous,1,1,0,1,3,1,0,3,3,0.0,0.0,0.0,3,0,3,0,0,0,3,0,0,0,0,0,0,0,0,0,0,0,0,11,0,0,0,0,0,0,0,0,0,0,0,0,0,0,7,-1,0
D:\Project\JavaSwing-DesktopApplication-SteamStadia-master\JavaSwing-DesktopApplication-SteamStadia-master\SteamStadia\src\swing\Dota2.java,swing.Dota2$Anonymous5,anonymous,1,1,0,1,1,1,0,1,0,0.0,NaN,NaN,1,0,1,0,0,0,1,0,0,0,0,0,0,0,0,0,0,0,0,5,0,0,0,0,0,0,0,0,0,0,0,0,0,0,6,-1,0
D:\Project\JavaSwing-DesktopApplication-SteamStadia-master\JavaSwing-DesktopApplication-SteamStadia-master\SteamStadia\src\swing\Steamsignup.java,swing.Steamsignup$Anonymous2,anonymous,1,1,0,1,1,1,0,1,0,0.0,NaN,NaN,1,0,1,0,0,0,1,0,0,0,0,0,0,0,0,0,0,0,0,5,0,0,0,0,0,0,0,0,0,0,0,0,0,0,7,-1,0
D:\Project\JavaSwing-DesktopApplication-SteamStadia-master\JavaSwing-DesktopApplication-SteamStadia-master\SteamStadia\src\swing\Dota2.java,swing.Dota2$Anonymous8,anonymous,1,1,0,1,1,1,0,1,0,0.0,NaN,NaN,1,0,1,0,0,0,1,0,0,0,0,0,0,0,0,0,0,0,0,5,0,0,0,0,0,0,0,0,0,0,0,0,0,0,3,-1,0
D:\Project\JavaSwing-DesktopApplication-SteamStadia-master\JavaSwing-DesktopApplication-SteamStadia-master\SteamStadia\src\swing\Dota2.java,swing.Dota2$Anonymous7,anonymous,1,1,0,1,3,1,0,3,3,0.0,0.0,0.0,3,0,3,0,0,0,3,0,0,0,0,0,0,0,0,0,0,0,0,11,0,0,0,0,0,0,0,0,0,0,0,0,0,0,7,-1,0
D:\Project\JavaSwing-DesktopApplication-SteamStadia-master\JavaSwing-DesktopApplication-SteamStadia-master\SteamStadia\src\swing\Steamsignup.java,swing.Steamsignup$Anonymous5,anonymous,1,1,0,1,1,1,0,1,0,0.0,NaN,NaN,1,0,1,0,0,0,1,0,0,0,0,0,0,0,0,0,0,0,0,5,0,0,0,0,0,0,0,0,0,0,0,0,0,0,6,-1,0
D:\Project\JavaSwing-DesktopApplication-SteamStadia-master\JavaSwing-DesktopApplication-SteamStadia-master\SteamStadia\src\swing\Steamsignup.java,swing.Steamsignup$Anonymous6,anonymous,1,1,0,1,1,1,0,1,0,0.0,NaN,NaN,1,0,1,0,0,0,1,0,0,0,0,0,0,0,0,0,0,0,0,5,0,0,0,0,0,0,0,0,0,0,0,0,0,0,3,-1,0
D:\Project\JavaSwing-DesktopApplication-SteamStadia-master\JavaSwing-DesktopApplication-SteamStadia-master\SteamStadia\src\swing\sekiro.java,swing.sekiro,class,13,22,9,13,39,6,0,55,136,0.94117695,0.0,0.0,17,1,2,15,0,0,2,0,0,0,35,0,0,35,0,0,0,0,19,407,0,2,1,2,1,76,312,60,6,60,3,7,0,0,176,1,0
D:\Project\JavaSwing-DesktopApplication-SteamStadia-master\JavaSwing-DesktopApplication-SteamStadia-master\SteamStadia\src\swing\History.java,swing.History,class,7,11,4,7,8,1,0,24,0,0.25,0.5,0.5,4,1,4,0,0,0,4,0,0,0,1,0,1,0,0,0,0,0,7,62,1,1,1,2,0,12,3,25,0,25,3,0,0,0,51,1,0
D:\Project\JavaSwing-DesktopApplication-SteamStadia-master\JavaSwing-DesktopApplication-SteamStadia-master\SteamStadia\src\swing\Injustice2.java,swing.Injustice2$Anonymous5,anonymous,1,1,0,1,1,1,0,1,0,0.0,NaN,NaN,1,0,1,0,0,0,1,0,0,0,0,0,0,0,0,0,0,0,0,5,0,0,0,0,0,0,0,0,0,0,0,0,0,0,6,-1,0
D:\Project\JavaSwing-DesktopApplication-SteamStadia-master\JavaSwing-DesktopApplication-SteamStadia-master\SteamStadia\src\swing\Injustice2.java,swing.Injustice2$Anonymous6,anonymous,1,1,0,1,3,1,0,3,3,0.0,0.0,0.0,3,0,3,0,0,0,3,0,0,0,0,0,0,0,0,0,0,0,0,11,0,0,0,0,0,0,0,0,0,0,0,0,0,0,8,-1,0
D:\Project\JavaSwing-DesktopApplication-SteamStadia-master\JavaSwing-DesktopApplication-SteamStadia-master\SteamStadia\src\swing\Injustice2.java,swing.Injustice2$Anonymous7,anonymous,1,1,0,1,3,1,0,3,3,0.0,0.0,0.0,3,0,3,0,0,0,3,0,0,0,0,0,0,0,0,0,0,0,0,11,0,0,0,0,0,0,0,0,0,0,0,0,0,0,7,-1,0
D:\Project\JavaSwing-DesktopApplication-SteamStadia-master\JavaSwing-DesktopApplication-SteamStadia-master\SteamStadia\src\swing\Injustice2.java,swing.Injustice2$Anonymous8,anonymous,1,1,0,1,1,1,0,1,0,0.0,NaN,NaN,1,0,1,0,0,0,1,0,0,0,0,0,0,0,0,0,0,0,0,5,0,0,0,0,0,0,0,0,0,0,0,0,0,0,3,-1,0
D:\Project\JavaSwing-DesktopApplication-SteamStadia-master\JavaSwing-DesktopApplication-SteamStadia-master\SteamStadia\src\swing\Injustice2.java,swing.Injustice2$Anonymous1,anonymous,1,1,0,1,3,1,0,3,3,0.0,0.0,0.0,3,0,3,0,0,0,3,0,0,0,0,0,0,0,0,0,0,0,0,11,0,0,0,0,0,0,0,0,0,0,0,0,0,0,8,-1,0
D:\Project\JavaSwing-DesktopApplication-SteamStadia-master\JavaSwing-DesktopApplication-SteamStadia-master\SteamStadia\src\swing\Injustice2.java,swing.Injustice2$Anonymous2,anonymous,1,1,0,1,3,1,0,3,3,0.0,0.0,0.0,3,0,3,0,0,0,3,0,0,0,0,0,0,0,0,0,0,0,0,11,0,0,0,0,0,0,0,0,0,0,0,0,0,0,8,-1,0
D:\Project\JavaSwing-DesktopApplication-SteamStadia-master\JavaSwing-DesktopApplication-SteamStadia-master\SteamStadia\src\swing\Injustice2.java,swing.Injustice2$Anonymous3,anonymous,1,1,0,1,2,1,0,2,1,0.0,0.0,0.0,2,0,2,0,0,0,2,0,0,0,0,0,0,0,0,0,0,0,0,8,0,0,0,0,0,0,0,0,0,0,0,0,0,0,7,-1,0
D:\Project\JavaSwing-DesktopApplication-SteamStadia-master\JavaSwing-DesktopApplication-SteamStadia-master\SteamStadia\src\swing\Injustice2.java,swing.Injustice2$Anonymous4,anonymous,1,1,0,1,2,1,0,2,1,0.0,0.0,0.0,2,0,2,0,0,0,2,0,0,0,0,0,0,0,0,0,0,0,0,8,0,0,0,0,0,0,0,0,0,0,0,0,0,0,7,-1,0
D:\Project\JavaSwing-DesktopApplication-SteamStadia-master\JavaSwing-DesktopApplication-SteamStadia-master\SteamStadia\src\swing\Injustice2.java,swing.Injustice2,class,13,42,29,13,40,6,0,54,190,0.95000035,0.0,0.0,20,1,2,18,0,0,2,0,0,0,36,0,0,36,0,0,0,0,19,425,0,1,0,1,0,80,316,58,6,58,3,8,0,0,165,1,0
D:\Project\JavaSwing-DesktopApplication-SteamStadia-master\JavaSwing-DesktopApplication-SteamStadia-master\SteamStadia\src\swing\Steam.java,swing.Steam,class,5,14,9,5,25,6,0,56,103,0.9296296,0.0,0.0,15,1,3,12,0,0,3,0,0,0,18,0,0,17,0,1,0,0,14,248,1,1,0,2,1,30,132,28,6,28,3,6,0,0,86,1,0
D:\Project\JavaSwing-DesktopApplication-SteamStadia-master\JavaSwing-DesktopApplication-SteamStadia-master\SteamStadia\src\swing\Download.java,swing.Download,class,2,3,1,2,8,1,0,12,0,0.2857143,1.0,1.0,2,0,2,0,0,0,2,0,0,0,7,0,7,0,0,0,0,0,0,47,0,1,3,2,1,5,4,10,1,9,2,0,0,0,26,1,0
D:\Project\JavaSwing-DesktopApplication-SteamStadia-master\JavaSwing-DesktopApplication-SteamStadia-master\SteamStadia\src\swing\inside.java,swing.inside,class,13,22,9,13,39,6,0,55,136,0.94117695,0.0,0.0,17,1,2,15,0,0,2,0,0,0,35,0,0,35,0,0,0,0,19,407,0,2,1,2,1,76,312,60,6,60,3,7,0,0,174,1,0
D:\Project\JavaSwing-DesktopApplication-SteamStadia-master\JavaSwing-DesktopApplication-SteamStadia-master\SteamStadia\src\swing\ServerFrame.java,swing.ServerFrame$Anonymous3,anonymous,1,1,0,1,1,1,0,1,0,0.0,NaN,NaN,1,0,1,0,0,0,1,0,0,0,0,0,0,0,0,0,0,0,0,5,0,0,0,0,0,0,0,0,0,0,0,0,0,0,4,-1,0
D:\Project\JavaSwing-DesktopApplication-SteamStadia-master\JavaSwing-DesktopApplication-SteamStadia-master\SteamStadia\src\swing\battlefield.java,swing.battlefield,class,13,22,9,13,40,6,0,54,136,0.94117695,0.0,0.0,17,1,2,15,0,0,2,0,0,0,35,0,0,35,0,0,0,0,20,406,0,1,0,2,0,76,312,57,6,57,3,7,0,0,169,1,0
D:\Project\JavaSwing-DesktopApplication-SteamStadia-master\JavaSwing-DesktopApplication-SteamStadia-master\SteamStadia\src\swing\ServerFrame.java,swing.ServerFrame$Anonymous2,anonymous,1,1,0,1,1,1,0,1,0,0.0,NaN,NaN,1,0,1,0,0,0,1,0,0,0,0,0,0,0,0,0,0,0,0,5,0,0,0,0,0,0,0,0,0,0,0,0,0,0,6,-1,0
D:\Project\JavaSwing-DesktopApplication-SteamStadia-master\JavaSwing-DesktopApplication-SteamStadia-master\SteamStadia\src\swing\ServerFrame.java,swing.ServerFrame$Anonymous1,anonymous,1,1,0,1,1,1,0,1,0,0.0,NaN,NaN,1,0,1,0,0,0,1,0,0,0,0,0,0,0,0,0,0,0,0,5,0,0,0,0,0,0,0,0,0,0,0,0,0,0,6,-1,0
