file,class,type,cbo,wmc,rfc,lcom
D:\Project\OnlineSchoolManagementSystem-master\OnlineSchoolManagementSystem-master\src\java\com\idb\model\Teachers.java,com.idb.model.Teachers,class,1,18,0,135
D:\Project\OnlineSchoolManagementSystem-master\OnlineSchoolManagementSystem-master\src\java\com\idb\controller\AppController.java,com.idb.controller.AppController,class,21,71,51,0
D:\Project\OnlineSchoolManagementSystem-master\OnlineSchoolManagementSystem-master\src\java\com\idb\model\Students.java,com.idb.model.Students,class,1,32,0,464
D:\Project\OnlineSchoolManagementSystem-master\OnlineSchoolManagementSystem-master\src\java\com\idb\model\Subjects.java,com.idb.model.Subjects,class,0,4,0,2
D:\Project\OnlineSchoolManagementSystem-master\OnlineSchoolManagementSystem-master\src\java\com\idb\service\AppService.java,com.idb.service.AppService,interface,11,28,0,378
D:\Project\OnlineSchoolManagementSystem-master\OnlineSchoolManagementSystem-master\src\java\com\idb\model\NoticeBoard.java,com.idb.model.NoticeBoard,class,0,10,0,35
D:\Project\OnlineSchoolManagementSystem-master\OnlineSchoolManagementSystem-master\src\java\com\idb\model\Classes.java,com.idb.model.Classes,class,0,6,0,9
D:\Project\OnlineSchoolManagementSystem-master\OnlineSchoolManagementSystem-master\src\java\com\idb\service\AppServiceImp.java,com.idb.service.AppServiceImp,class,14,29,43,0
D:\Project\OnlineSchoolManagementSystem-master\OnlineSchoolManagementSystem-master\src\java\com\idb\model\Result.java,com.idb.model.Result,class,0,14,0,77
D:\Project\OnlineSchoolManagementSystem-master\OnlineSchoolManagementSystem-master\src\java\com\idb\model\Semester.java,com.idb.model.Semester,class,0,4,0,2
D:\Project\OnlineSchoolManagementSystem-master\OnlineSchoolManagementSystem-master\src\java\com\idb\model\Sessions.java,com.idb.model.Sessions,class,0,4,0,2
D:\Project\OnlineSchoolManagementSystem-master\OnlineSchoolManagementSystem-master\src\java\com\idb\utility\FileUploadUtility.java,com.idb.utility.FileUploadUtility,class,4,8,8,0
D:\Project\OnlineSchoolManagementSystem-master\OnlineSchoolManagementSystem-master\src\java\com\idb\model\Attendance.java,com.idb.model.Attendance,class,0,8,0,20
D:\Project\OnlineSchoolManagementSystem-master\OnlineSchoolManagementSystem-master\src\java\com\idb\model\Users.java,com.idb.model.Users,class,0,13,0,66
D:\Project\OnlineSchoolManagementSystem-master\OnlineSchoolManagementSystem-master\src\java\com\idb\model\Role.java,com.idb.model.Role,class,0,4,0,2
,,,3.466666667,16.86666667,6.8,79.46666667
