file,class,type,cbo,cboModified,fanin,fanout,wmc,dit,noc,rfc,lcom,lcom*,tcc,lcc,totalMethodsQty,staticMethodsQty,publicMethodsQty,privateMethodsQty,protectedMethodsQty,defaultMethodsQty,visibleMethodsQty,abstractMethodsQty,finalMethodsQty,synchronizedMethodsQty,totalFieldsQty,staticFieldsQty,publicFieldsQty,privateFieldsQty,protectedFieldsQty,defaultFieldsQty,finalFieldsQty,synchronizedFieldsQty,nosi,loc,returnQty,loopQty,comparisonsQty,tryCatchQty,parenthesizedExpsQty,stringLiteralsQty,numbersQty,assignmentsQty,mathOperationsQty,variablesQty,maxNestedBlocksQty,anonymousClassesQty,innerClassesQty,lambdasQty,uniqueWordsQty,modifiers,logStatementsQty
D:\Project\OnlineSchoolManagementSystem-master\OnlineSchoolManagementSystem-master\src\java\com\idb\model\Teachers.java,com.idb.model.Teachers,class,1,4,3,1,18,1,0,0,135,0.8888889,0.05882353,0.05882353,18,0,18,0,0,0,18,0,0,0,4,0,0,2,0,2,0,0,0,60,9,0,0,0,0,0,0,9,0,9,0,0,0,0,23,1,0
D:\Project\OnlineSchoolManagementSystem-master\OnlineSchoolManagementSystem-master\src\java\com\idb\controller\AppController.java,com.idb.controller.AppController,class,21,22,1,21,71,1,0,51,0,0.07692308,0.8847059,0.8847059,52,0,51,1,0,0,51,0,0,0,1,0,0,0,0,1,0,0,2,523,54,0,3,11,0,205,6,166,1,151,1,0,0,0,97,1,0
D:\Project\OnlineSchoolManagementSystem-master\OnlineSchoolManagementSystem-master\src\java\com\idb\model\Students.java,com.idb.model.Students,class,1,4,3,1,32,1,0,0,464,0.9375,0.032258064,0.032258064,32,0,32,0,0,0,32,0,0,0,4,0,0,4,0,0,0,0,0,102,16,0,0,0,0,0,0,16,0,16,0,0,0,0,38,1,0
D:\Project\OnlineSchoolManagementSystem-master\OnlineSchoolManagementSystem-master\src\java\com\idb\model\Subjects.java,com.idb.model.Subjects,class,0,3,3,0,4,1,0,0,2,0.5,0.33333334,0.33333334,4,0,4,0,0,0,4,0,0,0,2,0,0,2,0,0,0,0,0,16,2,0,0,0,0,0,0,2,0,2,0,0,0,0,13,1,0
D:\Project\OnlineSchoolManagementSystem-master\OnlineSchoolManagementSystem-master\src\java\com\idb\service\AppService.java,com.idb.service.AppService,interface,11,13,2,11,28,1,0,0,378,0.0,0.0,0.0,28,0,28,0,0,0,28,0,0,0,0,0,0,0,0,0,0,0,0,30,0,0,0,0,0,0,0,0,0,0,0,0,0,0,52,1,0
D:\Project\OnlineSchoolManagementSystem-master\OnlineSchoolManagementSystem-master\src\java\com\idb\model\NoticeBoard.java,com.idb.model.NoticeBoard,class,0,3,3,0,10,1,0,0,35,0.8,0.11111111,0.11111111,10,0,10,0,0,0,10,0,0,0,5,0,0,5,0,0,0,0,0,37,5,0,0,0,0,0,0,5,0,5,0,0,0,0,15,1,0
D:\Project\OnlineSchoolManagementSystem-master\OnlineSchoolManagementSystem-master\src\java\com\idb\model\Classes.java,com.idb.model.Classes,class,0,3,3,0,6,1,0,0,9,0.6666667,0.2,0.2,6,0,6,0,0,0,6,0,0,0,3,0,0,3,0,0,0,0,0,23,3,0,0,0,0,0,0,3,0,3,0,0,0,0,9,1,0
D:\Project\OnlineSchoolManagementSystem-master\OnlineSchoolManagementSystem-master\src\java\com\idb\service\AppServiceImp.java,com.idb.service.AppServiceImp,class,14,14,0,14,29,1,0,43,0,0.0,1.0,1.0,29,0,29,0,0,0,29,0,0,0,1,0,0,0,0,1,0,0,0,136,17,0,0,0,0,67,0,47,12,47,0,0,0,0,103,1,0
D:\Project\OnlineSchoolManagementSystem-master\OnlineSchoolManagementSystem-master\src\java\com\idb\model\Result.java,com.idb.model.Result,class,0,3,3,0,14,1,0,0,77,0.85714287,0.07692308,0.07692308,14,0,14,0,0,0,14,0,0,0,3,0,0,3,0,0,0,0,0,47,7,0,0,0,0,0,0,7,0,7,0,0,0,0,21,1,0
D:\Project\OnlineSchoolManagementSystem-master\OnlineSchoolManagementSystem-master\src\java\com\idb\model\Semester.java,com.idb.model.Semester,class,0,3,3,0,4,1,0,0,2,0.5,0.33333334,0.33333334,4,0,4,0,0,0,4,0,0,0,2,0,0,0,0,2,0,0,0,16,2,0,0,0,0,0,0,2,0,2,0,0,0,0,7,1,0
D:\Project\OnlineSchoolManagementSystem-master\OnlineSchoolManagementSystem-master\src\java\com\idb\model\Sessions.java,com.idb.model.Sessions,class,0,3,3,0,4,1,0,0,2,0.5,0.33333334,0.33333334,4,0,4,0,0,0,4,0,0,0,2,0,0,2,0,0,0,0,0,16,2,0,0,0,0,0,0,2,0,2,0,0,0,0,13,1,0
D:\Project\OnlineSchoolManagementSystem-master\OnlineSchoolManagementSystem-master\src\java\com\idb\utility\FileUploadUtility.java,com.idb.utility.FileUploadUtility,class,4,6,2,4,8,1,0,8,0,0.0,1.0,1.0,2,2,2,0,0,0,2,0,0,0,3,3,0,3,0,0,2,0,0,37,0,0,0,2,0,12,0,5,4,3,1,0,0,0,37,1,2
D:\Project\OnlineSchoolManagementSystem-master\OnlineSchoolManagementSystem-master\src\java\com\idb\model\Attendance.java,com.idb.model.Attendance,class,0,3,3,0,8,1,0,0,20,0.75,0.14285715,0.14285715,8,0,8,0,0,0,8,0,0,0,3,0,0,3,0,0,0,0,0,29,4,0,0,0,0,1,0,5,0,4,0,0,0,0,12,1,0
D:\Project\OnlineSchoolManagementSystem-master\OnlineSchoolManagementSystem-master\src\java\com\idb\model\Users.java,com.idb.model.Users,class,0,3,3,0,13,1,0,0,66,0.8461538,0.07692308,0.07692308,13,0,13,0,0,0,13,0,0,0,6,0,0,6,0,0,0,0,0,46,6,0,0,0,0,0,0,6,0,6,0,0,0,0,15,1,0
D:\Project\OnlineSchoolManagementSystem-master\OnlineSchoolManagementSystem-master\src\java\com\idb\model\Role.java,com.idb.model.Role,class,0,3,3,0,4,1,0,0,2,0.5,0.33333334,0.33333334,4,0,4,0,0,0,4,0,0,0,2,0,0,2,0,0,0,0,0,16,2,0,0,0,0,0,0,2,0,2,0,0,0,0,13,1,0
