file,class,method,variable,usage
D:\Project\OnlineSchoolManagementSystem-master\OnlineSchoolManagementSystem-master\src\java\com\idb\model\Teachers.java,com.idb.model.Teachers,setSub_id/1[int],sub_id,3
D:\Project\OnlineSchoolManagementSystem-master\OnlineSchoolManagementSystem-master\src\java\com\idb\model\Teachers.java,com.idb.model.Teachers,getT_name/0,t_name,1
D:\Project\OnlineSchoolManagementSystem-master\OnlineSchoolManagementSystem-master\src\java\com\idb\model\Teachers.java,com.idb.model.Teachers,setT_img/1[com.idb.model.MultipartFile],t_img,3
D:\Project\OnlineSchoolManagementSystem-master\OnlineSchoolManagementSystem-master\src\java\com\idb\model\Teachers.java,com.idb.model.Teachers,getP_number/0,p_number,1
D:\Project\OnlineSchoolManagementSystem-master\OnlineSchoolManagementSystem-master\src\java\com\idb\model\Teachers.java,com.idb.model.Teachers,getT_img/0,t_img,1
D:\Project\OnlineSchoolManagementSystem-master\OnlineSchoolManagementSystem-master\src\java\com\idb\model\Teachers.java,com.idb.model.Teachers,getGender/0,gender,1
D:\Project\OnlineSchoolManagementSystem-master\OnlineSchoolManagementSystem-master\src\java\com\idb\model\Teachers.java,com.idb.model.Teachers,getJoin_date/0,join_date,1
D:\Project\OnlineSchoolManagementSystem-master\OnlineSchoolManagementSystem-master\src\java\com\idb\model\Teachers.java,com.idb.model.Teachers,getSub_id/0,sub_id,1
D:\Project\OnlineSchoolManagementSystem-master\OnlineSchoolManagementSystem-master\src\java\com\idb\model\Teachers.java,com.idb.model.Teachers,setT_address/1[java.lang.String],t_address,3
D:\Project\OnlineSchoolManagementSystem-master\OnlineSchoolManagementSystem-master\src\java\com\idb\model\Teachers.java,com.idb.model.Teachers,getT_id/0,t_id,1
D:\Project\OnlineSchoolManagementSystem-master\OnlineSchoolManagementSystem-master\src\java\com\idb\model\Teachers.java,com.idb.model.Teachers,setT_name/1[java.lang.String],t_name,3
D:\Project\OnlineSchoolManagementSystem-master\OnlineSchoolManagementSystem-master\src\java\com\idb\model\Teachers.java,com.idb.model.Teachers,setGender/1[java.lang.String],gender,3
D:\Project\OnlineSchoolManagementSystem-master\OnlineSchoolManagementSystem-master\src\java\com\idb\model\Teachers.java,com.idb.model.Teachers,getT_address/0,t_address,1
D:\Project\OnlineSchoolManagementSystem-master\OnlineSchoolManagementSystem-master\src\java\com\idb\model\Teachers.java,com.idb.model.Teachers,setP_number/1[int],p_number,3
D:\Project\OnlineSchoolManagementSystem-master\OnlineSchoolManagementSystem-master\src\java\com\idb\model\Teachers.java,com.idb.model.Teachers,setT_email/1[java.lang.String],t_email,3
D:\Project\OnlineSchoolManagementSystem-master\OnlineSchoolManagementSystem-master\src\java\com\idb\model\Teachers.java,com.idb.model.Teachers,getT_email/0,t_email,1
D:\Project\OnlineSchoolManagementSystem-master\OnlineSchoolManagementSystem-master\src\java\com\idb\model\Teachers.java,com.idb.model.Teachers,setT_id/1[int],t_id,3
D:\Project\OnlineSchoolManagementSystem-master\OnlineSchoolManagementSystem-master\src\java\com\idb\model\Teachers.java,com.idb.model.Teachers,setJoin_date/1[java.util.Date],join_date,3
D:\Project\OnlineSchoolManagementSystem-master\OnlineSchoolManagementSystem-master\src\java\com\idb\controller\AppController.java,com.idb.controller.AppController,showAboutus/0,appService,1
D:\Project\OnlineSchoolManagementSystem-master\OnlineSchoolManagementSystem-master\src\java\com\idb\controller\AppController.java,com.idb.controller.AppController,getSearchAttendance/1[java.lang.Integer],appService,3
D:\Project\OnlineSchoolManagementSystem-master\OnlineSchoolManagementSystem-master\src\java\com\idb\controller\AppController.java,com.idb.controller.AppController,"addsubject/2[com.idb.controller.ModelAndView,com.idb.model.Subjects]",appService,1
D:\Project\OnlineSchoolManagementSystem-master\OnlineSchoolManagementSystem-master\src\java\com\idb\controller\AppController.java,com.idb.controller.AppController,showNoticeStudentHome/0,appService,1
D:\Project\OnlineSchoolManagementSystem-master\OnlineSchoolManagementSystem-master\src\java\com\idb\controller\AppController.java,com.idb.controller.AppController,"getResultSearch/2[java.lang.Integer,java.lang.Integer]",appService,5
D:\Project\OnlineSchoolManagementSystem-master\OnlineSchoolManagementSystem-master\src\java\com\idb\controller\AppController.java,com.idb.controller.AppController,showloginForm/0,appService,1
D:\Project\OnlineSchoolManagementSystem-master\OnlineSchoolManagementSystem-master\src\java\com\idb\controller\AppController.java,com.idb.controller.AppController,"updateNotice/2[com.idb.controller.ModelAndView,com.idb.model.NoticeBoard]",appService,1
D:\Project\OnlineSchoolManagementSystem-master\OnlineSchoolManagementSystem-master\src\java\com\idb\controller\AppController.java,com.idb.controller.AppController,"addTeacher/3[com.idb.controller.ModelAndView,com.idb.model.Teachers,com.idb.controller.HttpServletRequest]",appService,1
D:\Project\OnlineSchoolManagementSystem-master\OnlineSchoolManagementSystem-master\src\java\com\idb\controller\AppController.java,com.idb.controller.AppController,"addClass/2[com.idb.controller.ModelAndView,com.idb.model.Classes]",appService,1
D:\Project\OnlineSchoolManagementSystem-master\OnlineSchoolManagementSystem-master\src\java\com\idb\controller\AppController.java,com.idb.controller.AppController,"addUser/2[com.idb.controller.ModelAndView,com.idb.model.Sessions]",appService,1
D:\Project\OnlineSchoolManagementSystem-master\OnlineSchoolManagementSystem-master\src\java\com\idb\controller\AppController.java,com.idb.controller.AppController,"dailyAttendance/4[com.idb.controller.ModelAndView,com.idb.model.Attendance,java.lang.Integer,java.lang.Integer]",appService,1
D:\Project\OnlineSchoolManagementSystem-master\OnlineSchoolManagementSystem-master\src\java\com\idb\controller\AppController.java,com.idb.controller.AppController,showHome/0,appService,1
D:\Project\OnlineSchoolManagementSystem-master\OnlineSchoolManagementSystem-master\src\java\com\idb\controller\AppController.java,com.idb.controller.AppController,getAllStudents/0,appService,4
D:\Project\OnlineSchoolManagementSystem-master\OnlineSchoolManagementSystem-master\src\java\com\idb\controller\AppController.java,com.idb.controller.AppController,showNoticeTeacher/0,appService,1
D:\Project\OnlineSchoolManagementSystem-master\OnlineSchoolManagementSystem-master\src\java\com\idb\controller\AppController.java,com.idb.controller.AppController,"addResult/2[com.idb.controller.ModelAndView,com.idb.model.Result]",appService,1
D:\Project\OnlineSchoolManagementSystem-master\OnlineSchoolManagementSystem-master\src\java\com\idb\controller\AppController.java,com.idb.controller.AppController,showNoticeAdmin/0,appService,1
D:\Project\OnlineSchoolManagementSystem-master\OnlineSchoolManagementSystem-master\src\java\com\idb\controller\AppController.java,com.idb.controller.AppController,getResult/0,appService,1
D:\Project\OnlineSchoolManagementSystem-master\OnlineSchoolManagementSystem-master\src\java\com\idb\controller\AppController.java,com.idb.controller.AppController,showTeacherHome/0,appService,1
D:\Project\OnlineSchoolManagementSystem-master\OnlineSchoolManagementSystem-master\src\java\com\idb\controller\AppController.java,com.idb.controller.AppController,getStudentDetails/1[java.lang.Integer],appService,2
D:\Project\OnlineSchoolManagementSystem-master\OnlineSchoolManagementSystem-master\src\java\com\idb\controller\AppController.java,com.idb.controller.AppController,showNoticeHome/0,appService,1
D:\Project\OnlineSchoolManagementSystem-master\OnlineSchoolManagementSystem-master\src\java\com\idb\controller\AppController.java,com.idb.controller.AppController,"showaNoticeForUpdate/3[java.lang.Integer,com.idb.model.NoticeBoard,com.idb.controller.HttpSession]",appService,2
D:\Project\OnlineSchoolManagementSystem-master\OnlineSchoolManagementSystem-master\src\java\com\idb\controller\AppController.java,com.idb.controller.AppController,"getSearchResult/2[java.lang.Integer,java.lang.Integer]",appService,5
D:\Project\OnlineSchoolManagementSystem-master\OnlineSchoolManagementSystem-master\src\java\com\idb\controller\AppController.java,com.idb.controller.AppController,"processForm/3[com.idb.controller.ModelAndView,com.idb.model.Users,com.idb.controller.HttpSession]",appService,1
D:\Project\OnlineSchoolManagementSystem-master\OnlineSchoolManagementSystem-master\src\java\com\idb\controller\AppController.java,com.idb.controller.AppController,updateTeacherInfo/1[com.idb.model.Teachers],appService,1
D:\Project\OnlineSchoolManagementSystem-master\OnlineSchoolManagementSystem-master\src\java\com\idb\controller\AppController.java,com.idb.controller.AppController,showAddResultPage/0,appService,3
D:\Project\OnlineSchoolManagementSystem-master\OnlineSchoolManagementSystem-master\src\java\com\idb\controller\AppController.java,com.idb.controller.AppController,getAllStudentInfo/0,appService,4
D:\Project\OnlineSchoolManagementSystem-master\OnlineSchoolManagementSystem-master\src\java\com\idb\controller\AppController.java,com.idb.controller.AppController,getSubjects/0,appService,2
D:\Project\OnlineSchoolManagementSystem-master\OnlineSchoolManagementSystem-master\src\java\com\idb\controller\AppController.java,com.idb.controller.AppController,getTeachers/0,appService,4
D:\Project\OnlineSchoolManagementSystem-master\OnlineSchoolManagementSystem-master\src\java\com\idb\controller\AppController.java,com.idb.controller.AppController,updateStudentDetail/1[java.lang.Integer],appService,2
D:\Project\OnlineSchoolManagementSystem-master\OnlineSchoolManagementSystem-master\src\java\com\idb\controller\AppController.java,com.idb.controller.AppController,getTeacherInfoById/1[java.lang.Integer],appService,3
D:\Project\OnlineSchoolManagementSystem-master\OnlineSchoolManagementSystem-master\src\java\com\idb\controller\AppController.java,com.idb.controller.AppController,"addUser/2[com.idb.controller.ModelAndView,com.idb.model.Users]",appService,1
D:\Project\OnlineSchoolManagementSystem-master\OnlineSchoolManagementSystem-master\src\java\com\idb\controller\AppController.java,com.idb.controller.AppController,getTeacherInformationById/1[java.lang.Integer],appService,2
D:\Project\OnlineSchoolManagementSystem-master\OnlineSchoolManagementSystem-master\src\java\com\idb\controller\AppController.java,com.idb.controller.AppController,"addNotice/2[com.idb.controller.ModelAndView,com.idb.model.NoticeBoard]",appService,1
D:\Project\OnlineSchoolManagementSystem-master\OnlineSchoolManagementSystem-master\src\java\com\idb\controller\AppController.java,com.idb.controller.AppController,getStudentsInformation/0,appService,4
D:\Project\OnlineSchoolManagementSystem-master\OnlineSchoolManagementSystem-master\src\java\com\idb\controller\AppController.java,com.idb.controller.AppController,getTeachersInfo/0,appService,2
D:\Project\OnlineSchoolManagementSystem-master\OnlineSchoolManagementSystem-master\src\java\com\idb\controller\AppController.java,com.idb.controller.AppController,"showAddAttendance/3[java.lang.Integer,java.lang.Integer,com.idb.controller.HttpSession]",appService,4
D:\Project\OnlineSchoolManagementSystem-master\OnlineSchoolManagementSystem-master\src\java\com\idb\controller\AppController.java,com.idb.controller.AppController,showRegForm/0,appService,1
D:\Project\OnlineSchoolManagementSystem-master\OnlineSchoolManagementSystem-master\src\java\com\idb\controller\AppController.java,com.idb.controller.AppController,getTeachersInfoById/1[java.lang.Integer],appService,3
D:\Project\OnlineSchoolManagementSystem-master\OnlineSchoolManagementSystem-master\src\java\com\idb\controller\AppController.java,com.idb.controller.AppController,showStudentHome/0,appService,1
D:\Project\OnlineSchoolManagementSystem-master\OnlineSchoolManagementSystem-master\src\java\com\idb\controller\AppController.java,com.idb.controller.AppController,getAllStudentInformation/0,appService,4
D:\Project\OnlineSchoolManagementSystem-master\OnlineSchoolManagementSystem-master\src\java\com\idb\controller\AppController.java,com.idb.controller.AppController,"showadminHome/2[com.idb.model.Users,com.idb.controller.HttpSession]",appService,2
D:\Project\OnlineSchoolManagementSystem-master\OnlineSchoolManagementSystem-master\src\java\com\idb\controller\AppController.java,com.idb.controller.AppController,getAllTeachers/0,appService,2
D:\Project\OnlineSchoolManagementSystem-master\OnlineSchoolManagementSystem-master\src\java\com\idb\controller\AppController.java,com.idb.controller.AppController,getSession/0,appService,2
D:\Project\OnlineSchoolManagementSystem-master\OnlineSchoolManagementSystem-master\src\java\com\idb\controller\AppController.java,com.idb.controller.AppController,showAttendance/0,appService,1
D:\Project\OnlineSchoolManagementSystem-master\OnlineSchoolManagementSystem-master\src\java\com\idb\controller\AppController.java,com.idb.controller.AppController,createclass/0,appService,2
D:\Project\OnlineSchoolManagementSystem-master\OnlineSchoolManagementSystem-master\src\java\com\idb\controller\AppController.java,com.idb.controller.AppController,"addStudents/3[com.idb.controller.ModelAndView,com.idb.model.Students,com.idb.controller.HttpServletRequest]",appService,1
D:\Project\OnlineSchoolManagementSystem-master\OnlineSchoolManagementSystem-master\src\java\com\idb\controller\AppController.java,com.idb.controller.AppController,getStudentsDetail/1[java.lang.Integer],appService,2
D:\Project\OnlineSchoolManagementSystem-master\OnlineSchoolManagementSystem-master\src\java\com\idb\controller\AppController.java,com.idb.controller.AppController,getStudentDetail/1[java.lang.Integer],appService,2
D:\Project\OnlineSchoolManagementSystem-master\OnlineSchoolManagementSystem-master\src\java\com\idb\model\Students.java,com.idb.model.Students,getImg_url/0,img_url,1
D:\Project\OnlineSchoolManagementSystem-master\OnlineSchoolManagementSystem-master\src\java\com\idb\model\Students.java,com.idb.model.Students,setDob/1[java.util.Date],dob,3
D:\Project\OnlineSchoolManagementSystem-master\OnlineSchoolManagementSystem-master\src\java\com\idb\model\Students.java,com.idb.model.Students,getS_name/0,s_name,1
D:\Project\OnlineSchoolManagementSystem-master\OnlineSchoolManagementSystem-master\src\java\com\idb\model\Students.java,com.idb.model.Students,getParmanent_address/0,Parmanent_address,1
D:\Project\OnlineSchoolManagementSystem-master\OnlineSchoolManagementSystem-master\src\java\com\idb\model\Students.java,com.idb.model.Students,getDob/0,dob,1
D:\Project\OnlineSchoolManagementSystem-master\OnlineSchoolManagementSystem-master\src\java\com\idb\model\Students.java,com.idb.model.Students,getS_img/0,s_img,1
D:\Project\OnlineSchoolManagementSystem-master\OnlineSchoolManagementSystem-master\src\java\com\idb\model\Students.java,com.idb.model.Students,setRoll_no/1[int],roll_no,3
D:\Project\OnlineSchoolManagementSystem-master\OnlineSchoolManagementSystem-master\src\java\com\idb\model\Students.java,com.idb.model.Students,getTelephone_no/0,telephone_no,1
D:\Project\OnlineSchoolManagementSystem-master\OnlineSchoolManagementSystem-master\src\java\com\idb\model\Students.java,com.idb.model.Students,setAge/1[int],age,3
D:\Project\OnlineSchoolManagementSystem-master\OnlineSchoolManagementSystem-master\src\java\com\idb\model\Students.java,com.idb.model.Students,getGender/0,gender,1
D:\Project\OnlineSchoolManagementSystem-master\OnlineSchoolManagementSystem-master\src\java\com\idb\model\Students.java,com.idb.model.Students,getMobile_no/0,mobile_no,1
D:\Project\OnlineSchoolManagementSystem-master\OnlineSchoolManagementSystem-master\src\java\com\idb\model\Students.java,com.idb.model.Students,setImg_url/1[java.lang.String],img_url,3
D:\Project\OnlineSchoolManagementSystem-master\OnlineSchoolManagementSystem-master\src\java\com\idb\model\Students.java,com.idb.model.Students,setSess_id/1[int],sess_id,3
D:\Project\OnlineSchoolManagementSystem-master\OnlineSchoolManagementSystem-master\src\java\com\idb\model\Students.java,com.idb.model.Students,getS_id/0,s_id,1
D:\Project\OnlineSchoolManagementSystem-master\OnlineSchoolManagementSystem-master\src\java\com\idb\model\Students.java,com.idb.model.Students,getC_id/0,c_id,1
D:\Project\OnlineSchoolManagementSystem-master\OnlineSchoolManagementSystem-master\src\java\com\idb\model\Students.java,com.idb.model.Students,getPresent_address/0,present_address,1
D:\Project\OnlineSchoolManagementSystem-master\OnlineSchoolManagementSystem-master\src\java\com\idb\model\Students.java,com.idb.model.Students,getRoll_no/0,roll_no,1
D:\Project\OnlineSchoolManagementSystem-master\OnlineSchoolManagementSystem-master\src\java\com\idb\model\Students.java,com.idb.model.Students,getSess_id/0,sess_id,1
D:\Project\OnlineSchoolManagementSystem-master\OnlineSchoolManagementSystem-master\src\java\com\idb\model\Students.java,com.idb.model.Students,getM_name/0,m_name,1
D:\Project\OnlineSchoolManagementSystem-master\OnlineSchoolManagementSystem-master\src\java\com\idb\model\Students.java,com.idb.model.Students,setS_name/1[java.lang.String],s_name,3
D:\Project\OnlineSchoolManagementSystem-master\OnlineSchoolManagementSystem-master\src\java\com\idb\model\Students.java,com.idb.model.Students,setS_img/1[com.idb.model.MultipartFile],s_img,3
D:\Project\OnlineSchoolManagementSystem-master\OnlineSchoolManagementSystem-master\src\java\com\idb\model\Students.java,com.idb.model.Students,setParmanent_address/1[java.lang.String],Parmanent_address,3
D:\Project\OnlineSchoolManagementSystem-master\OnlineSchoolManagementSystem-master\src\java\com\idb\model\Students.java,com.idb.model.Students,setMobile_no/1[int],mobile_no,3
D:\Project\OnlineSchoolManagementSystem-master\OnlineSchoolManagementSystem-master\src\java\com\idb\model\Students.java,com.idb.model.Students,getAge/0,age,1
D:\Project\OnlineSchoolManagementSystem-master\OnlineSchoolManagementSystem-master\src\java\com\idb\model\Students.java,com.idb.model.Students,setTelephone_no/1[int],telephone_no,3
D:\Project\OnlineSchoolManagementSystem-master\OnlineSchoolManagementSystem-master\src\java\com\idb\model\Students.java,com.idb.model.Students,setF_name/1[java.lang.String],f_name,3
D:\Project\OnlineSchoolManagementSystem-master\OnlineSchoolManagementSystem-master\src\java\com\idb\model\Students.java,com.idb.model.Students,setC_id/1[int],c_id,3
D:\Project\OnlineSchoolManagementSystem-master\OnlineSchoolManagementSystem-master\src\java\com\idb\model\Students.java,com.idb.model.Students,setS_id/1[int],s_id,3
D:\Project\OnlineSchoolManagementSystem-master\OnlineSchoolManagementSystem-master\src\java\com\idb\model\Students.java,com.idb.model.Students,setPresent_address/1[java.lang.String],present_address,3
D:\Project\OnlineSchoolManagementSystem-master\OnlineSchoolManagementSystem-master\src\java\com\idb\model\Students.java,com.idb.model.Students,setGender/1[java.lang.String],gender,3
D:\Project\OnlineSchoolManagementSystem-master\OnlineSchoolManagementSystem-master\src\java\com\idb\model\Students.java,com.idb.model.Students,setM_name/1[java.lang.String],m_name,3
D:\Project\OnlineSchoolManagementSystem-master\OnlineSchoolManagementSystem-master\src\java\com\idb\model\Students.java,com.idb.model.Students,getF_name/0,f_name,1
D:\Project\OnlineSchoolManagementSystem-master\OnlineSchoolManagementSystem-master\src\java\com\idb\model\Subjects.java,com.idb.model.Subjects,setSub_name/1[java.lang.String],sub_name,3
D:\Project\OnlineSchoolManagementSystem-master\OnlineSchoolManagementSystem-master\src\java\com\idb\model\Subjects.java,com.idb.model.Subjects,setSub_id/1[int],sub_id,3
D:\Project\OnlineSchoolManagementSystem-master\OnlineSchoolManagementSystem-master\src\java\com\idb\model\Subjects.java,com.idb.model.Subjects,getSub_id/0,sub_id,1
D:\Project\OnlineSchoolManagementSystem-master\OnlineSchoolManagementSystem-master\src\java\com\idb\model\Subjects.java,com.idb.model.Subjects,getSub_name/0,sub_name,1
D:\Project\OnlineSchoolManagementSystem-master\OnlineSchoolManagementSystem-master\src\java\com\idb\model\NoticeBoard.java,com.idb.model.NoticeBoard,setN_title/1[java.lang.String],n_title,3
D:\Project\OnlineSchoolManagementSystem-master\OnlineSchoolManagementSystem-master\src\java\com\idb\model\NoticeBoard.java,com.idb.model.NoticeBoard,getN_description/0,n_description,1
D:\Project\OnlineSchoolManagementSystem-master\OnlineSchoolManagementSystem-master\src\java\com\idb\model\NoticeBoard.java,com.idb.model.NoticeBoard,setPublish_date/1[java.util.Date],publish_date,3
D:\Project\OnlineSchoolManagementSystem-master\OnlineSchoolManagementSystem-master\src\java\com\idb\model\NoticeBoard.java,com.idb.model.NoticeBoard,getExpire_date/0,expire_date,1
D:\Project\OnlineSchoolManagementSystem-master\OnlineSchoolManagementSystem-master\src\java\com\idb\model\NoticeBoard.java,com.idb.model.NoticeBoard,getN_id/0,n_id,1
D:\Project\OnlineSchoolManagementSystem-master\OnlineSchoolManagementSystem-master\src\java\com\idb\model\NoticeBoard.java,com.idb.model.NoticeBoard,getPublish_date/0,publish_date,1
D:\Project\OnlineSchoolManagementSystem-master\OnlineSchoolManagementSystem-master\src\java\com\idb\model\NoticeBoard.java,com.idb.model.NoticeBoard,getN_title/0,n_title,1
D:\Project\OnlineSchoolManagementSystem-master\OnlineSchoolManagementSystem-master\src\java\com\idb\model\NoticeBoard.java,com.idb.model.NoticeBoard,setExpire_date/1[java.util.Date],expire_date,3
D:\Project\OnlineSchoolManagementSystem-master\OnlineSchoolManagementSystem-master\src\java\com\idb\model\NoticeBoard.java,com.idb.model.NoticeBoard,setN_description/1[java.lang.String],n_description,3
D:\Project\OnlineSchoolManagementSystem-master\OnlineSchoolManagementSystem-master\src\java\com\idb\model\NoticeBoard.java,com.idb.model.NoticeBoard,setN_id/1[int],n_id,3
D:\Project\OnlineSchoolManagementSystem-master\OnlineSchoolManagementSystem-master\src\java\com\idb\model\Classes.java,com.idb.model.Classes,getSess_id/0,sess_id,1
D:\Project\OnlineSchoolManagementSystem-master\OnlineSchoolManagementSystem-master\src\java\com\idb\model\Classes.java,com.idb.model.Classes,getC_id/0,c_id,1
D:\Project\OnlineSchoolManagementSystem-master\OnlineSchoolManagementSystem-master\src\java\com\idb\model\Classes.java,com.idb.model.Classes,setC_name/1[java.lang.String],c_name,3
D:\Project\OnlineSchoolManagementSystem-master\OnlineSchoolManagementSystem-master\src\java\com\idb\model\Classes.java,com.idb.model.Classes,setSess_id/1[int],sess_id,3
D:\Project\OnlineSchoolManagementSystem-master\OnlineSchoolManagementSystem-master\src\java\com\idb\model\Classes.java,com.idb.model.Classes,getC_name/0,c_name,1
D:\Project\OnlineSchoolManagementSystem-master\OnlineSchoolManagementSystem-master\src\java\com\idb\model\Classes.java,com.idb.model.Classes,setC_id/1[int],c_id,3
D:\Project\OnlineSchoolManagementSystem-master\OnlineSchoolManagementSystem-master\src\java\com\idb\service\AppServiceImp.java,com.idb.service.AppServiceImp,getAllClasses/0,jdbcTemplate,1
D:\Project\OnlineSchoolManagementSystem-master\OnlineSchoolManagementSystem-master\src\java\com\idb\service\AppServiceImp.java,com.idb.service.AppServiceImp,getAllNotice/0,jdbcTemplate,1
D:\Project\OnlineSchoolManagementSystem-master\OnlineSchoolManagementSystem-master\src\java\com\idb\service\AppServiceImp.java,com.idb.service.AppServiceImp,getAllStudents/0,jdbcTemplate,1
D:\Project\OnlineSchoolManagementSystem-master\OnlineSchoolManagementSystem-master\src\java\com\idb\service\AppServiceImp.java,com.idb.service.AppServiceImp,"updateNptice/3[int,java.lang.String,java.lang.String]",jdbcTemplate,1
D:\Project\OnlineSchoolManagementSystem-master\OnlineSchoolManagementSystem-master\src\java\com\idb\service\AppServiceImp.java,com.idb.service.AppServiceImp,getAttendanceByS_ID/1[int],jdbcTemplate,1
D:\Project\OnlineSchoolManagementSystem-master\OnlineSchoolManagementSystem-master\src\java\com\idb\service\AppServiceImp.java,com.idb.service.AppServiceImp,addTeacher/1[com.idb.model.Teachers],jdbcTemplate,1
D:\Project\OnlineSchoolManagementSystem-master\OnlineSchoolManagementSystem-master\src\java\com\idb\service\AppServiceImp.java,com.idb.service.AppServiceImp,getAllSubjects/0,jdbcTemplate,1
D:\Project\OnlineSchoolManagementSystem-master\OnlineSchoolManagementSystem-master\src\java\com\idb\service\AppServiceImp.java,com.idb.service.AppServiceImp,getAllSemester/0,jdbcTemplate,1
D:\Project\OnlineSchoolManagementSystem-master\OnlineSchoolManagementSystem-master\src\java\com\idb\service\AppServiceImp.java,com.idb.service.AppServiceImp,getAllRole/0,jdbcTemplate,1
D:\Project\OnlineSchoolManagementSystem-master\OnlineSchoolManagementSystem-master\src\java\com\idb\service\AppServiceImp.java,com.idb.service.AppServiceImp,getNoticeById/1[int],jdbcTemplate,1
D:\Project\OnlineSchoolManagementSystem-master\OnlineSchoolManagementSystem-master\src\java\com\idb\service\AppServiceImp.java,com.idb.service.AppServiceImp,addSubject/1[com.idb.model.Subjects],jdbcTemplate,1
D:\Project\OnlineSchoolManagementSystem-master\OnlineSchoolManagementSystem-master\src\java\com\idb\service\AppServiceImp.java,com.idb.service.AppServiceImp,getAllsessions/0,jdbcTemplate,1
D:\Project\OnlineSchoolManagementSystem-master\OnlineSchoolManagementSystem-master\src\java\com\idb\service\AppServiceImp.java,com.idb.service.AppServiceImp,addResult/1[com.idb.model.Result],jdbcTemplate,1
D:\Project\OnlineSchoolManagementSystem-master\OnlineSchoolManagementSystem-master\src\java\com\idb\service\AppServiceImp.java,com.idb.service.AppServiceImp,updateTeacherInfo/1[com.idb.model.Teachers],jdbcTemplate,1
D:\Project\OnlineSchoolManagementSystem-master\OnlineSchoolManagementSystem-master\src\java\com\idb\service\AppServiceImp.java,com.idb.service.AppServiceImp,setJdbcTemplate/1[com.idb.service.JdbcTemplate],jdbcTemplate,3
D:\Project\OnlineSchoolManagementSystem-master\OnlineSchoolManagementSystem-master\src\java\com\idb\service\AppServiceImp.java,com.idb.service.AppServiceImp,addNotice/1[com.idb.model.NoticeBoard],jdbcTemplate,1
D:\Project\OnlineSchoolManagementSystem-master\OnlineSchoolManagementSystem-master\src\java\com\idb\service\AppServiceImp.java,com.idb.service.AppServiceImp,"checkUser/3[java.lang.String,java.lang.String,int]",jdbcTemplate,1
D:\Project\OnlineSchoolManagementSystem-master\OnlineSchoolManagementSystem-master\src\java\com\idb\service\AppServiceImp.java,com.idb.service.AppServiceImp,addStudents/1[com.idb.model.Students],jdbcTemplate,1
D:\Project\OnlineSchoolManagementSystem-master\OnlineSchoolManagementSystem-master\src\java\com\idb\service\AppServiceImp.java,com.idb.service.AppServiceImp,getAllUsers/0,jdbcTemplate,1
D:\Project\OnlineSchoolManagementSystem-master\OnlineSchoolManagementSystem-master\src\java\com\idb\service\AppServiceImp.java,com.idb.service.AppServiceImp,getTeachersById/1[int],jdbcTemplate,1
D:\Project\OnlineSchoolManagementSystem-master\OnlineSchoolManagementSystem-master\src\java\com\idb\service\AppServiceImp.java,com.idb.service.AppServiceImp,getStudentByID/1[int],jdbcTemplate,1
D:\Project\OnlineSchoolManagementSystem-master\OnlineSchoolManagementSystem-master\src\java\com\idb\service\AppServiceImp.java,com.idb.service.AppServiceImp,getAllTeachers/0,jdbcTemplate,1
D:\Project\OnlineSchoolManagementSystem-master\OnlineSchoolManagementSystem-master\src\java\com\idb\service\AppServiceImp.java,com.idb.service.AppServiceImp,addClasses/1[com.idb.model.Classes],jdbcTemplate,1
D:\Project\OnlineSchoolManagementSystem-master\OnlineSchoolManagementSystem-master\src\java\com\idb\service\AppServiceImp.java,com.idb.service.AppServiceImp,addAttendance/1[com.idb.model.Attendance],jdbcTemplate,1
D:\Project\OnlineSchoolManagementSystem-master\OnlineSchoolManagementSystem-master\src\java\com\idb\service\AppServiceImp.java,com.idb.service.AppServiceImp,getSemesterByID/1[int],jdbcTemplate,1
D:\Project\OnlineSchoolManagementSystem-master\OnlineSchoolManagementSystem-master\src\java\com\idb\service\AppServiceImp.java,com.idb.service.AppServiceImp,addSession/1[com.idb.model.Sessions],jdbcTemplate,1
D:\Project\OnlineSchoolManagementSystem-master\OnlineSchoolManagementSystem-master\src\java\com\idb\service\AppServiceImp.java,com.idb.service.AppServiceImp,"getResultByID/2[int,int]",jdbcTemplate,1
D:\Project\OnlineSchoolManagementSystem-master\OnlineSchoolManagementSystem-master\src\java\com\idb\service\AppServiceImp.java,com.idb.service.AppServiceImp,addUser/1[com.idb.model.Users],jdbcTemplate,1
D:\Project\OnlineSchoolManagementSystem-master\OnlineSchoolManagementSystem-master\src\java\com\idb\service\AppServiceImp.java,com.idb.service.AppServiceImp,"getDailyAttendence/2[int,int]",jdbcTemplate,1
D:\Project\OnlineSchoolManagementSystem-master\OnlineSchoolManagementSystem-master\src\java\com\idb\model\Result.java,com.idb.model.Result,getMarks/0,marks,1
D:\Project\OnlineSchoolManagementSystem-master\OnlineSchoolManagementSystem-master\src\java\com\idb\model\Result.java,com.idb.model.Result,setSub_id/1[int],sub_id,3
D:\Project\OnlineSchoolManagementSystem-master\OnlineSchoolManagementSystem-master\src\java\com\idb\model\Result.java,com.idb.model.Result,getRes_id/0,res_id,1
D:\Project\OnlineSchoolManagementSystem-master\OnlineSchoolManagementSystem-master\src\java\com\idb\model\Result.java,com.idb.model.Result,getSem_id/0,sem_id,1
D:\Project\OnlineSchoolManagementSystem-master\OnlineSchoolManagementSystem-master\src\java\com\idb\model\Result.java,com.idb.model.Result,setMarks/1[int],marks,3
D:\Project\OnlineSchoolManagementSystem-master\OnlineSchoolManagementSystem-master\src\java\com\idb\model\Result.java,com.idb.model.Result,setGrade/1[java.lang.String],grade,3
D:\Project\OnlineSchoolManagementSystem-master\OnlineSchoolManagementSystem-master\src\java\com\idb\model\Result.java,com.idb.model.Result,setgPoint/1[java.lang.Double],gPoint,3
D:\Project\OnlineSchoolManagementSystem-master\OnlineSchoolManagementSystem-master\src\java\com\idb\model\Result.java,com.idb.model.Result,setS_id/1[int],s_id,3
D:\Project\OnlineSchoolManagementSystem-master\OnlineSchoolManagementSystem-master\src\java\com\idb\model\Result.java,com.idb.model.Result,getS_id/0,s_id,1
D:\Project\OnlineSchoolManagementSystem-master\OnlineSchoolManagementSystem-master\src\java\com\idb\model\Result.java,com.idb.model.Result,setRes_id/1[int],res_id,3
D:\Project\OnlineSchoolManagementSystem-master\OnlineSchoolManagementSystem-master\src\java\com\idb\model\Result.java,com.idb.model.Result,getgPoint/0,gPoint,1
D:\Project\OnlineSchoolManagementSystem-master\OnlineSchoolManagementSystem-master\src\java\com\idb\model\Result.java,com.idb.model.Result,getGrade/0,grade,1
D:\Project\OnlineSchoolManagementSystem-master\OnlineSchoolManagementSystem-master\src\java\com\idb\model\Result.java,com.idb.model.Result,setSem_id/1[int],sem_id,3
D:\Project\OnlineSchoolManagementSystem-master\OnlineSchoolManagementSystem-master\src\java\com\idb\model\Result.java,com.idb.model.Result,getSub_id/0,sub_id,1
D:\Project\OnlineSchoolManagementSystem-master\OnlineSchoolManagementSystem-master\src\java\com\idb\model\Semester.java,com.idb.model.Semester,getSem_id/0,sem_id,1
D:\Project\OnlineSchoolManagementSystem-master\OnlineSchoolManagementSystem-master\src\java\com\idb\model\Semester.java,com.idb.model.Semester,setSem_name/1[java.lang.String],sem_name,3
D:\Project\OnlineSchoolManagementSystem-master\OnlineSchoolManagementSystem-master\src\java\com\idb\model\Semester.java,com.idb.model.Semester,getSem_name/0,sem_name,1
D:\Project\OnlineSchoolManagementSystem-master\OnlineSchoolManagementSystem-master\src\java\com\idb\model\Semester.java,com.idb.model.Semester,setSem_id/1[int],sem_id,3
D:\Project\OnlineSchoolManagementSystem-master\OnlineSchoolManagementSystem-master\src\java\com\idb\model\Sessions.java,com.idb.model.Sessions,getSess_year/0,sess_year,1
D:\Project\OnlineSchoolManagementSystem-master\OnlineSchoolManagementSystem-master\src\java\com\idb\model\Sessions.java,com.idb.model.Sessions,getSess_id/0,sess_id,1
D:\Project\OnlineSchoolManagementSystem-master\OnlineSchoolManagementSystem-master\src\java\com\idb\model\Sessions.java,com.idb.model.Sessions,setSess_id/1[int],sess_id,3
D:\Project\OnlineSchoolManagementSystem-master\OnlineSchoolManagementSystem-master\src\java\com\idb\model\Sessions.java,com.idb.model.Sessions,setSess_year/1[java.lang.String],sess_year,3
D:\Project\OnlineSchoolManagementSystem-master\OnlineSchoolManagementSystem-master\src\java\com\idb\utility\FileUploadUtility.java,com.idb.utility.FileUploadUtility,"uploadFileStudent/4[com.idb.utility.HttpServletRequest,com.idb.utility.MultipartFile,java.lang.String,int]",REL_PATH,5
D:\Project\OnlineSchoolManagementSystem-master\OnlineSchoolManagementSystem-master\src\java\com\idb\utility\FileUploadUtility.java,com.idb.utility.FileUploadUtility,"uploadFileStudent/4[com.idb.utility.HttpServletRequest,com.idb.utility.MultipartFile,java.lang.String,int]",logger,1
D:\Project\OnlineSchoolManagementSystem-master\OnlineSchoolManagementSystem-master\src\java\com\idb\utility\FileUploadUtility.java,com.idb.utility.FileUploadUtility,"uploadFileStudent/4[com.idb.utility.HttpServletRequest,com.idb.utility.MultipartFile,java.lang.String,int]",ABS_PATH,3
D:\Project\OnlineSchoolManagementSystem-master\OnlineSchoolManagementSystem-master\src\java\com\idb\utility\FileUploadUtility.java,com.idb.utility.FileUploadUtility,"uploadFileTeaher/4[com.idb.utility.HttpServletRequest,com.idb.utility.MultipartFile,java.lang.String,int]",REL_PATH,5
D:\Project\OnlineSchoolManagementSystem-master\OnlineSchoolManagementSystem-master\src\java\com\idb\utility\FileUploadUtility.java,com.idb.utility.FileUploadUtility,"uploadFileTeaher/4[com.idb.utility.HttpServletRequest,com.idb.utility.MultipartFile,java.lang.String,int]",logger,1
D:\Project\OnlineSchoolManagementSystem-master\OnlineSchoolManagementSystem-master\src\java\com\idb\utility\FileUploadUtility.java,com.idb.utility.FileUploadUtility,"uploadFileTeaher/4[com.idb.utility.HttpServletRequest,com.idb.utility.MultipartFile,java.lang.String,int]",ABS_PATH,3
D:\Project\OnlineSchoolManagementSystem-master\OnlineSchoolManagementSystem-master\src\java\com\idb\model\Attendance.java,com.idb.model.Attendance,setSa_id/1[int],sa_id,3
D:\Project\OnlineSchoolManagementSystem-master\OnlineSchoolManagementSystem-master\src\java\com\idb\model\Attendance.java,com.idb.model.Attendance,setS_id/1[int],s_id,3
D:\Project\OnlineSchoolManagementSystem-master\OnlineSchoolManagementSystem-master\src\java\com\idb\model\Attendance.java,com.idb.model.Attendance,setStatus/1[java.lang.String],status,3
D:\Project\OnlineSchoolManagementSystem-master\OnlineSchoolManagementSystem-master\src\java\com\idb\model\Attendance.java,com.idb.model.Attendance,setSa_date/1[java.util.Date],sa_date,3
D:\Project\OnlineSchoolManagementSystem-master\OnlineSchoolManagementSystem-master\src\java\com\idb\model\Attendance.java,com.idb.model.Attendance,getSa_date/0,sa_date,1
D:\Project\OnlineSchoolManagementSystem-master\OnlineSchoolManagementSystem-master\src\java\com\idb\model\Attendance.java,com.idb.model.Attendance,getS_id/0,s_id,1
D:\Project\OnlineSchoolManagementSystem-master\OnlineSchoolManagementSystem-master\src\java\com\idb\model\Attendance.java,com.idb.model.Attendance,getStatus/0,status,1
D:\Project\OnlineSchoolManagementSystem-master\OnlineSchoolManagementSystem-master\src\java\com\idb\model\Attendance.java,com.idb.model.Attendance,getSa_id/0,sa_id,1
D:\Project\OnlineSchoolManagementSystem-master\OnlineSchoolManagementSystem-master\src\java\com\idb\model\Users.java,com.idb.model.Users,setR_id/1[int],r_id,3
D:\Project\OnlineSchoolManagementSystem-master\OnlineSchoolManagementSystem-master\src\java\com\idb\model\Users.java,com.idb.model.Users,setPassword/1[java.lang.String],password,3
D:\Project\OnlineSchoolManagementSystem-master\OnlineSchoolManagementSystem-master\src\java\com\idb\model\Users.java,com.idb.model.Users,setEmail/1[java.lang.String],email,3
D:\Project\OnlineSchoolManagementSystem-master\OnlineSchoolManagementSystem-master\src\java\com\idb\model\Users.java,com.idb.model.Users,setPhone/1[java.lang.String],phone,3
D:\Project\OnlineSchoolManagementSystem-master\OnlineSchoolManagementSystem-master\src\java\com\idb\model\Users.java,com.idb.model.Users,getPhone/0,phone,1
D:\Project\OnlineSchoolManagementSystem-master\OnlineSchoolManagementSystem-master\src\java\com\idb\model\Users.java,com.idb.model.Users,setU_id/1[int],u_id,3
D:\Project\OnlineSchoolManagementSystem-master\OnlineSchoolManagementSystem-master\src\java\com\idb\model\Users.java,com.idb.model.Users,getEmail/0,email,1
D:\Project\OnlineSchoolManagementSystem-master\OnlineSchoolManagementSystem-master\src\java\com\idb\model\Users.java,com.idb.model.Users,getR_id/0,r_id,1
D:\Project\OnlineSchoolManagementSystem-master\OnlineSchoolManagementSystem-master\src\java\com\idb\model\Users.java,com.idb.model.Users,setU_name/1[java.lang.String],u_name,3
D:\Project\OnlineSchoolManagementSystem-master\OnlineSchoolManagementSystem-master\src\java\com\idb\model\Users.java,com.idb.model.Users,getU_id/0,u_id,1
D:\Project\OnlineSchoolManagementSystem-master\OnlineSchoolManagementSystem-master\src\java\com\idb\model\Users.java,com.idb.model.Users,getU_name/0,u_name,1
D:\Project\OnlineSchoolManagementSystem-master\OnlineSchoolManagementSystem-master\src\java\com\idb\model\Users.java,com.idb.model.Users,getPassword/0,password,1
D:\Project\OnlineSchoolManagementSystem-master\OnlineSchoolManagementSystem-master\src\java\com\idb\model\Role.java,com.idb.model.Role,getR_name/0,r_name,1
D:\Project\OnlineSchoolManagementSystem-master\OnlineSchoolManagementSystem-master\src\java\com\idb\model\Role.java,com.idb.model.Role,setR_id/1[int],r_id,3
D:\Project\OnlineSchoolManagementSystem-master\OnlineSchoolManagementSystem-master\src\java\com\idb\model\Role.java,com.idb.model.Role,getR_id/0,r_id,1
D:\Project\OnlineSchoolManagementSystem-master\OnlineSchoolManagementSystem-master\src\java\com\idb\model\Role.java,com.idb.model.Role,setR_name/1[java.lang.String],r_name,3
