file,class,method,constructor,line,cbo,cboModified,fanin,fanout,wmc,rfc,loc,returnsQty,variablesQty,parametersQty,methodsInvokedQty,methodsInvokedLocalQty,methodsInvokedIndirectLocalQty,loopQty,comparisonsQty,tryCatchQty,parenthesizedExpsQty,stringLiteralsQty,numbersQty,assignmentsQty,mathOperationsQty,maxNestedBlocksQty,anonymousClassesQty,innerClassesQty,lambdasQty,uniqueWordsQty,modifiers,logStatementsQty,hasJavaDoc
D:\Project\OnlineSchoolManagementSystem-master\OnlineSchoolManagementSystem-master\src\java\com\idb\model\Teachers.java,com.idb.model.Teachers,setSub_id/1[int],false,34,0,0,0,0,1,0,3,0,0,1,0,0,0,0,0,0,0,0,0,1,0,0,0,0,0,4,1,0,false
D:\Project\OnlineSchoolManagementSystem-master\OnlineSchoolManagementSystem-master\src\java\com\idb\model\Teachers.java,com.idb.model.Teachers,getT_name/0,false,46,0,3,3,0,1,0,3,1,0,0,0,0,0,0,0,0,0,0,0,0,0,0,0,0,0,4,1,0,false
D:\Project\OnlineSchoolManagementSystem-master\OnlineSchoolManagementSystem-master\src\java\com\idb\model\Teachers.java,com.idb.model.Teachers,setT_img/1[com.idb.model.MultipartFile],false,17,1,0,0,0,1,0,3,0,0,1,0,0,0,0,0,0,0,0,0,1,0,0,0,0,0,6,1,0,false
D:\Project\OnlineSchoolManagementSystem-master\OnlineSchoolManagementSystem-master\src\java\com\idb\model\Teachers.java,com.idb.model.Teachers,getP_number/0,false,38,0,3,3,0,1,0,3,1,0,0,0,0,0,0,0,0,0,0,0,0,0,0,0,0,0,4,1,0,false
D:\Project\OnlineSchoolManagementSystem-master\OnlineSchoolManagementSystem-master\src\java\com\idb\model\Teachers.java,com.idb.model.Teachers,getT_img/0,false,13,1,1,1,0,1,0,3,1,0,0,0,0,0,0,0,0,0,0,0,0,0,0,0,0,0,6,1,0,false
D:\Project\OnlineSchoolManagementSystem-master\OnlineSchoolManagementSystem-master\src\java\com\idb\model\Teachers.java,com.idb.model.Teachers,getGender/0,false,62,0,2,2,0,1,0,3,1,0,0,0,0,0,0,0,0,0,0,0,0,0,0,0,0,0,3,1,0,false
D:\Project\OnlineSchoolManagementSystem-master\OnlineSchoolManagementSystem-master\src\java\com\idb\model\Teachers.java,com.idb.model.Teachers,getJoin_date/0,false,78,0,2,2,0,1,0,3,1,0,0,0,0,0,0,0,0,0,0,0,0,0,0,0,0,0,5,1,0,false
D:\Project\OnlineSchoolManagementSystem-master\OnlineSchoolManagementSystem-master\src\java\com\idb\model\Teachers.java,com.idb.model.Teachers,getSub_id/0,false,30,0,1,1,0,1,0,3,1,0,0,0,0,0,0,0,0,0,0,0,0,0,0,0,0,0,4,1,0,false
D:\Project\OnlineSchoolManagementSystem-master\OnlineSchoolManagementSystem-master\src\java\com\idb\model\Teachers.java,com.idb.model.Teachers,setT_address/1[java.lang.String],false,74,0,0,0,0,1,0,3,0,0,1,0,0,0,0,0,0,0,0,0,1,0,0,0,0,0,4,1,0,false
D:\Project\OnlineSchoolManagementSystem-master\OnlineSchoolManagementSystem-master\src\java\com\idb\model\Teachers.java,com.idb.model.Teachers,getT_id/0,false,22,0,1,1,0,1,0,3,1,0,0,0,0,0,0,0,0,0,0,0,0,0,0,0,0,0,4,1,0,false
D:\Project\OnlineSchoolManagementSystem-master\OnlineSchoolManagementSystem-master\src\java\com\idb\model\Teachers.java,com.idb.model.Teachers,setT_name/1[java.lang.String],false,50,0,0,0,0,1,0,3,0,0,1,0,0,0,0,0,0,0,0,0,1,0,0,0,0,0,4,1,0,false
D:\Project\OnlineSchoolManagementSystem-master\OnlineSchoolManagementSystem-master\src\java\com\idb\model\Teachers.java,com.idb.model.Teachers,setGender/1[java.lang.String],false,66,0,0,0,0,1,0,3,0,0,1,0,0,0,0,0,0,0,0,0,1,0,0,0,0,0,3,1,0,false
D:\Project\OnlineSchoolManagementSystem-master\OnlineSchoolManagementSystem-master\src\java\com\idb\model\Teachers.java,com.idb.model.Teachers,getT_address/0,false,70,0,2,2,0,1,0,3,1,0,0,0,0,0,0,0,0,0,0,0,0,0,0,0,0,0,4,1,0,false
D:\Project\OnlineSchoolManagementSystem-master\OnlineSchoolManagementSystem-master\src\java\com\idb\model\Teachers.java,com.idb.model.Teachers,setP_number/1[int],false,42,0,0,0,0,1,0,3,0,0,1,0,0,0,0,0,0,0,0,0,1,0,0,0,0,0,4,1,0,false
D:\Project\OnlineSchoolManagementSystem-master\OnlineSchoolManagementSystem-master\src\java\com\idb\model\Teachers.java,com.idb.model.Teachers,setT_email/1[java.lang.String],false,58,0,0,0,0,1,0,3,0,0,1,0,0,0,0,0,0,0,0,0,1,0,0,0,0,0,4,1,0,false
D:\Project\OnlineSchoolManagementSystem-master\OnlineSchoolManagementSystem-master\src\java\com\idb\model\Teachers.java,com.idb.model.Teachers,getT_email/0,false,54,0,2,2,0,1,0,3,1,0,0,0,0,0,0,0,0,0,0,0,0,0,0,0,0,0,4,1,0,false
D:\Project\OnlineSchoolManagementSystem-master\OnlineSchoolManagementSystem-master\src\java\com\idb\model\Teachers.java,com.idb.model.Teachers,setT_id/1[int],false,26,0,0,0,0,1,0,3,0,0,1,0,0,0,0,0,0,0,0,0,1,0,0,0,0,0,4,1,0,false
D:\Project\OnlineSchoolManagementSystem-master\OnlineSchoolManagementSystem-master\src\java\com\idb\model\Teachers.java,com.idb.model.Teachers,setJoin_date/1[java.util.Date],false,82,0,0,0,0,1,0,3,0,0,1,0,0,0,0,0,0,0,0,0,1,0,0,0,0,0,5,1,0,false
D:\Project\OnlineSchoolManagementSystem-master\OnlineSchoolManagementSystem-master\src\java\com\idb\controller\AppController.java,com.idb.controller.AppController,showAboutus/0,false,619,5,2,0,2,1,3,8,1,3,0,3,0,0,0,0,0,0,3,0,3,0,0,0,0,0,10,1,0,false
D:\Project\OnlineSchoolManagementSystem-master\OnlineSchoolManagementSystem-master\src\java\com\idb\controller\AppController.java,com.idb.controller.AppController,getSearchAttendance/1[java.lang.Integer],false,148,7,3,0,3,2,6,19,1,5,1,6,0,0,0,0,1,0,6,0,7,0,1,0,0,0,18,1,0,false
D:\Project\OnlineSchoolManagementSystem-master\OnlineSchoolManagementSystem-master\src\java\com\idb\controller\AppController.java,com.idb.controller.AppController,logout/1[com.idb.controller.HttpSession],false,686,2,0,0,0,1,1,4,1,0,1,1,0,0,0,0,0,0,2,0,0,0,0,0,0,0,5,1,0,false
D:\Project\OnlineSchoolManagementSystem-master\OnlineSchoolManagementSystem-master\src\java\com\idb\controller\AppController.java,com.idb.controller.AppController,"addsubject/2[com.idb.controller.ModelAndView,com.idb.model.Subjects]",false,535,4,1,0,1,1,3,5,1,0,2,3,0,0,0,0,0,0,3,0,0,0,0,0,0,0,6,1,0,false
D:\Project\OnlineSchoolManagementSystem-master\OnlineSchoolManagementSystem-master\src\java\com\idb\controller\AppController.java,com.idb.controller.AppController,showNoticeStudentHome/0,false,93,4,2,0,2,1,3,8,1,3,0,3,0,0,0,0,0,0,3,0,3,0,0,0,0,0,12,1,0,false
D:\Project\OnlineSchoolManagementSystem-master\OnlineSchoolManagementSystem-master\src\java\com\idb\controller\AppController.java,com.idb.controller.AppController,"getResultSearch/2[java.lang.Integer,java.lang.Integer]",false,229,8,5,0,5,2,8,26,1,8,2,8,0,0,0,0,1,0,10,0,11,0,1,0,0,0,21,1,0,false
D:\Project\OnlineSchoolManagementSystem-master\OnlineSchoolManagementSystem-master\src\java\com\idb\controller\AppController.java,com.idb.controller.AppController,showloginForm/0,false,629,5,2,0,2,1,3,8,1,3,0,3,0,0,0,0,0,0,3,0,3,0,0,0,0,0,10,1,0,false
D:\Project\OnlineSchoolManagementSystem-master\OnlineSchoolManagementSystem-master\src\java\com\idb\controller\AppController.java,com.idb.controller.AppController,"updateNotice/2[com.idb.controller.ModelAndView,com.idb.model.NoticeBoard]",false,562,4,4,0,4,1,6,5,1,0,2,6,0,0,0,0,0,0,3,0,0,0,0,0,0,0,8,1,0,false
D:\Project\OnlineSchoolManagementSystem-master\OnlineSchoolManagementSystem-master\src\java\com\idb\controller\AppController.java,com.idb.controller.AppController,"addTeacher/3[com.idb.controller.ModelAndView,com.idb.model.Teachers,com.idb.controller.HttpServletRequest]",false,513,6,5,0,5,2,9,8,1,0,3,9,0,0,0,0,0,0,4,0,0,0,1,0,0,0,8,1,0,false
D:\Project\OnlineSchoolManagementSystem-master\OnlineSchoolManagementSystem-master\src\java\com\idb\controller\AppController.java,com.idb.controller.AppController,"addClass/2[com.idb.controller.ModelAndView,com.idb.model.Classes]",false,549,4,1,0,1,1,1,4,1,0,2,1,0,0,0,0,0,0,2,0,0,0,0,0,0,0,7,1,0,false
D:\Project\OnlineSchoolManagementSystem-master\OnlineSchoolManagementSystem-master\src\java\com\idb\controller\AppController.java,com.idb.controller.AppController,"addUser/2[com.idb.controller.ModelAndView,com.idb.model.Sessions]",false,542,4,1,0,1,1,3,5,1,0,2,3,0,0,0,0,0,0,3,0,0,0,0,0,0,0,7,1,0,false
D:\Project\OnlineSchoolManagementSystem-master\OnlineSchoolManagementSystem-master\src\java\com\idb\controller\AppController.java,com.idb.controller.AppController,"dailyAttendance/4[com.idb.controller.ModelAndView,com.idb.model.Attendance,java.lang.Integer,java.lang.Integer]",false,576,5,1,0,1,1,3,7,1,2,4,3,0,0,0,0,0,0,6,0,2,1,0,0,0,0,13,1,0,false
D:\Project\OnlineSchoolManagementSystem-master\OnlineSchoolManagementSystem-master\src\java\com\idb\controller\AppController.java,com.idb.controller.AppController,showHome/0,false,609,5,2,0,2,1,3,8,1,3,0,3,0,0,0,0,0,0,3,0,3,0,0,0,0,0,10,1,0,false
D:\Project\OnlineSchoolManagementSystem-master\OnlineSchoolManagementSystem-master\src\java\com\idb\controller\AppController.java,com.idb.controller.AppController,getAllStudents/0,false,274,7,4,0,4,1,7,12,1,5,0,7,0,0,0,0,0,0,5,0,5,0,0,0,0,0,12,1,0,false
D:\Project\OnlineSchoolManagementSystem-master\OnlineSchoolManagementSystem-master\src\java\com\idb\controller\AppController.java,com.idb.controller.AppController,showNoticeTeacher/0,false,73,4,2,0,2,1,3,8,1,3,0,3,0,0,0,0,0,0,3,0,3,0,0,0,0,0,11,1,0,false
D:\Project\OnlineSchoolManagementSystem-master\OnlineSchoolManagementSystem-master\src\java\com\idb\controller\AppController.java,com.idb.controller.AppController,"addResult/2[com.idb.controller.ModelAndView,com.idb.model.Result]",false,592,4,1,0,1,1,3,5,1,0,2,3,0,0,0,0,0,0,3,0,0,0,0,0,0,0,7,1,0,false
D:\Project\OnlineSchoolManagementSystem-master\OnlineSchoolManagementSystem-master\src\java\com\idb\controller\AppController.java,com.idb.controller.AppController,showNoticeAdmin/0,false,53,4,2,0,2,1,3,8,1,3,0,3,0,0,0,0,0,0,3,0,3,0,0,0,0,0,11,1,0,false
D:\Project\OnlineSchoolManagementSystem-master\OnlineSchoolManagementSystem-master\src\java\com\idb\controller\AppController.java,com.idb.controller.AppController,getResult/0,false,187,4,1,0,1,1,3,6,1,2,0,3,0,0,0,0,0,0,2,0,2,0,0,0,0,0,8,1,0,false
D:\Project\OnlineSchoolManagementSystem-master\OnlineSchoolManagementSystem-master\src\java\com\idb\controller\AppController.java,com.idb.controller.AppController,showTeacherHome/0,false,103,5,2,0,2,1,3,8,1,3,0,3,0,0,0,0,0,0,3,0,3,0,0,0,0,0,11,1,0,false
D:\Project\OnlineSchoolManagementSystem-master\OnlineSchoolManagementSystem-master\src\java\com\idb\controller\AppController.java,com.idb.controller.AppController,getStudentDetails/1[java.lang.Integer],false,336,6,2,0,2,2,4,15,1,4,1,4,0,0,0,0,1,0,5,0,5,0,1,0,0,0,19,1,0,false
D:\Project\OnlineSchoolManagementSystem-master\OnlineSchoolManagementSystem-master\src\java\com\idb\controller\AppController.java,com.idb.controller.AppController,showNoticeHome/0,false,83,4,2,0,2,1,3,8,1,3,0,3,0,0,0,0,0,0,3,0,3,0,0,0,0,0,11,1,0,false
D:\Project\OnlineSchoolManagementSystem-master\OnlineSchoolManagementSystem-master\src\java\com\idb\controller\AppController.java,com.idb.controller.AppController,"showaNoticeForUpdate/3[java.lang.Integer,com.idb.model.NoticeBoard,com.idb.controller.HttpSession]",false,63,6,2,0,2,1,4,8,1,3,3,4,0,0,0,0,0,0,4,0,3,0,0,0,0,0,15,1,0,false
D:\Project\OnlineSchoolManagementSystem-master\OnlineSchoolManagementSystem-master\src\java\com\idb\controller\AppController.java,com.idb.controller.AppController,"getSearchResult/2[java.lang.Integer,java.lang.Integer]",false,196,8,5,0,5,2,8,26,1,8,2,8,0,0,0,0,1,0,10,0,11,0,1,0,0,0,21,1,0,false
D:\Project\OnlineSchoolManagementSystem-master\OnlineSchoolManagementSystem-master\src\java\com\idb\controller\AppController.java,com.idb.controller.AppController,"processForm/3[com.idb.controller.ModelAndView,com.idb.model.Users,com.idb.controller.HttpSession]",false,639,6,5,0,5,7,6,18,4,1,3,6,1,1,0,3,0,0,5,6,1,0,1,0,0,0,12,1,0,false
D:\Project\OnlineSchoolManagementSystem-master\OnlineSchoolManagementSystem-master\src\java\com\idb\controller\AppController.java,com.idb.controller.AppController,updateTeacherInfo/1[com.idb.model.Teachers],false,506,4,1,0,1,1,1,5,1,1,1,1,0,0,0,0,0,0,1,0,1,0,0,0,0,0,10,1,0,false
D:\Project\OnlineSchoolManagementSystem-master\OnlineSchoolManagementSystem-master\src\java\com\idb\controller\AppController.java,com.idb.controller.AppController,"addUserToSession/2[com.idb.model.Users,com.idb.controller.HttpSession]",false,34,2,3,2,1,1,2,4,0,0,2,2,0,0,0,0,0,0,2,0,0,0,0,0,0,0,6,2,0,false
D:\Project\OnlineSchoolManagementSystem-master\OnlineSchoolManagementSystem-master\src\java\com\idb\controller\AppController.java,com.idb.controller.AppController,showAddResultPage/0,false,173,6,3,0,3,1,5,10,1,4,0,5,0,0,0,0,0,0,4,0,4,0,0,0,0,0,12,1,0,false
D:\Project\OnlineSchoolManagementSystem-master\OnlineSchoolManagementSystem-master\src\java\com\idb\controller\AppController.java,com.idb.controller.AppController,getAllStudentInfo/0,false,288,7,4,0,4,1,7,12,1,5,0,7,0,0,0,0,0,0,5,0,5,0,0,0,0,0,13,1,0,false
D:\Project\OnlineSchoolManagementSystem-master\OnlineSchoolManagementSystem-master\src\java\com\idb\controller\AppController.java,com.idb.controller.AppController,getSubjects/0,false,412,5,3,0,3,1,5,10,1,4,0,5,0,0,0,0,0,0,4,0,4,0,0,0,0,0,10,1,0,false
D:\Project\OnlineSchoolManagementSystem-master\OnlineSchoolManagementSystem-master\src\java\com\idb\controller\AppController.java,com.idb.controller.AppController,showSuccess/0,false,670,3,1,0,1,1,2,6,1,2,0,2,0,0,0,0,0,0,2,0,2,0,0,0,0,0,9,1,0,false
D:\Project\OnlineSchoolManagementSystem-master\OnlineSchoolManagementSystem-master\src\java\com\idb\controller\AppController.java,com.idb.controller.AppController,getTeachers/0,false,424,7,4,0,4,1,7,12,1,5,0,7,0,0,0,0,0,0,5,0,5,0,0,0,0,0,11,1,0,false
D:\Project\OnlineSchoolManagementSystem-master\OnlineSchoolManagementSystem-master\src\java\com\idb\controller\AppController.java,com.idb.controller.AppController,updateStudentDetail/1[java.lang.Integer],false,319,6,2,0,2,2,4,15,1,4,1,4,0,0,0,0,1,0,5,0,5,0,1,0,0,0,19,1,0,false
D:\Project\OnlineSchoolManagementSystem-master\OnlineSchoolManagementSystem-master\src\java\com\idb\controller\AppController.java,com.idb.controller.AppController,getTeacherInfoById/1[java.lang.Integer],false,475,6,3,0,3,2,5,15,1,4,1,5,0,0,0,0,1,0,5,0,5,0,1,0,0,0,19,1,0,false
D:\Project\OnlineSchoolManagementSystem-master\OnlineSchoolManagementSystem-master\src\java\com\idb\controller\AppController.java,com.idb.controller.AppController,"addUser/2[com.idb.controller.ModelAndView,com.idb.model.Users]",false,585,4,1,0,1,1,3,5,1,0,2,3,0,0,0,0,0,0,3,0,0,0,0,0,0,0,7,1,0,false
D:\Project\OnlineSchoolManagementSystem-master\OnlineSchoolManagementSystem-master\src\java\com\idb\controller\AppController.java,com.idb.controller.AppController,showError/0,false,678,3,1,0,1,1,2,6,1,2,0,2,0,0,0,0,0,0,2,0,2,0,0,0,0,0,9,1,0,false
D:\Project\OnlineSchoolManagementSystem-master\OnlineSchoolManagementSystem-master\src\java\com\idb\controller\AppController.java,com.idb.controller.AppController,getTeacherInformationById/1[java.lang.Integer],false,492,6,2,0,2,2,4,13,1,3,1,4,0,0,0,0,1,0,4,0,4,0,1,0,0,0,18,1,0,false
D:\Project\OnlineSchoolManagementSystem-master\OnlineSchoolManagementSystem-master\src\java\com\idb\controller\AppController.java,com.idb.controller.AppController,"addNotice/2[com.idb.controller.ModelAndView,com.idb.model.NoticeBoard]",false,555,4,1,0,1,1,3,5,1,0,2,3,0,0,0,0,0,0,3,0,0,0,0,0,0,0,8,1,0,false
D:\Project\OnlineSchoolManagementSystem-master\OnlineSchoolManagementSystem-master\src\java\com\idb\controller\AppController.java,com.idb.controller.AppController,getStudentsInformation/0,false,384,7,4,0,4,1,7,12,1,5,0,7,0,0,0,0,0,0,5,0,5,0,0,0,0,0,12,1,0,false
D:\Project\OnlineSchoolManagementSystem-master\OnlineSchoolManagementSystem-master\src\java\com\idb\controller\AppController.java,com.idb.controller.AppController,getTeachersInfo/0,false,448,5,2,0,2,1,4,8,1,3,0,4,0,0,0,0,0,0,3,0,3,0,0,0,0,0,10,1,0,false
D:\Project\OnlineSchoolManagementSystem-master\OnlineSchoolManagementSystem-master\src\java\com\idb\controller\AppController.java,com.idb.controller.AppController,"showAddAttendance/3[java.lang.Integer,java.lang.Integer,com.idb.controller.HttpSession]",false,123,9,4,0,4,2,6,21,1,7,3,6,0,0,0,0,1,0,9,0,8,0,1,0,0,0,22,1,0,false
D:\Project\OnlineSchoolManagementSystem-master\OnlineSchoolManagementSystem-master\src\java\com\idb\controller\AppController.java,com.idb.controller.AppController,showRegForm/0,false,659,5,2,0,2,1,3,8,1,3,0,3,0,0,0,0,0,0,3,0,3,0,0,0,0,0,11,1,0,false
D:\Project\OnlineSchoolManagementSystem-master\OnlineSchoolManagementSystem-master\src\java\com\idb\controller\AppController.java,com.idb.controller.AppController,getTeachersInfoById/1[java.lang.Integer],false,458,6,3,0,3,2,5,15,1,4,1,5,0,0,0,0,1,0,5,0,5,0,1,0,0,0,19,1,0,false
D:\Project\OnlineSchoolManagementSystem-master\OnlineSchoolManagementSystem-master\src\java\com\idb\controller\AppController.java,com.idb.controller.AppController,showStudentHome/0,false,599,5,2,0,2,1,3,8,1,3,0,3,0,0,0,0,0,0,3,0,3,0,0,0,0,0,11,1,0,false
D:\Project\OnlineSchoolManagementSystem-master\OnlineSchoolManagementSystem-master\src\java\com\idb\controller\AppController.java,com.idb.controller.AppController,getAllStudentInformation/0,false,370,7,4,0,4,1,7,12,1,5,0,7,0,0,0,0,0,0,5,0,5,0,0,0,0,0,13,1,0,false
D:\Project\OnlineSchoolManagementSystem-master\OnlineSchoolManagementSystem-master\src\java\com\idb\controller\AppController.java,com.idb.controller.AppController,"showadminHome/2[com.idb.model.Users,com.idb.controller.HttpSession]",false,40,7,2,0,2,1,4,9,1,3,2,4,1,1,0,0,0,0,3,0,3,0,0,0,0,0,15,1,0,false
D:\Project\OnlineSchoolManagementSystem-master\OnlineSchoolManagementSystem-master\src\java\com\idb\controller\AppController.java,com.idb.controller.AppController,getAllTeachers/0,false,438,5,2,0,2,1,4,8,1,3,0,4,0,0,0,0,0,0,3,0,3,0,0,0,0,0,10,1,0,false
D:\Project\OnlineSchoolManagementSystem-master\OnlineSchoolManagementSystem-master\src\java\com\idb\controller\AppController.java,com.idb.controller.AppController,getSession/0,false,262,5,3,0,3,1,5,10,1,4,0,5,0,0,0,0,0,0,4,0,4,0,0,0,0,0,11,1,0,false
D:\Project\OnlineSchoolManagementSystem-master\OnlineSchoolManagementSystem-master\src\java\com\idb\controller\AppController.java,com.idb.controller.AppController,showAttendance/0,false,113,4,1,0,1,1,3,6,1,2,0,3,0,0,0,0,0,0,2,0,2,0,0,0,0,0,8,1,0,false
D:\Project\OnlineSchoolManagementSystem-master\OnlineSchoolManagementSystem-master\src\java\com\idb\controller\AppController.java,com.idb.controller.AppController,createclass/0,false,398,5,3,0,3,1,5,10,1,4,0,5,0,0,0,0,0,0,4,0,4,0,0,0,0,0,10,1,0,false
D:\Project\OnlineSchoolManagementSystem-master\OnlineSchoolManagementSystem-master\src\java\com\idb\controller\AppController.java,com.idb.controller.AppController,"addStudents/3[com.idb.controller.ModelAndView,com.idb.model.Students,com.idb.controller.HttpServletRequest]",false,524,6,5,0,5,2,9,8,1,0,3,9,0,0,0,0,0,0,4,0,0,0,1,0,0,0,8,1,0,false
D:\Project\OnlineSchoolManagementSystem-master\OnlineSchoolManagementSystem-master\src\java\com\idb\controller\AppController.java,com.idb.controller.AppController,getStudentsDetail/1[java.lang.Integer],false,353,6,2,0,2,2,4,15,1,4,1,4,0,0,0,0,1,0,5,0,5,0,1,0,0,0,19,1,0,false
D:\Project\OnlineSchoolManagementSystem-master\OnlineSchoolManagementSystem-master\src\java\com\idb\controller\AppController.java,com.idb.controller.AppController,getStudentDetail/1[java.lang.Integer],false,302,6,2,0,2,2,4,15,1,4,1,4,0,0,0,0,1,0,5,0,5,0,1,0,0,0,19,1,0,false
D:\Project\OnlineSchoolManagementSystem-master\OnlineSchoolManagementSystem-master\src\java\com\idb\model\Students.java,com.idb.model.Students,getImg_url/0,false,134,0,0,0,0,1,0,3,1,0,0,0,0,0,0,0,0,0,0,0,0,0,0,0,0,0,4,1,0,false
D:\Project\OnlineSchoolManagementSystem-master\OnlineSchoolManagementSystem-master\src\java\com\idb\model\Students.java,com.idb.model.Students,setDob/1[java.util.Date],false,122,0,0,0,0,1,0,3,0,0,1,0,0,0,0,0,0,0,0,0,1,0,0,0,0,0,4,1,0,false
D:\Project\OnlineSchoolManagementSystem-master\OnlineSchoolManagementSystem-master\src\java\com\idb\model\Students.java,com.idb.model.Students,getS_name/0,false,70,0,2,2,0,1,0,3,1,0,0,0,0,0,0,0,0,0,0,0,0,0,0,0,0,0,4,1,0,false
D:\Project\OnlineSchoolManagementSystem-master\OnlineSchoolManagementSystem-master\src\java\com\idb\model\Students.java,com.idb.model.Students,getParmanent_address/0,false,110,0,1,1,0,1,0,3,1,0,0,0,0,0,0,0,0,0,0,0,0,0,0,0,0,0,3,1,0,false
D:\Project\OnlineSchoolManagementSystem-master\OnlineSchoolManagementSystem-master\src\java\com\idb\model\Students.java,com.idb.model.Students,getDob/0,false,118,0,1,1,0,1,0,3,1,0,0,0,0,0,0,0,0,0,0,0,0,0,0,0,0,0,4,1,0,false
D:\Project\OnlineSchoolManagementSystem-master\OnlineSchoolManagementSystem-master\src\java\com\idb\model\Students.java,com.idb.model.Students,getS_img/0,false,126,1,1,1,0,1,0,3,1,0,0,0,0,0,0,0,0,0,0,0,0,0,0,0,0,0,6,1,0,false
D:\Project\OnlineSchoolManagementSystem-master\OnlineSchoolManagementSystem-master\src\java\com\idb\model\Students.java,com.idb.model.Students,setRoll_no/1[int],false,42,0,0,0,0,1,0,3,0,0,1,0,0,0,0,0,0,0,0,0,1,0,0,0,0,0,4,1,0,false
D:\Project\OnlineSchoolManagementSystem-master\OnlineSchoolManagementSystem-master\src\java\com\idb\model\Students.java,com.idb.model.Students,getTelephone_no/0,false,54,0,1,1,0,1,0,3,1,0,0,0,0,0,0,0,0,0,0,0,0,0,0,0,0,0,4,1,0,false
D:\Project\OnlineSchoolManagementSystem-master\OnlineSchoolManagementSystem-master\src\java\com\idb\model\Students.java,com.idb.model.Students,setAge/1[int],false,50,0,0,0,0,1,0,3,0,0,1,0,0,0,0,0,0,0,0,0,1,0,0,0,0,0,3,1,0,false
D:\Project\OnlineSchoolManagementSystem-master\OnlineSchoolManagementSystem-master\src\java\com\idb\model\Students.java,com.idb.model.Students,getGender/0,false,78,0,1,1,0,1,0,3,1,0,0,0,0,0,0,0,0,0,0,0,0,0,0,0,0,0,3,1,0,false
D:\Project\OnlineSchoolManagementSystem-master\OnlineSchoolManagementSystem-master\src\java\com\idb\model\Students.java,com.idb.model.Students,getMobile_no/0,false,62,0,1,1,0,1,0,3,1,0,0,0,0,0,0,0,0,0,0,0,0,0,0,0,0,0,4,1,0,false
D:\Project\OnlineSchoolManagementSystem-master\OnlineSchoolManagementSystem-master\src\java\com\idb\model\Students.java,com.idb.model.Students,setImg_url/1[java.lang.String],false,138,0,0,0,0,1,0,3,0,0,1,0,0,0,0,0,0,0,0,0,1,0,0,0,0,0,4,1,0,false
D:\Project\OnlineSchoolManagementSystem-master\OnlineSchoolManagementSystem-master\src\java\com\idb\model\Students.java,com.idb.model.Students,setSess_id/1[int],false,34,0,0,0,0,1,0,3,0,0,1,0,0,0,0,0,0,0,0,0,1,0,0,0,0,0,4,1,0,false
D:\Project\OnlineSchoolManagementSystem-master\OnlineSchoolManagementSystem-master\src\java\com\idb\model\Students.java,com.idb.model.Students,getS_id/0,false,14,0,0,0,0,1,0,3,1,0,0,0,0,0,0,0,0,0,0,0,0,0,0,0,0,0,4,1,0,false
D:\Project\OnlineSchoolManagementSystem-master\OnlineSchoolManagementSystem-master\src\java\com\idb\model\Students.java,com.idb.model.Students,getC_id/0,false,22,0,1,1,0,1,0,3,1,0,0,0,0,0,0,0,0,0,0,0,0,0,0,0,0,0,4,1,0,false
D:\Project\OnlineSchoolManagementSystem-master\OnlineSchoolManagementSystem-master\src\java\com\idb\model\Students.java,com.idb.model.Students,getPresent_address/0,false,102,0,1,1,0,1,0,3,1,0,0,0,0,0,0,0,0,0,0,0,0,0,0,0,0,0,4,1,0,false
D:\Project\OnlineSchoolManagementSystem-master\OnlineSchoolManagementSystem-master\src\java\com\idb\model\Students.java,com.idb.model.Students,getRoll_no/0,false,38,0,2,2,0,1,0,3,1,0,0,0,0,0,0,0,0,0,0,0,0,0,0,0,0,0,4,1,0,false
D:\Project\OnlineSchoolManagementSystem-master\OnlineSchoolManagementSystem-master\src\java\com\idb\model\Students.java,com.idb.model.Students,getSess_id/0,false,30,0,1,1,0,1,0,3,1,0,0,0,0,0,0,0,0,0,0,0,0,0,0,0,0,0,4,1,0,false
D:\Project\OnlineSchoolManagementSystem-master\OnlineSchoolManagementSystem-master\src\java\com\idb\model\Students.java,com.idb.model.Students,getM_name/0,false,94,0,1,1,0,1,0,3,1,0,0,0,0,0,0,0,0,0,0,0,0,0,0,0,0,0,4,1,0,false
D:\Project\OnlineSchoolManagementSystem-master\OnlineSchoolManagementSystem-master\src\java\com\idb\model\Students.java,com.idb.model.Students,setS_name/1[java.lang.String],false,74,0,0,0,0,1,0,3,0,0,1,0,0,0,0,0,0,0,0,0,1,0,0,0,0,0,4,1,0,false
D:\Project\OnlineSchoolManagementSystem-master\OnlineSchoolManagementSystem-master\src\java\com\idb\model\Students.java,com.idb.model.Students,setS_img/1[com.idb.model.MultipartFile],false,130,1,0,0,0,1,0,3,0,0,1,0,0,0,0,0,0,0,0,0,1,0,0,0,0,0,6,1,0,false
D:\Project\OnlineSchoolManagementSystem-master\OnlineSchoolManagementSystem-master\src\java\com\idb\model\Students.java,com.idb.model.Students,setParmanent_address/1[java.lang.String],false,114,0,0,0,0,1,0,3,0,0,1,0,0,0,0,0,0,0,0,0,1,0,0,0,0,0,3,1,0,false
D:\Project\OnlineSchoolManagementSystem-master\OnlineSchoolManagementSystem-master\src\java\com\idb\model\Students.java,com.idb.model.Students,setMobile_no/1[int],false,66,0,0,0,0,1,0,3,0,0,1,0,0,0,0,0,0,0,0,0,1,0,0,0,0,0,4,1,0,false
D:\Project\OnlineSchoolManagementSystem-master\OnlineSchoolManagementSystem-master\src\java\com\idb\model\Students.java,com.idb.model.Students,getAge/0,false,46,0,1,1,0,1,0,3,1,0,0,0,0,0,0,0,0,0,0,0,0,0,0,0,0,0,3,1,0,false
D:\Project\OnlineSchoolManagementSystem-master\OnlineSchoolManagementSystem-master\src\java\com\idb\model\Students.java,com.idb.model.Students,setTelephone_no/1[int],false,58,0,0,0,0,1,0,3,0,0,1,0,0,0,0,0,0,0,0,0,1,0,0,0,0,0,4,1,0,false
D:\Project\OnlineSchoolManagementSystem-master\OnlineSchoolManagementSystem-master\src\java\com\idb\model\Students.java,com.idb.model.Students,setF_name/1[java.lang.String],false,90,0,0,0,0,1,0,3,0,0,1,0,0,0,0,0,0,0,0,0,1,0,0,0,0,0,4,1,0,false
D:\Project\OnlineSchoolManagementSystem-master\OnlineSchoolManagementSystem-master\src\java\com\idb\model\Students.java,com.idb.model.Students,setC_id/1[int],false,26,0,0,0,0,1,0,3,0,0,1,0,0,0,0,0,0,0,0,0,1,0,0,0,0,0,4,1,0,false
D:\Project\OnlineSchoolManagementSystem-master\OnlineSchoolManagementSystem-master\src\java\com\idb\model\Students.java,com.idb.model.Students,setS_id/1[int],false,18,0,0,0,0,1,0,3,0,0,1,0,0,0,0,0,0,0,0,0,1,0,0,0,0,0,4,1,0,false
D:\Project\OnlineSchoolManagementSystem-master\OnlineSchoolManagementSystem-master\src\java\com\idb\model\Students.java,com.idb.model.Students,setPresent_address/1[java.lang.String],false,106,0,0,0,0,1,0,3,0,0,1,0,0,0,0,0,0,0,0,0,1,0,0,0,0,0,4,1,0,false
D:\Project\OnlineSchoolManagementSystem-master\OnlineSchoolManagementSystem-master\src\java\com\idb\model\Students.java,com.idb.model.Students,setGender/1[java.lang.String],false,82,0,0,0,0,1,0,3,0,0,1,0,0,0,0,0,0,0,0,0,1,0,0,0,0,0,3,1,0,false
D:\Project\OnlineSchoolManagementSystem-master\OnlineSchoolManagementSystem-master\src\java\com\idb\model\Students.java,com.idb.model.Students,setM_name/1[java.lang.String],false,98,0,0,0,0,1,0,3,0,0,1,0,0,0,0,0,0,0,0,0,1,0,0,0,0,0,4,1,0,false
D:\Project\OnlineSchoolManagementSystem-master\OnlineSchoolManagementSystem-master\src\java\com\idb\model\Students.java,com.idb.model.Students,getF_name/0,false,86,0,1,1,0,1,0,3,1,0,0,0,0,0,0,0,0,0,0,0,0,0,0,0,0,0,4,1,0,false
D:\Project\OnlineSchoolManagementSystem-master\OnlineSchoolManagementSystem-master\src\java\com\idb\model\Subjects.java,com.idb.model.Subjects,setSub_name/1[java.lang.String],false,28,0,0,0,0,1,0,3,0,0,1,0,0,0,0,0,0,0,0,0,1,0,0,0,0,0,4,1,0,false
D:\Project\OnlineSchoolManagementSystem-master\OnlineSchoolManagementSystem-master\src\java\com\idb\model\Subjects.java,com.idb.model.Subjects,setSub_id/1[int],false,20,0,0,0,0,1,0,3,0,0,1,0,0,0,0,0,0,0,0,0,1,0,0,0,0,0,4,1,0,false
D:\Project\OnlineSchoolManagementSystem-master\OnlineSchoolManagementSystem-master\src\java\com\idb\model\Subjects.java,com.idb.model.Subjects,getSub_id/0,false,16,0,0,0,0,1,0,3,1,0,0,0,0,0,0,0,0,0,0,0,0,0,0,0,0,0,4,1,0,false
D:\Project\OnlineSchoolManagementSystem-master\OnlineSchoolManagementSystem-master\src\java\com\idb\model\Subjects.java,com.idb.model.Subjects,getSub_name/0,false,24,0,1,1,0,1,0,3,1,0,0,0,0,0,0,0,0,0,0,0,0,0,0,0,0,0,4,1,0,false
D:\Project\OnlineSchoolManagementSystem-master\OnlineSchoolManagementSystem-master\src\java\com\idb\service\AppService.java,com.idb.service.AppService,getAllSubjects/0,false,46,1,3,3,0,1,0,1,0,0,0,0,0,0,0,0,0,0,0,0,0,0,0,0,0,0,3,1,0,false
D:\Project\OnlineSchoolManagementSystem-master\OnlineSchoolManagementSystem-master\src\java\com\idb\service\AppService.java,com.idb.service.AppService,getAllSemester/0,false,51,1,3,3,0,1,0,1,0,0,0,0,0,0,0,0,0,0,0,0,0,0,0,0,0,0,3,1,0,false
D:\Project\OnlineSchoolManagementSystem-master\OnlineSchoolManagementSystem-master\src\java\com\idb\service\AppService.java,com.idb.service.AppService,addNotice/1[com.idb.model.NoticeBoard],false,30,1,1,1,0,1,0,1,0,0,1,0,0,0,0,0,0,0,0,0,0,0,0,0,0,0,4,1,0,false
D:\Project\OnlineSchoolManagementSystem-master\OnlineSchoolManagementSystem-master\src\java\com\idb\service\AppService.java,com.idb.service.AppService,getSemesterByID/1[int],false,54,1,2,2,0,1,0,1,0,0,1,0,0,0,0,0,0,0,0,0,0,0,0,0,0,0,7,1,0,false
D:\Project\OnlineSchoolManagementSystem-master\OnlineSchoolManagementSystem-master\src\java\com\idb\service\AppService.java,com.idb.service.AppService,addSession/1[com.idb.model.Sessions],false,28,1,1,1,0,1,0,1,0,0,1,0,0,0,0,0,0,0,0,0,0,0,0,0,0,0,4,1,0,false
D:\Project\OnlineSchoolManagementSystem-master\OnlineSchoolManagementSystem-master\src\java\com\idb\service\AppService.java,com.idb.service.AppService,"getDailyAttendence/2[int,int]",false,50,1,1,1,0,1,0,1,0,0,2,0,0,0,0,0,0,0,0,0,0,0,0,0,0,0,5,1,0,false
D:\Project\OnlineSchoolManagementSystem-master\OnlineSchoolManagementSystem-master\src\java\com\idb\service\AppService.java,com.idb.service.AppService,getAllStudents/0,false,48,1,4,4,0,1,0,1,0,0,0,0,0,0,0,0,0,0,0,0,0,0,0,0,0,0,3,1,0,false
D:\Project\OnlineSchoolManagementSystem-master\OnlineSchoolManagementSystem-master\src\java\com\idb\service\AppService.java,com.idb.service.AppService,getTeachersById/1[int],false,56,1,3,3,0,1,0,1,0,0,1,0,0,0,0,0,0,0,0,0,0,0,0,0,0,0,6,1,0,false
D:\Project\OnlineSchoolManagementSystem-master\OnlineSchoolManagementSystem-master\src\java\com\idb\service\AppService.java,com.idb.service.AppService,addTeacher/1[com.idb.model.Teachers],false,33,1,1,1,0,1,0,1,0,0,1,0,0,0,0,0,0,0,0,0,0,0,0,0,0,0,4,1,0,false
D:\Project\OnlineSchoolManagementSystem-master\OnlineSchoolManagementSystem-master\src\java\com\idb\service\AppService.java,com.idb.service.AppService,addSubject/1[com.idb.model.Subjects],false,32,1,1,1,0,1,0,1,0,0,1,0,0,0,0,0,0,0,0,0,0,0,0,0,0,0,4,1,0,false
D:\Project\OnlineSchoolManagementSystem-master\OnlineSchoolManagementSystem-master\src\java\com\idb\service\AppService.java,com.idb.service.AppService,addClasses/1[com.idb.model.Classes],false,29,1,1,1,0,1,0,1,0,0,1,0,0,0,0,0,0,0,0,0,0,0,0,0,0,0,3,1,0,false
D:\Project\OnlineSchoolManagementSystem-master\OnlineSchoolManagementSystem-master\src\java\com\idb\service\AppService.java,com.idb.service.AppService,"checkUser/3[java.lang.String,java.lang.String,int]",false,40,1,1,1,0,1,0,1,0,0,3,0,0,0,0,0,0,0,0,0,0,0,0,0,0,0,4,1,0,false
D:\Project\OnlineSchoolManagementSystem-master\OnlineSchoolManagementSystem-master\src\java\com\idb\service\AppService.java,com.idb.service.AppService,addStudents/1[com.idb.model.Students],false,31,1,1,1,0,1,0,1,0,0,1,0,0,0,0,0,0,0,0,0,0,0,0,0,0,0,3,1,0,false
D:\Project\OnlineSchoolManagementSystem-master\OnlineSchoolManagementSystem-master\src\java\com\idb\service\AppService.java,com.idb.service.AppService,addAttendance/1[com.idb.model.Attendance],false,34,1,1,1,0,1,0,1,0,0,1,0,0,0,0,0,0,0,0,0,0,0,0,0,0,0,3,1,0,false
D:\Project\OnlineSchoolManagementSystem-master\OnlineSchoolManagementSystem-master\src\java\com\idb\service\AppService.java,com.idb.service.AppService,getAllClasses/0,false,47,1,6,6,0,1,0,1,0,0,0,0,0,0,0,0,0,0,0,0,0,0,0,0,0,0,3,1,0,false
D:\Project\OnlineSchoolManagementSystem-master\OnlineSchoolManagementSystem-master\src\java\com\idb\service\AppService.java,com.idb.service.AppService,"updateNptice/3[int,java.lang.String,java.lang.String]",false,59,0,1,1,0,1,0,1,0,0,3,0,0,0,0,0,0,0,0,0,0,0,0,0,0,0,4,1,0,false
D:\Project\OnlineSchoolManagementSystem-master\OnlineSchoolManagementSystem-master\src\java\com\idb\service\AppService.java,com.idb.service.AppService,addResult/1[com.idb.model.Result],false,35,1,1,1,0,1,0,1,0,0,1,0,0,0,0,0,0,0,0,0,0,0,0,0,0,0,3,1,0,false
D:\Project\OnlineSchoolManagementSystem-master\OnlineSchoolManagementSystem-master\src\java\com\idb\service\AppService.java,com.idb.service.AppService,getAllTeachers/0,false,49,1,5,5,0,1,0,1,0,0,0,0,0,0,0,0,0,0,0,0,0,0,0,0,0,0,3,1,0,false
D:\Project\OnlineSchoolManagementSystem-master\OnlineSchoolManagementSystem-master\src\java\com\idb\service\AppService.java,com.idb.service.AppService,getAllsessions/0,false,45,1,7,7,0,1,0,1,0,0,0,0,0,0,0,0,0,0,0,0,0,0,0,0,0,0,2,1,0,false
D:\Project\OnlineSchoolManagementSystem-master\OnlineSchoolManagementSystem-master\src\java\com\idb\service\AppService.java,com.idb.service.AppService,getAttendanceByS_ID/1[int],false,55,1,1,1,0,1,0,1,0,0,1,0,0,0,0,0,0,0,0,0,0,0,0,0,0,0,9,1,0,false
D:\Project\OnlineSchoolManagementSystem-master\OnlineSchoolManagementSystem-master\src\java\com\idb\service\AppService.java,com.idb.service.AppService,getAllNotice/0,false,42,1,34,34,0,1,0,1,0,0,0,0,0,0,0,0,0,0,0,0,0,0,0,0,0,0,3,1,0,false
D:\Project\OnlineSchoolManagementSystem-master\OnlineSchoolManagementSystem-master\src\java\com\idb\service\AppService.java,com.idb.service.AppService,getAllRole/0,false,44,1,2,2,0,1,0,1,0,0,0,0,0,0,0,0,0,0,0,0,0,0,0,0,0,0,3,1,0,false
D:\Project\OnlineSchoolManagementSystem-master\OnlineSchoolManagementSystem-master\src\java\com\idb\service\AppService.java,com.idb.service.AppService,getAllUsers/0,false,41,1,0,0,0,1,0,1,0,0,0,0,0,0,0,0,0,0,0,0,0,0,0,0,0,0,3,1,0,false
D:\Project\OnlineSchoolManagementSystem-master\OnlineSchoolManagementSystem-master\src\java\com\idb\service\AppService.java,com.idb.service.AppService,"getResultByID/2[int,int]",false,52,1,2,2,0,1,0,1,0,0,2,0,0,0,0,0,0,0,0,0,0,0,0,0,0,0,7,1,0,false
D:\Project\OnlineSchoolManagementSystem-master\OnlineSchoolManagementSystem-master\src\java\com\idb\service\AppService.java,com.idb.service.AppService,getStudentByID/1[int],false,53,1,7,7,0,1,0,1,0,0,1,0,0,0,0,0,0,0,0,0,0,0,0,0,0,0,7,1,0,false
D:\Project\OnlineSchoolManagementSystem-master\OnlineSchoolManagementSystem-master\src\java\com\idb\service\AppService.java,com.idb.service.AppService,updateTeacherInfo/1[com.idb.model.Teachers],false,60,1,1,1,0,1,0,1,0,0,1,0,0,0,0,0,0,0,0,0,0,0,0,0,0,0,5,1,0,false
D:\Project\OnlineSchoolManagementSystem-master\OnlineSchoolManagementSystem-master\src\java\com\idb\service\AppService.java,com.idb.service.AppService,getNoticeById/1[int],false,43,1,1,1,0,1,0,1,0,0,1,0,0,0,0,0,0,0,0,0,0,0,0,0,0,0,6,1,0,false
D:\Project\OnlineSchoolManagementSystem-master\OnlineSchoolManagementSystem-master\src\java\com\idb\service\AppService.java,com.idb.service.AppService,addUser/1[com.idb.model.Users],false,27,1,1,1,0,1,0,1,0,0,1,0,0,0,0,0,0,0,0,0,0,0,0,0,0,0,4,1,0,false
D:\Project\OnlineSchoolManagementSystem-master\OnlineSchoolManagementSystem-master\src\java\com\idb\model\NoticeBoard.java,com.idb.model.NoticeBoard,setN_title/1[java.lang.String],false,25,0,0,0,0,1,0,3,0,0,1,0,0,0,0,0,0,0,0,0,1,0,0,0,0,0,4,1,0,false
D:\Project\OnlineSchoolManagementSystem-master\OnlineSchoolManagementSystem-master\src\java\com\idb\model\NoticeBoard.java,com.idb.model.NoticeBoard,getN_description/0,false,29,0,2,2,0,1,0,3,1,0,0,0,0,0,0,0,0,0,0,0,0,0,0,0,0,0,4,1,0,false
D:\Project\OnlineSchoolManagementSystem-master\OnlineSchoolManagementSystem-master\src\java\com\idb\model\NoticeBoard.java,com.idb.model.NoticeBoard,setPublish_date/1[java.util.Date],false,41,0,0,0,0,1,0,3,0,0,1,0,0,0,0,0,0,0,0,0,1,0,0,0,0,0,5,1,0,false
D:\Project\OnlineSchoolManagementSystem-master\OnlineSchoolManagementSystem-master\src\java\com\idb\model\NoticeBoard.java,com.idb.model.NoticeBoard,getExpire_date/0,false,45,0,0,0,0,1,0,3,1,0,0,0,0,0,0,0,0,0,0,0,0,0,0,0,0,0,5,1,0,false
D:\Project\OnlineSchoolManagementSystem-master\OnlineSchoolManagementSystem-master\src\java\com\idb\model\NoticeBoard.java,com.idb.model.NoticeBoard,getN_id/0,false,13,0,1,1,0,1,0,3,1,0,0,0,0,0,0,0,0,0,0,0,0,0,0,0,0,0,4,1,0,false
D:\Project\OnlineSchoolManagementSystem-master\OnlineSchoolManagementSystem-master\src\java\com\idb\model\NoticeBoard.java,com.idb.model.NoticeBoard,getPublish_date/0,false,37,0,1,1,0,1,0,3,1,0,0,0,0,0,0,0,0,0,0,0,0,0,0,0,0,0,5,1,0,false
D:\Project\OnlineSchoolManagementSystem-master\OnlineSchoolManagementSystem-master\src\java\com\idb\model\NoticeBoard.java,com.idb.model.NoticeBoard,getN_title/0,false,21,0,2,2,0,1,0,3,1,0,0,0,0,0,0,0,0,0,0,0,0,0,0,0,0,0,4,1,0,false
D:\Project\OnlineSchoolManagementSystem-master\OnlineSchoolManagementSystem-master\src\java\com\idb\model\NoticeBoard.java,com.idb.model.NoticeBoard,setExpire_date/1[java.util.Date],false,49,0,0,0,0,1,0,3,0,0,1,0,0,0,0,0,0,0,0,0,1,0,0,0,0,0,5,1,0,false
D:\Project\OnlineSchoolManagementSystem-master\OnlineSchoolManagementSystem-master\src\java\com\idb\model\NoticeBoard.java,com.idb.model.NoticeBoard,setN_description/1[java.lang.String],false,33,0,0,0,0,1,0,3,0,0,1,0,0,0,0,0,0,0,0,0,1,0,0,0,0,0,4,1,0,false
D:\Project\OnlineSchoolManagementSystem-master\OnlineSchoolManagementSystem-master\src\java\com\idb\model\NoticeBoard.java,com.idb.model.NoticeBoard,setN_id/1[int],false,17,0,0,0,0,1,0,3,0,0,1,0,0,0,0,0,0,0,0,0,1,0,0,0,0,0,4,1,0,false
D:\Project\OnlineSchoolManagementSystem-master\OnlineSchoolManagementSystem-master\src\java\com\idb\model\Classes.java,com.idb.model.Classes,getSess_id/0,false,24,0,0,0,0,1,0,3,1,0,0,0,0,0,0,0,0,0,0,0,0,0,0,0,0,0,4,1,0,false
D:\Project\OnlineSchoolManagementSystem-master\OnlineSchoolManagementSystem-master\src\java\com\idb\model\Classes.java,com.idb.model.Classes,getC_id/0,false,8,0,0,0,0,1,0,3,1,0,0,0,0,0,0,0,0,0,0,0,0,0,0,0,0,0,4,1,0,false
D:\Project\OnlineSchoolManagementSystem-master\OnlineSchoolManagementSystem-master\src\java\com\idb\model\Classes.java,com.idb.model.Classes,setC_name/1[java.lang.String],false,20,0,0,0,0,1,0,3,0,0,1,0,0,0,0,0,0,0,0,0,1,0,0,0,0,0,4,1,0,false
D:\Project\OnlineSchoolManagementSystem-master\OnlineSchoolManagementSystem-master\src\java\com\idb\model\Classes.java,com.idb.model.Classes,setSess_id/1[int],false,28,0,0,0,0,1,0,3,0,0,1,0,0,0,0,0,0,0,0,0,1,0,0,0,0,0,4,1,0,false
D:\Project\OnlineSchoolManagementSystem-master\OnlineSchoolManagementSystem-master\src\java\com\idb\model\Classes.java,com.idb.model.Classes,getC_name/0,false,16,0,1,1,0,1,0,3,1,0,0,0,0,0,0,0,0,0,0,0,0,0,0,0,0,0,4,1,0,false
D:\Project\OnlineSchoolManagementSystem-master\OnlineSchoolManagementSystem-master\src\java\com\idb\model\Classes.java,com.idb.model.Classes,setC_id/1[int],false,12,0,0,0,0,1,0,3,0,0,1,0,0,0,0,0,0,0,0,0,1,0,0,0,0,0,4,1,0,false
D:\Project\OnlineSchoolManagementSystem-master\OnlineSchoolManagementSystem-master\src\java\com\idb\service\AppServiceImp.java,com.idb.service.AppServiceImp,getAllClasses/0,false,105,1,0,0,0,1,1,5,1,2,0,1,0,0,0,0,0,0,1,0,2,0,0,0,0,0,13,1,0,false
D:\Project\OnlineSchoolManagementSystem-master\OnlineSchoolManagementSystem-master\src\java\com\idb\service\AppServiceImp.java,com.idb.service.AppServiceImp,getAllNotice/0,false,85,1,0,0,0,1,1,5,1,2,0,1,0,0,0,0,0,0,1,0,2,0,0,0,0,0,15,1,0,false
D:\Project\OnlineSchoolManagementSystem-master\OnlineSchoolManagementSystem-master\src\java\com\idb\service\AppServiceImp.java,com.idb.service.AppServiceImp,getAllStudents/0,false,112,1,0,0,0,1,1,5,1,2,0,1,0,0,0,0,0,0,1,0,2,0,0,0,0,0,7,1,0,false
D:\Project\OnlineSchoolManagementSystem-master\OnlineSchoolManagementSystem-master\src\java\com\idb\service\AppServiceImp.java,com.idb.service.AppServiceImp,"updateNptice/3[int,java.lang.String,java.lang.String]",false,213,0,0,0,0,1,1,4,0,1,3,1,0,0,0,0,0,0,3,0,1,1,0,0,0,0,12,1,0,false
D:\Project\OnlineSchoolManagementSystem-master\OnlineSchoolManagementSystem-master\src\java\com\idb\service\AppServiceImp.java,com.idb.service.AppServiceImp,getAttendanceByS_ID/1[int],false,273,1,0,0,0,1,1,5,1,2,1,1,0,0,0,0,0,0,2,0,2,1,0,0,0,0,19,1,0,false
D:\Project\OnlineSchoolManagementSystem-master\OnlineSchoolManagementSystem-master\src\java\com\idb\service\AppServiceImp.java,com.idb.service.AppServiceImp,addTeacher/1[com.idb.model.Teachers],false,179,1,7,0,7,1,8,4,0,1,1,8,0,0,0,0,0,0,1,0,1,0,0,0,0,0,9,1,0,false
D:\Project\OnlineSchoolManagementSystem-master\OnlineSchoolManagementSystem-master\src\java\com\idb\service\AppServiceImp.java,com.idb.service.AppServiceImp,getAllSubjects/0,false,165,1,0,0,0,1,1,5,1,2,0,1,0,0,0,0,0,0,1,0,2,0,0,0,0,0,7,1,0,false
D:\Project\OnlineSchoolManagementSystem-master\OnlineSchoolManagementSystem-master\src\java\com\idb\service\AppServiceImp.java,com.idb.service.AppServiceImp,getAllSemester/0,false,228,1,0,0,0,1,1,5,1,2,0,1,0,0,0,0,0,0,1,0,2,0,0,0,0,0,7,1,0,false
D:\Project\OnlineSchoolManagementSystem-master\OnlineSchoolManagementSystem-master\src\java\com\idb\service\AppServiceImp.java,com.idb.service.AppServiceImp,getAllRole/0,false,78,1,0,0,0,1,1,5,1,2,0,1,0,0,0,0,0,0,1,0,2,0,0,0,0,0,7,1,0,false
D:\Project\OnlineSchoolManagementSystem-master\OnlineSchoolManagementSystem-master\src\java\com\idb\service\AppServiceImp.java,com.idb.service.AppServiceImp,getNoticeById/1[int],false,206,1,0,0,0,1,1,5,1,2,1,1,0,0,0,0,0,0,1,0,2,1,0,0,0,0,11,1,0,false
D:\Project\OnlineSchoolManagementSystem-master\OnlineSchoolManagementSystem-master\src\java\com\idb\service\AppServiceImp.java,com.idb.service.AppServiceImp,addSubject/1[com.idb.model.Subjects],false,159,1,1,0,1,1,2,4,0,1,1,2,0,0,0,0,0,0,1,0,1,0,0,0,0,0,10,1,0,false
D:\Project\OnlineSchoolManagementSystem-master\OnlineSchoolManagementSystem-master\src\java\com\idb\service\AppServiceImp.java,com.idb.service.AppServiceImp,getAllsessions/0,false,92,1,0,0,0,1,1,5,1,2,0,1,0,0,0,0,0,0,1,0,2,0,0,0,0,0,7,1,0,false
D:\Project\OnlineSchoolManagementSystem-master\OnlineSchoolManagementSystem-master\src\java\com\idb\service\AppServiceImp.java,com.idb.service.AppServiceImp,addResult/1[com.idb.model.Result],false,235,1,6,0,6,1,7,4,0,1,1,7,0,0,0,0,0,0,1,0,1,0,0,0,0,0,6,1,0,false
D:\Project\OnlineSchoolManagementSystem-master\OnlineSchoolManagementSystem-master\src\java\com\idb\service\AppServiceImp.java,com.idb.service.AppServiceImp,updateTeacherInfo/1[com.idb.model.Teachers],false,219,1,7,0,7,1,8,4,0,1,1,8,0,0,0,0,0,0,7,0,1,1,0,0,0,0,22,1,0,false
D:\Project\OnlineSchoolManagementSystem-master\OnlineSchoolManagementSystem-master\src\java\com\idb\service\AppServiceImp.java,com.idb.service.AppServiceImp,setJdbcTemplate/1[com.idb.service.JdbcTemplate],false,32,1,0,0,0,1,0,3,0,0,1,0,0,0,0,0,0,0,0,0,1,0,0,0,0,0,4,1,0,false
D:\Project\OnlineSchoolManagementSystem-master\OnlineSchoolManagementSystem-master\src\java\com\idb\service\AppServiceImp.java,com.idb.service.AppServiceImp,addNotice/1[com.idb.model.NoticeBoard],false,55,1,3,0,3,1,4,4,0,1,1,4,0,0,0,0,0,0,1,0,1,0,0,0,0,0,7,1,0,false
D:\Project\OnlineSchoolManagementSystem-master\OnlineSchoolManagementSystem-master\src\java\com\idb\service\AppServiceImp.java,com.idb.service.AppServiceImp,"checkUser/3[java.lang.String,java.lang.String,int]",false,61,1,1,0,1,1,1,6,1,3,3,1,0,0,0,0,0,0,3,0,3,1,0,0,0,0,15,1,0,false
D:\Project\OnlineSchoolManagementSystem-master\OnlineSchoolManagementSystem-master\src\java\com\idb\service\AppServiceImp.java,com.idb.service.AppServiceImp,addStudents/1[com.idb.model.Students],false,119,1,13,0,13,1,14,4,0,1,1,14,0,0,0,0,0,0,16,0,1,1,0,0,0,0,8,1,0,false
D:\Project\OnlineSchoolManagementSystem-master\OnlineSchoolManagementSystem-master\src\java\com\idb\service\AppServiceImp.java,com.idb.service.AppServiceImp,getAllUsers/0,false,186,1,0,0,0,1,1,5,1,2,0,1,0,0,0,0,0,0,1,0,2,0,0,0,0,0,7,1,0,false
D:\Project\OnlineSchoolManagementSystem-master\OnlineSchoolManagementSystem-master\src\java\com\idb\service\AppServiceImp.java,com.idb.service.AppServiceImp,getTeachersById/1[int],false,280,1,0,0,0,1,1,5,1,2,1,1,0,0,0,0,0,0,1,0,2,1,0,0,0,0,15,1,0,false
D:\Project\OnlineSchoolManagementSystem-master\OnlineSchoolManagementSystem-master\src\java\com\idb\service\AppServiceImp.java,com.idb.service.AppServiceImp,getStudentByID/1[int],false,259,1,0,0,0,1,1,5,1,2,1,1,0,0,0,0,0,0,1,0,2,1,0,0,0,0,13,1,0,false
D:\Project\OnlineSchoolManagementSystem-master\OnlineSchoolManagementSystem-master\src\java\com\idb\service\AppServiceImp.java,com.idb.service.AppServiceImp,getAllTeachers/0,false,172,1,0,0,0,1,1,5,1,2,0,1,0,0,0,0,0,0,1,0,2,0,0,0,0,0,12,1,0,false
D:\Project\OnlineSchoolManagementSystem-master\OnlineSchoolManagementSystem-master\src\java\com\idb\service\AppServiceImp.java,com.idb.service.AppServiceImp,addClasses/1[com.idb.model.Classes],false,49,1,1,0,1,1,2,4,0,1,1,2,0,0,0,0,0,0,1,0,1,0,0,0,0,0,8,1,0,false
D:\Project\OnlineSchoolManagementSystem-master\OnlineSchoolManagementSystem-master\src\java\com\idb\service\AppServiceImp.java,com.idb.service.AppServiceImp,addAttendance/1[com.idb.model.Attendance],false,200,1,3,0,3,1,4,4,0,1,1,4,0,0,0,0,0,0,1,0,1,0,0,0,0,0,7,1,0,false
D:\Project\OnlineSchoolManagementSystem-master\OnlineSchoolManagementSystem-master\src\java\com\idb\service\AppServiceImp.java,com.idb.service.AppServiceImp,getSemesterByID/1[int],false,266,1,0,0,0,1,1,5,1,2,1,1,0,0,0,0,0,0,1,0,2,1,0,0,0,0,13,1,0,false
D:\Project\OnlineSchoolManagementSystem-master\OnlineSchoolManagementSystem-master\src\java\com\idb\service\AppServiceImp.java,com.idb.service.AppServiceImp,addSession/1[com.idb.model.Sessions],false,43,1,1,0,1,1,2,4,0,1,1,2,0,0,0,0,0,0,1,0,1,0,0,0,0,0,10,1,0,false
D:\Project\OnlineSchoolManagementSystem-master\OnlineSchoolManagementSystem-master\src\java\com\idb\service\AppServiceImp.java,com.idb.service.AppServiceImp,"getResultByID/2[int,int]",false,241,1,0,0,0,1,1,5,1,2,2,1,0,0,0,0,0,0,12,0,2,2,0,0,0,0,23,1,0,false
D:\Project\OnlineSchoolManagementSystem-master\OnlineSchoolManagementSystem-master\src\java\com\idb\service\AppServiceImp.java,com.idb.service.AppServiceImp,addUser/1[com.idb.model.Users],false,37,1,5,0,5,1,6,4,0,1,1,6,0,0,0,0,0,0,1,0,1,0,0,0,0,0,7,1,0,false
D:\Project\OnlineSchoolManagementSystem-master\OnlineSchoolManagementSystem-master\src\java\com\idb\service\AppServiceImp.java,com.idb.service.AppServiceImp,"getDailyAttendence/2[int,int]",false,193,1,0,0,0,1,1,5,1,2,2,1,0,0,0,0,0,0,3,0,2,1,0,0,0,0,22,1,0,false
D:\Project\OnlineSchoolManagementSystem-master\OnlineSchoolManagementSystem-master\src\java\com\idb\model\Result.java,com.idb.model.Result,getMarks/0,false,42,0,1,1,0,1,0,3,1,0,0,0,0,0,0,0,0,0,0,0,0,0,0,0,0,0,3,1,0,false
D:\Project\OnlineSchoolManagementSystem-master\OnlineSchoolManagementSystem-master\src\java\com\idb\model\Result.java,com.idb.model.Result,setSub_id/1[int],false,38,0,0,0,0,1,0,3,0,0,1,0,0,0,0,0,0,0,0,0,1,0,0,0,0,0,4,1,0,false
D:\Project\OnlineSchoolManagementSystem-master\OnlineSchoolManagementSystem-master\src\java\com\idb\model\Result.java,com.idb.model.Result,getRes_id/0,false,10,0,0,0,0,1,0,3,1,0,0,0,0,0,0,0,0,0,0,0,0,0,0,0,0,0,4,1,0,false
D:\Project\OnlineSchoolManagementSystem-master\OnlineSchoolManagementSystem-master\src\java\com\idb\model\Result.java,com.idb.model.Result,getSem_id/0,false,18,0,1,1,0,1,0,3,1,0,0,0,0,0,0,0,0,0,0,0,0,0,0,0,0,0,4,1,0,false
D:\Project\OnlineSchoolManagementSystem-master\OnlineSchoolManagementSystem-master\src\java\com\idb\model\Result.java,com.idb.model.Result,setMarks/1[int],false,46,0,0,0,0,1,0,3,0,0,1,0,0,0,0,0,0,0,0,0,1,0,0,0,0,0,3,1,0,false
D:\Project\OnlineSchoolManagementSystem-master\OnlineSchoolManagementSystem-master\src\java\com\idb\model\Result.java,com.idb.model.Result,setGrade/1[java.lang.String],false,62,0,0,0,0,1,0,3,0,0,1,0,0,0,0,0,0,0,0,0,1,0,0,0,0,0,3,1,0,false
D:\Project\OnlineSchoolManagementSystem-master\OnlineSchoolManagementSystem-master\src\java\com\idb\model\Result.java,com.idb.model.Result,setgPoint/1[java.lang.Double],false,54,0,0,0,0,1,0,3,0,0,1,0,0,0,0,0,0,0,0,0,1,0,0,0,0,0,4,1,0,false
D:\Project\OnlineSchoolManagementSystem-master\OnlineSchoolManagementSystem-master\src\java\com\idb\model\Result.java,com.idb.model.Result,setS_id/1[int],false,30,0,0,0,0,1,0,3,0,0,1,0,0,0,0,0,0,0,0,0,1,0,0,0,0,0,4,1,0,false
D:\Project\OnlineSchoolManagementSystem-master\OnlineSchoolManagementSystem-master\src\java\com\idb\model\Result.java,com.idb.model.Result,getS_id/0,false,26,0,1,1,0,1,0,3,1,0,0,0,0,0,0,0,0,0,0,0,0,0,0,0,0,0,4,1,0,false
D:\Project\OnlineSchoolManagementSystem-master\OnlineSchoolManagementSystem-master\src\java\com\idb\model\Result.java,com.idb.model.Result,setRes_id/1[int],false,14,0,0,0,0,1,0,3,0,0,1,0,0,0,0,0,0,0,0,0,1,0,0,0,0,0,4,1,0,false
D:\Project\OnlineSchoolManagementSystem-master\OnlineSchoolManagementSystem-master\src\java\com\idb\model\Result.java,com.idb.model.Result,getgPoint/0,false,50,0,1,1,0,1,0,3,1,0,0,0,0,0,0,0,0,0,0,0,0,0,0,0,0,0,4,1,0,false
D:\Project\OnlineSchoolManagementSystem-master\OnlineSchoolManagementSystem-master\src\java\com\idb\model\Result.java,com.idb.model.Result,getGrade/0,false,58,0,1,1,0,1,0,3,1,0,0,0,0,0,0,0,0,0,0,0,0,0,0,0,0,0,3,1,0,false
D:\Project\OnlineSchoolManagementSystem-master\OnlineSchoolManagementSystem-master\src\java\com\idb\model\Result.java,com.idb.model.Result,setSem_id/1[int],false,22,0,0,0,0,1,0,3,0,0,1,0,0,0,0,0,0,0,0,0,1,0,0,0,0,0,4,1,0,false
D:\Project\OnlineSchoolManagementSystem-master\OnlineSchoolManagementSystem-master\src\java\com\idb\model\Result.java,com.idb.model.Result,getSub_id/0,false,34,0,1,1,0,1,0,3,1,0,0,0,0,0,0,0,0,0,0,0,0,0,0,0,0,0,4,1,0,false
D:\Project\OnlineSchoolManagementSystem-master\OnlineSchoolManagementSystem-master\src\java\com\idb\model\Semester.java,com.idb.model.Semester,getSem_id/0,false,7,0,0,0,0,1,0,3,1,0,0,0,0,0,0,0,0,0,0,0,0,0,0,0,0,0,4,1,0,false
D:\Project\OnlineSchoolManagementSystem-master\OnlineSchoolManagementSystem-master\src\java\com\idb\model\Semester.java,com.idb.model.Semester,setSem_name/1[java.lang.String],false,19,0,0,0,0,1,0,3,0,0,1,0,0,0,0,0,0,0,0,0,1,0,0,0,0,0,4,1,0,false
D:\Project\OnlineSchoolManagementSystem-master\OnlineSchoolManagementSystem-master\src\java\com\idb\model\Semester.java,com.idb.model.Semester,getSem_name/0,false,15,0,0,0,0,1,0,3,1,0,0,0,0,0,0,0,0,0,0,0,0,0,0,0,0,0,4,1,0,false
D:\Project\OnlineSchoolManagementSystem-master\OnlineSchoolManagementSystem-master\src\java\com\idb\model\Semester.java,com.idb.model.Semester,setSem_id/1[int],false,11,0,0,0,0,1,0,3,0,0,1,0,0,0,0,0,0,0,0,0,1,0,0,0,0,0,4,1,0,false
D:\Project\OnlineSchoolManagementSystem-master\OnlineSchoolManagementSystem-master\src\java\com\idb\model\Sessions.java,com.idb.model.Sessions,getSess_year/0,false,24,0,1,1,0,1,0,3,1,0,0,0,0,0,0,0,0,0,0,0,0,0,0,0,0,0,4,1,0,false
D:\Project\OnlineSchoolManagementSystem-master\OnlineSchoolManagementSystem-master\src\java\com\idb\model\Sessions.java,com.idb.model.Sessions,getSess_id/0,false,16,0,0,0,0,1,0,3,1,0,0,0,0,0,0,0,0,0,0,0,0,0,0,0,0,0,4,1,0,false
D:\Project\OnlineSchoolManagementSystem-master\OnlineSchoolManagementSystem-master\src\java\com\idb\model\Sessions.java,com.idb.model.Sessions,setSess_id/1[int],false,20,0,0,0,0,1,0,3,0,0,1,0,0,0,0,0,0,0,0,0,1,0,0,0,0,0,4,1,0,false
D:\Project\OnlineSchoolManagementSystem-master\OnlineSchoolManagementSystem-master\src\java\com\idb\model\Sessions.java,com.idb.model.Sessions,setSess_year/1[java.lang.String],false,28,0,0,0,0,1,0,3,0,0,1,0,0,0,0,0,0,0,0,0,1,0,0,0,0,0,4,1,0,false
D:\Project\OnlineSchoolManagementSystem-master\OnlineSchoolManagementSystem-master\src\java\com\idb\utility\FileUploadUtility.java,com.idb.utility.FileUploadUtility,"uploadFileStudent/4[com.idb.utility.HttpServletRequest,com.idb.utility.MultipartFile,java.lang.String,int]",false,21,2,1,1,0,4,7,16,0,0,4,7,0,0,0,0,1,0,5,0,1,2,1,0,0,0,26,9,1,false
D:\Project\OnlineSchoolManagementSystem-master\OnlineSchoolManagementSystem-master\src\java\com\idb\utility\FileUploadUtility.java,com.idb.utility.FileUploadUtility,"uploadFileTeaher/4[com.idb.utility.HttpServletRequest,com.idb.utility.MultipartFile,java.lang.String,int]",false,38,2,1,1,0,4,7,16,0,0,4,7,0,0,0,0,1,0,5,0,1,2,1,0,0,0,26,9,1,false
D:\Project\OnlineSchoolManagementSystem-master\OnlineSchoolManagementSystem-master\src\java\com\idb\model\Attendance.java,com.idb.model.Attendance,setSa_id/1[int],false,19,0,0,0,0,1,0,3,0,0,1,0,0,0,0,0,0,0,0,0,1,0,0,0,0,0,4,1,0,false
D:\Project\OnlineSchoolManagementSystem-master\OnlineSchoolManagementSystem-master\src\java\com\idb\model\Attendance.java,com.idb.model.Attendance,setS_id/1[int],false,27,0,0,0,0,1,0,3,0,0,1,0,0,0,0,0,0,0,0,0,1,0,0,0,0,0,4,1,0,false
D:\Project\OnlineSchoolManagementSystem-master\OnlineSchoolManagementSystem-master\src\java\com\idb\model\Attendance.java,com.idb.model.Attendance,setStatus/1[java.lang.String],false,43,0,0,0,0,1,0,3,0,0,1,0,0,0,0,0,0,0,0,0,1,0,0,0,0,0,3,1,0,false
D:\Project\OnlineSchoolManagementSystem-master\OnlineSchoolManagementSystem-master\src\java\com\idb\model\Attendance.java,com.idb.model.Attendance,setSa_date/1[java.util.Date],false,35,0,0,0,0,1,0,3,0,0,1,0,0,0,0,0,0,0,0,0,1,0,0,0,0,0,5,1,0,false
D:\Project\OnlineSchoolManagementSystem-master\OnlineSchoolManagementSystem-master\src\java\com\idb\model\Attendance.java,com.idb.model.Attendance,getSa_date/0,false,31,0,1,1,0,1,0,3,1,0,0,0,0,0,0,0,0,0,0,0,0,0,0,0,0,0,5,1,0,false
D:\Project\OnlineSchoolManagementSystem-master\OnlineSchoolManagementSystem-master\src\java\com\idb\model\Attendance.java,com.idb.model.Attendance,getS_id/0,false,23,0,1,1,0,1,0,3,1,0,0,0,0,0,0,0,0,0,0,0,0,0,0,0,0,0,4,1,0,false
D:\Project\OnlineSchoolManagementSystem-master\OnlineSchoolManagementSystem-master\src\java\com\idb\model\Attendance.java,com.idb.model.Attendance,getStatus/0,false,39,0,1,1,0,1,0,3,1,0,0,0,0,0,0,0,0,0,0,0,0,0,0,0,0,0,3,1,0,false
D:\Project\OnlineSchoolManagementSystem-master\OnlineSchoolManagementSystem-master\src\java\com\idb\model\Attendance.java,com.idb.model.Attendance,getSa_id/0,false,15,0,0,0,0,1,0,3,1,0,0,0,0,0,0,0,0,0,0,0,0,0,0,0,0,0,4,1,0,false
D:\Project\OnlineSchoolManagementSystem-master\OnlineSchoolManagementSystem-master\src\java\com\idb\model\Users.java,com.idb.model.Users,setR_id/1[int],false,57,0,0,0,0,1,0,3,0,0,1,0,0,0,0,0,0,0,0,0,1,0,0,0,0,0,4,1,0,false
D:\Project\OnlineSchoolManagementSystem-master\OnlineSchoolManagementSystem-master\src\java\com\idb\model\Users.java,com.idb.model.Users,setPassword/1[java.lang.String],false,49,0,0,0,0,1,0,3,0,0,1,0,0,0,0,0,0,0,0,0,1,0,0,0,0,0,3,1,0,false
D:\Project\OnlineSchoolManagementSystem-master\OnlineSchoolManagementSystem-master\src\java\com\idb\model\Users.java,com.idb.model.Users,setEmail/1[java.lang.String],false,16,0,0,0,0,1,0,3,0,0,1,0,0,0,0,0,0,0,0,0,1,0,0,0,0,0,3,1,0,false
D:\Project\OnlineSchoolManagementSystem-master\OnlineSchoolManagementSystem-master\src\java\com\idb\model\Users.java,com.idb.model.Users,setPhone/1[java.lang.String],false,24,0,0,0,0,1,0,3,0,0,1,0,0,0,0,0,0,0,0,0,1,0,0,0,0,0,3,1,0,false
D:\Project\OnlineSchoolManagementSystem-master\OnlineSchoolManagementSystem-master\src\java\com\idb\model\Users.java,com.idb.model.Users,getPhone/0,false,20,0,1,1,0,1,0,3,1,0,0,0,0,0,0,0,0,0,0,0,0,0,0,0,0,0,3,1,0,false
D:\Project\OnlineSchoolManagementSystem-master\OnlineSchoolManagementSystem-master\src\java\com\idb\model\Users.java,com.idb.model.Users,setU_id/1[int],false,33,0,0,0,0,1,0,3,0,0,1,0,0,0,0,0,0,0,0,0,1,0,0,0,0,0,4,1,0,false
D:\Project\OnlineSchoolManagementSystem-master\OnlineSchoolManagementSystem-master\src\java\com\idb\model\Users.java,com.idb.model.Users,getEmail/0,false,12,0,1,1,0,1,0,3,1,0,0,0,0,0,0,0,0,0,0,0,0,0,0,0,0,0,3,1,0,false
D:\Project\OnlineSchoolManagementSystem-master\OnlineSchoolManagementSystem-master\src\java\com\idb\model\Users.java,com.idb.model.Users,getR_id/0,false,53,0,2,2,0,1,0,3,1,0,0,0,0,0,0,0,0,0,0,0,0,0,0,0,0,0,4,1,0,false
D:\Project\OnlineSchoolManagementSystem-master\OnlineSchoolManagementSystem-master\src\java\com\idb\model\Users.java,com.idb.model.Users,setU_name/1[java.lang.String],false,41,0,0,0,0,1,0,3,0,0,1,0,0,0,0,0,0,0,0,0,1,0,0,0,0,0,4,1,0,false
D:\Project\OnlineSchoolManagementSystem-master\OnlineSchoolManagementSystem-master\src\java\com\idb\model\Users.java,com.idb.model.Users,getU_id/0,false,29,0,0,0,0,1,0,3,1,0,0,0,0,0,0,0,0,0,0,0,0,0,0,0,0,0,4,1,0,false
D:\Project\OnlineSchoolManagementSystem-master\OnlineSchoolManagementSystem-master\src\java\com\idb\model\Users.java,com.idb.model.Users,getU_name/0,false,37,0,3,3,0,1,0,3,1,0,0,0,0,0,0,0,0,0,0,0,0,0,0,0,0,0,4,1,0,false
D:\Project\OnlineSchoolManagementSystem-master\OnlineSchoolManagementSystem-master\src\java\com\idb\model\Users.java,com.idb.model.Users,Users/0,true,65,0,9,9,0,1,0,2,0,0,0,0,0,0,0,0,0,0,0,0,0,0,0,0,0,0,1,1,0,false
D:\Project\OnlineSchoolManagementSystem-master\OnlineSchoolManagementSystem-master\src\java\com\idb\model\Users.java,com.idb.model.Users,getPassword/0,false,45,0,2,2,0,1,0,3,1,0,0,0,0,0,0,0,0,0,0,0,0,0,0,0,0,0,3,1,0,false
D:\Project\OnlineSchoolManagementSystem-master\OnlineSchoolManagementSystem-master\src\java\com\idb\model\Role.java,com.idb.model.Role,getR_name/0,false,24,0,0,0,0,1,0,3,1,0,0,0,0,0,0,0,0,0,0,0,0,0,0,0,0,0,4,1,0,false
D:\Project\OnlineSchoolManagementSystem-master\OnlineSchoolManagementSystem-master\src\java\com\idb\model\Role.java,com.idb.model.Role,setR_id/1[int],false,20,0,0,0,0,1,0,3,0,0,1,0,0,0,0,0,0,0,0,0,1,0,0,0,0,0,4,1,0,false
D:\Project\OnlineSchoolManagementSystem-master\OnlineSchoolManagementSystem-master\src\java\com\idb\model\Role.java,com.idb.model.Role,getR_id/0,false,16,0,0,0,0,1,0,3,1,0,0,0,0,0,0,0,0,0,0,0,0,0,0,0,0,0,4,1,0,false
D:\Project\OnlineSchoolManagementSystem-master\OnlineSchoolManagementSystem-master\src\java\com\idb\model\Role.java,com.idb.model.Role,setR_name/1[java.lang.String],false,28,0,0,0,0,1,0,3,0,0,1,0,0,0,0,0,0,0,0,0,1,0,0,0,0,0,4,1,0,false
