file,class,method,variable,usage
D:\Project\OnlineSchoolManagementSystem-master\OnlineSchoolManagementSystem-master\src\java\com\idb\model\Teachers.java,com.idb.model.Teachers,setSub_id/1[int],sub_id,2
D:\Project\OnlineSchoolManagementSystem-master\OnlineSchoolManagementSystem-master\src\java\com\idb\model\Teachers.java,com.idb.model.Teachers,setT_img/1[com.idb.model.MultipartFile],t_img,2
D:\Project\OnlineSchoolManagementSystem-master\OnlineSchoolManagementSystem-master\src\java\com\idb\model\Teachers.java,com.idb.model.Teachers,setT_address/1[java.lang.String],t_address,2
D:\Project\OnlineSchoolManagementSystem-master\OnlineSchoolManagementSystem-master\src\java\com\idb\model\Teachers.java,com.idb.model.Teachers,setT_name/1[java.lang.String],t_name,2
D:\Project\OnlineSchoolManagementSystem-master\OnlineSchoolManagementSystem-master\src\java\com\idb\model\Teachers.java,com.idb.model.Teachers,setGender/1[java.lang.String],gender,2
D:\Project\OnlineSchoolManagementSystem-master\OnlineSchoolManagementSystem-master\src\java\com\idb\model\Teachers.java,com.idb.model.Teachers,setP_number/1[int],p_number,2
D:\Project\OnlineSchoolManagementSystem-master\OnlineSchoolManagementSystem-master\src\java\com\idb\model\Teachers.java,com.idb.model.Teachers,setT_email/1[java.lang.String],t_email,2
D:\Project\OnlineSchoolManagementSystem-master\OnlineSchoolManagementSystem-master\src\java\com\idb\model\Teachers.java,com.idb.model.Teachers,setT_id/1[int],t_id,2
D:\Project\OnlineSchoolManagementSystem-master\OnlineSchoolManagementSystem-master\src\java\com\idb\model\Teachers.java,com.idb.model.Teachers,setJoin_date/1[java.util.Date],join_date,2
D:\Project\OnlineSchoolManagementSystem-master\OnlineSchoolManagementSystem-master\src\java\com\idb\controller\AppController.java,com.idb.controller.AppController,showAboutus/0,model,3
D:\Project\OnlineSchoolManagementSystem-master\OnlineSchoolManagementSystem-master\src\java\com\idb\controller\AppController.java,com.idb.controller.AppController,showAboutus/0,nts,1
D:\Project\OnlineSchoolManagementSystem-master\OnlineSchoolManagementSystem-master\src\java\com\idb\controller\AppController.java,com.idb.controller.AppController,showAboutus/0,users,1
D:\Project\OnlineSchoolManagementSystem-master\OnlineSchoolManagementSystem-master\src\java\com\idb\controller\AppController.java,com.idb.controller.AppController,getSearchAttendance/1[java.lang.Integer],s_id,1
D:\Project\OnlineSchoolManagementSystem-master\OnlineSchoolManagementSystem-master\src\java\com\idb\controller\AppController.java,com.idb.controller.AppController,getSearchAttendance/1[java.lang.Integer],std,2
D:\Project\OnlineSchoolManagementSystem-master\OnlineSchoolManagementSystem-master\src\java\com\idb\controller\AppController.java,com.idb.controller.AppController,getSearchAttendance/1[java.lang.Integer],e,1
D:\Project\OnlineSchoolManagementSystem-master\OnlineSchoolManagementSystem-master\src\java\com\idb\controller\AppController.java,com.idb.controller.AppController,getSearchAttendance/1[java.lang.Integer],model,5
D:\Project\OnlineSchoolManagementSystem-master\OnlineSchoolManagementSystem-master\src\java\com\idb\controller\AppController.java,com.idb.controller.AppController,getSearchAttendance/1[java.lang.Integer],nts,1
D:\Project\OnlineSchoolManagementSystem-master\OnlineSchoolManagementSystem-master\src\java\com\idb\controller\AppController.java,com.idb.controller.AppController,getSearchAttendance/1[java.lang.Integer],attendance,2
D:\Project\OnlineSchoolManagementSystem-master\OnlineSchoolManagementSystem-master\src\java\com\idb\controller\AppController.java,com.idb.controller.AppController,getSearchAttendance/1[java.lang.Integer],sId,3
D:\Project\OnlineSchoolManagementSystem-master\OnlineSchoolManagementSystem-master\src\java\com\idb\controller\AppController.java,com.idb.controller.AppController,logout/1[com.idb.controller.HttpSession],session,1
D:\Project\OnlineSchoolManagementSystem-master\OnlineSchoolManagementSystem-master\src\java\com\idb\controller\AppController.java,com.idb.controller.AppController,"addsubject/2[com.idb.controller.ModelAndView,com.idb.model.Subjects]",subject,2
D:\Project\OnlineSchoolManagementSystem-master\OnlineSchoolManagementSystem-master\src\java\com\idb\controller\AppController.java,com.idb.controller.AppController,"addsubject/2[com.idb.controller.ModelAndView,com.idb.model.Subjects]",model,1
D:\Project\OnlineSchoolManagementSystem-master\OnlineSchoolManagementSystem-master\src\java\com\idb\controller\AppController.java,com.idb.controller.AppController,showNoticeStudentHome/0,model,3
D:\Project\OnlineSchoolManagementSystem-master\OnlineSchoolManagementSystem-master\src\java\com\idb\controller\AppController.java,com.idb.controller.AppController,showNoticeStudentHome/0,noticeBoard,1
D:\Project\OnlineSchoolManagementSystem-master\OnlineSchoolManagementSystem-master\src\java\com\idb\controller\AppController.java,com.idb.controller.AppController,showNoticeStudentHome/0,nts,1
D:\Project\OnlineSchoolManagementSystem-master\OnlineSchoolManagementSystem-master\src\java\com\idb\controller\AppController.java,com.idb.controller.AppController,"getResultSearch/2[java.lang.Integer,java.lang.Integer]",sem_id,1
D:\Project\OnlineSchoolManagementSystem-master\OnlineSchoolManagementSystem-master\src\java\com\idb\controller\AppController.java,com.idb.controller.AppController,"getResultSearch/2[java.lang.Integer,java.lang.Integer]",res,2
D:\Project\OnlineSchoolManagementSystem-master\OnlineSchoolManagementSystem-master\src\java\com\idb\controller\AppController.java,com.idb.controller.AppController,"getResultSearch/2[java.lang.Integer,java.lang.Integer]",s_id,1
D:\Project\OnlineSchoolManagementSystem-master\OnlineSchoolManagementSystem-master\src\java\com\idb\controller\AppController.java,com.idb.controller.AppController,"getResultSearch/2[java.lang.Integer,java.lang.Integer]",semId,3
D:\Project\OnlineSchoolManagementSystem-master\OnlineSchoolManagementSystem-master\src\java\com\idb\controller\AppController.java,com.idb.controller.AppController,"getResultSearch/2[java.lang.Integer,java.lang.Integer]",std,2
D:\Project\OnlineSchoolManagementSystem-master\OnlineSchoolManagementSystem-master\src\java\com\idb\controller\AppController.java,com.idb.controller.AppController,"getResultSearch/2[java.lang.Integer,java.lang.Integer]",e,1
D:\Project\OnlineSchoolManagementSystem-master\OnlineSchoolManagementSystem-master\src\java\com\idb\controller\AppController.java,com.idb.controller.AppController,"getResultSearch/2[java.lang.Integer,java.lang.Integer]",model,8
D:\Project\OnlineSchoolManagementSystem-master\OnlineSchoolManagementSystem-master\src\java\com\idb\controller\AppController.java,com.idb.controller.AppController,"getResultSearch/2[java.lang.Integer,java.lang.Integer]",semester,1
D:\Project\OnlineSchoolManagementSystem-master\OnlineSchoolManagementSystem-master\src\java\com\idb\controller\AppController.java,com.idb.controller.AppController,"getResultSearch/2[java.lang.Integer,java.lang.Integer]",nts,1
D:\Project\OnlineSchoolManagementSystem-master\OnlineSchoolManagementSystem-master\src\java\com\idb\controller\AppController.java,com.idb.controller.AppController,"getResultSearch/2[java.lang.Integer,java.lang.Integer]",smtr,2
D:\Project\OnlineSchoolManagementSystem-master\OnlineSchoolManagementSystem-master\src\java\com\idb\controller\AppController.java,com.idb.controller.AppController,"getResultSearch/2[java.lang.Integer,java.lang.Integer]",sId,3
D:\Project\OnlineSchoolManagementSystem-master\OnlineSchoolManagementSystem-master\src\java\com\idb\controller\AppController.java,com.idb.controller.AppController,showloginForm/0,roles,1
D:\Project\OnlineSchoolManagementSystem-master\OnlineSchoolManagementSystem-master\src\java\com\idb\controller\AppController.java,com.idb.controller.AppController,showloginForm/0,model,3
D:\Project\OnlineSchoolManagementSystem-master\OnlineSchoolManagementSystem-master\src\java\com\idb\controller\AppController.java,com.idb.controller.AppController,showloginForm/0,users,1
D:\Project\OnlineSchoolManagementSystem-master\OnlineSchoolManagementSystem-master\src\java\com\idb\controller\AppController.java,com.idb.controller.AppController,"updateNotice/2[com.idb.controller.ModelAndView,com.idb.model.NoticeBoard]",model,1
D:\Project\OnlineSchoolManagementSystem-master\OnlineSchoolManagementSystem-master\src\java\com\idb\controller\AppController.java,com.idb.controller.AppController,"updateNotice/2[com.idb.controller.ModelAndView,com.idb.model.NoticeBoard]",noticeBoard,4
D:\Project\OnlineSchoolManagementSystem-master\OnlineSchoolManagementSystem-master\src\java\com\idb\controller\AppController.java,com.idb.controller.AppController,"addTeacher/3[com.idb.controller.ModelAndView,com.idb.model.Teachers,com.idb.controller.HttpServletRequest]",request,1
D:\Project\OnlineSchoolManagementSystem-master\OnlineSchoolManagementSystem-master\src\java\com\idb\controller\AppController.java,com.idb.controller.AppController,"addTeacher/3[com.idb.controller.ModelAndView,com.idb.model.Teachers,com.idb.controller.HttpServletRequest]",teachers,6
D:\Project\OnlineSchoolManagementSystem-master\OnlineSchoolManagementSystem-master\src\java\com\idb\controller\AppController.java,com.idb.controller.AppController,"addTeacher/3[com.idb.controller.ModelAndView,com.idb.model.Teachers,com.idb.controller.HttpServletRequest]",model,1
D:\Project\OnlineSchoolManagementSystem-master\OnlineSchoolManagementSystem-master\src\java\com\idb\controller\AppController.java,com.idb.controller.AppController,"addClass/2[com.idb.controller.ModelAndView,com.idb.model.Classes]",classes,1
D:\Project\OnlineSchoolManagementSystem-master\OnlineSchoolManagementSystem-master\src\java\com\idb\controller\AppController.java,com.idb.controller.AppController,"addClass/2[com.idb.controller.ModelAndView,com.idb.model.Classes]",model,0
D:\Project\OnlineSchoolManagementSystem-master\OnlineSchoolManagementSystem-master\src\java\com\idb\controller\AppController.java,com.idb.controller.AppController,"addUser/2[com.idb.controller.ModelAndView,com.idb.model.Sessions]",sessions,2
D:\Project\OnlineSchoolManagementSystem-master\OnlineSchoolManagementSystem-master\src\java\com\idb\controller\AppController.java,com.idb.controller.AppController,"addUser/2[com.idb.controller.ModelAndView,com.idb.model.Sessions]",model,1
D:\Project\OnlineSchoolManagementSystem-master\OnlineSchoolManagementSystem-master\src\java\com\idb\controller\AppController.java,com.idb.controller.AppController,"dailyAttendance/4[com.idb.controller.ModelAndView,com.idb.model.Attendance,java.lang.Integer,java.lang.Integer]",sess_id,1
D:\Project\OnlineSchoolManagementSystem-master\OnlineSchoolManagementSystem-master\src\java\com\idb\controller\AppController.java,com.idb.controller.AppController,"dailyAttendance/4[com.idb.controller.ModelAndView,com.idb.model.Attendance,java.lang.Integer,java.lang.Integer]",c_id,1
D:\Project\OnlineSchoolManagementSystem-master\OnlineSchoolManagementSystem-master\src\java\com\idb\controller\AppController.java,com.idb.controller.AppController,"dailyAttendance/4[com.idb.controller.ModelAndView,com.idb.model.Attendance,java.lang.Integer,java.lang.Integer]",model,1
D:\Project\OnlineSchoolManagementSystem-master\OnlineSchoolManagementSystem-master\src\java\com\idb\controller\AppController.java,com.idb.controller.AppController,"dailyAttendance/4[com.idb.controller.ModelAndView,com.idb.model.Attendance,java.lang.Integer,java.lang.Integer]",attendance,2
D:\Project\OnlineSchoolManagementSystem-master\OnlineSchoolManagementSystem-master\src\java\com\idb\controller\AppController.java,com.idb.controller.AppController,"dailyAttendance/4[com.idb.controller.ModelAndView,com.idb.model.Attendance,java.lang.Integer,java.lang.Integer]",cId,1
D:\Project\OnlineSchoolManagementSystem-master\OnlineSchoolManagementSystem-master\src\java\com\idb\controller\AppController.java,com.idb.controller.AppController,"dailyAttendance/4[com.idb.controller.ModelAndView,com.idb.model.Attendance,java.lang.Integer,java.lang.Integer]",sessId,1
D:\Project\OnlineSchoolManagementSystem-master\OnlineSchoolManagementSystem-master\src\java\com\idb\controller\AppController.java,com.idb.controller.AppController,showHome/0,model,3
D:\Project\OnlineSchoolManagementSystem-master\OnlineSchoolManagementSystem-master\src\java\com\idb\controller\AppController.java,com.idb.controller.AppController,showHome/0,nts,1
D:\Project\OnlineSchoolManagementSystem-master\OnlineSchoolManagementSystem-master\src\java\com\idb\controller\AppController.java,com.idb.controller.AppController,showHome/0,users,1
D:\Project\OnlineSchoolManagementSystem-master\OnlineSchoolManagementSystem-master\src\java\com\idb\controller\AppController.java,com.idb.controller.AppController,getAllStudents/0,sessions,1
D:\Project\OnlineSchoolManagementSystem-master\OnlineSchoolManagementSystem-master\src\java\com\idb\controller\AppController.java,com.idb.controller.AppController,getAllStudents/0,classes,1
D:\Project\OnlineSchoolManagementSystem-master\OnlineSchoolManagementSystem-master\src\java\com\idb\controller\AppController.java,com.idb.controller.AppController,getAllStudents/0,students,1
D:\Project\OnlineSchoolManagementSystem-master\OnlineSchoolManagementSystem-master\src\java\com\idb\controller\AppController.java,com.idb.controller.AppController,getAllStudents/0,model,5
D:\Project\OnlineSchoolManagementSystem-master\OnlineSchoolManagementSystem-master\src\java\com\idb\controller\AppController.java,com.idb.controller.AppController,getAllStudents/0,nts,1
D:\Project\OnlineSchoolManagementSystem-master\OnlineSchoolManagementSystem-master\src\java\com\idb\controller\AppController.java,com.idb.controller.AppController,showNoticeTeacher/0,model,3
D:\Project\OnlineSchoolManagementSystem-master\OnlineSchoolManagementSystem-master\src\java\com\idb\controller\AppController.java,com.idb.controller.AppController,showNoticeTeacher/0,noticeBoard,1
D:\Project\OnlineSchoolManagementSystem-master\OnlineSchoolManagementSystem-master\src\java\com\idb\controller\AppController.java,com.idb.controller.AppController,showNoticeTeacher/0,nts,1
D:\Project\OnlineSchoolManagementSystem-master\OnlineSchoolManagementSystem-master\src\java\com\idb\controller\AppController.java,com.idb.controller.AppController,"addResult/2[com.idb.controller.ModelAndView,com.idb.model.Result]",result,2
D:\Project\OnlineSchoolManagementSystem-master\OnlineSchoolManagementSystem-master\src\java\com\idb\controller\AppController.java,com.idb.controller.AppController,"addResult/2[com.idb.controller.ModelAndView,com.idb.model.Result]",model,1
D:\Project\OnlineSchoolManagementSystem-master\OnlineSchoolManagementSystem-master\src\java\com\idb\controller\AppController.java,com.idb.controller.AppController,showNoticeAdmin/0,model,3
D:\Project\OnlineSchoolManagementSystem-master\OnlineSchoolManagementSystem-master\src\java\com\idb\controller\AppController.java,com.idb.controller.AppController,showNoticeAdmin/0,noticeBoard,1
D:\Project\OnlineSchoolManagementSystem-master\OnlineSchoolManagementSystem-master\src\java\com\idb\controller\AppController.java,com.idb.controller.AppController,showNoticeAdmin/0,nts,1
D:\Project\OnlineSchoolManagementSystem-master\OnlineSchoolManagementSystem-master\src\java\com\idb\controller\AppController.java,com.idb.controller.AppController,getResult/0,model,2
D:\Project\OnlineSchoolManagementSystem-master\OnlineSchoolManagementSystem-master\src\java\com\idb\controller\AppController.java,com.idb.controller.AppController,getResult/0,nts,1
D:\Project\OnlineSchoolManagementSystem-master\OnlineSchoolManagementSystem-master\src\java\com\idb\controller\AppController.java,com.idb.controller.AppController,showTeacherHome/0,model,3
D:\Project\OnlineSchoolManagementSystem-master\OnlineSchoolManagementSystem-master\src\java\com\idb\controller\AppController.java,com.idb.controller.AppController,showTeacherHome/0,nts,1
D:\Project\OnlineSchoolManagementSystem-master\OnlineSchoolManagementSystem-master\src\java\com\idb\controller\AppController.java,com.idb.controller.AppController,showTeacherHome/0,users,1
D:\Project\OnlineSchoolManagementSystem-master\OnlineSchoolManagementSystem-master\src\java\com\idb\controller\AppController.java,com.idb.controller.AppController,getStudentDetails/1[java.lang.Integer],s_id,2
D:\Project\OnlineSchoolManagementSystem-master\OnlineSchoolManagementSystem-master\src\java\com\idb\controller\AppController.java,com.idb.controller.AppController,getStudentDetails/1[java.lang.Integer],student,2
D:\Project\OnlineSchoolManagementSystem-master\OnlineSchoolManagementSystem-master\src\java\com\idb\controller\AppController.java,com.idb.controller.AppController,getStudentDetails/1[java.lang.Integer],e,0
D:\Project\OnlineSchoolManagementSystem-master\OnlineSchoolManagementSystem-master\src\java\com\idb\controller\AppController.java,com.idb.controller.AppController,getStudentDetails/1[java.lang.Integer],model,4
D:\Project\OnlineSchoolManagementSystem-master\OnlineSchoolManagementSystem-master\src\java\com\idb\controller\AppController.java,com.idb.controller.AppController,getStudentDetails/1[java.lang.Integer],nts,1
D:\Project\OnlineSchoolManagementSystem-master\OnlineSchoolManagementSystem-master\src\java\com\idb\controller\AppController.java,com.idb.controller.AppController,getStudentDetails/1[java.lang.Integer],sId,1
D:\Project\OnlineSchoolManagementSystem-master\OnlineSchoolManagementSystem-master\src\java\com\idb\controller\AppController.java,com.idb.controller.AppController,showNoticeHome/0,model,3
D:\Project\OnlineSchoolManagementSystem-master\OnlineSchoolManagementSystem-master\src\java\com\idb\controller\AppController.java,com.idb.controller.AppController,showNoticeHome/0,noticeBoard,1
D:\Project\OnlineSchoolManagementSystem-master\OnlineSchoolManagementSystem-master\src\java\com\idb\controller\AppController.java,com.idb.controller.AppController,showNoticeHome/0,nts,1
D:\Project\OnlineSchoolManagementSystem-master\OnlineSchoolManagementSystem-master\src\java\com\idb\controller\AppController.java,com.idb.controller.AppController,"showaNoticeForUpdate/3[java.lang.Integer,com.idb.model.NoticeBoard,com.idb.controller.HttpSession]",session,0
D:\Project\OnlineSchoolManagementSystem-master\OnlineSchoolManagementSystem-master\src\java\com\idb\controller\AppController.java,com.idb.controller.AppController,"showaNoticeForUpdate/3[java.lang.Integer,com.idb.model.NoticeBoard,com.idb.controller.HttpSession]",model,3
D:\Project\OnlineSchoolManagementSystem-master\OnlineSchoolManagementSystem-master\src\java\com\idb\controller\AppController.java,com.idb.controller.AppController,"showaNoticeForUpdate/3[java.lang.Integer,com.idb.model.NoticeBoard,com.idb.controller.HttpSession]",noticeBoard,0
D:\Project\OnlineSchoolManagementSystem-master\OnlineSchoolManagementSystem-master\src\java\com\idb\controller\AppController.java,com.idb.controller.AppController,"showaNoticeForUpdate/3[java.lang.Integer,com.idb.model.NoticeBoard,com.idb.controller.HttpSession]",nts,1
D:\Project\OnlineSchoolManagementSystem-master\OnlineSchoolManagementSystem-master\src\java\com\idb\controller\AppController.java,com.idb.controller.AppController,"showaNoticeForUpdate/3[java.lang.Integer,com.idb.model.NoticeBoard,com.idb.controller.HttpSession]",n_id,1
D:\Project\OnlineSchoolManagementSystem-master\OnlineSchoolManagementSystem-master\src\java\com\idb\controller\AppController.java,com.idb.controller.AppController,"showaNoticeForUpdate/3[java.lang.Integer,com.idb.model.NoticeBoard,com.idb.controller.HttpSession]",notice,1
D:\Project\OnlineSchoolManagementSystem-master\OnlineSchoolManagementSystem-master\src\java\com\idb\controller\AppController.java,com.idb.controller.AppController,"getSearchResult/2[java.lang.Integer,java.lang.Integer]",sem_id,1
D:\Project\OnlineSchoolManagementSystem-master\OnlineSchoolManagementSystem-master\src\java\com\idb\controller\AppController.java,com.idb.controller.AppController,"getSearchResult/2[java.lang.Integer,java.lang.Integer]",res,2
D:\Project\OnlineSchoolManagementSystem-master\OnlineSchoolManagementSystem-master\src\java\com\idb\controller\AppController.java,com.idb.controller.AppController,"getSearchResult/2[java.lang.Integer,java.lang.Integer]",s_id,1
D:\Project\OnlineSchoolManagementSystem-master\OnlineSchoolManagementSystem-master\src\java\com\idb\controller\AppController.java,com.idb.controller.AppController,"getSearchResult/2[java.lang.Integer,java.lang.Integer]",semId,3
D:\Project\OnlineSchoolManagementSystem-master\OnlineSchoolManagementSystem-master\src\java\com\idb\controller\AppController.java,com.idb.controller.AppController,"getSearchResult/2[java.lang.Integer,java.lang.Integer]",std,2
D:\Project\OnlineSchoolManagementSystem-master\OnlineSchoolManagementSystem-master\src\java\com\idb\controller\AppController.java,com.idb.controller.AppController,"getSearchResult/2[java.lang.Integer,java.lang.Integer]",e,1
D:\Project\OnlineSchoolManagementSystem-master\OnlineSchoolManagementSystem-master\src\java\com\idb\controller\AppController.java,com.idb.controller.AppController,"getSearchResult/2[java.lang.Integer,java.lang.Integer]",model,8
D:\Project\OnlineSchoolManagementSystem-master\OnlineSchoolManagementSystem-master\src\java\com\idb\controller\AppController.java,com.idb.controller.AppController,"getSearchResult/2[java.lang.Integer,java.lang.Integer]",semester,1
D:\Project\OnlineSchoolManagementSystem-master\OnlineSchoolManagementSystem-master\src\java\com\idb\controller\AppController.java,com.idb.controller.AppController,"getSearchResult/2[java.lang.Integer,java.lang.Integer]",nts,1
D:\Project\OnlineSchoolManagementSystem-master\OnlineSchoolManagementSystem-master\src\java\com\idb\controller\AppController.java,com.idb.controller.AppController,"getSearchResult/2[java.lang.Integer,java.lang.Integer]",smtr,2
D:\Project\OnlineSchoolManagementSystem-master\OnlineSchoolManagementSystem-master\src\java\com\idb\controller\AppController.java,com.idb.controller.AppController,"getSearchResult/2[java.lang.Integer,java.lang.Integer]",sId,3
D:\Project\OnlineSchoolManagementSystem-master\OnlineSchoolManagementSystem-master\src\java\com\idb\controller\AppController.java,com.idb.controller.AppController,"processForm/3[com.idb.controller.ModelAndView,com.idb.model.Users,com.idb.controller.HttpSession]",session,3
D:\Project\OnlineSchoolManagementSystem-master\OnlineSchoolManagementSystem-master\src\java\com\idb\controller\AppController.java,com.idb.controller.AppController,"processForm/3[com.idb.controller.ModelAndView,com.idb.model.Users,com.idb.controller.HttpSession]",model,0
D:\Project\OnlineSchoolManagementSystem-master\OnlineSchoolManagementSystem-master\src\java\com\idb\controller\AppController.java,com.idb.controller.AppController,"processForm/3[com.idb.controller.ModelAndView,com.idb.model.Users,com.idb.controller.HttpSession]",user,3
D:\Project\OnlineSchoolManagementSystem-master\OnlineSchoolManagementSystem-master\src\java\com\idb\controller\AppController.java,com.idb.controller.AppController,"processForm/3[com.idb.controller.ModelAndView,com.idb.model.Users,com.idb.controller.HttpSession]",users,9
D:\Project\OnlineSchoolManagementSystem-master\OnlineSchoolManagementSystem-master\src\java\com\idb\controller\AppController.java,com.idb.controller.AppController,updateTeacherInfo/1[com.idb.model.Teachers],teachers,1
D:\Project\OnlineSchoolManagementSystem-master\OnlineSchoolManagementSystem-master\src\java\com\idb\controller\AppController.java,com.idb.controller.AppController,updateTeacherInfo/1[com.idb.model.Teachers],model,1
D:\Project\OnlineSchoolManagementSystem-master\OnlineSchoolManagementSystem-master\src\java\com\idb\controller\AppController.java,com.idb.controller.AppController,"addUserToSession/2[com.idb.model.Users,com.idb.controller.HttpSession]",session,2
D:\Project\OnlineSchoolManagementSystem-master\OnlineSchoolManagementSystem-master\src\java\com\idb\controller\AppController.java,com.idb.controller.AppController,"addUserToSession/2[com.idb.model.Users,com.idb.controller.HttpSession]",users,2
D:\Project\OnlineSchoolManagementSystem-master\OnlineSchoolManagementSystem-master\src\java\com\idb\controller\AppController.java,com.idb.controller.AppController,showAddResultPage/0,subject,1
D:\Project\OnlineSchoolManagementSystem-master\OnlineSchoolManagementSystem-master\src\java\com\idb\controller\AppController.java,com.idb.controller.AppController,showAddResultPage/0,model,4
D:\Project\OnlineSchoolManagementSystem-master\OnlineSchoolManagementSystem-master\src\java\com\idb\controller\AppController.java,com.idb.controller.AppController,showAddResultPage/0,semester,1
D:\Project\OnlineSchoolManagementSystem-master\OnlineSchoolManagementSystem-master\src\java\com\idb\controller\AppController.java,com.idb.controller.AppController,showAddResultPage/0,nts,1
D:\Project\OnlineSchoolManagementSystem-master\OnlineSchoolManagementSystem-master\src\java\com\idb\controller\AppController.java,com.idb.controller.AppController,getAllStudentInfo/0,sessions,1
D:\Project\OnlineSchoolManagementSystem-master\OnlineSchoolManagementSystem-master\src\java\com\idb\controller\AppController.java,com.idb.controller.AppController,getAllStudentInfo/0,classes,1
D:\Project\OnlineSchoolManagementSystem-master\OnlineSchoolManagementSystem-master\src\java\com\idb\controller\AppController.java,com.idb.controller.AppController,getAllStudentInfo/0,students,1
D:\Project\OnlineSchoolManagementSystem-master\OnlineSchoolManagementSystem-master\src\java\com\idb\controller\AppController.java,com.idb.controller.AppController,getAllStudentInfo/0,model,5
D:\Project\OnlineSchoolManagementSystem-master\OnlineSchoolManagementSystem-master\src\java\com\idb\controller\AppController.java,com.idb.controller.AppController,getAllStudentInfo/0,nts,1
D:\Project\OnlineSchoolManagementSystem-master\OnlineSchoolManagementSystem-master\src\java\com\idb\controller\AppController.java,com.idb.controller.AppController,getSubjects/0,sub,1
D:\Project\OnlineSchoolManagementSystem-master\OnlineSchoolManagementSystem-master\src\java\com\idb\controller\AppController.java,com.idb.controller.AppController,getSubjects/0,subjects,1
D:\Project\OnlineSchoolManagementSystem-master\OnlineSchoolManagementSystem-master\src\java\com\idb\controller\AppController.java,com.idb.controller.AppController,getSubjects/0,model,4
D:\Project\OnlineSchoolManagementSystem-master\OnlineSchoolManagementSystem-master\src\java\com\idb\controller\AppController.java,com.idb.controller.AppController,getSubjects/0,nts,1
D:\Project\OnlineSchoolManagementSystem-master\OnlineSchoolManagementSystem-master\src\java\com\idb\controller\AppController.java,com.idb.controller.AppController,showSuccess/0,model,2
D:\Project\OnlineSchoolManagementSystem-master\OnlineSchoolManagementSystem-master\src\java\com\idb\controller\AppController.java,com.idb.controller.AppController,showSuccess/0,users,1
D:\Project\OnlineSchoolManagementSystem-master\OnlineSchoolManagementSystem-master\src\java\com\idb\controller\AppController.java,com.idb.controller.AppController,getTeachers/0,sessions,1
D:\Project\OnlineSchoolManagementSystem-master\OnlineSchoolManagementSystem-master\src\java\com\idb\controller\AppController.java,com.idb.controller.AppController,getTeachers/0,teachers,1
D:\Project\OnlineSchoolManagementSystem-master\OnlineSchoolManagementSystem-master\src\java\com\idb\controller\AppController.java,com.idb.controller.AppController,getTeachers/0,subjects,1
D:\Project\OnlineSchoolManagementSystem-master\OnlineSchoolManagementSystem-master\src\java\com\idb\controller\AppController.java,com.idb.controller.AppController,getTeachers/0,model,5
D:\Project\OnlineSchoolManagementSystem-master\OnlineSchoolManagementSystem-master\src\java\com\idb\controller\AppController.java,com.idb.controller.AppController,getTeachers/0,nts,1
D:\Project\OnlineSchoolManagementSystem-master\OnlineSchoolManagementSystem-master\src\java\com\idb\controller\AppController.java,com.idb.controller.AppController,updateStudentDetail/1[java.lang.Integer],s_id,2
D:\Project\OnlineSchoolManagementSystem-master\OnlineSchoolManagementSystem-master\src\java\com\idb\controller\AppController.java,com.idb.controller.AppController,updateStudentDetail/1[java.lang.Integer],student,2
D:\Project\OnlineSchoolManagementSystem-master\OnlineSchoolManagementSystem-master\src\java\com\idb\controller\AppController.java,com.idb.controller.AppController,updateStudentDetail/1[java.lang.Integer],e,0
D:\Project\OnlineSchoolManagementSystem-master\OnlineSchoolManagementSystem-master\src\java\com\idb\controller\AppController.java,com.idb.controller.AppController,updateStudentDetail/1[java.lang.Integer],model,4
D:\Project\OnlineSchoolManagementSystem-master\OnlineSchoolManagementSystem-master\src\java\com\idb\controller\AppController.java,com.idb.controller.AppController,updateStudentDetail/1[java.lang.Integer],nts,1
D:\Project\OnlineSchoolManagementSystem-master\OnlineSchoolManagementSystem-master\src\java\com\idb\controller\AppController.java,com.idb.controller.AppController,updateStudentDetail/1[java.lang.Integer],sId,1
D:\Project\OnlineSchoolManagementSystem-master\OnlineSchoolManagementSystem-master\src\java\com\idb\controller\AppController.java,com.idb.controller.AppController,getTeacherInfoById/1[java.lang.Integer],t_id,1
D:\Project\OnlineSchoolManagementSystem-master\OnlineSchoolManagementSystem-master\src\java\com\idb\controller\AppController.java,com.idb.controller.AppController,getTeacherInfoById/1[java.lang.Integer],tcr,2
D:\Project\OnlineSchoolManagementSystem-master\OnlineSchoolManagementSystem-master\src\java\com\idb\controller\AppController.java,com.idb.controller.AppController,getTeacherInfoById/1[java.lang.Integer],e,0
D:\Project\OnlineSchoolManagementSystem-master\OnlineSchoolManagementSystem-master\src\java\com\idb\controller\AppController.java,com.idb.controller.AppController,getTeacherInfoById/1[java.lang.Integer],teachers,1
D:\Project\OnlineSchoolManagementSystem-master\OnlineSchoolManagementSystem-master\src\java\com\idb\controller\AppController.java,com.idb.controller.AppController,getTeacherInfoById/1[java.lang.Integer],model,4
D:\Project\OnlineSchoolManagementSystem-master\OnlineSchoolManagementSystem-master\src\java\com\idb\controller\AppController.java,com.idb.controller.AppController,getTeacherInfoById/1[java.lang.Integer],nts,1
D:\Project\OnlineSchoolManagementSystem-master\OnlineSchoolManagementSystem-master\src\java\com\idb\controller\AppController.java,com.idb.controller.AppController,"addUser/2[com.idb.controller.ModelAndView,com.idb.model.Users]",model,1
D:\Project\OnlineSchoolManagementSystem-master\OnlineSchoolManagementSystem-master\src\java\com\idb\controller\AppController.java,com.idb.controller.AppController,"addUser/2[com.idb.controller.ModelAndView,com.idb.model.Users]",users,2
D:\Project\OnlineSchoolManagementSystem-master\OnlineSchoolManagementSystem-master\src\java\com\idb\controller\AppController.java,com.idb.controller.AppController,showError/0,model,2
D:\Project\OnlineSchoolManagementSystem-master\OnlineSchoolManagementSystem-master\src\java\com\idb\controller\AppController.java,com.idb.controller.AppController,showError/0,users,1
D:\Project\OnlineSchoolManagementSystem-master\OnlineSchoolManagementSystem-master\src\java\com\idb\controller\AppController.java,com.idb.controller.AppController,getTeacherInformationById/1[java.lang.Integer],t_id,1
D:\Project\OnlineSchoolManagementSystem-master\OnlineSchoolManagementSystem-master\src\java\com\idb\controller\AppController.java,com.idb.controller.AppController,getTeacherInformationById/1[java.lang.Integer],tcr,2
D:\Project\OnlineSchoolManagementSystem-master\OnlineSchoolManagementSystem-master\src\java\com\idb\controller\AppController.java,com.idb.controller.AppController,getTeacherInformationById/1[java.lang.Integer],e,0
D:\Project\OnlineSchoolManagementSystem-master\OnlineSchoolManagementSystem-master\src\java\com\idb\controller\AppController.java,com.idb.controller.AppController,getTeacherInformationById/1[java.lang.Integer],model,3
D:\Project\OnlineSchoolManagementSystem-master\OnlineSchoolManagementSystem-master\src\java\com\idb\controller\AppController.java,com.idb.controller.AppController,getTeacherInformationById/1[java.lang.Integer],nts,1
D:\Project\OnlineSchoolManagementSystem-master\OnlineSchoolManagementSystem-master\src\java\com\idb\controller\AppController.java,com.idb.controller.AppController,"addNotice/2[com.idb.controller.ModelAndView,com.idb.model.NoticeBoard]",model,1
D:\Project\OnlineSchoolManagementSystem-master\OnlineSchoolManagementSystem-master\src\java\com\idb\controller\AppController.java,com.idb.controller.AppController,"addNotice/2[com.idb.controller.ModelAndView,com.idb.model.NoticeBoard]",noticeBoard,2
D:\Project\OnlineSchoolManagementSystem-master\OnlineSchoolManagementSystem-master\src\java\com\idb\controller\AppController.java,com.idb.controller.AppController,getStudentsInformation/0,sessions,1
D:\Project\OnlineSchoolManagementSystem-master\OnlineSchoolManagementSystem-master\src\java\com\idb\controller\AppController.java,com.idb.controller.AppController,getStudentsInformation/0,classes,1
D:\Project\OnlineSchoolManagementSystem-master\OnlineSchoolManagementSystem-master\src\java\com\idb\controller\AppController.java,com.idb.controller.AppController,getStudentsInformation/0,students,1
D:\Project\OnlineSchoolManagementSystem-master\OnlineSchoolManagementSystem-master\src\java\com\idb\controller\AppController.java,com.idb.controller.AppController,getStudentsInformation/0,model,5
D:\Project\OnlineSchoolManagementSystem-master\OnlineSchoolManagementSystem-master\src\java\com\idb\controller\AppController.java,com.idb.controller.AppController,getStudentsInformation/0,nts,1
D:\Project\OnlineSchoolManagementSystem-master\OnlineSchoolManagementSystem-master\src\java\com\idb\controller\AppController.java,com.idb.controller.AppController,getTeachersInfo/0,teachers,1
D:\Project\OnlineSchoolManagementSystem-master\OnlineSchoolManagementSystem-master\src\java\com\idb\controller\AppController.java,com.idb.controller.AppController,getTeachersInfo/0,model,3
D:\Project\OnlineSchoolManagementSystem-master\OnlineSchoolManagementSystem-master\src\java\com\idb\controller\AppController.java,com.idb.controller.AppController,getTeachersInfo/0,nts,1
D:\Project\OnlineSchoolManagementSystem-master\OnlineSchoolManagementSystem-master\src\java\com\idb\controller\AppController.java,com.idb.controller.AppController,"showAddAttendance/3[java.lang.Integer,java.lang.Integer,com.idb.controller.HttpSession]",sessions,1
D:\Project\OnlineSchoolManagementSystem-master\OnlineSchoolManagementSystem-master\src\java\com\idb\controller\AppController.java,com.idb.controller.AppController,"showAddAttendance/3[java.lang.Integer,java.lang.Integer,com.idb.controller.HttpSession]",stdList,2
D:\Project\OnlineSchoolManagementSystem-master\OnlineSchoolManagementSystem-master\src\java\com\idb\controller\AppController.java,com.idb.controller.AppController,"showAddAttendance/3[java.lang.Integer,java.lang.Integer,com.idb.controller.HttpSession]",e,0
D:\Project\OnlineSchoolManagementSystem-master\OnlineSchoolManagementSystem-master\src\java\com\idb\controller\AppController.java,com.idb.controller.AppController,"showAddAttendance/3[java.lang.Integer,java.lang.Integer,com.idb.controller.HttpSession]",session,0
D:\Project\OnlineSchoolManagementSystem-master\OnlineSchoolManagementSystem-master\src\java\com\idb\controller\AppController.java,com.idb.controller.AppController,"showAddAttendance/3[java.lang.Integer,java.lang.Integer,com.idb.controller.HttpSession]",classes,1
D:\Project\OnlineSchoolManagementSystem-master\OnlineSchoolManagementSystem-master\src\java\com\idb\controller\AppController.java,com.idb.controller.AppController,"showAddAttendance/3[java.lang.Integer,java.lang.Integer,com.idb.controller.HttpSession]",sess_id,2
D:\Project\OnlineSchoolManagementSystem-master\OnlineSchoolManagementSystem-master\src\java\com\idb\controller\AppController.java,com.idb.controller.AppController,"showAddAttendance/3[java.lang.Integer,java.lang.Integer,com.idb.controller.HttpSession]",c_id,2
D:\Project\OnlineSchoolManagementSystem-master\OnlineSchoolManagementSystem-master\src\java\com\idb\controller\AppController.java,com.idb.controller.AppController,"showAddAttendance/3[java.lang.Integer,java.lang.Integer,com.idb.controller.HttpSession]",model,7
D:\Project\OnlineSchoolManagementSystem-master\OnlineSchoolManagementSystem-master\src\java\com\idb\controller\AppController.java,com.idb.controller.AppController,"showAddAttendance/3[java.lang.Integer,java.lang.Integer,com.idb.controller.HttpSession]",nts,1
D:\Project\OnlineSchoolManagementSystem-master\OnlineSchoolManagementSystem-master\src\java\com\idb\controller\AppController.java,com.idb.controller.AppController,"showAddAttendance/3[java.lang.Integer,java.lang.Integer,com.idb.controller.HttpSession]",cId,1
D:\Project\OnlineSchoolManagementSystem-master\OnlineSchoolManagementSystem-master\src\java\com\idb\controller\AppController.java,com.idb.controller.AppController,"showAddAttendance/3[java.lang.Integer,java.lang.Integer,com.idb.controller.HttpSession]",sessId,1
D:\Project\OnlineSchoolManagementSystem-master\OnlineSchoolManagementSystem-master\src\java\com\idb\controller\AppController.java,com.idb.controller.AppController,showRegForm/0,roles,1
D:\Project\OnlineSchoolManagementSystem-master\OnlineSchoolManagementSystem-master\src\java\com\idb\controller\AppController.java,com.idb.controller.AppController,showRegForm/0,model,3
D:\Project\OnlineSchoolManagementSystem-master\OnlineSchoolManagementSystem-master\src\java\com\idb\controller\AppController.java,com.idb.controller.AppController,showRegForm/0,users,1
D:\Project\OnlineSchoolManagementSystem-master\OnlineSchoolManagementSystem-master\src\java\com\idb\controller\AppController.java,com.idb.controller.AppController,getTeachersInfoById/1[java.lang.Integer],t_id,1
D:\Project\OnlineSchoolManagementSystem-master\OnlineSchoolManagementSystem-master\src\java\com\idb\controller\AppController.java,com.idb.controller.AppController,getTeachersInfoById/1[java.lang.Integer],tcr,2
D:\Project\OnlineSchoolManagementSystem-master\OnlineSchoolManagementSystem-master\src\java\com\idb\controller\AppController.java,com.idb.controller.AppController,getTeachersInfoById/1[java.lang.Integer],e,0
D:\Project\OnlineSchoolManagementSystem-master\OnlineSchoolManagementSystem-master\src\java\com\idb\controller\AppController.java,com.idb.controller.AppController,getTeachersInfoById/1[java.lang.Integer],teachers,1
D:\Project\OnlineSchoolManagementSystem-master\OnlineSchoolManagementSystem-master\src\java\com\idb\controller\AppController.java,com.idb.controller.AppController,getTeachersInfoById/1[java.lang.Integer],model,4
D:\Project\OnlineSchoolManagementSystem-master\OnlineSchoolManagementSystem-master\src\java\com\idb\controller\AppController.java,com.idb.controller.AppController,getTeachersInfoById/1[java.lang.Integer],nts,1
D:\Project\OnlineSchoolManagementSystem-master\OnlineSchoolManagementSystem-master\src\java\com\idb\controller\AppController.java,com.idb.controller.AppController,showStudentHome/0,model,3
D:\Project\OnlineSchoolManagementSystem-master\OnlineSchoolManagementSystem-master\src\java\com\idb\controller\AppController.java,com.idb.controller.AppController,showStudentHome/0,nts,1
D:\Project\OnlineSchoolManagementSystem-master\OnlineSchoolManagementSystem-master\src\java\com\idb\controller\AppController.java,com.idb.controller.AppController,showStudentHome/0,users,1
D:\Project\OnlineSchoolManagementSystem-master\OnlineSchoolManagementSystem-master\src\java\com\idb\controller\AppController.java,com.idb.controller.AppController,getAllStudentInformation/0,sessions,1
D:\Project\OnlineSchoolManagementSystem-master\OnlineSchoolManagementSystem-master\src\java\com\idb\controller\AppController.java,com.idb.controller.AppController,getAllStudentInformation/0,classes,1
D:\Project\OnlineSchoolManagementSystem-master\OnlineSchoolManagementSystem-master\src\java\com\idb\controller\AppController.java,com.idb.controller.AppController,getAllStudentInformation/0,students,1
D:\Project\OnlineSchoolManagementSystem-master\OnlineSchoolManagementSystem-master\src\java\com\idb\controller\AppController.java,com.idb.controller.AppController,getAllStudentInformation/0,model,5
D:\Project\OnlineSchoolManagementSystem-master\OnlineSchoolManagementSystem-master\src\java\com\idb\controller\AppController.java,com.idb.controller.AppController,getAllStudentInformation/0,nts,1
D:\Project\OnlineSchoolManagementSystem-master\OnlineSchoolManagementSystem-master\src\java\com\idb\controller\AppController.java,com.idb.controller.AppController,"showadminHome/2[com.idb.model.Users,com.idb.controller.HttpSession]",session,1
D:\Project\OnlineSchoolManagementSystem-master\OnlineSchoolManagementSystem-master\src\java\com\idb\controller\AppController.java,com.idb.controller.AppController,"showadminHome/2[com.idb.model.Users,com.idb.controller.HttpSession]",model,3
D:\Project\OnlineSchoolManagementSystem-master\OnlineSchoolManagementSystem-master\src\java\com\idb\controller\AppController.java,com.idb.controller.AppController,"showadminHome/2[com.idb.model.Users,com.idb.controller.HttpSession]",nts,1
D:\Project\OnlineSchoolManagementSystem-master\OnlineSchoolManagementSystem-master\src\java\com\idb\controller\AppController.java,com.idb.controller.AppController,"showadminHome/2[com.idb.model.Users,com.idb.controller.HttpSession]",users,1
D:\Project\OnlineSchoolManagementSystem-master\OnlineSchoolManagementSystem-master\src\java\com\idb\controller\AppController.java,com.idb.controller.AppController,"showadminHome/2[com.idb.model.Users,com.idb.controller.HttpSession]",notice,1
D:\Project\OnlineSchoolManagementSystem-master\OnlineSchoolManagementSystem-master\src\java\com\idb\controller\AppController.java,com.idb.controller.AppController,getAllTeachers/0,teachers,1
D:\Project\OnlineSchoolManagementSystem-master\OnlineSchoolManagementSystem-master\src\java\com\idb\controller\AppController.java,com.idb.controller.AppController,getAllTeachers/0,model,3
D:\Project\OnlineSchoolManagementSystem-master\OnlineSchoolManagementSystem-master\src\java\com\idb\controller\AppController.java,com.idb.controller.AppController,getAllTeachers/0,nts,1
D:\Project\OnlineSchoolManagementSystem-master\OnlineSchoolManagementSystem-master\src\java\com\idb\controller\AppController.java,com.idb.controller.AppController,getSession/0,sessions,1
D:\Project\OnlineSchoolManagementSystem-master\OnlineSchoolManagementSystem-master\src\java\com\idb\controller\AppController.java,com.idb.controller.AppController,getSession/0,sns,1
D:\Project\OnlineSchoolManagementSystem-master\OnlineSchoolManagementSystem-master\src\java\com\idb\controller\AppController.java,com.idb.controller.AppController,getSession/0,model,4
D:\Project\OnlineSchoolManagementSystem-master\OnlineSchoolManagementSystem-master\src\java\com\idb\controller\AppController.java,com.idb.controller.AppController,getSession/0,nts,1
D:\Project\OnlineSchoolManagementSystem-master\OnlineSchoolManagementSystem-master\src\java\com\idb\controller\AppController.java,com.idb.controller.AppController,showAttendance/0,model,2
D:\Project\OnlineSchoolManagementSystem-master\OnlineSchoolManagementSystem-master\src\java\com\idb\controller\AppController.java,com.idb.controller.AppController,showAttendance/0,nts,1
D:\Project\OnlineSchoolManagementSystem-master\OnlineSchoolManagementSystem-master\src\java\com\idb\controller\AppController.java,com.idb.controller.AppController,createclass/0,classes,1
D:\Project\OnlineSchoolManagementSystem-master\OnlineSchoolManagementSystem-master\src\java\com\idb\controller\AppController.java,com.idb.controller.AppController,createclass/0,model,4
D:\Project\OnlineSchoolManagementSystem-master\OnlineSchoolManagementSystem-master\src\java\com\idb\controller\AppController.java,com.idb.controller.AppController,createclass/0,cls,1
D:\Project\OnlineSchoolManagementSystem-master\OnlineSchoolManagementSystem-master\src\java\com\idb\controller\AppController.java,com.idb.controller.AppController,createclass/0,nts,1
D:\Project\OnlineSchoolManagementSystem-master\OnlineSchoolManagementSystem-master\src\java\com\idb\controller\AppController.java,com.idb.controller.AppController,"addStudents/3[com.idb.controller.ModelAndView,com.idb.model.Students,com.idb.controller.HttpServletRequest]",request,1
D:\Project\OnlineSchoolManagementSystem-master\OnlineSchoolManagementSystem-master\src\java\com\idb\controller\AppController.java,com.idb.controller.AppController,"addStudents/3[com.idb.controller.ModelAndView,com.idb.model.Students,com.idb.controller.HttpServletRequest]",students,6
D:\Project\OnlineSchoolManagementSystem-master\OnlineSchoolManagementSystem-master\src\java\com\idb\controller\AppController.java,com.idb.controller.AppController,"addStudents/3[com.idb.controller.ModelAndView,com.idb.model.Students,com.idb.controller.HttpServletRequest]",model,1
D:\Project\OnlineSchoolManagementSystem-master\OnlineSchoolManagementSystem-master\src\java\com\idb\controller\AppController.java,com.idb.controller.AppController,getStudentsDetail/1[java.lang.Integer],s_id,2
D:\Project\OnlineSchoolManagementSystem-master\OnlineSchoolManagementSystem-master\src\java\com\idb\controller\AppController.java,com.idb.controller.AppController,getStudentsDetail/1[java.lang.Integer],student,2
D:\Project\OnlineSchoolManagementSystem-master\OnlineSchoolManagementSystem-master\src\java\com\idb\controller\AppController.java,com.idb.controller.AppController,getStudentsDetail/1[java.lang.Integer],e,0
D:\Project\OnlineSchoolManagementSystem-master\OnlineSchoolManagementSystem-master\src\java\com\idb\controller\AppController.java,com.idb.controller.AppController,getStudentsDetail/1[java.lang.Integer],model,4
D:\Project\OnlineSchoolManagementSystem-master\OnlineSchoolManagementSystem-master\src\java\com\idb\controller\AppController.java,com.idb.controller.AppController,getStudentsDetail/1[java.lang.Integer],nts,1
D:\Project\OnlineSchoolManagementSystem-master\OnlineSchoolManagementSystem-master\src\java\com\idb\controller\AppController.java,com.idb.controller.AppController,getStudentsDetail/1[java.lang.Integer],sId,1
D:\Project\OnlineSchoolManagementSystem-master\OnlineSchoolManagementSystem-master\src\java\com\idb\controller\AppController.java,com.idb.controller.AppController,getStudentDetail/1[java.lang.Integer],s_id,2
D:\Project\OnlineSchoolManagementSystem-master\OnlineSchoolManagementSystem-master\src\java\com\idb\controller\AppController.java,com.idb.controller.AppController,getStudentDetail/1[java.lang.Integer],student,2
D:\Project\OnlineSchoolManagementSystem-master\OnlineSchoolManagementSystem-master\src\java\com\idb\controller\AppController.java,com.idb.controller.AppController,getStudentDetail/1[java.lang.Integer],e,0
D:\Project\OnlineSchoolManagementSystem-master\OnlineSchoolManagementSystem-master\src\java\com\idb\controller\AppController.java,com.idb.controller.AppController,getStudentDetail/1[java.lang.Integer],model,4
D:\Project\OnlineSchoolManagementSystem-master\OnlineSchoolManagementSystem-master\src\java\com\idb\controller\AppController.java,com.idb.controller.AppController,getStudentDetail/1[java.lang.Integer],nts,1
D:\Project\OnlineSchoolManagementSystem-master\OnlineSchoolManagementSystem-master\src\java\com\idb\controller\AppController.java,com.idb.controller.AppController,getStudentDetail/1[java.lang.Integer],sId,1
D:\Project\OnlineSchoolManagementSystem-master\OnlineSchoolManagementSystem-master\src\java\com\idb\model\Students.java,com.idb.model.Students,setDob/1[java.util.Date],dob,2
D:\Project\OnlineSchoolManagementSystem-master\OnlineSchoolManagementSystem-master\src\java\com\idb\model\Students.java,com.idb.model.Students,setRoll_no/1[int],roll_no,2
D:\Project\OnlineSchoolManagementSystem-master\OnlineSchoolManagementSystem-master\src\java\com\idb\model\Students.java,com.idb.model.Students,setAge/1[int],age,2
D:\Project\OnlineSchoolManagementSystem-master\OnlineSchoolManagementSystem-master\src\java\com\idb\model\Students.java,com.idb.model.Students,setImg_url/1[java.lang.String],img_url,2
D:\Project\OnlineSchoolManagementSystem-master\OnlineSchoolManagementSystem-master\src\java\com\idb\model\Students.java,com.idb.model.Students,setSess_id/1[int],sess_id,2
D:\Project\OnlineSchoolManagementSystem-master\OnlineSchoolManagementSystem-master\src\java\com\idb\model\Students.java,com.idb.model.Students,setS_name/1[java.lang.String],s_name,2
D:\Project\OnlineSchoolManagementSystem-master\OnlineSchoolManagementSystem-master\src\java\com\idb\model\Students.java,com.idb.model.Students,setS_img/1[com.idb.model.MultipartFile],s_img,2
D:\Project\OnlineSchoolManagementSystem-master\OnlineSchoolManagementSystem-master\src\java\com\idb\model\Students.java,com.idb.model.Students,setParmanent_address/1[java.lang.String],Parmanent_address,2
D:\Project\OnlineSchoolManagementSystem-master\OnlineSchoolManagementSystem-master\src\java\com\idb\model\Students.java,com.idb.model.Students,setMobile_no/1[int],mobile_no,2
D:\Project\OnlineSchoolManagementSystem-master\OnlineSchoolManagementSystem-master\src\java\com\idb\model\Students.java,com.idb.model.Students,setTelephone_no/1[int],telephone_no,2
D:\Project\OnlineSchoolManagementSystem-master\OnlineSchoolManagementSystem-master\src\java\com\idb\model\Students.java,com.idb.model.Students,setF_name/1[java.lang.String],f_name,2
D:\Project\OnlineSchoolManagementSystem-master\OnlineSchoolManagementSystem-master\src\java\com\idb\model\Students.java,com.idb.model.Students,setC_id/1[int],c_id,2
D:\Project\OnlineSchoolManagementSystem-master\OnlineSchoolManagementSystem-master\src\java\com\idb\model\Students.java,com.idb.model.Students,setS_id/1[int],s_id,2
D:\Project\OnlineSchoolManagementSystem-master\OnlineSchoolManagementSystem-master\src\java\com\idb\model\Students.java,com.idb.model.Students,setPresent_address/1[java.lang.String],present_address,2
D:\Project\OnlineSchoolManagementSystem-master\OnlineSchoolManagementSystem-master\src\java\com\idb\model\Students.java,com.idb.model.Students,setGender/1[java.lang.String],gender,2
D:\Project\OnlineSchoolManagementSystem-master\OnlineSchoolManagementSystem-master\src\java\com\idb\model\Students.java,com.idb.model.Students,setM_name/1[java.lang.String],m_name,2
D:\Project\OnlineSchoolManagementSystem-master\OnlineSchoolManagementSystem-master\src\java\com\idb\model\Subjects.java,com.idb.model.Subjects,setSub_name/1[java.lang.String],sub_name,2
D:\Project\OnlineSchoolManagementSystem-master\OnlineSchoolManagementSystem-master\src\java\com\idb\model\Subjects.java,com.idb.model.Subjects,setSub_id/1[int],sub_id,2
D:\Project\OnlineSchoolManagementSystem-master\OnlineSchoolManagementSystem-master\src\java\com\idb\service\AppService.java,com.idb.service.AppService,addNotice/1[com.idb.model.NoticeBoard],noticeBoard,0
D:\Project\OnlineSchoolManagementSystem-master\OnlineSchoolManagementSystem-master\src\java\com\idb\service\AppService.java,com.idb.service.AppService,getSemesterByID/1[int],sem_id,0
D:\Project\OnlineSchoolManagementSystem-master\OnlineSchoolManagementSystem-master\src\java\com\idb\service\AppService.java,com.idb.service.AppService,addSession/1[com.idb.model.Sessions],sessions,0
D:\Project\OnlineSchoolManagementSystem-master\OnlineSchoolManagementSystem-master\src\java\com\idb\service\AppService.java,com.idb.service.AppService,"getDailyAttendence/2[int,int]",sess_id,0
D:\Project\OnlineSchoolManagementSystem-master\OnlineSchoolManagementSystem-master\src\java\com\idb\service\AppService.java,com.idb.service.AppService,"getDailyAttendence/2[int,int]",c_id,0
D:\Project\OnlineSchoolManagementSystem-master\OnlineSchoolManagementSystem-master\src\java\com\idb\service\AppService.java,com.idb.service.AppService,getTeachersById/1[int],t_id,0
D:\Project\OnlineSchoolManagementSystem-master\OnlineSchoolManagementSystem-master\src\java\com\idb\service\AppService.java,com.idb.service.AppService,addTeacher/1[com.idb.model.Teachers],teachers,0
D:\Project\OnlineSchoolManagementSystem-master\OnlineSchoolManagementSystem-master\src\java\com\idb\service\AppService.java,com.idb.service.AppService,addSubject/1[com.idb.model.Subjects],subjects,0
D:\Project\OnlineSchoolManagementSystem-master\OnlineSchoolManagementSystem-master\src\java\com\idb\service\AppService.java,com.idb.service.AppService,addClasses/1[com.idb.model.Classes],classes,0
D:\Project\OnlineSchoolManagementSystem-master\OnlineSchoolManagementSystem-master\src\java\com\idb\service\AppService.java,com.idb.service.AppService,"checkUser/3[java.lang.String,java.lang.String,int]",password,0
D:\Project\OnlineSchoolManagementSystem-master\OnlineSchoolManagementSystem-master\src\java\com\idb\service\AppService.java,com.idb.service.AppService,"checkUser/3[java.lang.String,java.lang.String,int]",name,0
D:\Project\OnlineSchoolManagementSystem-master\OnlineSchoolManagementSystem-master\src\java\com\idb\service\AppService.java,com.idb.service.AppService,"checkUser/3[java.lang.String,java.lang.String,int]",r_id,0
D:\Project\OnlineSchoolManagementSystem-master\OnlineSchoolManagementSystem-master\src\java\com\idb\service\AppService.java,com.idb.service.AppService,addStudents/1[com.idb.model.Students],students,0
D:\Project\OnlineSchoolManagementSystem-master\OnlineSchoolManagementSystem-master\src\java\com\idb\service\AppService.java,com.idb.service.AppService,addAttendance/1[com.idb.model.Attendance],attendance,0
D:\Project\OnlineSchoolManagementSystem-master\OnlineSchoolManagementSystem-master\src\java\com\idb\service\AppService.java,com.idb.service.AppService,"updateNptice/3[int,java.lang.String,java.lang.String]",n_description,0
D:\Project\OnlineSchoolManagementSystem-master\OnlineSchoolManagementSystem-master\src\java\com\idb\service\AppService.java,com.idb.service.AppService,"updateNptice/3[int,java.lang.String,java.lang.String]",n_title,0
D:\Project\OnlineSchoolManagementSystem-master\OnlineSchoolManagementSystem-master\src\java\com\idb\service\AppService.java,com.idb.service.AppService,"updateNptice/3[int,java.lang.String,java.lang.String]",n_id,0
D:\Project\OnlineSchoolManagementSystem-master\OnlineSchoolManagementSystem-master\src\java\com\idb\service\AppService.java,com.idb.service.AppService,addResult/1[com.idb.model.Result],result,0
D:\Project\OnlineSchoolManagementSystem-master\OnlineSchoolManagementSystem-master\src\java\com\idb\service\AppService.java,com.idb.service.AppService,getAttendanceByS_ID/1[int],s_id,0
D:\Project\OnlineSchoolManagementSystem-master\OnlineSchoolManagementSystem-master\src\java\com\idb\service\AppService.java,com.idb.service.AppService,"getResultByID/2[int,int]",sem_id,0
D:\Project\OnlineSchoolManagementSystem-master\OnlineSchoolManagementSystem-master\src\java\com\idb\service\AppService.java,com.idb.service.AppService,"getResultByID/2[int,int]",s_id,0
D:\Project\OnlineSchoolManagementSystem-master\OnlineSchoolManagementSystem-master\src\java\com\idb\service\AppService.java,com.idb.service.AppService,getStudentByID/1[int],s_id,0
D:\Project\OnlineSchoolManagementSystem-master\OnlineSchoolManagementSystem-master\src\java\com\idb\service\AppService.java,com.idb.service.AppService,updateTeacherInfo/1[com.idb.model.Teachers],teachers,0
D:\Project\OnlineSchoolManagementSystem-master\OnlineSchoolManagementSystem-master\src\java\com\idb\service\AppService.java,com.idb.service.AppService,getNoticeById/1[int],n_id,0
D:\Project\OnlineSchoolManagementSystem-master\OnlineSchoolManagementSystem-master\src\java\com\idb\service\AppService.java,com.idb.service.AppService,addUser/1[com.idb.model.Users],users,0
D:\Project\OnlineSchoolManagementSystem-master\OnlineSchoolManagementSystem-master\src\java\com\idb\model\NoticeBoard.java,com.idb.model.NoticeBoard,setN_title/1[java.lang.String],n_title,2
D:\Project\OnlineSchoolManagementSystem-master\OnlineSchoolManagementSystem-master\src\java\com\idb\model\NoticeBoard.java,com.idb.model.NoticeBoard,setPublish_date/1[java.util.Date],publish_date,2
D:\Project\OnlineSchoolManagementSystem-master\OnlineSchoolManagementSystem-master\src\java\com\idb\model\NoticeBoard.java,com.idb.model.NoticeBoard,setExpire_date/1[java.util.Date],expire_date,2
D:\Project\OnlineSchoolManagementSystem-master\OnlineSchoolManagementSystem-master\src\java\com\idb\model\NoticeBoard.java,com.idb.model.NoticeBoard,setN_description/1[java.lang.String],n_description,2
D:\Project\OnlineSchoolManagementSystem-master\OnlineSchoolManagementSystem-master\src\java\com\idb\model\NoticeBoard.java,com.idb.model.NoticeBoard,setN_id/1[int],n_id,2
D:\Project\OnlineSchoolManagementSystem-master\OnlineSchoolManagementSystem-master\src\java\com\idb\model\Classes.java,com.idb.model.Classes,setC_name/1[java.lang.String],c_name,2
D:\Project\OnlineSchoolManagementSystem-master\OnlineSchoolManagementSystem-master\src\java\com\idb\model\Classes.java,com.idb.model.Classes,setSess_id/1[int],sess_id,2
D:\Project\OnlineSchoolManagementSystem-master\OnlineSchoolManagementSystem-master\src\java\com\idb\model\Classes.java,com.idb.model.Classes,setC_id/1[int],c_id,2
D:\Project\OnlineSchoolManagementSystem-master\OnlineSchoolManagementSystem-master\src\java\com\idb\service\AppServiceImp.java,com.idb.service.AppServiceImp,getAllClasses/0,classes,1
D:\Project\OnlineSchoolManagementSystem-master\OnlineSchoolManagementSystem-master\src\java\com\idb\service\AppServiceImp.java,com.idb.service.AppServiceImp,getAllClasses/0,sql,1
D:\Project\OnlineSchoolManagementSystem-master\OnlineSchoolManagementSystem-master\src\java\com\idb\service\AppServiceImp.java,com.idb.service.AppServiceImp,getAllNotice/0,sql,1
D:\Project\OnlineSchoolManagementSystem-master\OnlineSchoolManagementSystem-master\src\java\com\idb\service\AppServiceImp.java,com.idb.service.AppServiceImp,getAllNotice/0,notice,1
D:\Project\OnlineSchoolManagementSystem-master\OnlineSchoolManagementSystem-master\src\java\com\idb\service\AppServiceImp.java,com.idb.service.AppServiceImp,getAllStudents/0,students,1
D:\Project\OnlineSchoolManagementSystem-master\OnlineSchoolManagementSystem-master\src\java\com\idb\service\AppServiceImp.java,com.idb.service.AppServiceImp,getAllStudents/0,sql,1
D:\Project\OnlineSchoolManagementSystem-master\OnlineSchoolManagementSystem-master\src\java\com\idb\service\AppServiceImp.java,com.idb.service.AppServiceImp,"updateNptice/3[int,java.lang.String,java.lang.String]",n_description,1
D:\Project\OnlineSchoolManagementSystem-master\OnlineSchoolManagementSystem-master\src\java\com\idb\service\AppServiceImp.java,com.idb.service.AppServiceImp,"updateNptice/3[int,java.lang.String,java.lang.String]",n_title,1
D:\Project\OnlineSchoolManagementSystem-master\OnlineSchoolManagementSystem-master\src\java\com\idb\service\AppServiceImp.java,com.idb.service.AppServiceImp,"updateNptice/3[int,java.lang.String,java.lang.String]",n_id,1
D:\Project\OnlineSchoolManagementSystem-master\OnlineSchoolManagementSystem-master\src\java\com\idb\service\AppServiceImp.java,com.idb.service.AppServiceImp,"updateNptice/3[int,java.lang.String,java.lang.String]",SQL,1
D:\Project\OnlineSchoolManagementSystem-master\OnlineSchoolManagementSystem-master\src\java\com\idb\service\AppServiceImp.java,com.idb.service.AppServiceImp,getAttendanceByS_ID/1[int],s_id,1
D:\Project\OnlineSchoolManagementSystem-master\OnlineSchoolManagementSystem-master\src\java\com\idb\service\AppServiceImp.java,com.idb.service.AppServiceImp,getAttendanceByS_ID/1[int],attendance,1
D:\Project\OnlineSchoolManagementSystem-master\OnlineSchoolManagementSystem-master\src\java\com\idb\service\AppServiceImp.java,com.idb.service.AppServiceImp,getAttendanceByS_ID/1[int],sql,1
D:\Project\OnlineSchoolManagementSystem-master\OnlineSchoolManagementSystem-master\src\java\com\idb\service\AppServiceImp.java,com.idb.service.AppServiceImp,addTeacher/1[com.idb.model.Teachers],teachers,7
D:\Project\OnlineSchoolManagementSystem-master\OnlineSchoolManagementSystem-master\src\java\com\idb\service\AppServiceImp.java,com.idb.service.AppServiceImp,addTeacher/1[com.idb.model.Teachers],sql,1
D:\Project\OnlineSchoolManagementSystem-master\OnlineSchoolManagementSystem-master\src\java\com\idb\service\AppServiceImp.java,com.idb.service.AppServiceImp,getAllSubjects/0,subjects,1
D:\Project\OnlineSchoolManagementSystem-master\OnlineSchoolManagementSystem-master\src\java\com\idb\service\AppServiceImp.java,com.idb.service.AppServiceImp,getAllSubjects/0,sql,1
D:\Project\OnlineSchoolManagementSystem-master\OnlineSchoolManagementSystem-master\src\java\com\idb\service\AppServiceImp.java,com.idb.service.AppServiceImp,getAllSemester/0,semester,1
D:\Project\OnlineSchoolManagementSystem-master\OnlineSchoolManagementSystem-master\src\java\com\idb\service\AppServiceImp.java,com.idb.service.AppServiceImp,getAllSemester/0,sql,1
D:\Project\OnlineSchoolManagementSystem-master\OnlineSchoolManagementSystem-master\src\java\com\idb\service\AppServiceImp.java,com.idb.service.AppServiceImp,getAllRole/0,roles,1
D:\Project\OnlineSchoolManagementSystem-master\OnlineSchoolManagementSystem-master\src\java\com\idb\service\AppServiceImp.java,com.idb.service.AppServiceImp,getAllRole/0,sql,1
D:\Project\OnlineSchoolManagementSystem-master\OnlineSchoolManagementSystem-master\src\java\com\idb\service\AppServiceImp.java,com.idb.service.AppServiceImp,getNoticeById/1[int],n_id,1
D:\Project\OnlineSchoolManagementSystem-master\OnlineSchoolManagementSystem-master\src\java\com\idb\service\AppServiceImp.java,com.idb.service.AppServiceImp,getNoticeById/1[int],sql,1
D:\Project\OnlineSchoolManagementSystem-master\OnlineSchoolManagementSystem-master\src\java\com\idb\service\AppServiceImp.java,com.idb.service.AppServiceImp,getNoticeById/1[int],notice,1
D:\Project\OnlineSchoolManagementSystem-master\OnlineSchoolManagementSystem-master\src\java\com\idb\service\AppServiceImp.java,com.idb.service.AppServiceImp,addSubject/1[com.idb.model.Subjects],subjects,1
D:\Project\OnlineSchoolManagementSystem-master\OnlineSchoolManagementSystem-master\src\java\com\idb\service\AppServiceImp.java,com.idb.service.AppServiceImp,addSubject/1[com.idb.model.Subjects],sql,1
D:\Project\OnlineSchoolManagementSystem-master\OnlineSchoolManagementSystem-master\src\java\com\idb\service\AppServiceImp.java,com.idb.service.AppServiceImp,getAllsessions/0,sql,1
D:\Project\OnlineSchoolManagementSystem-master\OnlineSchoolManagementSystem-master\src\java\com\idb\service\AppServiceImp.java,com.idb.service.AppServiceImp,getAllsessions/0,notice,1
D:\Project\OnlineSchoolManagementSystem-master\OnlineSchoolManagementSystem-master\src\java\com\idb\service\AppServiceImp.java,com.idb.service.AppServiceImp,addResult/1[com.idb.model.Result],result,6
D:\Project\OnlineSchoolManagementSystem-master\OnlineSchoolManagementSystem-master\src\java\com\idb\service\AppServiceImp.java,com.idb.service.AppServiceImp,addResult/1[com.idb.model.Result],sql,1
D:\Project\OnlineSchoolManagementSystem-master\OnlineSchoolManagementSystem-master\src\java\com\idb\service\AppServiceImp.java,com.idb.service.AppServiceImp,updateTeacherInfo/1[com.idb.model.Teachers],teachers,7
D:\Project\OnlineSchoolManagementSystem-master\OnlineSchoolManagementSystem-master\src\java\com\idb\service\AppServiceImp.java,com.idb.service.AppServiceImp,updateTeacherInfo/1[com.idb.model.Teachers],SQL,1
D:\Project\OnlineSchoolManagementSystem-master\OnlineSchoolManagementSystem-master\src\java\com\idb\service\AppServiceImp.java,com.idb.service.AppServiceImp,setJdbcTemplate/1[com.idb.service.JdbcTemplate],jdbcTemplate,2
D:\Project\OnlineSchoolManagementSystem-master\OnlineSchoolManagementSystem-master\src\java\com\idb\service\AppServiceImp.java,com.idb.service.AppServiceImp,addNotice/1[com.idb.model.NoticeBoard],noticeBoard,3
D:\Project\OnlineSchoolManagementSystem-master\OnlineSchoolManagementSystem-master\src\java\com\idb\service\AppServiceImp.java,com.idb.service.AppServiceImp,addNotice/1[com.idb.model.NoticeBoard],sql,1
D:\Project\OnlineSchoolManagementSystem-master\OnlineSchoolManagementSystem-master\src\java\com\idb\service\AppServiceImp.java,com.idb.service.AppServiceImp,"checkUser/3[java.lang.String,java.lang.String,int]",password,1
D:\Project\OnlineSchoolManagementSystem-master\OnlineSchoolManagementSystem-master\src\java\com\idb\service\AppServiceImp.java,com.idb.service.AppServiceImp,"checkUser/3[java.lang.String,java.lang.String,int]",name,1
D:\Project\OnlineSchoolManagementSystem-master\OnlineSchoolManagementSystem-master\src\java\com\idb\service\AppServiceImp.java,com.idb.service.AppServiceImp,"checkUser/3[java.lang.String,java.lang.String,int]",r_id,1
D:\Project\OnlineSchoolManagementSystem-master\OnlineSchoolManagementSystem-master\src\java\com\idb\service\AppServiceImp.java,com.idb.service.AppServiceImp,"checkUser/3[java.lang.String,java.lang.String,int]",user,1
D:\Project\OnlineSchoolManagementSystem-master\OnlineSchoolManagementSystem-master\src\java\com\idb\service\AppServiceImp.java,com.idb.service.AppServiceImp,"checkUser/3[java.lang.String,java.lang.String,int]",users,0
D:\Project\OnlineSchoolManagementSystem-master\OnlineSchoolManagementSystem-master\src\java\com\idb\service\AppServiceImp.java,com.idb.service.AppServiceImp,"checkUser/3[java.lang.String,java.lang.String,int]",sql,1
D:\Project\OnlineSchoolManagementSystem-master\OnlineSchoolManagementSystem-master\src\java\com\idb\service\AppServiceImp.java,com.idb.service.AppServiceImp,addStudents/1[com.idb.model.Students],students,13
D:\Project\OnlineSchoolManagementSystem-master\OnlineSchoolManagementSystem-master\src\java\com\idb\service\AppServiceImp.java,com.idb.service.AppServiceImp,addStudents/1[com.idb.model.Students],sql,1
D:\Project\OnlineSchoolManagementSystem-master\OnlineSchoolManagementSystem-master\src\java\com\idb\service\AppServiceImp.java,com.idb.service.AppServiceImp,getAllUsers/0,users,1
D:\Project\OnlineSchoolManagementSystem-master\OnlineSchoolManagementSystem-master\src\java\com\idb\service\AppServiceImp.java,com.idb.service.AppServiceImp,getAllUsers/0,sql,1
D:\Project\OnlineSchoolManagementSystem-master\OnlineSchoolManagementSystem-master\src\java\com\idb\service\AppServiceImp.java,com.idb.service.AppServiceImp,getTeachersById/1[int],t_id,1
D:\Project\OnlineSchoolManagementSystem-master\OnlineSchoolManagementSystem-master\src\java\com\idb\service\AppServiceImp.java,com.idb.service.AppServiceImp,getTeachersById/1[int],teacher,1
D:\Project\OnlineSchoolManagementSystem-master\OnlineSchoolManagementSystem-master\src\java\com\idb\service\AppServiceImp.java,com.idb.service.AppServiceImp,getTeachersById/1[int],sql,1
D:\Project\OnlineSchoolManagementSystem-master\OnlineSchoolManagementSystem-master\src\java\com\idb\service\AppServiceImp.java,com.idb.service.AppServiceImp,getStudentByID/1[int],s_id,1
D:\Project\OnlineSchoolManagementSystem-master\OnlineSchoolManagementSystem-master\src\java\com\idb\service\AppServiceImp.java,com.idb.service.AppServiceImp,getStudentByID/1[int],student,1
D:\Project\OnlineSchoolManagementSystem-master\OnlineSchoolManagementSystem-master\src\java\com\idb\service\AppServiceImp.java,com.idb.service.AppServiceImp,getStudentByID/1[int],sql,1
D:\Project\OnlineSchoolManagementSystem-master\OnlineSchoolManagementSystem-master\src\java\com\idb\service\AppServiceImp.java,com.idb.service.AppServiceImp,getAllTeachers/0,subjects,1
D:\Project\OnlineSchoolManagementSystem-master\OnlineSchoolManagementSystem-master\src\java\com\idb\service\AppServiceImp.java,com.idb.service.AppServiceImp,getAllTeachers/0,sql,1
D:\Project\OnlineSchoolManagementSystem-master\OnlineSchoolManagementSystem-master\src\java\com\idb\service\AppServiceImp.java,com.idb.service.AppServiceImp,addClasses/1[com.idb.model.Classes],classes,1
D:\Project\OnlineSchoolManagementSystem-master\OnlineSchoolManagementSystem-master\src\java\com\idb\service\AppServiceImp.java,com.idb.service.AppServiceImp,addClasses/1[com.idb.model.Classes],sql,1
D:\Project\OnlineSchoolManagementSystem-master\OnlineSchoolManagementSystem-master\src\java\com\idb\service\AppServiceImp.java,com.idb.service.AppServiceImp,addAttendance/1[com.idb.model.Attendance],attendance,3
D:\Project\OnlineSchoolManagementSystem-master\OnlineSchoolManagementSystem-master\src\java\com\idb\service\AppServiceImp.java,com.idb.service.AppServiceImp,addAttendance/1[com.idb.model.Attendance],sql,1
D:\Project\OnlineSchoolManagementSystem-master\OnlineSchoolManagementSystem-master\src\java\com\idb\service\AppServiceImp.java,com.idb.service.AppServiceImp,getSemesterByID/1[int],sem_id,1
D:\Project\OnlineSchoolManagementSystem-master\OnlineSchoolManagementSystem-master\src\java\com\idb\service\AppServiceImp.java,com.idb.service.AppServiceImp,getSemesterByID/1[int],student,1
D:\Project\OnlineSchoolManagementSystem-master\OnlineSchoolManagementSystem-master\src\java\com\idb\service\AppServiceImp.java,com.idb.service.AppServiceImp,getSemesterByID/1[int],sql,1
D:\Project\OnlineSchoolManagementSystem-master\OnlineSchoolManagementSystem-master\src\java\com\idb\service\AppServiceImp.java,com.idb.service.AppServiceImp,addSession/1[com.idb.model.Sessions],sessions,1
D:\Project\OnlineSchoolManagementSystem-master\OnlineSchoolManagementSystem-master\src\java\com\idb\service\AppServiceImp.java,com.idb.service.AppServiceImp,addSession/1[com.idb.model.Sessions],sql,1
D:\Project\OnlineSchoolManagementSystem-master\OnlineSchoolManagementSystem-master\src\java\com\idb\service\AppServiceImp.java,com.idb.service.AppServiceImp,"getResultByID/2[int,int]",sem_id,1
D:\Project\OnlineSchoolManagementSystem-master\OnlineSchoolManagementSystem-master\src\java\com\idb\service\AppServiceImp.java,com.idb.service.AppServiceImp,"getResultByID/2[int,int]",result,1
D:\Project\OnlineSchoolManagementSystem-master\OnlineSchoolManagementSystem-master\src\java\com\idb\service\AppServiceImp.java,com.idb.service.AppServiceImp,"getResultByID/2[int,int]",s_id,1
D:\Project\OnlineSchoolManagementSystem-master\OnlineSchoolManagementSystem-master\src\java\com\idb\service\AppServiceImp.java,com.idb.service.AppServiceImp,"getResultByID/2[int,int]",sql,1
D:\Project\OnlineSchoolManagementSystem-master\OnlineSchoolManagementSystem-master\src\java\com\idb\service\AppServiceImp.java,com.idb.service.AppServiceImp,addUser/1[com.idb.model.Users],users,5
D:\Project\OnlineSchoolManagementSystem-master\OnlineSchoolManagementSystem-master\src\java\com\idb\service\AppServiceImp.java,com.idb.service.AppServiceImp,addUser/1[com.idb.model.Users],sql,1
D:\Project\OnlineSchoolManagementSystem-master\OnlineSchoolManagementSystem-master\src\java\com\idb\service\AppServiceImp.java,com.idb.service.AppServiceImp,"getDailyAttendence/2[int,int]",sess_id,1
D:\Project\OnlineSchoolManagementSystem-master\OnlineSchoolManagementSystem-master\src\java\com\idb\service\AppServiceImp.java,com.idb.service.AppServiceImp,"getDailyAttendence/2[int,int]",c_id,1
D:\Project\OnlineSchoolManagementSystem-master\OnlineSchoolManagementSystem-master\src\java\com\idb\service\AppServiceImp.java,com.idb.service.AppServiceImp,"getDailyAttendence/2[int,int]",attendance,1
D:\Project\OnlineSchoolManagementSystem-master\OnlineSchoolManagementSystem-master\src\java\com\idb\service\AppServiceImp.java,com.idb.service.AppServiceImp,"getDailyAttendence/2[int,int]",sql,1
D:\Project\OnlineSchoolManagementSystem-master\OnlineSchoolManagementSystem-master\src\java\com\idb\model\Result.java,com.idb.model.Result,setSub_id/1[int],sub_id,2
D:\Project\OnlineSchoolManagementSystem-master\OnlineSchoolManagementSystem-master\src\java\com\idb\model\Result.java,com.idb.model.Result,setMarks/1[int],marks,2
D:\Project\OnlineSchoolManagementSystem-master\OnlineSchoolManagementSystem-master\src\java\com\idb\model\Result.java,com.idb.model.Result,setGrade/1[java.lang.String],grade,2
D:\Project\OnlineSchoolManagementSystem-master\OnlineSchoolManagementSystem-master\src\java\com\idb\model\Result.java,com.idb.model.Result,setgPoint/1[java.lang.Double],gPoint,2
D:\Project\OnlineSchoolManagementSystem-master\OnlineSchoolManagementSystem-master\src\java\com\idb\model\Result.java,com.idb.model.Result,setS_id/1[int],s_id,2
D:\Project\OnlineSchoolManagementSystem-master\OnlineSchoolManagementSystem-master\src\java\com\idb\model\Result.java,com.idb.model.Result,setRes_id/1[int],res_id,2
D:\Project\OnlineSchoolManagementSystem-master\OnlineSchoolManagementSystem-master\src\java\com\idb\model\Result.java,com.idb.model.Result,setSem_id/1[int],sem_id,2
D:\Project\OnlineSchoolManagementSystem-master\OnlineSchoolManagementSystem-master\src\java\com\idb\model\Semester.java,com.idb.model.Semester,setSem_name/1[java.lang.String],sem_name,2
D:\Project\OnlineSchoolManagementSystem-master\OnlineSchoolManagementSystem-master\src\java\com\idb\model\Semester.java,com.idb.model.Semester,setSem_id/1[int],sem_id,2
D:\Project\OnlineSchoolManagementSystem-master\OnlineSchoolManagementSystem-master\src\java\com\idb\model\Sessions.java,com.idb.model.Sessions,setSess_id/1[int],sess_id,2
D:\Project\OnlineSchoolManagementSystem-master\OnlineSchoolManagementSystem-master\src\java\com\idb\model\Sessions.java,com.idb.model.Sessions,setSess_year/1[java.lang.String],sess_year,2
D:\Project\OnlineSchoolManagementSystem-master\OnlineSchoolManagementSystem-master\src\java\com\idb\utility\FileUploadUtility.java,com.idb.utility.FileUploadUtility,"uploadFileStudent/4[com.idb.utility.HttpServletRequest,com.idb.utility.MultipartFile,java.lang.String,int]",request,1
D:\Project\OnlineSchoolManagementSystem-master\OnlineSchoolManagementSystem-master\src\java\com\idb\utility\FileUploadUtility.java,com.idb.utility.FileUploadUtility,"uploadFileStudent/4[com.idb.utility.HttpServletRequest,com.idb.utility.MultipartFile,java.lang.String,int]",e,0
D:\Project\OnlineSchoolManagementSystem-master\OnlineSchoolManagementSystem-master\src\java\com\idb\utility\FileUploadUtility.java,com.idb.utility.FileUploadUtility,"uploadFileStudent/4[com.idb.utility.HttpServletRequest,com.idb.utility.MultipartFile,java.lang.String,int]",s_img,2
D:\Project\OnlineSchoolManagementSystem-master\OnlineSchoolManagementSystem-master\src\java\com\idb\utility\FileUploadUtility.java,com.idb.utility.FileUploadUtility,"uploadFileStudent/4[com.idb.utility.HttpServletRequest,com.idb.utility.MultipartFile,java.lang.String,int]",roll_no,2
D:\Project\OnlineSchoolManagementSystem-master\OnlineSchoolManagementSystem-master\src\java\com\idb\utility\FileUploadUtility.java,com.idb.utility.FileUploadUtility,"uploadFileStudent/4[com.idb.utility.HttpServletRequest,com.idb.utility.MultipartFile,java.lang.String,int]",s_name,2
D:\Project\OnlineSchoolManagementSystem-master\OnlineSchoolManagementSystem-master\src\java\com\idb\utility\FileUploadUtility.java,com.idb.utility.FileUploadUtility,"uploadFileTeaher/4[com.idb.utility.HttpServletRequest,com.idb.utility.MultipartFile,java.lang.String,int]",request,1
D:\Project\OnlineSchoolManagementSystem-master\OnlineSchoolManagementSystem-master\src\java\com\idb\utility\FileUploadUtility.java,com.idb.utility.FileUploadUtility,"uploadFileTeaher/4[com.idb.utility.HttpServletRequest,com.idb.utility.MultipartFile,java.lang.String,int]",p_number,2
D:\Project\OnlineSchoolManagementSystem-master\OnlineSchoolManagementSystem-master\src\java\com\idb\utility\FileUploadUtility.java,com.idb.utility.FileUploadUtility,"uploadFileTeaher/4[com.idb.utility.HttpServletRequest,com.idb.utility.MultipartFile,java.lang.String,int]",e,0
D:\Project\OnlineSchoolManagementSystem-master\OnlineSchoolManagementSystem-master\src\java\com\idb\utility\FileUploadUtility.java,com.idb.utility.FileUploadUtility,"uploadFileTeaher/4[com.idb.utility.HttpServletRequest,com.idb.utility.MultipartFile,java.lang.String,int]",t_name,2
D:\Project\OnlineSchoolManagementSystem-master\OnlineSchoolManagementSystem-master\src\java\com\idb\utility\FileUploadUtility.java,com.idb.utility.FileUploadUtility,"uploadFileTeaher/4[com.idb.utility.HttpServletRequest,com.idb.utility.MultipartFile,java.lang.String,int]",t_img,2
D:\Project\OnlineSchoolManagementSystem-master\OnlineSchoolManagementSystem-master\src\java\com\idb\model\Attendance.java,com.idb.model.Attendance,setSa_id/1[int],sa_id,2
D:\Project\OnlineSchoolManagementSystem-master\OnlineSchoolManagementSystem-master\src\java\com\idb\model\Attendance.java,com.idb.model.Attendance,setS_id/1[int],s_id,2
D:\Project\OnlineSchoolManagementSystem-master\OnlineSchoolManagementSystem-master\src\java\com\idb\model\Attendance.java,com.idb.model.Attendance,setStatus/1[java.lang.String],status,2
D:\Project\OnlineSchoolManagementSystem-master\OnlineSchoolManagementSystem-master\src\java\com\idb\model\Attendance.java,com.idb.model.Attendance,setSa_date/1[java.util.Date],sa_date,2
D:\Project\OnlineSchoolManagementSystem-master\OnlineSchoolManagementSystem-master\src\java\com\idb\model\Users.java,com.idb.model.Users,setR_id/1[int],r_id,2
D:\Project\OnlineSchoolManagementSystem-master\OnlineSchoolManagementSystem-master\src\java\com\idb\model\Users.java,com.idb.model.Users,setPassword/1[java.lang.String],password,2
D:\Project\OnlineSchoolManagementSystem-master\OnlineSchoolManagementSystem-master\src\java\com\idb\model\Users.java,com.idb.model.Users,setEmail/1[java.lang.String],email,2
D:\Project\OnlineSchoolManagementSystem-master\OnlineSchoolManagementSystem-master\src\java\com\idb\model\Users.java,com.idb.model.Users,setPhone/1[java.lang.String],phone,2
D:\Project\OnlineSchoolManagementSystem-master\OnlineSchoolManagementSystem-master\src\java\com\idb\model\Users.java,com.idb.model.Users,setU_id/1[int],u_id,2
D:\Project\OnlineSchoolManagementSystem-master\OnlineSchoolManagementSystem-master\src\java\com\idb\model\Users.java,com.idb.model.Users,setU_name/1[java.lang.String],u_name,2
D:\Project\OnlineSchoolManagementSystem-master\OnlineSchoolManagementSystem-master\src\java\com\idb\model\Role.java,com.idb.model.Role,setR_id/1[int],r_id,2
D:\Project\OnlineSchoolManagementSystem-master\OnlineSchoolManagementSystem-master\src\java\com\idb\model\Role.java,com.idb.model.Role,setR_name/1[java.lang.String],r_name,2
