file,class,type,cbo,wmc,rfc,lcom
D:\Project\todo-application-jsp-servlet-jdbc-mysql-master\todo-application-jsp-servlet-jdbc-mysql-master\src\net\javaguides\todoapp\model\Todo.java,net.javaguides.todoapp.model.Todo,class,1,21,1,64
D:\Project\todo-application-jsp-servlet-jdbc-mysql-master\todo-application-jsp-servlet-jdbc-mysql-master\src\net\javaguides\todoapp\dao\UserDao.java,net.javaguides.todoapp.dao.UserDao,class,2,2,10,0
D:\Project\todo-application-jsp-servlet-jdbc-mysql-master\todo-application-jsp-servlet-jdbc-mysql-master\src\net\javaguides\todoapp\model\User.java,net.javaguides.todoapp.model.User,class,0,8,0,20
D:\Project\todo-application-jsp-servlet-jdbc-mysql-master\todo-application-jsp-servlet-jdbc-mysql-master\src\net\javaguides\todoapp\dao\TodoDao.java,net.javaguides.todoapp.dao.TodoDao,interface,1,5,0,10
D:\Project\todo-application-jsp-servlet-jdbc-mysql-master\todo-application-jsp-servlet-jdbc-mysql-master\src\net\javaguides\todoapp\dao\TodoDaoImpl.java,net.javaguides.todoapp.dao.TodoDaoImpl,class,3,13,26,15
D:\Project\todo-application-jsp-servlet-jdbc-mysql-master\todo-application-jsp-servlet-jdbc-mysql-master\src\net\javaguides\todoapp\utils\JDBCUtils.java,net.javaguides.todoapp.utils.JDBCUtils,class,0,9,11,6
D:\Project\todo-application-jsp-servlet-jdbc-mysql-master\todo-application-jsp-servlet-jdbc-mysql-master\src\net\javaguides\todoapp\web\LoginController.java,net.javaguides.todoapp.web.LoginController,class,9,6,10,4
D:\Project\todo-application-jsp-servlet-jdbc-mysql-master\todo-application-jsp-servlet-jdbc-mysql-master\src\net\javaguides\todoapp\dao\LoginDao.java,net.javaguides.todoapp.dao.LoginDao,class,2,2,10,0
D:\Project\todo-application-jsp-servlet-jdbc-mysql-master\todo-application-jsp-servlet-jdbc-mysql-master\src\net\javaguides\todoapp\web\TodoController.java,net.javaguides.todoapp.web.TodoController,class,10,16,22,6
D:\Project\todo-application-jsp-servlet-jdbc-mysql-master\todo-application-jsp-servlet-jdbc-mysql-master\src\net\javaguides\todoapp\web\UserController.java,net.javaguides.todoapp.web.UserController,class,8,6,12,4
D:\Project\todo-application-jsp-servlet-jdbc-mysql-master\todo-application-jsp-servlet-jdbc-mysql-master\src\net\javaguides\todoapp\model\LoginBean.java,net.javaguides.todoapp.model.LoginBean,class,0,4,0,2
,,,3.272727273,8.363636364,9.272727273,11.90909091
