file,class,type,cbo,cboModified,fanin,fanout,wmc,dit,noc,rfc,lcom,lcom*,tcc,lcc,totalMethodsQty,staticMethodsQty,publicMethodsQty,privateMethodsQty,protectedMethodsQty,defaultMethodsQty,visibleMethodsQty,abstractMethodsQty,finalMethodsQty,synchronizedMethodsQty,totalFieldsQty,staticFieldsQty,publicFieldsQty,privateFieldsQty,protectedFieldsQty,defaultFieldsQty,finalFieldsQty,synchronizedFieldsQty,nosi,loc,returnQty,loopQty,comparisonsQty,tryCatchQty,parenthesizedExpsQty,stringLiteralsQty,numbersQty,assignmentsQty,mathOperationsQty,variablesQty,maxNestedBlocksQty,anonymousClassesQty,innerClassesQty,lambdasQty,uniqueWordsQty,modifiers,logStatementsQty
D:\Project\todo-application-jsp-servlet-jdbc-mysql-master\todo-application-jsp-servlet-jdbc-mysql-master\src\net\javaguides\todoapp\model\Todo.java,net.javaguides.todoapp.model.Todo,class,1,5,4,1,21,1,0,1,64,0.75490195,0.2647059,0.88235295,17,0,16,0,1,0,17,0,0,0,6,0,0,6,0,0,0,0,0,77,12,0,4,0,2,0,3,21,3,9,1,0,0,0,39,1,0
D:\Project\todo-application-jsp-servlet-jdbc-mysql-master\todo-application-jsp-servlet-jdbc-mysql-master\src\net\javaguides\todoapp\dao\UserDao.java,net.javaguides.todoapp.dao.UserDao,class,2,3,1,2,2,1,0,10,0,0.0,NaN,NaN,1,0,1,0,0,0,1,0,0,0,0,0,0,0,0,0,0,0,2,18,1,0,0,1,0,3,5,5,1,4,1,0,0,0,30,1,0
D:\Project\todo-application-jsp-servlet-jdbc-mysql-master\todo-application-jsp-servlet-jdbc-mysql-master\src\net\javaguides\todoapp\model\User.java,net.javaguides.todoapp.model.User,class,0,2,2,0,8,1,0,0,20,0.8,0.14285715,0.14285715,8,0,8,0,0,0,8,0,0,0,5,1,0,5,0,0,1,0,0,31,4,0,0,0,0,0,1,5,0,5,0,0,0,0,28,1,0
D:\Project\todo-application-jsp-servlet-jdbc-mysql-master\todo-application-jsp-servlet-jdbc-mysql-master\src\net\javaguides\todoapp\dao\TodoDao.java,net.javaguides.todoapp.dao.TodoDao,interface,1,3,2,1,5,1,0,0,10,0.0,0.0,0.0,5,0,0,0,0,5,5,0,0,0,0,0,0,0,0,0,0,0,0,7,0,0,0,0,0,0,0,0,0,0,0,0,0,0,15,1,0
D:\Project\todo-application-jsp-servlet-jdbc-mysql-master\todo-application-jsp-servlet-jdbc-mysql-master\src\net\javaguides\todoapp\dao\TodoDaoImpl.java,net.javaguides.todoapp.dao.TodoDaoImpl,class,3,4,1,3,13,1,0,26,15,0.8333333,0.0,0.0,6,0,6,0,0,0,6,0,0,0,5,5,0,5,0,0,5,0,10,86,4,2,0,5,0,19,15,34,1,33,2,0,0,0,68,1,0
D:\Project\todo-application-jsp-servlet-jdbc-mysql-master\todo-application-jsp-servlet-jdbc-mysql-master\src\net\javaguides\todoapp\utils\JDBCUtils.java,net.javaguides.todoapp.utils.JDBCUtils,class,0,3,3,0,9,1,0,11,6,0.75,0.0,0.0,4,4,4,0,0,0,4,0,0,0,3,3,0,3,0,0,0,0,3,40,3,2,1,1,2,8,0,7,4,5,3,0,0,0,31,1,0
D:\Project\todo-application-jsp-servlet-jdbc-mysql-master\todo-application-jsp-servlet-jdbc-mysql-master\src\net\javaguides\todoapp\web\LoginController.java,net.javaguides.todoapp.web.LoginController,class,9,10,1,9,6,2,0,10,4,0.75,0.0,0.0,4,0,1,1,2,0,3,0,0,0,2,1,0,2,0,0,1,0,0,32,0,0,0,1,0,5,1,7,0,7,2,0,0,0,37,1,0
D:\Project\todo-application-jsp-servlet-jdbc-mysql-master\todo-application-jsp-servlet-jdbc-mysql-master\src\net\javaguides\todoapp\dao\LoginDao.java,net.javaguides.todoapp.dao.LoginDao,class,2,3,1,2,2,1,0,10,0,0.0,NaN,NaN,1,0,1,0,0,0,1,0,0,0,0,0,0,0,0,0,0,0,3,17,1,0,0,1,0,2,2,5,0,4,1,0,0,0,29,1,0
D:\Project\todo-application-jsp-servlet-jdbc-mysql-master\todo-application-jsp-servlet-jdbc-mysql-master\src\net\javaguides\todoapp\web\TodoController.java,net.javaguides.todoapp.web.TodoController,class,10,11,1,10,16,2,0,22,6,0.6666667,0.0,0.0,9,0,1,6,2,0,3,0,0,0,2,1,0,2,0,0,1,0,7,84,0,0,0,1,0,28,1,23,0,23,2,0,0,0,63,1,0
D:\Project\todo-application-jsp-servlet-jdbc-mysql-master\todo-application-jsp-servlet-jdbc-mysql-master\src\net\javaguides\todoapp\web\UserController.java,net.javaguides.todoapp.web.UserController,class,8,9,1,8,6,2,0,12,4,0.75,0.0,0.0,4,0,1,1,2,0,3,0,0,0,2,1,0,2,0,0,1,0,0,35,0,0,1,1,0,9,2,9,0,9,2,0,0,0,37,1,0
D:\Project\todo-application-jsp-servlet-jdbc-mysql-master\todo-application-jsp-servlet-jdbc-mysql-master\src\net\javaguides\todoapp\model\LoginBean.java,net.javaguides.todoapp.model.LoginBean,class,0,2,2,0,4,1,0,0,2,0.6666667,0.33333334,0.33333334,4,0,4,0,0,0,4,0,0,0,3,1,0,3,0,0,1,0,0,17,2,0,0,0,0,0,1,3,0,3,0,0,0,0,16,1,0
