file,class,method,variable,usage
D:\Project\todo-application-jsp-servlet-jdbc-mysql-master\todo-application-jsp-servlet-jdbc-mysql-master\src\net\javaguides\todoapp\model\Todo.java,net.javaguides.todoapp.model.Todo,setTitle/1[java.lang.String],title,3
D:\Project\todo-application-jsp-servlet-jdbc-mysql-master\todo-application-jsp-servlet-jdbc-mysql-master\src\net\javaguides\todoapp\model\Todo.java,net.javaguides.todoapp.model.Todo,setTargetDate/1[java.time.LocalDate],targetDate,3
D:\Project\todo-application-jsp-servlet-jdbc-mysql-master\todo-application-jsp-servlet-jdbc-mysql-master\src\net\javaguides\todoapp\model\Todo.java,net.javaguides.todoapp.model.Todo,setDescription/1[java.lang.String],description,3
D:\Project\todo-application-jsp-servlet-jdbc-mysql-master\todo-application-jsp-servlet-jdbc-mysql-master\src\net\javaguides\todoapp\model\Todo.java,net.javaguides.todoapp.model.Todo,getId/0,id,1
D:\Project\todo-application-jsp-servlet-jdbc-mysql-master\todo-application-jsp-servlet-jdbc-mysql-master\src\net\javaguides\todoapp\model\Todo.java,net.javaguides.todoapp.model.Todo,getStatus/0,status,1
D:\Project\todo-application-jsp-servlet-jdbc-mysql-master\todo-application-jsp-servlet-jdbc-mysql-master\src\net\javaguides\todoapp\model\Todo.java,net.javaguides.todoapp.model.Todo,setId/1[java.lang.Long],id,3
D:\Project\todo-application-jsp-servlet-jdbc-mysql-master\todo-application-jsp-servlet-jdbc-mysql-master\src\net\javaguides\todoapp\model\Todo.java,net.javaguides.todoapp.model.Todo,hashCode/0,id,2
D:\Project\todo-application-jsp-servlet-jdbc-mysql-master\todo-application-jsp-servlet-jdbc-mysql-master\src\net\javaguides\todoapp\model\Todo.java,net.javaguides.todoapp.model.Todo,getTargetDate/0,targetDate,1
D:\Project\todo-application-jsp-servlet-jdbc-mysql-master\todo-application-jsp-servlet-jdbc-mysql-master\src\net\javaguides\todoapp\model\Todo.java,net.javaguides.todoapp.model.Todo,getTitle/0,title,1
D:\Project\todo-application-jsp-servlet-jdbc-mysql-master\todo-application-jsp-servlet-jdbc-mysql-master\src\net\javaguides\todoapp\model\Todo.java,net.javaguides.todoapp.model.Todo,getUsername/0,username,1
D:\Project\todo-application-jsp-servlet-jdbc-mysql-master\todo-application-jsp-servlet-jdbc-mysql-master\src\net\javaguides\todoapp\model\Todo.java,net.javaguides.todoapp.model.Todo,equals/1[java.lang.Object],id,1
D:\Project\todo-application-jsp-servlet-jdbc-mysql-master\todo-application-jsp-servlet-jdbc-mysql-master\src\net\javaguides\todoapp\model\Todo.java,net.javaguides.todoapp.model.Todo,"Todo/6[long,java.lang.String,java.lang.String,java.lang.String,java.time.LocalDate,boolean]",targetDate,3
D:\Project\todo-application-jsp-servlet-jdbc-mysql-master\todo-application-jsp-servlet-jdbc-mysql-master\src\net\javaguides\todoapp\model\Todo.java,net.javaguides.todoapp.model.Todo,"Todo/6[long,java.lang.String,java.lang.String,java.lang.String,java.time.LocalDate,boolean]",description,3
D:\Project\todo-application-jsp-servlet-jdbc-mysql-master\todo-application-jsp-servlet-jdbc-mysql-master\src\net\javaguides\todoapp\model\Todo.java,net.javaguides.todoapp.model.Todo,"Todo/6[long,java.lang.String,java.lang.String,java.lang.String,java.time.LocalDate,boolean]",id,3
D:\Project\todo-application-jsp-servlet-jdbc-mysql-master\todo-application-jsp-servlet-jdbc-mysql-master\src\net\javaguides\todoapp\model\Todo.java,net.javaguides.todoapp.model.Todo,"Todo/6[long,java.lang.String,java.lang.String,java.lang.String,java.time.LocalDate,boolean]",title,3
D:\Project\todo-application-jsp-servlet-jdbc-mysql-master\todo-application-jsp-servlet-jdbc-mysql-master\src\net\javaguides\todoapp\model\Todo.java,net.javaguides.todoapp.model.Todo,"Todo/6[long,java.lang.String,java.lang.String,java.lang.String,java.time.LocalDate,boolean]",username,3
D:\Project\todo-application-jsp-servlet-jdbc-mysql-master\todo-application-jsp-servlet-jdbc-mysql-master\src\net\javaguides\todoapp\model\Todo.java,net.javaguides.todoapp.model.Todo,"Todo/6[long,java.lang.String,java.lang.String,java.lang.String,java.time.LocalDate,boolean]",status,1
D:\Project\todo-application-jsp-servlet-jdbc-mysql-master\todo-application-jsp-servlet-jdbc-mysql-master\src\net\javaguides\todoapp\model\Todo.java,net.javaguides.todoapp.model.Todo,"Todo/5[java.lang.String,java.lang.String,java.lang.String,java.time.LocalDate,boolean]",targetDate,3
D:\Project\todo-application-jsp-servlet-jdbc-mysql-master\todo-application-jsp-servlet-jdbc-mysql-master\src\net\javaguides\todoapp\model\Todo.java,net.javaguides.todoapp.model.Todo,"Todo/5[java.lang.String,java.lang.String,java.lang.String,java.time.LocalDate,boolean]",description,3
D:\Project\todo-application-jsp-servlet-jdbc-mysql-master\todo-application-jsp-servlet-jdbc-mysql-master\src\net\javaguides\todoapp\model\Todo.java,net.javaguides.todoapp.model.Todo,"Todo/5[java.lang.String,java.lang.String,java.lang.String,java.time.LocalDate,boolean]",title,3
D:\Project\todo-application-jsp-servlet-jdbc-mysql-master\todo-application-jsp-servlet-jdbc-mysql-master\src\net\javaguides\todoapp\model\Todo.java,net.javaguides.todoapp.model.Todo,"Todo/5[java.lang.String,java.lang.String,java.lang.String,java.time.LocalDate,boolean]",username,3
D:\Project\todo-application-jsp-servlet-jdbc-mysql-master\todo-application-jsp-servlet-jdbc-mysql-master\src\net\javaguides\todoapp\model\Todo.java,net.javaguides.todoapp.model.Todo,"Todo/5[java.lang.String,java.lang.String,java.lang.String,java.time.LocalDate,boolean]",status,1
D:\Project\todo-application-jsp-servlet-jdbc-mysql-master\todo-application-jsp-servlet-jdbc-mysql-master\src\net\javaguides\todoapp\model\Todo.java,net.javaguides.todoapp.model.Todo,getDescription/0,description,1
D:\Project\todo-application-jsp-servlet-jdbc-mysql-master\todo-application-jsp-servlet-jdbc-mysql-master\src\net\javaguides\todoapp\model\Todo.java,net.javaguides.todoapp.model.Todo,setStatus/1[boolean],status,3
D:\Project\todo-application-jsp-servlet-jdbc-mysql-master\todo-application-jsp-servlet-jdbc-mysql-master\src\net\javaguides\todoapp\model\Todo.java,net.javaguides.todoapp.model.Todo,setUsername/1[java.lang.String],username,3
D:\Project\todo-application-jsp-servlet-jdbc-mysql-master\todo-application-jsp-servlet-jdbc-mysql-master\src\net\javaguides\todoapp\model\User.java,net.javaguides.todoapp.model.User,getPassword/0,password,1
D:\Project\todo-application-jsp-servlet-jdbc-mysql-master\todo-application-jsp-servlet-jdbc-mysql-master\src\net\javaguides\todoapp\model\User.java,net.javaguides.todoapp.model.User,getFirstName/0,firstName,1
D:\Project\todo-application-jsp-servlet-jdbc-mysql-master\todo-application-jsp-servlet-jdbc-mysql-master\src\net\javaguides\todoapp\model\User.java,net.javaguides.todoapp.model.User,setFirstName/1[java.lang.String],firstName,3
D:\Project\todo-application-jsp-servlet-jdbc-mysql-master\todo-application-jsp-servlet-jdbc-mysql-master\src\net\javaguides\todoapp\model\User.java,net.javaguides.todoapp.model.User,getLastName/0,lastName,1
D:\Project\todo-application-jsp-servlet-jdbc-mysql-master\todo-application-jsp-servlet-jdbc-mysql-master\src\net\javaguides\todoapp\model\User.java,net.javaguides.todoapp.model.User,setUsername/1[java.lang.String],username,3
D:\Project\todo-application-jsp-servlet-jdbc-mysql-master\todo-application-jsp-servlet-jdbc-mysql-master\src\net\javaguides\todoapp\model\User.java,net.javaguides.todoapp.model.User,setPassword/1[java.lang.String],password,3
D:\Project\todo-application-jsp-servlet-jdbc-mysql-master\todo-application-jsp-servlet-jdbc-mysql-master\src\net\javaguides\todoapp\model\User.java,net.javaguides.todoapp.model.User,setLastName/1[java.lang.String],lastName,3
D:\Project\todo-application-jsp-servlet-jdbc-mysql-master\todo-application-jsp-servlet-jdbc-mysql-master\src\net\javaguides\todoapp\model\User.java,net.javaguides.todoapp.model.User,getUsername/0,username,1
D:\Project\todo-application-jsp-servlet-jdbc-mysql-master\todo-application-jsp-servlet-jdbc-mysql-master\src\net\javaguides\todoapp\dao\TodoDaoImpl.java,net.javaguides.todoapp.dao.TodoDaoImpl,updateTodo/1[net.javaguides.todoapp.model.Todo],UPDATE_TODO,1
D:\Project\todo-application-jsp-servlet-jdbc-mysql-master\todo-application-jsp-servlet-jdbc-mysql-master\src\net\javaguides\todoapp\dao\TodoDaoImpl.java,net.javaguides.todoapp.dao.TodoDaoImpl,selectAllTodos/0,SELECT_ALL_TODOS,1
D:\Project\todo-application-jsp-servlet-jdbc-mysql-master\todo-application-jsp-servlet-jdbc-mysql-master\src\net\javaguides\todoapp\dao\TodoDaoImpl.java,net.javaguides.todoapp.dao.TodoDaoImpl,deleteTodo/1[int],DELETE_TODO_BY_ID,1
D:\Project\todo-application-jsp-servlet-jdbc-mysql-master\todo-application-jsp-servlet-jdbc-mysql-master\src\net\javaguides\todoapp\dao\TodoDaoImpl.java,net.javaguides.todoapp.dao.TodoDaoImpl,insertTodo/1[net.javaguides.todoapp.model.Todo],INSERT_TODOS_SQL,2
D:\Project\todo-application-jsp-servlet-jdbc-mysql-master\todo-application-jsp-servlet-jdbc-mysql-master\src\net\javaguides\todoapp\dao\TodoDaoImpl.java,net.javaguides.todoapp.dao.TodoDaoImpl,selectTodo/1[long],SELECT_TODO_BY_ID,1
D:\Project\todo-application-jsp-servlet-jdbc-mysql-master\todo-application-jsp-servlet-jdbc-mysql-master\src\net\javaguides\todoapp\utils\JDBCUtils.java,net.javaguides.todoapp.utils.JDBCUtils,getConnection/0,jdbcURL,1
D:\Project\todo-application-jsp-servlet-jdbc-mysql-master\todo-application-jsp-servlet-jdbc-mysql-master\src\net\javaguides\todoapp\utils\JDBCUtils.java,net.javaguides.todoapp.utils.JDBCUtils,getConnection/0,jdbcPassword,1
D:\Project\todo-application-jsp-servlet-jdbc-mysql-master\todo-application-jsp-servlet-jdbc-mysql-master\src\net\javaguides\todoapp\utils\JDBCUtils.java,net.javaguides.todoapp.utils.JDBCUtils,getConnection/0,jdbcUsername,1
D:\Project\todo-application-jsp-servlet-jdbc-mysql-master\todo-application-jsp-servlet-jdbc-mysql-master\src\net\javaguides\todoapp\web\LoginController.java,net.javaguides.todoapp.web.LoginController,init/0,loginDao,1
D:\Project\todo-application-jsp-servlet-jdbc-mysql-master\todo-application-jsp-servlet-jdbc-mysql-master\src\net\javaguides\todoapp\web\LoginController.java,net.javaguides.todoapp.web.LoginController,"authenticate/2[net.javaguides.todoapp.web.HttpServletRequest,net.javaguides.todoapp.web.HttpServletResponse]",loginDao,1
D:\Project\todo-application-jsp-servlet-jdbc-mysql-master\todo-application-jsp-servlet-jdbc-mysql-master\src\net\javaguides\todoapp\web\TodoController.java,net.javaguides.todoapp.web.TodoController,"showEditForm/2[net.javaguides.todoapp.web.HttpServletRequest,net.javaguides.todoapp.web.HttpServletResponse]",todoDAO,1
D:\Project\todo-application-jsp-servlet-jdbc-mysql-master\todo-application-jsp-servlet-jdbc-mysql-master\src\net\javaguides\todoapp\web\TodoController.java,net.javaguides.todoapp.web.TodoController,"updateTodo/2[net.javaguides.todoapp.web.HttpServletRequest,net.javaguides.todoapp.web.HttpServletResponse]",todoDAO,1
D:\Project\todo-application-jsp-servlet-jdbc-mysql-master\todo-application-jsp-servlet-jdbc-mysql-master\src\net\javaguides\todoapp\web\TodoController.java,net.javaguides.todoapp.web.TodoController,"listTodo/2[net.javaguides.todoapp.web.HttpServletRequest,net.javaguides.todoapp.web.HttpServletResponse]",todoDAO,1
D:\Project\todo-application-jsp-servlet-jdbc-mysql-master\todo-application-jsp-servlet-jdbc-mysql-master\src\net\javaguides\todoapp\web\TodoController.java,net.javaguides.todoapp.web.TodoController,"insertTodo/2[net.javaguides.todoapp.web.HttpServletRequest,net.javaguides.todoapp.web.HttpServletResponse]",todoDAO,1
D:\Project\todo-application-jsp-servlet-jdbc-mysql-master\todo-application-jsp-servlet-jdbc-mysql-master\src\net\javaguides\todoapp\web\TodoController.java,net.javaguides.todoapp.web.TodoController,init/0,todoDAO,1
D:\Project\todo-application-jsp-servlet-jdbc-mysql-master\todo-application-jsp-servlet-jdbc-mysql-master\src\net\javaguides\todoapp\web\TodoController.java,net.javaguides.todoapp.web.TodoController,"deleteTodo/2[net.javaguides.todoapp.web.HttpServletRequest,net.javaguides.todoapp.web.HttpServletResponse]",todoDAO,1
D:\Project\todo-application-jsp-servlet-jdbc-mysql-master\todo-application-jsp-servlet-jdbc-mysql-master\src\net\javaguides\todoapp\web\UserController.java,net.javaguides.todoapp.web.UserController,init/0,userDao,1
D:\Project\todo-application-jsp-servlet-jdbc-mysql-master\todo-application-jsp-servlet-jdbc-mysql-master\src\net\javaguides\todoapp\web\UserController.java,net.javaguides.todoapp.web.UserController,"register/2[net.javaguides.todoapp.web.HttpServletRequest,net.javaguides.todoapp.web.HttpServletResponse]",userDao,1
D:\Project\todo-application-jsp-servlet-jdbc-mysql-master\todo-application-jsp-servlet-jdbc-mysql-master\src\net\javaguides\todoapp\model\LoginBean.java,net.javaguides.todoapp.model.LoginBean,getPassword/0,password,1
D:\Project\todo-application-jsp-servlet-jdbc-mysql-master\todo-application-jsp-servlet-jdbc-mysql-master\src\net\javaguides\todoapp\model\LoginBean.java,net.javaguides.todoapp.model.LoginBean,setUsername/1[java.lang.String],username,3
D:\Project\todo-application-jsp-servlet-jdbc-mysql-master\todo-application-jsp-servlet-jdbc-mysql-master\src\net\javaguides\todoapp\model\LoginBean.java,net.javaguides.todoapp.model.LoginBean,setPassword/1[java.lang.String],password,3
D:\Project\todo-application-jsp-servlet-jdbc-mysql-master\todo-application-jsp-servlet-jdbc-mysql-master\src\net\javaguides\todoapp\model\LoginBean.java,net.javaguides.todoapp.model.LoginBean,getUsername/0,username,1
