file,class,method,constructor,line,cbo,cboModified,fanin,fanout,wmc,rfc,loc,returnsQty,variablesQty,parametersQty,methodsInvokedQty,methodsInvokedLocalQty,methodsInvokedIndirectLocalQty,loopQty,comparisonsQty,tryCatchQty,parenthesizedExpsQty,stringLiteralsQty,numbersQty,assignmentsQty,mathOperationsQty,maxNestedBlocksQty,anonymousClassesQty,innerClassesQty,lambdasQty,uniqueWordsQty,modifiers,logStatementsQty,hasJavaDoc
D:\Project\todo-application-jsp-servlet-jdbc-mysql-master\todo-application-jsp-servlet-jdbc-mysql-master\src\net\javaguides\todoapp\model\Todo.java,net.javaguides.todoapp.model.Todo,setTitle/1[java.lang.String],false,56,0,0,0,0,1,0,3,0,0,1,0,0,0,0,0,0,0,0,0,1,0,0,0,0,0,3,1,0,false
D:\Project\todo-application-jsp-servlet-jdbc-mysql-master\todo-application-jsp-servlet-jdbc-mysql-master\src\net\javaguides\todoapp\model\Todo.java,net.javaguides.todoapp.model.Todo,setTargetDate/1[java.time.LocalDate],false,80,0,0,0,0,1,0,3,0,0,1,0,0,0,0,0,0,0,0,0,1,0,0,0,0,0,5,1,0,false
D:\Project\todo-application-jsp-servlet-jdbc-mysql-master\todo-application-jsp-servlet-jdbc-mysql-master\src\net\javaguides\todoapp\model\Todo.java,net.javaguides.todoapp.model.Todo,Todo/0,true,21,0,0,0,0,1,0,2,0,0,0,0,0,0,0,0,0,0,0,0,0,0,0,0,0,0,1,4,0,false
D:\Project\todo-application-jsp-servlet-jdbc-mysql-master\todo-application-jsp-servlet-jdbc-mysql-master\src\net\javaguides\todoapp\model\Todo.java,net.javaguides.todoapp.model.Todo,setDescription/1[java.lang.String],false,72,0,0,0,0,1,0,3,0,0,1,0,0,0,0,0,0,0,0,0,1,0,0,0,0,0,3,1,0,false
D:\Project\todo-application-jsp-servlet-jdbc-mysql-master\todo-application-jsp-servlet-jdbc-mysql-master\src\net\javaguides\todoapp\model\Todo.java,net.javaguides.todoapp.model.Todo,getId/0,false,44,0,1,1,0,1,0,3,1,0,0,0,0,0,0,0,0,0,0,0,0,0,0,0,0,0,4,1,0,false
D:\Project\todo-application-jsp-servlet-jdbc-mysql-master\todo-application-jsp-servlet-jdbc-mysql-master\src\net\javaguides\todoapp\model\Todo.java,net.javaguides.todoapp.model.Todo,getStatus/0,false,84,0,2,2,0,1,0,3,1,0,0,0,0,0,0,0,0,0,0,0,0,0,0,0,0,0,3,1,0,false
D:\Project\todo-application-jsp-servlet-jdbc-mysql-master\todo-application-jsp-servlet-jdbc-mysql-master\src\net\javaguides\todoapp\model\Todo.java,net.javaguides.todoapp.model.Todo,setId/1[java.lang.Long],false,48,0,0,0,0,1,0,3,0,0,1,0,0,0,0,0,0,0,0,0,1,0,0,0,0,0,4,1,0,false
D:\Project\todo-application-jsp-servlet-jdbc-mysql-master\todo-application-jsp-servlet-jdbc-mysql-master\src\net\javaguides\todoapp\model\Todo.java,net.javaguides.todoapp.model.Todo,hashCode/0,false,93,0,0,0,0,1,0,6,1,2,0,0,0,0,0,0,0,2,0,3,3,3,0,0,0,0,5,1,0,false
D:\Project\todo-application-jsp-servlet-jdbc-mysql-master\todo-application-jsp-servlet-jdbc-mysql-master\src\net\javaguides\todoapp\model\Todo.java,net.javaguides.todoapp.model.Todo,getTargetDate/0,false,76,0,2,2,0,1,0,3,1,0,0,0,0,0,0,0,0,0,0,0,0,0,0,0,0,0,5,1,0,false
D:\Project\todo-application-jsp-servlet-jdbc-mysql-master\todo-application-jsp-servlet-jdbc-mysql-master\src\net\javaguides\todoapp\model\Todo.java,net.javaguides.todoapp.model.Todo,getTitle/0,false,52,0,2,2,0,1,0,3,1,0,0,0,0,0,0,0,0,0,0,0,0,0,0,0,0,0,3,1,0,false
D:\Project\todo-application-jsp-servlet-jdbc-mysql-master\todo-application-jsp-servlet-jdbc-mysql-master\src\net\javaguides\todoapp\model\Todo.java,net.javaguides.todoapp.model.Todo,getUsername/0,false,60,0,2,2,0,1,0,3,1,0,0,0,0,0,0,0,0,0,0,0,0,0,0,0,0,0,3,1,0,false
D:\Project\todo-application-jsp-servlet-jdbc-mysql-master\todo-application-jsp-servlet-jdbc-mysql-master\src\net\javaguides\todoapp\model\Todo.java,net.javaguides.todoapp.model.Todo,equals/1[java.lang.Object],false,101,1,0,0,0,5,1,8,5,1,1,1,0,0,0,4,0,0,0,0,1,0,1,0,0,0,11,1,0,false
D:\Project\todo-application-jsp-servlet-jdbc-mysql-master\todo-application-jsp-servlet-jdbc-mysql-master\src\net\javaguides\todoapp\model\Todo.java,net.javaguides.todoapp.model.Todo,"Todo/6[long,java.lang.String,java.lang.String,java.lang.String,java.time.LocalDate,boolean]",true,25,0,3,3,0,1,0,9,0,0,6,0,0,0,0,0,0,0,0,0,6,0,0,0,0,0,9,1,0,false
D:\Project\todo-application-jsp-servlet-jdbc-mysql-master\todo-application-jsp-servlet-jdbc-mysql-master\src\net\javaguides\todoapp\model\Todo.java,net.javaguides.todoapp.model.Todo,"Todo/5[java.lang.String,java.lang.String,java.lang.String,java.time.LocalDate,boolean]",true,35,0,1,1,0,1,0,8,0,0,5,0,0,0,0,0,0,0,0,0,5,0,0,0,0,0,8,1,0,false
D:\Project\todo-application-jsp-servlet-jdbc-mysql-master\todo-application-jsp-servlet-jdbc-mysql-master\src\net\javaguides\todoapp\model\Todo.java,net.javaguides.todoapp.model.Todo,getDescription/0,false,68,0,2,2,0,1,0,3,1,0,0,0,0,0,0,0,0,0,0,0,0,0,0,0,0,0,3,1,0,false
D:\Project\todo-application-jsp-servlet-jdbc-mysql-master\todo-application-jsp-servlet-jdbc-mysql-master\src\net\javaguides\todoapp\model\Todo.java,net.javaguides.todoapp.model.Todo,setStatus/1[boolean],false,88,0,0,0,0,1,0,3,0,0,1,0,0,0,0,0,0,0,0,0,1,0,0,0,0,0,3,1,0,false
D:\Project\todo-application-jsp-servlet-jdbc-mysql-master\todo-application-jsp-servlet-jdbc-mysql-master\src\net\javaguides\todoapp\model\Todo.java,net.javaguides.todoapp.model.Todo,setUsername/1[java.lang.String],false,64,0,0,0,0,1,0,3,0,0,1,0,0,0,0,0,0,0,0,0,1,0,0,0,0,0,3,1,0,false
D:\Project\todo-application-jsp-servlet-jdbc-mysql-master\todo-application-jsp-servlet-jdbc-mysql-master\src\net\javaguides\todoapp\dao\UserDao.java,net.javaguides.todoapp.dao.UserDao,registerEmployee/1[net.javaguides.todoapp.model.User],false,12,2,7,1,6,2,10,16,1,4,1,10,0,0,0,0,1,0,3,5,5,1,1,0,0,0,29,1,0,false
D:\Project\todo-application-jsp-servlet-jdbc-mysql-master\todo-application-jsp-servlet-jdbc-mysql-master\src\net\javaguides\todoapp\model\User.java,net.javaguides.todoapp.model.User,getPassword/0,false,33,0,1,1,0,1,0,3,1,0,0,0,0,0,0,0,0,0,0,0,0,0,0,0,0,0,3,1,0,false
D:\Project\todo-application-jsp-servlet-jdbc-mysql-master\todo-application-jsp-servlet-jdbc-mysql-master\src\net\javaguides\todoapp\model\User.java,net.javaguides.todoapp.model.User,getFirstName/0,false,15,0,1,1,0,1,0,3,1,0,0,0,0,0,0,0,0,0,0,0,0,0,0,0,0,0,4,1,0,false
D:\Project\todo-application-jsp-servlet-jdbc-mysql-master\todo-application-jsp-servlet-jdbc-mysql-master\src\net\javaguides\todoapp\model\User.java,net.javaguides.todoapp.model.User,setFirstName/1[java.lang.String],false,18,0,1,1,0,1,0,3,0,0,1,0,0,0,0,0,0,0,0,0,1,0,0,0,0,0,4,1,0,false
D:\Project\todo-application-jsp-servlet-jdbc-mysql-master\todo-application-jsp-servlet-jdbc-mysql-master\src\net\javaguides\todoapp\model\User.java,net.javaguides.todoapp.model.User,getLastName/0,false,21,0,1,1,0,1,0,3,1,0,0,0,0,0,0,0,0,0,0,0,0,0,0,0,0,0,4,1,0,false
D:\Project\todo-application-jsp-servlet-jdbc-mysql-master\todo-application-jsp-servlet-jdbc-mysql-master\src\net\javaguides\todoapp\model\User.java,net.javaguides.todoapp.model.User,setUsername/1[java.lang.String],false,30,0,1,1,0,1,0,3,0,0,1,0,0,0,0,0,0,0,0,0,1,0,0,0,0,0,3,1,0,false
D:\Project\todo-application-jsp-servlet-jdbc-mysql-master\todo-application-jsp-servlet-jdbc-mysql-master\src\net\javaguides\todoapp\model\User.java,net.javaguides.todoapp.model.User,setPassword/1[java.lang.String],false,36,0,1,1,0,1,0,3,0,0,1,0,0,0,0,0,0,0,0,0,1,0,0,0,0,0,3,1,0,false
D:\Project\todo-application-jsp-servlet-jdbc-mysql-master\todo-application-jsp-servlet-jdbc-mysql-master\src\net\javaguides\todoapp\model\User.java,net.javaguides.todoapp.model.User,setLastName/1[java.lang.String],false,24,0,1,1,0,1,0,3,0,0,1,0,0,0,0,0,0,0,0,0,1,0,0,0,0,0,4,1,0,false
D:\Project\todo-application-jsp-servlet-jdbc-mysql-master\todo-application-jsp-servlet-jdbc-mysql-master\src\net\javaguides\todoapp\model\User.java,net.javaguides.todoapp.model.User,getUsername/0,false,27,0,1,1,0,1,0,3,1,0,0,0,0,0,0,0,0,0,0,0,0,0,0,0,0,0,3,1,0,false
D:\Project\todo-application-jsp-servlet-jdbc-mysql-master\todo-application-jsp-servlet-jdbc-mysql-master\src\net\javaguides\todoapp\dao\TodoDao.java,net.javaguides.todoapp.dao.TodoDao,insertTodo/1[net.javaguides.todoapp.model.Todo],false,10,1,1,1,0,1,0,1,0,0,1,0,0,0,0,0,0,0,0,0,0,0,0,0,0,0,7,0,0,false
D:\Project\todo-application-jsp-servlet-jdbc-mysql-master\todo-application-jsp-servlet-jdbc-mysql-master\src\net\javaguides\todoapp\dao\TodoDao.java,net.javaguides.todoapp.dao.TodoDao,deleteTodo/1[int],false,16,0,1,1,0,1,0,1,0,0,1,0,0,0,0,0,0,0,0,0,0,0,0,0,0,0,7,0,0,false
D:\Project\todo-application-jsp-servlet-jdbc-mysql-master\todo-application-jsp-servlet-jdbc-mysql-master\src\net\javaguides\todoapp\dao\TodoDao.java,net.javaguides.todoapp.dao.TodoDao,updateTodo/1[net.javaguides.todoapp.model.Todo],false,18,1,1,1,0,1,0,1,0,0,1,0,0,0,0,0,0,0,0,0,0,0,0,0,0,0,7,0,0,false
D:\Project\todo-application-jsp-servlet-jdbc-mysql-master\todo-application-jsp-servlet-jdbc-mysql-master\src\net\javaguides\todoapp\dao\TodoDao.java,net.javaguides.todoapp.dao.TodoDao,selectTodo/1[long],false,12,1,1,1,0,1,0,1,0,0,1,0,0,0,0,0,0,0,0,0,0,0,0,0,0,0,4,0,0,false
D:\Project\todo-application-jsp-servlet-jdbc-mysql-master\todo-application-jsp-servlet-jdbc-mysql-master\src\net\javaguides\todoapp\dao\TodoDao.java,net.javaguides.todoapp.dao.TodoDao,selectAllTodos/0,false,14,1,1,1,0,1,0,1,0,0,0,0,0,0,0,0,0,0,0,0,0,0,0,0,0,0,3,0,0,false
D:\Project\todo-application-jsp-servlet-jdbc-mysql-master\todo-application-jsp-servlet-jdbc-mysql-master\src\net\javaguides\todoapp\dao\TodoDaoImpl.java,net.javaguides.todoapp.dao.TodoDaoImpl,updateTodo/1[net.javaguides.todoapp.model.Todo],false,124,2,8,0,8,2,14,13,1,3,1,14,0,0,0,0,1,0,0,7,3,0,1,0,0,0,22,1,0,false
D:\Project\todo-application-jsp-servlet-jdbc-mysql-master\todo-application-jsp-servlet-jdbc-mysql-master\src\net\javaguides\todoapp\dao\TodoDaoImpl.java,net.javaguides.todoapp.dao.TodoDaoImpl,selectAllTodos/0,false,82,2,3,0,3,3,12,20,1,10,0,12,0,0,1,0,1,0,6,0,10,0,2,0,0,0,34,1,0,false
D:\Project\todo-application-jsp-servlet-jdbc-mysql-master\todo-application-jsp-servlet-jdbc-mysql-master\src\net\javaguides\todoapp\dao\TodoDaoImpl.java,net.javaguides.todoapp.dao.TodoDaoImpl,deleteTodo/1[int],false,113,1,1,0,1,2,4,8,1,3,1,4,0,0,0,0,1,0,0,2,3,0,1,0,0,0,22,1,0,false
D:\Project\todo-application-jsp-servlet-jdbc-mysql-master\todo-application-jsp-servlet-jdbc-mysql-master\src\net\javaguides\todoapp\dao\TodoDaoImpl.java,net.javaguides.todoapp.dao.TodoDaoImpl,insertTodo/1[net.javaguides.todoapp.model.Todo],false,36,2,8,0,8,2,15,15,0,2,1,15,0,0,0,0,1,0,0,5,2,0,1,0,0,0,21,1,0,false
D:\Project\todo-application-jsp-servlet-jdbc-mysql-master\todo-application-jsp-servlet-jdbc-mysql-master\src\net\javaguides\todoapp\dao\TodoDaoImpl.java,net.javaguides.todoapp.dao.TodoDaoImpl,selectTodo/1[long],false,54,2,3,0,3,3,12,21,1,10,1,12,0,0,1,0,1,0,6,1,11,0,2,0,0,0,36,1,0,false
D:\Project\todo-application-jsp-servlet-jdbc-mysql-master\todo-application-jsp-servlet-jdbc-mysql-master\src\net\javaguides\todoapp\dao\TodoDaoImpl.java,net.javaguides.todoapp.dao.TodoDaoImpl,TodoDaoImpl/0,true,32,0,1,1,0,1,0,2,0,0,0,0,0,0,0,0,0,0,0,0,0,0,0,0,0,0,3,1,0,false
D:\Project\todo-application-jsp-servlet-jdbc-mysql-master\todo-application-jsp-servlet-jdbc-mysql-master\src\net\javaguides\todoapp\utils\JDBCUtils.java,net.javaguides.todoapp.utils.JDBCUtils,printSQLException/1[java.sql.SQLException],false,30,0,5,5,0,4,6,15,0,1,1,6,0,0,2,1,0,2,4,0,2,4,3,0,0,0,10,9,0,false
D:\Project\todo-application-jsp-servlet-jdbc-mysql-master\todo-application-jsp-servlet-jdbc-mysql-master\src\net\javaguides\todoapp\utils\JDBCUtils.java,net.javaguides.todoapp.utils.JDBCUtils,getConnection/0,false,15,0,7,7,0,3,3,14,1,1,0,3,0,0,0,0,1,0,1,0,2,0,1,0,0,0,12,9,0,false
D:\Project\todo-application-jsp-servlet-jdbc-mysql-master\todo-application-jsp-servlet-jdbc-mysql-master\src\net\javaguides\todoapp\utils\JDBCUtils.java,net.javaguides.todoapp.utils.JDBCUtils,getUtilDate/1[java.sql.Date],false,50,0,0,0,0,1,1,3,1,0,1,1,0,0,0,0,0,0,0,0,0,0,0,0,0,0,5,9,0,false
D:\Project\todo-application-jsp-servlet-jdbc-mysql-master\todo-application-jsp-servlet-jdbc-mysql-master\src\net\javaguides\todoapp\utils\JDBCUtils.java,net.javaguides.todoapp.utils.JDBCUtils,getSQLDate/1[java.time.LocalDate],false,46,0,2,2,0,1,1,3,1,0,1,1,0,0,0,0,0,0,0,0,0,0,0,0,0,0,7,9,0,false
D:\Project\todo-application-jsp-servlet-jdbc-mysql-master\todo-application-jsp-servlet-jdbc-mysql-master\src\net\javaguides\todoapp\web\LoginController.java,net.javaguides.todoapp.web.LoginController,init/0,false,25,1,1,0,1,1,0,3,0,0,0,0,0,0,0,0,0,0,0,0,1,0,0,0,0,0,4,1,0,false
D:\Project\todo-application-jsp-servlet-jdbc-mysql-master\todo-application-jsp-servlet-jdbc-mysql-master\src\net\javaguides\todoapp\web\LoginController.java,net.javaguides.todoapp.web.LoginController,"authenticate/2[net.javaguides.todoapp.web.HttpServletRequest,net.javaguides.todoapp.web.HttpServletResponse]",false,39,6,5,1,4,3,8,19,0,5,2,8,0,0,0,0,1,0,3,0,5,0,2,0,0,0,20,2,0,false
D:\Project\todo-application-jsp-servlet-jdbc-mysql-master\todo-application-jsp-servlet-jdbc-mysql-master\src\net\javaguides\todoapp\web\LoginController.java,net.javaguides.todoapp.web.LoginController,"doPost/2[net.javaguides.todoapp.web.HttpServletRequest,net.javaguides.todoapp.web.HttpServletResponse]",false,35,3,1,0,1,1,1,3,0,0,2,1,1,1,0,0,0,0,0,0,0,0,0,0,0,0,10,4,0,false
D:\Project\todo-application-jsp-servlet-jdbc-mysql-master\todo-application-jsp-servlet-jdbc-mysql-master\src\net\javaguides\todoapp\web\LoginController.java,net.javaguides.todoapp.web.LoginController,"doGet/2[net.javaguides.todoapp.web.HttpServletRequest,net.javaguides.todoapp.web.HttpServletResponse]",false,30,2,0,0,0,1,1,3,0,0,2,1,0,0,0,0,0,0,1,0,0,0,0,0,0,0,9,4,0,false
D:\Project\todo-application-jsp-servlet-jdbc-mysql-master\todo-application-jsp-servlet-jdbc-mysql-master\src\net\javaguides\todoapp\dao\LoginDao.java,net.javaguides.todoapp.dao.LoginDao,validate/1[net.javaguides.todoapp.model.LoginBean],false,13,2,5,1,4,2,10,15,1,4,1,10,0,0,0,0,1,0,2,2,5,0,1,0,0,0,28,1,0,false
D:\Project\todo-application-jsp-servlet-jdbc-mysql-master\todo-application-jsp-servlet-jdbc-mysql-master\src\net\javaguides\todoapp\web\TodoController.java,net.javaguides.todoapp.web.TodoController,"showEditForm/2[net.javaguides.todoapp.web.HttpServletRequest,net.javaguides.todoapp.web.HttpServletResponse]",false,89,5,2,1,1,1,6,7,0,3,2,6,0,0,0,0,0,0,3,0,3,0,0,0,0,0,16,2,0,false
D:\Project\todo-application-jsp-servlet-jdbc-mysql-master\todo-application-jsp-servlet-jdbc-mysql-master\src\net\javaguides\todoapp\web\TodoController.java,net.javaguides.todoapp.web.TodoController,"showNewForm/2[net.javaguides.todoapp.web.HttpServletRequest,net.javaguides.todoapp.web.HttpServletResponse]",false,83,3,1,1,0,1,2,4,0,1,2,2,0,0,0,0,0,0,1,0,1,0,0,0,0,0,13,2,0,false
D:\Project\todo-application-jsp-servlet-jdbc-mysql-master\todo-application-jsp-servlet-jdbc-mysql-master\src\net\javaguides\todoapp\web\TodoController.java,net.javaguides.todoapp.web.TodoController,"updateTodo/2[net.javaguides.todoapp.web.HttpServletRequest,net.javaguides.todoapp.web.HttpServletResponse]",false,113,4,3,1,2,1,6,11,0,7,2,6,0,0,0,0,0,0,7,0,7,0,0,0,0,0,18,2,0,false
D:\Project\todo-application-jsp-servlet-jdbc-mysql-master\todo-application-jsp-servlet-jdbc-mysql-master\src\net\javaguides\todoapp\web\TodoController.java,net.javaguides.todoapp.web.TodoController,"listTodo/2[net.javaguides.todoapp.web.HttpServletRequest,net.javaguides.todoapp.web.HttpServletResponse]",false,75,5,2,1,1,1,4,6,0,2,2,4,0,0,0,0,0,0,2,0,2,0,0,0,0,0,10,2,0,false
D:\Project\todo-application-jsp-servlet-jdbc-mysql-master\todo-application-jsp-servlet-jdbc-mysql-master\src\net\javaguides\todoapp\web\TodoController.java,net.javaguides.todoapp.web.TodoController,"insertTodo/2[net.javaguides.todoapp.web.HttpServletRequest,net.javaguides.todoapp.web.HttpServletResponse]",false,98,4,3,1,2,1,5,9,0,5,2,5,0,0,0,0,0,0,5,0,5,0,0,0,0,0,15,2,0,false
D:\Project\todo-application-jsp-servlet-jdbc-mysql-master\todo-application-jsp-servlet-jdbc-mysql-master\src\net\javaguides\todoapp\web\TodoController.java,net.javaguides.todoapp.web.TodoController,"doGet/2[net.javaguides.todoapp.web.HttpServletRequest,net.javaguides.todoapp.web.HttpServletResponse]",false,41,5,7,1,6,8,9,32,0,2,2,9,6,1,0,0,1,0,7,0,2,0,2,0,0,0,25,4,0,false
D:\Project\todo-application-jsp-servlet-jdbc-mysql-master\todo-application-jsp-servlet-jdbc-mysql-master\src\net\javaguides\todoapp\web\TodoController.java,net.javaguides.todoapp.web.TodoController,"doPost/2[net.javaguides.todoapp.web.HttpServletRequest,net.javaguides.todoapp.web.HttpServletResponse]",false,36,3,1,0,1,1,1,3,0,0,2,1,1,2,0,0,0,0,0,0,0,0,0,0,0,0,10,4,0,false
D:\Project\todo-application-jsp-servlet-jdbc-mysql-master\todo-application-jsp-servlet-jdbc-mysql-master\src\net\javaguides\todoapp\web\TodoController.java,net.javaguides.todoapp.web.TodoController,init/0,false,31,1,1,0,1,1,0,3,0,0,0,0,0,0,0,0,0,0,0,0,1,0,0,0,0,0,8,1,0,false
D:\Project\todo-application-jsp-servlet-jdbc-mysql-master\todo-application-jsp-servlet-jdbc-mysql-master\src\net\javaguides\todoapp\web\TodoController.java,net.javaguides.todoapp.web.TodoController,"deleteTodo/2[net.javaguides.todoapp.web.HttpServletRequest,net.javaguides.todoapp.web.HttpServletResponse]",false,130,3,2,1,1,1,4,5,0,1,2,4,0,0,0,0,0,0,2,0,1,0,0,0,0,0,10,2,0,false
D:\Project\todo-application-jsp-servlet-jdbc-mysql-master\todo-application-jsp-servlet-jdbc-mysql-master\src\net\javaguides\todoapp\web\UserController.java,net.javaguides.todoapp.web.UserController,"doGet/2[net.javaguides.todoapp.web.HttpServletRequest,net.javaguides.todoapp.web.HttpServletResponse]",false,34,2,0,0,0,1,1,3,0,0,2,1,0,0,0,0,0,0,1,0,0,0,0,0,0,0,9,4,0,false
D:\Project\todo-application-jsp-servlet-jdbc-mysql-master\todo-application-jsp-servlet-jdbc-mysql-master\src\net\javaguides\todoapp\web\UserController.java,net.javaguides.todoapp.web.UserController,"doPost/2[net.javaguides.todoapp.web.HttpServletRequest,net.javaguides.todoapp.web.HttpServletResponse]",false,29,3,1,0,1,1,1,3,0,0,2,1,1,1,0,0,0,0,0,0,0,0,0,0,0,0,10,4,0,false
D:\Project\todo-application-jsp-servlet-jdbc-mysql-master\todo-application-jsp-servlet-jdbc-mysql-master\src\net\javaguides\todoapp\web\UserController.java,net.javaguides.todoapp.web.UserController,init/0,false,24,1,1,0,1,1,0,3,0,0,0,0,0,0,0,0,0,0,0,0,1,0,0,0,0,0,4,1,0,false
D:\Project\todo-application-jsp-servlet-jdbc-mysql-master\todo-application-jsp-servlet-jdbc-mysql-master\src\net\javaguides\todoapp\web\UserController.java,net.javaguides.todoapp.web.UserController,"register/2[net.javaguides.todoapp.web.HttpServletRequest,net.javaguides.todoapp.web.HttpServletResponse]",false,38,5,7,1,6,3,10,22,0,7,2,10,0,0,0,1,1,0,7,1,7,0,2,0,0,0,19,2,0,false
D:\Project\todo-application-jsp-servlet-jdbc-mysql-master\todo-application-jsp-servlet-jdbc-mysql-master\src\net\javaguides\todoapp\model\LoginBean.java,net.javaguides.todoapp.model.LoginBean,getPassword/0,false,18,0,1,1,0,1,0,3,1,0,0,0,0,0,0,0,0,0,0,0,0,0,0,0,0,0,3,1,0,false
D:\Project\todo-application-jsp-servlet-jdbc-mysql-master\todo-application-jsp-servlet-jdbc-mysql-master\src\net\javaguides\todoapp\model\LoginBean.java,net.javaguides.todoapp.model.LoginBean,setUsername/1[java.lang.String],false,14,0,1,1,0,1,0,3,0,0,1,0,0,0,0,0,0,0,0,0,1,0,0,0,0,0,3,1,0,false
D:\Project\todo-application-jsp-servlet-jdbc-mysql-master\todo-application-jsp-servlet-jdbc-mysql-master\src\net\javaguides\todoapp\model\LoginBean.java,net.javaguides.todoapp.model.LoginBean,setPassword/1[java.lang.String],false,22,0,1,1,0,1,0,3,0,0,1,0,0,0,0,0,0,0,0,0,1,0,0,0,0,0,3,1,0,false
D:\Project\todo-application-jsp-servlet-jdbc-mysql-master\todo-application-jsp-servlet-jdbc-mysql-master\src\net\javaguides\todoapp\model\LoginBean.java,net.javaguides.todoapp.model.LoginBean,getUsername/0,false,10,0,1,1,0,1,0,3,1,0,0,0,0,0,0,0,0,0,0,0,0,0,0,0,0,0,3,1,0,false
