file,class,type,cbo,cboModified,fanin,fanout,wmc,dit,noc,rfc,lcom,lcom*,tcc,lcc,totalMethodsQty,staticMethodsQty,publicMethodsQty,privateMethodsQty,protectedMethodsQty,defaultMethodsQty,visibleMethodsQty,abstractMethodsQty,finalMethodsQty,synchronizedMethodsQty,totalFieldsQty,staticFieldsQty,publicFieldsQty,privateFieldsQty,protectedFieldsQty,defaultFieldsQty,finalFieldsQty,synchronizedFieldsQty,nosi,loc,returnQty,loopQty,comparisonsQty,tryCatchQty,parenthesizedExpsQty,stringLiteralsQty,numbersQty,assignmentsQty,mathOperationsQty,variablesQty,maxNestedBlocksQty,anonymousClassesQty,innerClassesQty,lambdasQty,uniqueWordsQty,modifiers,logStatementsQty
D:\Project\monayMortgageAlgo-master\monayMortgageAlgo-master\target\scala-2.10\src_managed\main\controllers\routes.java,controllers.routes,class,4,4,0,4,0,1,0,0,0,NaN,-1.0,-1.0,0,0,0,0,0,0,0,0,0,0,4,4,4,0,0,0,4,0,0,18,0,0,0,0,0,0,0,4,0,4,0,0,2,0,5,1,0
D:\Project\monayMortgageAlgo-master\monayMortgageAlgo-master\test\CheckConfirmingTest.java,CheckConfirmingTest,class,4,4,0,4,2,1,0,6,1,0.0,0.0,0.0,2,0,2,0,0,0,2,0,0,0,0,0,0,0,0,0,0,0,1,15,0,0,0,0,0,7,0,5,1,4,0,0,0,0,38,1,0
D:\Project\monayMortgageAlgo-master\monayMortgageAlgo-master\test\IntegrationTest.java,IntegrationTest$Anonymous1,anonymous,1,1,0,1,1,1,0,4,0,0.0,NaN,NaN,1,0,1,0,0,0,1,0,0,0,0,0,0,0,0,0,0,0,0,6,0,0,0,0,0,2,0,0,0,0,0,0,0,0,8,-1,0
D:\Project\monayMortgageAlgo-master\monayMortgageAlgo-master\test\IntegrationTest.java,IntegrationTest,class,2,2,0,2,1,1,0,4,0,0.0,NaN,NaN,1,0,1,0,0,0,1,0,0,0,0,0,0,0,0,0,0,0,0,11,0,0,0,0,0,0,1,0,0,0,0,1,0,0,22,1,0
D:\Project\monayMortgageAlgo-master\monayMortgageAlgo-master\target\scala-2.10\src_managed\main\controllers\routes.java,controllers.routes$ref,innerclass,5,5,0,5,0,1,0,0,0,NaN,-1.0,-1.0,0,0,0,0,0,0,0,0,0,0,4,4,4,0,0,0,4,0,0,6,0,0,0,0,0,0,0,4,0,4,0,0,0,0,5,9,0
D:\Project\monayMortgageAlgo-master\monayMortgageAlgo-master\target\scala-2.10\src_managed\main\controllers\routes.java,controllers.routes$javascript,innerclass,5,5,0,5,0,1,0,0,0,NaN,-1.0,-1.0,0,0,0,0,0,0,0,0,0,0,4,4,4,0,0,0,4,0,0,6,0,0,0,0,0,0,0,4,0,4,0,0,0,0,5,9,0
D:\Project\monayMortgageAlgo-master\monayMortgageAlgo-master\app\controllers\Application.java,controllers.Application,class,12,13,1,12,12,2,0,18,10,0.0,0.0,0.0,5,5,5,0,0,0,5,0,0,0,0,0,0,0,0,0,0,0,1,64,5,1,3,3,1,16,4,10,4,10,4,0,0,0,68,1,0
D:\Project\monayMortgageAlgo-master\monayMortgageAlgo-master\app\controllers\getter.java,controllers.getter,class,2,3,1,2,16,1,0,17,0,0.41666666,1.0,1.0,6,6,6,0,0,0,6,0,0,0,2,2,0,2,0,0,1,0,1,71,15,0,7,0,2,22,0,4,5,4,2,0,0,0,53,1,4
D:\Project\monayMortgageAlgo-master\monayMortgageAlgo-master\app\controllers\setter.java,controllers.setter,class,5,6,1,5,39,1,0,25,0,0.22222222,0.5833333,0.5833333,9,9,9,0,0,0,9,0,0,0,1,1,0,1,0,0,0,0,5,143,23,0,21,2,19,60,0,9,12,9,2,0,0,0,109,1,8
D:\Project\monayMortgageAlgo-master\monayMortgageAlgo-master\app\Entity\UserLogin.java,Entity.UserLogin,class,0,1,1,0,1,1,0,0,0,0.0,NaN,NaN,1,0,1,0,0,0,1,0,0,0,0,0,0,0,0,0,0,0,0,4,0,0,0,0,0,0,0,0,0,0,0,0,0,0,4,1,0
D:\Project\monayMortgageAlgo-master\monayMortgageAlgo-master\app\DB\getterDB.java,DB.getterDB,class,4,8,4,4,25,1,0,23,0,0.34285715,1.0,1.0,7,1,6,1,0,0,6,0,0,0,10,9,0,10,0,0,1,0,18,176,6,6,4,7,2,53,0,30,12,16,2,0,0,0,63,1,13
D:\Project\monayMortgageAlgo-master\monayMortgageAlgo-master\app\DB\setterDB.java,DB.setterDB,class,2,6,4,2,22,1,0,25,0,0.43055555,1.0,1.0,9,1,8,1,0,0,8,0,0,0,8,8,0,8,0,0,0,0,25,217,6,1,3,9,0,67,25,33,23,14,2,0,0,0,110,1,14
D:\Project\monayMortgageAlgo-master\monayMortgageAlgo-master\app\Entity\Gelt.java,Entity.Gelt,class,0,6,6,0,9,1,0,0,4,0.5555556,0.44444445,0.7777778,9,0,9,0,0,0,9,0,0,0,3,0,0,3,0,0,0,0,0,34,4,0,0,0,0,4,3,9,1,3,0,0,0,0,12,1,0
D:\Project\monayMortgageAlgo-master\monayMortgageAlgo-master\app\Entity\User.java,Entity.User,class,0,2,2,0,18,1,0,0,71,0.77777773,0.26797387,1.0,18,0,18,0,0,0,18,0,0,0,8,0,0,8,0,0,0,0,0,72,9,0,0,0,0,9,0,16,1,8,0,0,0,0,18,1,0
D:\Project\monayMortgageAlgo-master\monayMortgageAlgo-master\test\ApplicationTest.java,ApplicationTest,class,5,5,0,5,5,1,0,11,3,0.0,0.0,0.0,3,0,3,0,0,0,3,0,0,0,0,0,0,0,0,0,0,0,0,27,0,2,0,0,0,3,12,7,1,6,1,0,0,0,52,1,0
D:\Project\monayMortgageAlgo-master\monayMortgageAlgo-master\app\BL\getterBL.java,BL.getterBL,class,4,8,4,4,36,1,0,24,0,0.09090909,0.8181818,0.8181818,11,0,11,0,0,0,11,0,0,0,1,0,0,0,0,1,0,0,5,141,11,9,9,0,4,26,8,43,5,32,3,0,0,0,115,1,11
D:\Project\monayMortgageAlgo-master\monayMortgageAlgo-master\test\insertingTest.java,insertingTest,class,7,7,0,7,31,1,0,10,0,0.11111111,0.7777778,0.7777778,9,1,9,0,0,0,9,0,0,0,1,1,0,1,0,0,0,0,0,104,0,7,15,0,15,4,45,32,0,27,2,0,0,0,60,1,0
D:\Project\monayMortgageAlgo-master\monayMortgageAlgo-master\app\BL\setterBL.java,BL.setterBL,class,4,8,4,4,55,1,0,28,24,0.5,0.5833333,0.5833333,12,0,9,3,0,0,9,0,0,0,2,0,0,2,0,0,0,0,7,189,12,4,10,0,24,22,10,46,16,26,5,0,0,0,144,1,19
