file,class,method,variable,usage
D:\Project\monayMortgageAlgo-master\monayMortgageAlgo-master\app\controllers\getter.java,controllers.getter,getGelts/1[java.lang.String],getterBL,1
D:\Project\monayMortgageAlgo-master\monayMortgageAlgo-master\app\controllers\getter.java,controllers.getter,isUserNameAlreadyExist/1[java.lang.String],getterBL,1
D:\Project\monayMortgageAlgo-master\monayMortgageAlgo-master\app\controllers\getter.java,controllers.getter,checkIfUserIsDebter/1[java.lang.String],getterBL,1
D:\Project\monayMortgageAlgo-master\monayMortgageAlgo-master\app\controllers\getter.java,controllers.getter,checkIfUserIsDebter/1[java.lang.String],lock,3
D:\Project\monayMortgageAlgo-master\monayMortgageAlgo-master\app\controllers\getter.java,controllers.getter,isEmailAlreadyExist/1[java.lang.String],getterBL,1
D:\Project\monayMortgageAlgo-master\monayMortgageAlgo-master\app\controllers\getter.java,controllers.getter,getUsers/1[java.lang.String],getterBL,1
D:\Project\monayMortgageAlgo-master\monayMortgageAlgo-master\app\controllers\getter.java,controllers.getter,"isLoginPermited/2[java.lang.String,java.lang.String]",getterBL,1
D:\Project\monayMortgageAlgo-master\monayMortgageAlgo-master\app\controllers\setter.java,controllers.setter,"registerNewUser/7[java.lang.String,java.lang.String,java.lang.String,java.lang.String,java.lang.String,java.lang.String,java.lang.String]",setterBL,1
D:\Project\monayMortgageAlgo-master\monayMortgageAlgo-master\app\controllers\setter.java,controllers.setter,"notConfirm/3[java.lang.String,java.lang.String,java.lang.String]",setterBL,1
D:\Project\monayMortgageAlgo-master\monayMortgageAlgo-master\app\controllers\setter.java,controllers.setter,"newGelt/3[java.lang.String,java.lang.String,java.lang.String]",setterBL,1
D:\Project\monayMortgageAlgo-master\monayMortgageAlgo-master\app\controllers\setter.java,controllers.setter,"confirm/3[java.lang.String,java.lang.String,java.lang.String]",setterBL,1
D:\Project\monayMortgageAlgo-master\monayMortgageAlgo-master\app\controllers\setter.java,controllers.setter,updateProfilePicture/0,setterBL,1
D:\Project\monayMortgageAlgo-master\monayMortgageAlgo-master\app\controllers\setter.java,controllers.setter,updateProfilePicture/1[java.lang.String],setterBL,1
D:\Project\monayMortgageAlgo-master\monayMortgageAlgo-master\app\controllers\setter.java,controllers.setter,"pay/3[java.lang.String,java.lang.String,java.lang.String]",setterBL,1
D:\Project\monayMortgageAlgo-master\monayMortgageAlgo-master\app\DB\getterDB.java,DB.getterDB,close/0,preparedStatement,2
D:\Project\monayMortgageAlgo-master\monayMortgageAlgo-master\app\DB\getterDB.java,DB.getterDB,close/0,statement,2
D:\Project\monayMortgageAlgo-master\monayMortgageAlgo-master\app\DB\getterDB.java,DB.getterDB,close/0,resultSet,2
D:\Project\monayMortgageAlgo-master\monayMortgageAlgo-master\app\DB\getterDB.java,DB.getterDB,close/0,connect,2
D:\Project\monayMortgageAlgo-master\monayMortgageAlgo-master\app\DB\getterDB.java,DB.getterDB,getUserNames/0,DATA_BASE_PASSWORD_NAME,1
D:\Project\monayMortgageAlgo-master\monayMortgageAlgo-master\app\DB\getterDB.java,DB.getterDB,getUserNames/0,DATA_BASE_USER_NAME,1
D:\Project\monayMortgageAlgo-master\monayMortgageAlgo-master\app\DB\getterDB.java,DB.getterDB,getUserNames/0,preparedStatement,2
D:\Project\monayMortgageAlgo-master\monayMortgageAlgo-master\app\DB\getterDB.java,DB.getterDB,getUserNames/0,lock,3
D:\Project\monayMortgageAlgo-master\monayMortgageAlgo-master\app\DB\getterDB.java,DB.getterDB,getUserNames/0,TABLE_USERS_NAME,1
D:\Project\monayMortgageAlgo-master\monayMortgageAlgo-master\app\DB\getterDB.java,DB.getterDB,getUserNames/0,connect,2
D:\Project\monayMortgageAlgo-master\monayMortgageAlgo-master\app\DB\getterDB.java,DB.getterDB,getUserNames/0,resultSet,4
D:\Project\monayMortgageAlgo-master\monayMortgageAlgo-master\app\DB\getterDB.java,DB.getterDB,getUserLogins/0,DATA_BASE_PASSWORD_NAME,1
D:\Project\monayMortgageAlgo-master\monayMortgageAlgo-master\app\DB\getterDB.java,DB.getterDB,getUserLogins/0,DATA_BASE_USER_NAME,1
D:\Project\monayMortgageAlgo-master\monayMortgageAlgo-master\app\DB\getterDB.java,DB.getterDB,getUserLogins/0,preparedStatement,2
D:\Project\monayMortgageAlgo-master\monayMortgageAlgo-master\app\DB\getterDB.java,DB.getterDB,getUserLogins/0,lock,3
D:\Project\monayMortgageAlgo-master\monayMortgageAlgo-master\app\DB\getterDB.java,DB.getterDB,getUserLogins/0,TABLE_USERS_NAME,1
D:\Project\monayMortgageAlgo-master\monayMortgageAlgo-master\app\DB\getterDB.java,DB.getterDB,getUserLogins/0,connect,2
D:\Project\monayMortgageAlgo-master\monayMortgageAlgo-master\app\DB\getterDB.java,DB.getterDB,getUserLogins/0,resultSet,4
D:\Project\monayMortgageAlgo-master\monayMortgageAlgo-master\app\DB\getterDB.java,DB.getterDB,getGelts/0,DATA_BASE_PASSWORD_NAME,1
D:\Project\monayMortgageAlgo-master\monayMortgageAlgo-master\app\DB\getterDB.java,DB.getterDB,getGelts/0,DATA_BASE_USER_NAME,1
D:\Project\monayMortgageAlgo-master\monayMortgageAlgo-master\app\DB\getterDB.java,DB.getterDB,getGelts/0,preparedStatement,2
D:\Project\monayMortgageAlgo-master\monayMortgageAlgo-master\app\DB\getterDB.java,DB.getterDB,getGelts/0,TABLE_BANK_NAME,1
D:\Project\monayMortgageAlgo-master\monayMortgageAlgo-master\app\DB\getterDB.java,DB.getterDB,getGelts/0,lock,3
D:\Project\monayMortgageAlgo-master\monayMortgageAlgo-master\app\DB\getterDB.java,DB.getterDB,getGelts/0,connect,2
D:\Project\monayMortgageAlgo-master\monayMortgageAlgo-master\app\DB\getterDB.java,DB.getterDB,getGelts/0,resultSet,5
D:\Project\monayMortgageAlgo-master\monayMortgageAlgo-master\app\DB\getterDB.java,DB.getterDB,getTempGelts/0,DATA_BASE_PASSWORD_NAME,1
D:\Project\monayMortgageAlgo-master\monayMortgageAlgo-master\app\DB\getterDB.java,DB.getterDB,getTempGelts/0,DATA_BASE_USER_NAME,1
D:\Project\monayMortgageAlgo-master\monayMortgageAlgo-master\app\DB\getterDB.java,DB.getterDB,getTempGelts/0,preparedStatement,2
D:\Project\monayMortgageAlgo-master\monayMortgageAlgo-master\app\DB\getterDB.java,DB.getterDB,getTempGelts/0,lock,3
D:\Project\monayMortgageAlgo-master\monayMortgageAlgo-master\app\DB\getterDB.java,DB.getterDB,getTempGelts/0,TABLE_TEMP_DEBTS_NAME,1
D:\Project\monayMortgageAlgo-master\monayMortgageAlgo-master\app\DB\getterDB.java,DB.getterDB,getTempGelts/0,connect,2
D:\Project\monayMortgageAlgo-master\monayMortgageAlgo-master\app\DB\getterDB.java,DB.getterDB,getTempGelts/0,resultSet,5
D:\Project\monayMortgageAlgo-master\monayMortgageAlgo-master\app\DB\getterDB.java,DB.getterDB,getUsers/0,DATA_BASE_PASSWORD_NAME,1
D:\Project\monayMortgageAlgo-master\monayMortgageAlgo-master\app\DB\getterDB.java,DB.getterDB,getUsers/0,DATA_BASE_USER_NAME,1
D:\Project\monayMortgageAlgo-master\monayMortgageAlgo-master\app\DB\getterDB.java,DB.getterDB,getUsers/0,preparedStatement,2
D:\Project\monayMortgageAlgo-master\monayMortgageAlgo-master\app\DB\getterDB.java,DB.getterDB,getUsers/0,lock,3
D:\Project\monayMortgageAlgo-master\monayMortgageAlgo-master\app\DB\getterDB.java,DB.getterDB,getUsers/0,TABLE_USERS_NAME,1
D:\Project\monayMortgageAlgo-master\monayMortgageAlgo-master\app\DB\getterDB.java,DB.getterDB,getUsers/0,connect,2
D:\Project\monayMortgageAlgo-master\monayMortgageAlgo-master\app\DB\getterDB.java,DB.getterDB,getUsers/0,resultSet,10
D:\Project\monayMortgageAlgo-master\monayMortgageAlgo-master\app\DB\getterDB.java,DB.getterDB,getEmails/0,DATA_BASE_PASSWORD_NAME,1
D:\Project\monayMortgageAlgo-master\monayMortgageAlgo-master\app\DB\getterDB.java,DB.getterDB,getEmails/0,DATA_BASE_USER_NAME,1
D:\Project\monayMortgageAlgo-master\monayMortgageAlgo-master\app\DB\getterDB.java,DB.getterDB,getEmails/0,preparedStatement,2
D:\Project\monayMortgageAlgo-master\monayMortgageAlgo-master\app\DB\getterDB.java,DB.getterDB,getEmails/0,lock,3
D:\Project\monayMortgageAlgo-master\monayMortgageAlgo-master\app\DB\getterDB.java,DB.getterDB,getEmails/0,TABLE_USERS_NAME,1
D:\Project\monayMortgageAlgo-master\monayMortgageAlgo-master\app\DB\getterDB.java,DB.getterDB,getEmails/0,connect,2
D:\Project\monayMortgageAlgo-master\monayMortgageAlgo-master\app\DB\getterDB.java,DB.getterDB,getEmails/0,resultSet,3
D:\Project\monayMortgageAlgo-master\monayMortgageAlgo-master\app\DB\setterDB.java,DB.setterDB,deleteTable/1[java.lang.String],DATA_BASE_PASSWORD_NAME,1
D:\Project\monayMortgageAlgo-master\monayMortgageAlgo-master\app\DB\setterDB.java,DB.setterDB,deleteTable/1[java.lang.String],DATA_BASE_USER_NAME,1
D:\Project\monayMortgageAlgo-master\monayMortgageAlgo-master\app\DB\setterDB.java,DB.setterDB,deleteTable/1[java.lang.String],preparedStatement,2
D:\Project\monayMortgageAlgo-master\monayMortgageAlgo-master\app\DB\setterDB.java,DB.setterDB,deleteTable/1[java.lang.String],connect,2
D:\Project\monayMortgageAlgo-master\monayMortgageAlgo-master\app\DB\setterDB.java,DB.setterDB,commit/0,DATA_BASE_PASSWORD_NAME,1
D:\Project\monayMortgageAlgo-master\monayMortgageAlgo-master\app\DB\setterDB.java,DB.setterDB,commit/0,DATA_BASE_USER_NAME,1
D:\Project\monayMortgageAlgo-master\monayMortgageAlgo-master\app\DB\setterDB.java,DB.setterDB,commit/0,preparedStatement,2
D:\Project\monayMortgageAlgo-master\monayMortgageAlgo-master\app\DB\setterDB.java,DB.setterDB,commit/0,connect,2
D:\Project\monayMortgageAlgo-master\monayMortgageAlgo-master\app\DB\setterDB.java,DB.setterDB,"updateGelt/2[Entity.Gelt,Entity.Gelt]",DATA_BASE_PASSWORD_NAME,1
D:\Project\monayMortgageAlgo-master\monayMortgageAlgo-master\app\DB\setterDB.java,DB.setterDB,"updateGelt/2[Entity.Gelt,Entity.Gelt]",DATA_BASE_USER_NAME,1
D:\Project\monayMortgageAlgo-master\monayMortgageAlgo-master\app\DB\setterDB.java,DB.setterDB,"updateGelt/2[Entity.Gelt,Entity.Gelt]",preparedStatement,8
D:\Project\monayMortgageAlgo-master\monayMortgageAlgo-master\app\DB\setterDB.java,DB.setterDB,"updateGelt/2[Entity.Gelt,Entity.Gelt]",TABLE_BANK_NAME,1
D:\Project\monayMortgageAlgo-master\monayMortgageAlgo-master\app\DB\setterDB.java,DB.setterDB,"updateGelt/2[Entity.Gelt,Entity.Gelt]",connect,2
D:\Project\monayMortgageAlgo-master\monayMortgageAlgo-master\app\DB\setterDB.java,DB.setterDB,setTempGelt/1[Entity.Gelt],DATA_BASE_PASSWORD_NAME,1
D:\Project\monayMortgageAlgo-master\monayMortgageAlgo-master\app\DB\setterDB.java,DB.setterDB,setTempGelt/1[Entity.Gelt],DATA_BASE_USER_NAME,1
D:\Project\monayMortgageAlgo-master\monayMortgageAlgo-master\app\DB\setterDB.java,DB.setterDB,setTempGelt/1[Entity.Gelt],preparedStatement,5
D:\Project\monayMortgageAlgo-master\monayMortgageAlgo-master\app\DB\setterDB.java,DB.setterDB,setTempGelt/1[Entity.Gelt],TABLE_TEMP_DEBTS_NAME,1
D:\Project\monayMortgageAlgo-master\monayMortgageAlgo-master\app\DB\setterDB.java,DB.setterDB,setTempGelt/1[Entity.Gelt],connect,2
D:\Project\monayMortgageAlgo-master\monayMortgageAlgo-master\app\DB\setterDB.java,DB.setterDB,close/0,preparedStatement,2
D:\Project\monayMortgageAlgo-master\monayMortgageAlgo-master\app\DB\setterDB.java,DB.setterDB,close/0,resultSet,2
D:\Project\monayMortgageAlgo-master\monayMortgageAlgo-master\app\DB\setterDB.java,DB.setterDB,close/0,connect,2
D:\Project\monayMortgageAlgo-master\monayMortgageAlgo-master\app\DB\setterDB.java,DB.setterDB,"registerNewUser/7[java.lang.String,java.lang.String,java.lang.String,java.lang.String,java.lang.String,java.lang.String,java.sql.Date]",DATA_BASE_PASSWORD_NAME,1
D:\Project\monayMortgageAlgo-master\monayMortgageAlgo-master\app\DB\setterDB.java,DB.setterDB,"registerNewUser/7[java.lang.String,java.lang.String,java.lang.String,java.lang.String,java.lang.String,java.lang.String,java.sql.Date]",DATA_BASE_USER_NAME,1
D:\Project\monayMortgageAlgo-master\monayMortgageAlgo-master\app\DB\setterDB.java,DB.setterDB,"registerNewUser/7[java.lang.String,java.lang.String,java.lang.String,java.lang.String,java.lang.String,java.lang.String,java.sql.Date]",preparedStatement,9
D:\Project\monayMortgageAlgo-master\monayMortgageAlgo-master\app\DB\setterDB.java,DB.setterDB,"registerNewUser/7[java.lang.String,java.lang.String,java.lang.String,java.lang.String,java.lang.String,java.lang.String,java.sql.Date]",TABLE_USERS_NAME,1
D:\Project\monayMortgageAlgo-master\monayMortgageAlgo-master\app\DB\setterDB.java,DB.setterDB,"registerNewUser/7[java.lang.String,java.lang.String,java.lang.String,java.lang.String,java.lang.String,java.lang.String,java.sql.Date]",connect,2
D:\Project\monayMortgageAlgo-master\monayMortgageAlgo-master\app\DB\setterDB.java,DB.setterDB,setGelts/1[java.util.ArrayList<Entity.Gelt>],DATA_BASE_PASSWORD_NAME,1
D:\Project\monayMortgageAlgo-master\monayMortgageAlgo-master\app\DB\setterDB.java,DB.setterDB,setGelts/1[java.util.ArrayList<Entity.Gelt>],DATA_BASE_USER_NAME,1
D:\Project\monayMortgageAlgo-master\monayMortgageAlgo-master\app\DB\setterDB.java,DB.setterDB,setGelts/1[java.util.ArrayList<Entity.Gelt>],preparedStatement,5
D:\Project\monayMortgageAlgo-master\monayMortgageAlgo-master\app\DB\setterDB.java,DB.setterDB,setGelts/1[java.util.ArrayList<Entity.Gelt>],TABLE_BANK_NAME,1
D:\Project\monayMortgageAlgo-master\monayMortgageAlgo-master\app\DB\setterDB.java,DB.setterDB,setGelts/1[java.util.ArrayList<Entity.Gelt>],connect,2
D:\Project\monayMortgageAlgo-master\monayMortgageAlgo-master\app\DB\setterDB.java,DB.setterDB,deleteTempGelt/1[Entity.Gelt],DATA_BASE_PASSWORD_NAME,1
D:\Project\monayMortgageAlgo-master\monayMortgageAlgo-master\app\DB\setterDB.java,DB.setterDB,deleteTempGelt/1[Entity.Gelt],DATA_BASE_USER_NAME,1
D:\Project\monayMortgageAlgo-master\monayMortgageAlgo-master\app\DB\setterDB.java,DB.setterDB,deleteTempGelt/1[Entity.Gelt],preparedStatement,5
D:\Project\monayMortgageAlgo-master\monayMortgageAlgo-master\app\DB\setterDB.java,DB.setterDB,deleteTempGelt/1[Entity.Gelt],TABLE_TEMP_DEBTS_NAME,1
D:\Project\monayMortgageAlgo-master\monayMortgageAlgo-master\app\DB\setterDB.java,DB.setterDB,deleteTempGelt/1[Entity.Gelt],connect,2
D:\Project\monayMortgageAlgo-master\monayMortgageAlgo-master\app\DB\setterDB.java,DB.setterDB,deleteGelt/1[Entity.Gelt],DATA_BASE_PASSWORD_NAME,1
D:\Project\monayMortgageAlgo-master\monayMortgageAlgo-master\app\DB\setterDB.java,DB.setterDB,deleteGelt/1[Entity.Gelt],DATA_BASE_USER_NAME,1
D:\Project\monayMortgageAlgo-master\monayMortgageAlgo-master\app\DB\setterDB.java,DB.setterDB,deleteGelt/1[Entity.Gelt],preparedStatement,5
D:\Project\monayMortgageAlgo-master\monayMortgageAlgo-master\app\DB\setterDB.java,DB.setterDB,deleteGelt/1[Entity.Gelt],TABLE_BANK_NAME,1
D:\Project\monayMortgageAlgo-master\monayMortgageAlgo-master\app\DB\setterDB.java,DB.setterDB,deleteGelt/1[Entity.Gelt],connect,2
D:\Project\monayMortgageAlgo-master\monayMortgageAlgo-master\app\Entity\Gelt.java,Entity.Gelt,getDebterID/0,nDebterID,1
D:\Project\monayMortgageAlgo-master\monayMortgageAlgo-master\app\Entity\Gelt.java,Entity.Gelt,getAmount/0,nAmount,1
D:\Project\monayMortgageAlgo-master\monayMortgageAlgo-master\app\Entity\Gelt.java,Entity.Gelt,setnAmount/1[int],nAmount,3
D:\Project\monayMortgageAlgo-master\monayMortgageAlgo-master\app\Entity\Gelt.java,Entity.Gelt,toString/0,nDebterID,1
D:\Project\monayMortgageAlgo-master\monayMortgageAlgo-master\app\Entity\Gelt.java,Entity.Gelt,toString/0,nAmount,1
D:\Project\monayMortgageAlgo-master\monayMortgageAlgo-master\app\Entity\Gelt.java,Entity.Gelt,toString/0,nEntitledID,1
D:\Project\monayMortgageAlgo-master\monayMortgageAlgo-master\app\Entity\Gelt.java,Entity.Gelt,setnDebterID/1[int],nDebterID,3
D:\Project\monayMortgageAlgo-master\monayMortgageAlgo-master\app\Entity\Gelt.java,Entity.Gelt,"Gelt/3[int,int,int]",nDebterID,3
D:\Project\monayMortgageAlgo-master\monayMortgageAlgo-master\app\Entity\Gelt.java,Entity.Gelt,"Gelt/3[int,int,int]",nAmount,3
D:\Project\monayMortgageAlgo-master\monayMortgageAlgo-master\app\Entity\Gelt.java,Entity.Gelt,"Gelt/3[int,int,int]",nEntitledID,3
D:\Project\monayMortgageAlgo-master\monayMortgageAlgo-master\app\Entity\Gelt.java,Entity.Gelt,setnEntitledID/1[int],nEntitledID,3
D:\Project\monayMortgageAlgo-master\monayMortgageAlgo-master\app\Entity\Gelt.java,Entity.Gelt,getEntitledID/0,nEntitledID,1
D:\Project\monayMortgageAlgo-master\monayMortgageAlgo-master\app\Entity\User.java,Entity.User,"User/8[java.lang.String,java.lang.String,java.lang.String,java.lang.String,java.lang.String,java.lang.String,java.lang.String,java.lang.String]",szTelephone,3
D:\Project\monayMortgageAlgo-master\monayMortgageAlgo-master\app\Entity\User.java,Entity.User,"User/8[java.lang.String,java.lang.String,java.lang.String,java.lang.String,java.lang.String,java.lang.String,java.lang.String,java.lang.String]",szUserId,3
D:\Project\monayMortgageAlgo-master\monayMortgageAlgo-master\app\Entity\User.java,Entity.User,"User/8[java.lang.String,java.lang.String,java.lang.String,java.lang.String,java.lang.String,java.lang.String,java.lang.String,java.lang.String]",szfirstName,3
D:\Project\monayMortgageAlgo-master\monayMortgageAlgo-master\app\Entity\User.java,Entity.User,"User/8[java.lang.String,java.lang.String,java.lang.String,java.lang.String,java.lang.String,java.lang.String,java.lang.String,java.lang.String]",szBirthday,3
D:\Project\monayMortgageAlgo-master\monayMortgageAlgo-master\app\Entity\User.java,Entity.User,"User/8[java.lang.String,java.lang.String,java.lang.String,java.lang.String,java.lang.String,java.lang.String,java.lang.String,java.lang.String]",szPassword,3
D:\Project\monayMortgageAlgo-master\monayMortgageAlgo-master\app\Entity\User.java,Entity.User,"User/8[java.lang.String,java.lang.String,java.lang.String,java.lang.String,java.lang.String,java.lang.String,java.lang.String,java.lang.String]",szUserName,3
D:\Project\monayMortgageAlgo-master\monayMortgageAlgo-master\app\Entity\User.java,Entity.User,"User/8[java.lang.String,java.lang.String,java.lang.String,java.lang.String,java.lang.String,java.lang.String,java.lang.String,java.lang.String]",szLastName,3
D:\Project\monayMortgageAlgo-master\monayMortgageAlgo-master\app\Entity\User.java,Entity.User,"User/8[java.lang.String,java.lang.String,java.lang.String,java.lang.String,java.lang.String,java.lang.String,java.lang.String,java.lang.String]",szEmail,3
D:\Project\monayMortgageAlgo-master\monayMortgageAlgo-master\app\Entity\User.java,Entity.User,setfirstName/1[java.lang.String],szfirstName,3
D:\Project\monayMortgageAlgo-master\monayMortgageAlgo-master\app\Entity\User.java,Entity.User,getBirthday/0,szBirthday,1
D:\Project\monayMortgageAlgo-master\monayMortgageAlgo-master\app\Entity\User.java,Entity.User,setUserName/1[java.lang.String],szUserName,3
D:\Project\monayMortgageAlgo-master\monayMortgageAlgo-master\app\Entity\User.java,Entity.User,getUserName/0,szUserName,1
D:\Project\monayMortgageAlgo-master\monayMortgageAlgo-master\app\Entity\User.java,Entity.User,getEmail/0,szEmail,1
D:\Project\monayMortgageAlgo-master\monayMortgageAlgo-master\app\Entity\User.java,Entity.User,getfirstName/0,szfirstName,1
D:\Project\monayMortgageAlgo-master\monayMortgageAlgo-master\app\Entity\User.java,Entity.User,setUserId/1[java.lang.String],szUserId,3
D:\Project\monayMortgageAlgo-master\monayMortgageAlgo-master\app\Entity\User.java,Entity.User,getLastName/0,szLastName,1
D:\Project\monayMortgageAlgo-master\monayMortgageAlgo-master\app\Entity\User.java,Entity.User,getTelephone/0,szTelephone,1
D:\Project\monayMortgageAlgo-master\monayMortgageAlgo-master\app\Entity\User.java,Entity.User,toString/0,szTelephone,1
D:\Project\monayMortgageAlgo-master\monayMortgageAlgo-master\app\Entity\User.java,Entity.User,toString/0,szUserId,1
D:\Project\monayMortgageAlgo-master\monayMortgageAlgo-master\app\Entity\User.java,Entity.User,toString/0,szfirstName,1
D:\Project\monayMortgageAlgo-master\monayMortgageAlgo-master\app\Entity\User.java,Entity.User,toString/0,szBirthday,1
D:\Project\monayMortgageAlgo-master\monayMortgageAlgo-master\app\Entity\User.java,Entity.User,toString/0,szPassword,1
D:\Project\monayMortgageAlgo-master\monayMortgageAlgo-master\app\Entity\User.java,Entity.User,toString/0,szUserName,1
D:\Project\monayMortgageAlgo-master\monayMortgageAlgo-master\app\Entity\User.java,Entity.User,toString/0,szLastName,1
D:\Project\monayMortgageAlgo-master\monayMortgageAlgo-master\app\Entity\User.java,Entity.User,toString/0,szEmail,1
D:\Project\monayMortgageAlgo-master\monayMortgageAlgo-master\app\Entity\User.java,Entity.User,getPassword/0,szPassword,1
D:\Project\monayMortgageAlgo-master\monayMortgageAlgo-master\app\Entity\User.java,Entity.User,setEmail/1[java.lang.String],szEmail,3
D:\Project\monayMortgageAlgo-master\monayMortgageAlgo-master\app\Entity\User.java,Entity.User,getUserId/0,szUserId,1
D:\Project\monayMortgageAlgo-master\monayMortgageAlgo-master\app\Entity\User.java,Entity.User,setTelephone/1[java.lang.String],szTelephone,3
D:\Project\monayMortgageAlgo-master\monayMortgageAlgo-master\app\Entity\User.java,Entity.User,setPassword/1[java.lang.String],szPassword,3
D:\Project\monayMortgageAlgo-master\monayMortgageAlgo-master\app\Entity\User.java,Entity.User,setLastName/1[java.lang.String],szLastName,3
D:\Project\monayMortgageAlgo-master\monayMortgageAlgo-master\app\Entity\User.java,Entity.User,setBirthday/1[java.lang.String],szBirthday,3
D:\Project\monayMortgageAlgo-master\monayMortgageAlgo-master\app\BL\getterBL.java,BL.getterBL,isEmailAlreadyExist/1[java.lang.String],getterDB,1
D:\Project\monayMortgageAlgo-master\monayMortgageAlgo-master\app\BL\getterBL.java,BL.getterBL,getGeltsByName/1[java.lang.String],getterDB,1
D:\Project\monayMortgageAlgo-master\monayMortgageAlgo-master\app\BL\getterBL.java,BL.getterBL,getGeltsByNameForOutput/1[java.lang.String],getterDB,1
D:\Project\monayMortgageAlgo-master\monayMortgageAlgo-master\app\BL\getterBL.java,BL.getterBL,getIdByName/1[java.lang.String],getterDB,1
D:\Project\monayMortgageAlgo-master\monayMortgageAlgo-master\app\BL\getterBL.java,BL.getterBL,checkIfUserIsDebter/1[java.lang.String],getterDB,1
D:\Project\monayMortgageAlgo-master\monayMortgageAlgo-master\app\BL\getterBL.java,BL.getterBL,getUsers/1[java.lang.String],getterDB,1
D:\Project\monayMortgageAlgo-master\monayMortgageAlgo-master\app\BL\getterBL.java,BL.getterBL,"isLoginPermited/2[java.lang.String,java.lang.String]",getterDB,1
D:\Project\monayMortgageAlgo-master\monayMortgageAlgo-master\app\BL\getterBL.java,BL.getterBL,getGelts/0,getterDB,1
D:\Project\monayMortgageAlgo-master\monayMortgageAlgo-master\app\BL\getterBL.java,BL.getterBL,getNameById/1[int],getterDB,1
D:\Project\monayMortgageAlgo-master\monayMortgageAlgo-master\app\BL\getterBL.java,BL.getterBL,isUserNameAlreadyExist/1[java.lang.String],getterDB,1
D:\Project\monayMortgageAlgo-master\monayMortgageAlgo-master\test\insertingTest.java,insertingTest,beforeClass/0,setterBL,2
D:\Project\monayMortgageAlgo-master\monayMortgageAlgo-master\test\insertingTest.java,insertingTest,insertEqualZeroTestSamePersonne/0,setterBL,1
D:\Project\monayMortgageAlgo-master\monayMortgageAlgo-master\test\insertingTest.java,insertingTest,insertPlusThanZeroTest/0,setterBL,1
D:\Project\monayMortgageAlgo-master\monayMortgageAlgo-master\test\insertingTest.java,insertingTest,insertMoreThanZeroTestSamePersonne/0,setterBL,1
D:\Project\monayMortgageAlgo-master\monayMortgageAlgo-master\test\insertingTest.java,insertingTest,insertEqualToZeroTest/0,setterBL,1
D:\Project\monayMortgageAlgo-master\monayMortgageAlgo-master\test\insertingTest.java,insertingTest,insertHavrousse/0,setterBL,1
D:\Project\monayMortgageAlgo-master\monayMortgageAlgo-master\test\insertingTest.java,insertingTest,insertMinusThanZeroTest/0,setterBL,1
D:\Project\monayMortgageAlgo-master\monayMortgageAlgo-master\test\insertingTest.java,insertingTest,insertMinusThanZeroTestSamePersonne/0,setterBL,1
D:\Project\monayMortgageAlgo-master\monayMortgageAlgo-master\app\BL\setterBL.java,BL.setterBL,"confirm/3[java.lang.String,java.lang.String,java.lang.String]",getterBL,2
D:\Project\monayMortgageAlgo-master\monayMortgageAlgo-master\app\BL\setterBL.java,BL.setterBL,"registerNewUser/7[java.lang.String,java.lang.String,java.lang.String,java.lang.String,java.lang.String,java.lang.String,java.lang.String]",getterBL,1
D:\Project\monayMortgageAlgo-master\monayMortgageAlgo-master\app\BL\setterBL.java,BL.setterBL,"registerNewUser/7[java.lang.String,java.lang.String,java.lang.String,java.lang.String,java.lang.String,java.lang.String,java.lang.String]",setterDB,1
D:\Project\monayMortgageAlgo-master\monayMortgageAlgo-master\app\BL\setterBL.java,BL.setterBL,"deleteTempDebt/3[java.lang.String,java.lang.String,java.lang.String]",getterBL,4
D:\Project\monayMortgageAlgo-master\monayMortgageAlgo-master\app\BL\setterBL.java,BL.setterBL,"deleteTempDebt/3[java.lang.String,java.lang.String,java.lang.String]",setterDB,1
D:\Project\monayMortgageAlgo-master\monayMortgageAlgo-master\app\BL\setterBL.java,BL.setterBL,"insertGelt/3[int,int,int]",getterBL,1
D:\Project\monayMortgageAlgo-master\monayMortgageAlgo-master\app\BL\setterBL.java,BL.setterBL,"insertGelt/3[int,int,int]",setterDB,1
D:\Project\monayMortgageAlgo-master\monayMortgageAlgo-master\app\BL\setterBL.java,BL.setterBL,"deleteDebt/3[java.lang.String,java.lang.String,java.lang.String]",getterBL,4
D:\Project\monayMortgageAlgo-master\monayMortgageAlgo-master\app\BL\setterBL.java,BL.setterBL,"deleteDebt/3[java.lang.String,java.lang.String,java.lang.String]",setterDB,1
D:\Project\monayMortgageAlgo-master\monayMortgageAlgo-master\app\BL\setterBL.java,BL.setterBL,"insertTempGelt/3[java.lang.String,java.lang.String,java.lang.String]",getterBL,4
D:\Project\monayMortgageAlgo-master\monayMortgageAlgo-master\app\BL\setterBL.java,BL.setterBL,"insertTempGelt/3[java.lang.String,java.lang.String,java.lang.String]",setterDB,1
D:\Project\monayMortgageAlgo-master\monayMortgageAlgo-master\app\BL\setterBL.java,BL.setterBL,"insertGelt/3[java.lang.String,java.lang.String,java.lang.String]",getterBL,2
