file,class,method,constructor,line,cbo,cboModified,fanin,fanout,wmc,rfc,loc,returnsQty,variablesQty,parametersQty,methodsInvokedQty,methodsInvokedLocalQty,methodsInvokedIndirectLocalQty,loopQty,comparisonsQty,tryCatchQty,parenthesizedExpsQty,stringLiteralsQty,numbersQty,assignmentsQty,mathOperationsQty,maxNestedBlocksQty,anonymousClassesQty,innerClassesQty,lambdasQty,uniqueWordsQty,modifiers,logStatementsQty,hasJavaDoc
D:\Project\monayMortgageAlgo-master\monayMortgageAlgo-master\test\CheckConfirmingTest.java,CheckConfirmingTest,renderTemplate/0,false,31,2,2,0,2,1,2,4,0,1,0,2,0,0,0,0,0,0,1,0,1,0,0,0,0,0,3,1,0,false
D:\Project\monayMortgageAlgo-master\monayMortgageAlgo-master\test\CheckConfirmingTest.java,CheckConfirmingTest,checkResponce/0,false,19,3,4,0,4,1,4,9,0,3,0,4,0,0,0,0,0,0,6,0,4,1,0,0,0,0,10,1,0,false
D:\Project\monayMortgageAlgo-master\monayMortgageAlgo-master\test\IntegrationTest.java,IntegrationTest$Anonymous1,invoke/1[TestBrowser],false,21,1,0,0,0,1,4,4,0,0,1,4,0,0,0,0,0,0,2,0,0,0,0,0,0,0,8,1,0,false
D:\Project\monayMortgageAlgo-master\monayMortgageAlgo-master\test\IntegrationTest.java,IntegrationTest,test/0,false,19,2,0,0,0,1,4,9,0,0,0,4,0,0,0,0,0,0,0,1,0,0,0,1,0,0,27,1,0,true
D:\Project\monayMortgageAlgo-master\monayMortgageAlgo-master\app\controllers\Application.java,controllers.Application,uploadFile/0,false,23,4,1,0,1,3,12,22,2,6,0,12,1,1,0,1,1,0,6,0,6,1,2,0,0,0,21,9,0,false
D:\Project\monayMortgageAlgo-master\monayMortgageAlgo-master\app\controllers\Application.java,controllers.Application,Main/0,false,19,1,0,0,0,1,1,3,1,0,0,1,0,0,0,0,0,0,1,0,0,0,0,0,0,0,3,9,0,false
D:\Project\monayMortgageAlgo-master\monayMortgageAlgo-master\app\controllers\Application.java,controllers.Application,index/0,false,10,1,0,0,0,1,2,4,1,0,0,2,0,0,0,0,0,0,2,0,0,0,0,0,0,0,4,9,0,false
D:\Project\monayMortgageAlgo-master\monayMortgageAlgo-master\app\controllers\Application.java,controllers.Application,"copyFile/2[controllers.File,controllers.File]",false,56,7,1,1,0,6,6,30,0,4,2,6,0,0,1,2,2,1,6,4,4,3,4,0,0,0,48,9,0,true
D:\Project\monayMortgageAlgo-master\monayMortgageAlgo-master\app\controllers\Application.java,controllers.Application,Register/0,false,15,1,0,0,0,1,1,3,1,0,0,1,0,0,0,0,0,0,1,0,0,0,0,0,0,0,3,9,0,false
D:\Project\monayMortgageAlgo-master\monayMortgageAlgo-master\app\controllers\getter.java,controllers.getter,getGelts/1[java.lang.String],false,62,2,2,1,1,2,5,10,2,1,1,5,0,0,0,1,0,0,1,0,1,0,1,0,0,0,19,9,1,false
D:\Project\monayMortgageAlgo-master\monayMortgageAlgo-master\app\controllers\getter.java,controllers.getter,isUserNameAlreadyExist/1[java.lang.String],false,38,2,1,0,1,3,3,11,3,0,1,3,0,0,0,1,0,0,3,0,0,0,2,0,0,0,20,9,0,false
D:\Project\monayMortgageAlgo-master\monayMortgageAlgo-master\app\controllers\getter.java,controllers.getter,checkIfUserIsDebter/1[java.lang.String],false,82,2,1,0,1,2,11,14,2,1,1,11,0,0,0,1,0,0,7,0,1,3,1,0,0,0,26,9,2,false
D:\Project\monayMortgageAlgo-master\monayMortgageAlgo-master\app\controllers\getter.java,controllers.getter,isEmailAlreadyExist/1[java.lang.String],false,50,2,1,0,1,3,3,11,3,0,1,3,0,0,0,1,0,0,3,0,0,0,2,0,0,0,18,9,0,false
D:\Project\monayMortgageAlgo-master\monayMortgageAlgo-master\app\controllers\getter.java,controllers.getter,getUsers/1[java.lang.String],false,73,2,1,0,1,2,4,8,2,0,1,4,0,0,0,1,0,0,1,0,0,0,1,0,0,0,18,9,0,false
D:\Project\monayMortgageAlgo-master\monayMortgageAlgo-master\app\controllers\getter.java,controllers.getter,"isLoginPermited/2[java.lang.String,java.lang.String]",false,23,2,1,0,1,4,5,13,3,0,2,5,0,0,0,2,0,2,7,0,0,2,2,0,0,0,29,9,1,false
D:\Project\monayMortgageAlgo-master\monayMortgageAlgo-master\app\controllers\setter.java,controllers.setter,"registerNewUser/7[java.lang.String,java.lang.String,java.lang.String,java.lang.String,java.lang.String,java.lang.String,java.lang.String]",false,77,2,1,0,1,9,8,25,3,0,7,8,0,0,0,7,0,7,24,0,0,9,2,0,0,0,48,9,1,true
D:\Project\monayMortgageAlgo-master\monayMortgageAlgo-master\app\controllers\setter.java,controllers.setter,"notConfirm/3[java.lang.String,java.lang.String,java.lang.String]",false,151,2,1,0,1,5,4,14,3,0,3,4,0,0,0,3,0,3,4,0,0,0,2,0,0,0,45,9,1,true
D:\Project\monayMortgageAlgo-master\monayMortgageAlgo-master\app\controllers\setter.java,controllers.setter,uploadFileWithName/1[java.lang.String],false,253,2,1,0,1,2,4,9,2,0,1,4,1,1,0,0,0,0,3,0,0,0,1,0,0,0,30,9,0,true
D:\Project\monayMortgageAlgo-master\monayMortgageAlgo-master\app\controllers\setter.java,controllers.setter,"newGelt/3[java.lang.String,java.lang.String,java.lang.String]",false,42,2,1,0,1,5,3,13,3,0,3,3,0,0,0,3,0,3,3,0,0,0,2,0,0,0,37,9,0,true
D:\Project\monayMortgageAlgo-master\monayMortgageAlgo-master\app\controllers\setter.java,controllers.setter,"confirm/3[java.lang.String,java.lang.String,java.lang.String]",false,124,2,1,0,1,5,4,14,3,0,3,4,0,0,0,3,0,3,4,0,0,0,2,0,0,0,43,9,1,true
D:\Project\monayMortgageAlgo-master\monayMortgageAlgo-master\app\controllers\setter.java,controllers.setter,uploadFile/0,false,199,2,1,0,1,2,4,9,2,0,0,4,1,1,0,0,0,0,3,0,0,0,1,0,0,0,26,9,0,true
D:\Project\monayMortgageAlgo-master\monayMortgageAlgo-master\app\controllers\setter.java,controllers.setter,updateProfilePicture/0,false,229,1,1,1,0,3,11,21,2,4,0,11,0,0,0,1,1,0,6,0,4,1,2,0,0,0,20,9,2,false
D:\Project\monayMortgageAlgo-master\monayMortgageAlgo-master\app\controllers\setter.java,controllers.setter,updateProfilePicture/1[java.lang.String],false,209,1,1,1,0,3,10,21,2,4,1,10,0,0,0,1,1,0,7,0,4,1,2,0,0,0,23,9,2,false
D:\Project\monayMortgageAlgo-master\monayMortgageAlgo-master\app\controllers\setter.java,controllers.setter,"pay/3[java.lang.String,java.lang.String,java.lang.String]",false,178,2,1,0,1,5,4,14,3,0,3,4,0,0,0,3,0,3,6,0,0,1,2,0,0,0,42,9,1,true
D:\Project\monayMortgageAlgo-master\monayMortgageAlgo-master\app\Entity\UserLogin.java,Entity.UserLogin,"UserLogin/2[java.lang.String,java.lang.String]",true,10,0,1,1,0,1,0,2,0,0,2,0,0,0,0,0,0,0,0,0,0,0,0,0,0,0,3,1,0,false
D:\Project\monayMortgageAlgo-master\monayMortgageAlgo-master\app\DB\getterDB.java,DB.getterDB,close/0,false,232,0,6,6,0,6,6,21,0,0,0,6,0,0,0,4,1,0,0,0,0,0,2,0,0,0,10,10,1,false
D:\Project\monayMortgageAlgo-master\monayMortgageAlgo-master\app\DB\getterDB.java,DB.getterDB,getUserNames/0,false,33,1,3,2,1,4,16,24,1,1,0,16,1,1,1,0,1,2,6,0,4,2,2,0,0,0,31,1,2,false
D:\Project\monayMortgageAlgo-master\monayMortgageAlgo-master\app\DB\getterDB.java,DB.getterDB,getUserLogins/0,false,97,2,2,0,2,3,15,24,1,1,0,15,1,1,1,0,1,0,7,0,4,2,2,0,0,0,32,1,2,false
D:\Project\monayMortgageAlgo-master\monayMortgageAlgo-master\app\DB\getterDB.java,DB.getterDB,getGelts/0,false,163,2,13,11,2,3,15,24,1,1,0,15,1,1,1,0,1,0,8,0,4,2,2,0,0,0,32,1,2,false
D:\Project\monayMortgageAlgo-master\monayMortgageAlgo-master\app\DB\getterDB.java,DB.getterDB,getTempGelts/0,false,200,2,3,1,2,3,15,23,1,1,0,15,1,1,1,0,1,0,8,0,4,2,2,0,0,0,42,1,2,true
D:\Project\monayMortgageAlgo-master\monayMortgageAlgo-master\app\DB\getterDB.java,DB.getterDB,getUsers/0,false,128,2,5,3,2,3,15,24,1,1,0,15,1,1,1,0,1,0,13,0,4,2,2,0,0,0,32,1,2,false
D:\Project\monayMortgageAlgo-master\monayMortgageAlgo-master\app\DB\getterDB.java,DB.getterDB,getEmails/0,false,64,1,2,1,1,3,15,24,1,1,0,15,1,1,1,0,1,0,6,0,4,2,2,0,0,0,30,1,2,false
D:\Project\monayMortgageAlgo-master\monayMortgageAlgo-master\app\DB\setterDB.java,DB.setterDB,deleteTable/1[java.lang.String],false,222,1,4,2,2,2,10,16,0,0,1,10,2,2,0,0,1,0,5,0,2,2,1,0,0,0,40,1,1,true
D:\Project\monayMortgageAlgo-master\monayMortgageAlgo-master\app\DB\setterDB.java,DB.setterDB,commit/0,false,321,1,8,7,1,2,9,15,0,0,0,9,1,1,0,0,1,0,4,0,2,1,1,0,0,0,28,1,1,true
D:\Project\monayMortgageAlgo-master\monayMortgageAlgo-master\app\DB\setterDB.java,DB.setterDB,"updateGelt/2[Entity.Gelt,Entity.Gelt]",false,145,2,6,1,5,2,15,26,1,1,2,15,2,2,0,0,1,0,6,6,4,2,1,0,0,0,60,1,2,true
D:\Project\monayMortgageAlgo-master\monayMortgageAlgo-master\app\DB\setterDB.java,DB.setterDB,setTempGelt/1[Entity.Gelt],false,70,2,7,1,6,2,16,24,1,1,1,16,3,3,0,0,1,0,7,3,4,2,1,0,0,0,43,1,2,true
D:\Project\monayMortgageAlgo-master\monayMortgageAlgo-master\app\DB\setterDB.java,DB.setterDB,close/0,false,339,0,8,8,0,5,3,15,0,0,0,3,0,0,0,3,1,0,0,0,0,0,2,0,0,0,9,10,0,false
D:\Project\monayMortgageAlgo-master\monayMortgageAlgo-master\app\DB\setterDB.java,DB.setterDB,"registerNewUser/7[java.lang.String,java.lang.String,java.lang.String,java.lang.String,java.lang.String,java.lang.String,java.sql.Date]",false,262,1,3,1,2,2,14,39,1,1,7,14,2,2,0,0,1,0,21,7,4,10,1,0,0,0,52,1,2,true
D:\Project\monayMortgageAlgo-master\monayMortgageAlgo-master\app\DB\setterDB.java,DB.setterDB,setGelts/1[java.util.ArrayList<Entity.Gelt>],false,34,2,9,3,6,3,16,26,1,1,1,16,3,3,1,0,1,0,7,3,4,2,2,0,0,0,44,1,2,true
D:\Project\monayMortgageAlgo-master\monayMortgageAlgo-master\app\DB\setterDB.java,DB.setterDB,deleteTempGelt/1[Entity.Gelt],false,105,2,6,1,5,2,15,23,1,1,1,15,2,2,0,0,1,0,6,3,4,2,1,0,0,0,47,1,2,true
D:\Project\monayMortgageAlgo-master\monayMortgageAlgo-master\app\DB\setterDB.java,DB.setterDB,deleteGelt/1[Entity.Gelt],false,184,2,6,1,5,2,15,23,1,1,1,15,2,2,0,0,1,0,6,3,4,2,1,0,0,0,47,1,2,true
D:\Project\monayMortgageAlgo-master\monayMortgageAlgo-master\app\Entity\Gelt.java,Entity.Gelt,getDebterID/0,false,23,0,18,18,0,1,0,3,1,0,0,0,0,0,0,0,0,0,0,0,0,0,0,0,0,0,5,1,0,false
D:\Project\monayMortgageAlgo-master\monayMortgageAlgo-master\app\Entity\Gelt.java,Entity.Gelt,getAmount/0,false,27,0,17,17,0,1,0,3,1,0,0,0,0,0,0,0,0,0,0,0,0,0,0,0,0,0,2,1,0,false
D:\Project\monayMortgageAlgo-master\monayMortgageAlgo-master\app\Entity\Gelt.java,Entity.Gelt,setnAmount/1[int],false,39,0,3,3,0,1,0,3,0,0,1,0,0,0,0,0,0,0,0,0,1,0,0,0,0,0,3,1,0,false
D:\Project\monayMortgageAlgo-master\monayMortgageAlgo-master\app\Entity\Gelt.java,Entity.Gelt,Gelt/0,true,20,0,0,0,0,1,0,2,0,0,0,0,0,0,0,0,0,0,0,0,0,0,0,0,0,0,1,1,0,false
D:\Project\monayMortgageAlgo-master\monayMortgageAlgo-master\app\Entity\Gelt.java,Entity.Gelt,toString/0,false,48,0,0,0,0,1,0,3,1,0,0,0,0,0,0,0,0,0,4,0,0,1,0,0,0,0,8,1,0,false
D:\Project\monayMortgageAlgo-master\monayMortgageAlgo-master\app\Entity\Gelt.java,Entity.Gelt,setnDebterID/1[int],false,35,0,1,1,0,1,0,3,0,0,1,0,0,0,0,0,0,0,0,0,1,0,0,0,0,0,5,1,0,false
D:\Project\monayMortgageAlgo-master\monayMortgageAlgo-master\app\Entity\Gelt.java,Entity.Gelt,"Gelt/3[int,int,int]",true,13,0,17,17,0,1,0,6,0,0,3,0,0,0,0,0,0,0,0,0,3,0,0,0,0,0,7,1,0,false
D:\Project\monayMortgageAlgo-master\monayMortgageAlgo-master\app\Entity\Gelt.java,Entity.Gelt,setnEntitledID/1[int],false,43,0,1,1,0,1,0,3,0,0,1,0,0,0,0,0,0,0,0,0,1,0,0,0,0,0,5,1,0,false
D:\Project\monayMortgageAlgo-master\monayMortgageAlgo-master\app\Entity\Gelt.java,Entity.Gelt,getEntitledID/0,false,31,0,18,18,0,1,0,3,1,0,0,0,0,0,0,0,0,0,0,0,0,0,0,0,0,0,5,1,0,false
D:\Project\monayMortgageAlgo-master\monayMortgageAlgo-master\app\Entity\User.java,Entity.User,"User/8[java.lang.String,java.lang.String,java.lang.String,java.lang.String,java.lang.String,java.lang.String,java.lang.String,java.lang.String]",true,19,0,1,1,0,1,0,11,0,0,8,0,0,0,0,0,0,0,0,0,8,0,0,0,0,0,10,1,0,false
D:\Project\monayMortgageAlgo-master\monayMortgageAlgo-master\app\Entity\User.java,Entity.User,setfirstName/1[java.lang.String],false,42,0,0,0,0,1,0,3,0,0,1,0,0,0,0,0,0,0,0,0,1,0,0,0,0,0,3,1,0,false
D:\Project\monayMortgageAlgo-master\monayMortgageAlgo-master\app\Entity\User.java,Entity.User,getBirthday/0,false,78,0,0,0,0,1,0,3,1,0,0,0,0,0,0,0,0,0,0,0,0,0,0,0,0,0,3,1,0,false
D:\Project\monayMortgageAlgo-master\monayMortgageAlgo-master\app\Entity\User.java,Entity.User,setUserName/1[java.lang.String],false,34,0,0,0,0,1,0,3,0,0,1,0,0,0,0,0,0,0,0,0,1,0,0,0,0,0,4,1,0,false
D:\Project\monayMortgageAlgo-master\monayMortgageAlgo-master\app\Entity\User.java,Entity.User,getUserName/0,false,30,0,3,3,0,1,0,3,1,0,0,0,0,0,0,0,0,0,0,0,0,0,0,0,0,0,4,1,0,false
D:\Project\monayMortgageAlgo-master\monayMortgageAlgo-master\app\Entity\User.java,Entity.User,getEmail/0,false,62,0,0,0,0,1,0,3,1,0,0,0,0,0,0,0,0,0,0,0,0,0,0,0,0,0,3,1,0,false
D:\Project\monayMortgageAlgo-master\monayMortgageAlgo-master\app\Entity\User.java,Entity.User,getfirstName/0,false,38,0,0,0,0,1,0,3,1,0,0,0,0,0,0,0,0,0,0,0,0,0,0,0,0,0,3,1,0,false
D:\Project\monayMortgageAlgo-master\monayMortgageAlgo-master\app\Entity\User.java,Entity.User,setUserId/1[java.lang.String],false,90,0,0,0,0,1,0,3,0,0,1,0,0,0,0,0,0,0,0,0,1,0,0,0,0,0,4,1,0,false
D:\Project\monayMortgageAlgo-master\monayMortgageAlgo-master\app\Entity\User.java,Entity.User,getLastName/0,false,46,0,0,0,0,1,0,3,1,0,0,0,0,0,0,0,0,0,0,0,0,0,0,0,0,0,4,1,0,false
D:\Project\monayMortgageAlgo-master\monayMortgageAlgo-master\app\Entity\User.java,Entity.User,getTelephone/0,false,54,0,0,0,0,1,0,3,1,0,0,0,0,0,0,0,0,0,0,0,0,0,0,0,0,0,3,1,0,false
D:\Project\monayMortgageAlgo-master\monayMortgageAlgo-master\app\Entity\User.java,Entity.User,toString/0,false,95,0,0,0,0,1,0,3,1,0,0,0,0,0,0,0,0,0,9,0,0,1,0,0,0,0,13,1,0,false
D:\Project\monayMortgageAlgo-master\monayMortgageAlgo-master\app\Entity\User.java,Entity.User,getPassword/0,false,70,0,1,1,0,1,0,3,1,0,0,0,0,0,0,0,0,0,0,0,0,0,0,0,0,0,3,1,0,false
D:\Project\monayMortgageAlgo-master\monayMortgageAlgo-master\app\Entity\User.java,Entity.User,setEmail/1[java.lang.String],false,66,0,0,0,0,1,0,3,0,0,1,0,0,0,0,0,0,0,0,0,1,0,0,0,0,0,3,1,0,false
D:\Project\monayMortgageAlgo-master\monayMortgageAlgo-master\app\Entity\User.java,Entity.User,getUserId/0,false,86,0,2,2,0,1,0,3,1,0,0,0,0,0,0,0,0,0,0,0,0,0,0,0,0,0,4,1,0,false
D:\Project\monayMortgageAlgo-master\monayMortgageAlgo-master\app\Entity\User.java,Entity.User,setTelephone/1[java.lang.String],false,58,0,0,0,0,1,0,3,0,0,1,0,0,0,0,0,0,0,0,0,1,0,0,0,0,0,3,1,0,false
D:\Project\monayMortgageAlgo-master\monayMortgageAlgo-master\app\Entity\User.java,Entity.User,setPassword/1[java.lang.String],false,74,0,0,0,0,1,0,3,0,0,1,0,0,0,0,0,0,0,0,0,1,0,0,0,0,0,3,1,0,false
D:\Project\monayMortgageAlgo-master\monayMortgageAlgo-master\app\Entity\User.java,Entity.User,setLastName/1[java.lang.String],false,50,0,0,0,0,1,0,3,0,0,1,0,0,0,0,0,0,0,0,0,1,0,0,0,0,0,4,1,0,false
D:\Project\monayMortgageAlgo-master\monayMortgageAlgo-master\app\Entity\User.java,Entity.User,setBirthday/1[java.lang.String],false,82,0,0,0,0,1,0,3,0,0,1,0,0,0,0,0,0,0,0,0,1,0,0,0,0,0,3,1,0,false
D:\Project\monayMortgageAlgo-master\monayMortgageAlgo-master\test\ApplicationTest.java,ApplicationTest,renderTemplate/0,false,42,2,0,0,0,1,6,5,0,1,0,6,0,0,0,0,0,0,3,0,1,0,0,0,0,0,12,1,0,false
D:\Project\monayMortgageAlgo-master\monayMortgageAlgo-master\test\ApplicationTest.java,ApplicationTest,checkUpdateRow/0,false,50,4,6,0,6,3,5,16,0,4,0,5,0,0,2,0,0,0,0,9,5,0,1,0,0,0,13,1,0,false
D:\Project\monayMortgageAlgo-master\monayMortgageAlgo-master\test\ApplicationTest.java,ApplicationTest,simpleCheck/0,false,36,1,0,0,0,1,2,4,0,1,0,2,0,0,0,0,0,0,0,3,1,1,0,0,0,0,5,1,0,false
D:\Project\monayMortgageAlgo-master\monayMortgageAlgo-master\app\BL\getterBL.java,BL.getterBL,isEmailAlreadyExist/1[java.lang.String],false,190,1,2,1,1,3,3,11,1,2,1,3,0,0,1,0,0,0,1,0,3,0,2,0,0,0,25,1,1,true
D:\Project\monayMortgageAlgo-master\monayMortgageAlgo-master\app\BL\getterBL.java,BL.getterBL,getGeltsByName/1[java.lang.String],false,57,3,4,0,4,4,6,12,1,3,1,6,1,1,1,2,0,0,1,0,3,0,2,0,0,0,28,1,1,true
D:\Project\monayMortgageAlgo-master\monayMortgageAlgo-master\app\BL\getterBL.java,BL.getterBL,getDateByString/1[java.lang.String],false,213,0,1,1,0,1,4,12,1,6,1,4,0,0,0,0,0,0,1,7,8,0,0,0,0,0,12,1,1,false
D:\Project\monayMortgageAlgo-master\monayMortgageAlgo-master\app\BL\getterBL.java,BL.getterBL,getGeltsByNameForOutput/1[java.lang.String],false,79,3,7,1,6,9,12,34,1,6,1,12,2,1,2,5,0,2,12,0,9,4,3,0,0,0,40,1,1,true
D:\Project\monayMortgageAlgo-master\monayMortgageAlgo-master\app\BL\getterBL.java,BL.getterBL,getIdByName/1[java.lang.String],false,132,2,10,7,3,3,6,11,1,2,1,6,0,0,1,0,0,0,1,1,3,0,2,0,0,0,22,1,1,true
D:\Project\monayMortgageAlgo-master\monayMortgageAlgo-master\app\BL\getterBL.java,BL.getterBL,checkIfUserIsDebter/1[java.lang.String],false,236,3,8,2,6,4,11,15,1,5,1,11,2,1,1,1,0,2,4,0,6,1,2,0,0,0,53,1,1,true
D:\Project\monayMortgageAlgo-master\monayMortgageAlgo-master\app\BL\getterBL.java,BL.getterBL,getUsers/1[java.lang.String],false,204,1,2,1,1,1,3,6,1,1,1,3,0,0,0,0,0,0,1,0,1,0,0,0,0,0,7,1,1,false
D:\Project\monayMortgageAlgo-master\monayMortgageAlgo-master\app\BL\getterBL.java,BL.getterBL,"isLoginPermited/2[java.lang.String,java.lang.String]",false,26,2,4,1,3,4,5,11,1,2,2,5,0,0,1,0,0,0,1,0,3,0,2,0,0,0,22,1,1,true
D:\Project\monayMortgageAlgo-master\monayMortgageAlgo-master\app\BL\getterBL.java,BL.getterBL,getGelts/0,false,45,2,2,1,1,1,2,4,1,0,0,2,0,0,0,0,0,0,1,0,0,0,0,0,0,0,13,1,1,true
D:\Project\monayMortgageAlgo-master\monayMortgageAlgo-master\app\BL\getterBL.java,BL.getterBL,getNameById/1[int],false,152,2,5,2,3,3,5,11,1,2,1,5,0,0,1,1,0,0,2,0,3,0,2,0,0,0,22,1,1,true
D:\Project\monayMortgageAlgo-master\monayMortgageAlgo-master\app\BL\getterBL.java,BL.getterBL,isUserNameAlreadyExist/1[java.lang.String],false,171,1,6,5,1,3,3,11,1,2,1,3,0,0,1,0,0,0,1,0,3,0,2,0,0,0,27,1,1,true
D:\Project\monayMortgageAlgo-master\monayMortgageAlgo-master\test\insertingTest.java,insertingTest,beforeClass/0,false,23,2,1,0,1,1,0,3,0,0,0,0,0,0,0,0,0,0,0,0,1,0,0,0,0,0,5,9,0,false
D:\Project\monayMortgageAlgo-master\monayMortgageAlgo-master\test\insertingTest.java,insertingTest,insertEqualZeroTestSamePersonne/0,false,118,4,7,0,7,2,7,9,0,2,0,7,0,0,1,0,0,0,1,3,2,0,1,0,0,0,15,1,0,false
D:\Project\monayMortgageAlgo-master\monayMortgageAlgo-master\test\insertingTest.java,insertingTest,insertPlusThanZeroTest/0,false,58,4,7,0,7,8,7,20,0,6,0,7,0,0,1,6,0,6,0,9,8,0,2,0,0,0,23,1,0,false
D:\Project\monayMortgageAlgo-master\monayMortgageAlgo-master\test\insertingTest.java,insertingTest,insertMoreThanZeroTestSamePersonne/0,false,131,4,7,0,7,2,7,9,0,2,0,7,0,0,1,0,0,0,1,3,2,0,1,0,0,0,15,1,0,false
D:\Project\monayMortgageAlgo-master\monayMortgageAlgo-master\test\insertingTest.java,insertingTest,insertEqualToZeroTest/0,false,39,4,7,0,7,5,7,14,0,4,0,7,0,0,1,3,0,3,0,6,5,0,2,0,0,0,21,1,0,false
D:\Project\monayMortgageAlgo-master\monayMortgageAlgo-master\test\insertingTest.java,insertingTest,insertHavrousse/0,false,157,4,7,0,7,2,7,9,0,2,0,7,0,0,1,0,0,0,1,3,2,0,1,0,0,0,12,1,0,false
D:\Project\monayMortgageAlgo-master\monayMortgageAlgo-master\test\insertingTest.java,insertingTest,before/0,false,28,3,3,0,3,1,2,8,0,2,0,2,0,0,0,0,0,0,0,9,2,0,0,0,0,0,8,1,0,false
D:\Project\monayMortgageAlgo-master\monayMortgageAlgo-master\test\insertingTest.java,insertingTest,insertMinusThanZeroTest/0,false,87,4,7,0,7,8,7,20,0,6,0,7,0,0,1,6,0,6,0,9,8,0,2,0,0,0,23,1,0,false
D:\Project\monayMortgageAlgo-master\monayMortgageAlgo-master\test\insertingTest.java,insertingTest,insertMinusThanZeroTestSamePersonne/0,false,144,4,7,0,7,2,7,9,0,2,0,7,0,0,1,0,0,0,1,3,2,0,1,0,0,0,15,1,0,false
D:\Project\monayMortgageAlgo-master\monayMortgageAlgo-master\app\BL\setterBL.java,BL.setterBL,"foundChavrousse/2[java.util.ArrayList<Entity.Gelt>,Entity.Gelt]",false,141,1,6,2,4,5,5,14,1,1,2,5,0,0,1,2,0,2,2,0,2,2,3,0,0,0,40,2,2,true
D:\Project\monayMortgageAlgo-master\monayMortgageAlgo-master\app\BL\setterBL.java,BL.setterBL,"shiboudeDeRavNosson/3[java.util.ArrayList<Entity.Gelt>,java.util.ArrayList<Entity.Gelt>,Entity.Gelt]",false,69,2,10,1,9,19,11,55,1,7,3,11,2,1,1,4,0,12,1,6,13,2,5,0,0,0,54,2,1,true
D:\Project\monayMortgageAlgo-master\monayMortgageAlgo-master\app\BL\setterBL.java,BL.setterBL,"pay/3[java.lang.String,java.lang.String,java.lang.String]",false,365,1,2,1,1,1,2,6,1,1,3,2,1,1,0,0,0,0,2,0,1,1,0,0,0,0,38,1,1,true
D:\Project\monayMortgageAlgo-master\monayMortgageAlgo-master\app\BL\setterBL.java,BL.setterBL,"confirm/3[java.lang.String,java.lang.String,java.lang.String]",false,319,2,4,1,3,1,5,7,1,1,3,5,2,3,0,0,0,0,2,0,2,1,0,0,0,0,46,1,1,true
D:\Project\monayMortgageAlgo-master\monayMortgageAlgo-master\app\BL\setterBL.java,BL.setterBL,"notConfirm/3[java.lang.String,java.lang.String,java.lang.String]",false,345,1,2,1,1,1,2,6,1,1,3,2,1,1,0,0,0,0,2,0,1,1,0,0,0,0,41,1,1,true
D:\Project\monayMortgageAlgo-master\monayMortgageAlgo-master\app\BL\setterBL.java,BL.setterBL,"registerNewUser/7[java.lang.String,java.lang.String,java.lang.String,java.lang.String,java.lang.String,java.lang.String,java.lang.String]",false,212,2,3,1,2,2,3,18,1,1,7,3,0,0,0,0,0,0,11,0,2,7,1,0,0,0,23,1,11,true
D:\Project\monayMortgageAlgo-master\monayMortgageAlgo-master\app\BL\setterBL.java,BL.setterBL,"foundSheyteGomour/3[java.util.ArrayList<Entity.Gelt>,java.util.ArrayList<Entity.Gelt>,Entity.Gelt]",false,164,1,7,2,5,9,9,32,1,4,3,9,0,0,1,4,0,2,2,4,10,2,4,0,0,0,39,2,2,true
D:\Project\monayMortgageAlgo-master\monayMortgageAlgo-master\app\BL\setterBL.java,BL.setterBL,"deleteTempDebt/3[java.lang.String,java.lang.String,java.lang.String]",false,276,3,6,2,4,3,4,7,1,1,3,4,0,0,0,0,0,2,0,0,2,0,1,0,0,0,28,1,0,true
D:\Project\monayMortgageAlgo-master\monayMortgageAlgo-master\app\BL\setterBL.java,BL.setterBL,"insertGelt/3[int,int,int]",false,24,4,14,8,6,5,6,19,1,4,3,6,3,2,1,0,0,0,0,0,5,0,3,0,0,0,31,1,0,true
D:\Project\monayMortgageAlgo-master\monayMortgageAlgo-master\app\BL\setterBL.java,BL.setterBL,"deleteDebt/3[java.lang.String,java.lang.String,java.lang.String]",false,296,3,5,1,4,3,4,7,1,1,3,4,0,0,0,0,0,2,0,0,2,0,1,0,0,0,24,1,0,true
D:\Project\monayMortgageAlgo-master\monayMortgageAlgo-master\app\BL\setterBL.java,BL.setterBL,"insertTempGelt/3[java.lang.String,java.lang.String,java.lang.String]",false,257,3,6,2,4,3,4,7,1,1,3,4,0,0,0,0,0,2,0,0,2,0,1,0,0,0,12,1,0,true
D:\Project\monayMortgageAlgo-master\monayMortgageAlgo-master\app\BL\setterBL.java,BL.setterBL,"insertGelt/3[java.lang.String,java.lang.String,java.lang.String]",false,240,2,3,1,2,3,2,7,1,1,3,2,1,1,0,0,0,2,0,0,2,0,1,0,0,0,12,1,0,true
