file,class,type,cbo,cboModified,fanin,fanout,wmc,dit,noc,rfc,lcom,lcom*,tcc,lcc,totalMethodsQty,staticMethodsQty,publicMethodsQty,privateMethodsQty,protectedMethodsQty,defaultMethodsQty,visibleMethodsQty,abstractMethodsQty,finalMethodsQty,synchronizedMethodsQty,totalFieldsQty,staticFieldsQty,publicFieldsQty,privateFieldsQty,protectedFieldsQty,defaultFieldsQty,finalFieldsQty,synchronizedFieldsQty,nosi,loc,returnQty,loopQty,comparisonsQty,tryCatchQty,parenthesizedExpsQty,stringLiteralsQty,numbersQty,assignmentsQty,mathOperationsQty,variablesQty,maxNestedBlocksQty,anonymousClassesQty,innerClassesQty,lambdasQty,uniqueWordsQty,modifiers,logStatementsQty
D:\Project\Detection\HeadFirst-DesignPatterns-master\HeadFirst-DesignPatterns-master\8. Template\src\com\huda\app\App.java,App,class,2,21,0,21,1,1,0,2,0,0.0,NaN,NaN,1,1,1,0,0,0,1,0,0,0,0,0,0,0,0,0,0,0,0,10,0,0,0,0,0,2,0,2,0,2,0,0,0,0,7,1,0
D:\Project\Detection\HeadFirst-DesignPatterns-master\HeadFirst-DesignPatterns-master\4.2.Abstract Factory\src\com\huda\productA\Dough.java,com.huda.productA.Dough,interface,0,5,5,0,0,1,0,0,0,0.0,-1.0,-1.0,0,0,0,0,0,0,0,0,0,0,0,0,0,0,0,0,0,0,0,2,0,0,0,0,0,0,0,0,0,0,0,0,0,0,1,1,0
D:\Project\Detection\HeadFirst-DesignPatterns-master\HeadFirst-DesignPatterns-master\7.2.Facade\src\com\huda\subsystem\Projector.java,com.huda.subsystem.Projector,class,0,1,1,0,3,1,0,1,3,0.0,0.0,0.0,3,0,3,0,0,0,3,0,0,0,0,0,0,0,0,0,0,0,0,11,0,0,0,0,0,3,0,0,0,0,0,0,0,0,9,1,0
D:\Project\Detection\HeadFirst-DesignPatterns-master\HeadFirst-DesignPatterns-master\4.2.Abstract Factory\src\com\huda\client\PizzaStore.java,com.huda.client.PizzaStore,class,2,5,3,2,2,1,2,5,1,0.0,0.0,0.0,2,0,1,0,0,1,2,1,0,0,0,0,0,0,0,0,0,0,0,12,1,0,0,0,0,0,0,1,0,1,0,0,0,0,6,1025,0
D:\Project\Detection\HeadFirst-DesignPatterns-master\HeadFirst-DesignPatterns-master\7.2.Facade\src\com\huda\facade\HomeTheaterFacade.java,com.huda.facade.HomeTheaterFacade,class,8,8,0,8,3,1,0,21,0,0.16666667,1.0,1.0,3,0,3,0,0,0,3,0,0,0,8,0,0,0,0,8,0,0,0,46,0,0,0,0,0,2,2,8,0,8,0,0,0,0,29,1,0
D:\Project\Detection\HeadFirst-DesignPatterns-master\HeadFirst-DesignPatterns-master\2.Observer\Observer_Custom\src\com\huda\observer\Observer.java,com.huda.observer.Observer,interface,0,3,3,0,1,1,0,0,0,0.0,NaN,NaN,1,0,1,0,0,0,1,0,0,0,0,0,0,0,0,0,0,0,0,3,0,0,0,0,0,0,0,0,0,0,0,0,0,0,2,1,0
D:\Project\Detection\HeadFirst-DesignPatterns-master\HeadFirst-DesignPatterns-master\1.Strategy\src\com\huda\duck\RubberDuck.java,com.huda.duck.RubberDuck,class,3,4,1,3,2,2,0,1,1,0.0,0.0,0.0,2,0,2,0,0,0,2,0,0,0,0,0,0,0,0,0,0,0,0,9,0,0,0,0,0,1,0,2,0,0,0,0,0,0,13,1,0
D:\Project\Detection\HeadFirst-DesignPatterns-master\HeadFirst-DesignPatterns-master\2.Observer\Observer_JavaAPI\src\DisplayElement.java,DisplayElement,interface,0,2,2,0,1,1,0,0,0,0.0,NaN,NaN,1,0,1,0,0,0,1,0,0,0,0,0,0,0,0,0,0,0,0,3,0,0,0,0,0,0,0,0,0,0,0,0,0,0,3,1,0
D:\Project\Detection\HeadFirst-DesignPatterns-master\HeadFirst-DesignPatterns-master\4.2.Abstract Factory\src\com\huda\productF\Spinach.java,com.huda.productF.Spinach,class,1,2,1,1,0,1,0,0,0,0.0,-1.0,-1.0,0,0,0,0,0,0,0,0,0,0,0,0,0,0,0,0,0,0,0,2,0,0,0,0,0,0,0,0,0,0,0,0,0,0,2,1,0
D:\Project\Detection\HeadFirst-DesignPatterns-master\HeadFirst-DesignPatterns-master\6. Command\src\com\huda\invoker\RemoteControl.java,com.huda.invoker.RemoteControl,class,2,3,1,2,8,1,0,5,0,0.33333334,0.6666667,0.6666667,6,0,6,0,0,0,6,0,0,0,3,0,0,0,0,3,0,0,0,38,1,2,0,0,0,5,5,13,1,7,1,0,0,0,20,1,0
D:\Project\Detection\HeadFirst-DesignPatterns-master\HeadFirst-DesignPatterns-master\10.State\src\com\huda\state\State.java,com.huda.state.State,interface,0,5,5,0,4,1,0,0,6,0.0,0.0,0.0,4,0,4,0,0,0,4,0,0,0,0,0,0,0,0,0,0,0,0,6,0,0,0,0,0,0,0,0,0,0,0,0,0,0,7,1,0
D:\Project\Detection\HeadFirst-DesignPatterns-master\HeadFirst-DesignPatterns-master\7.1.Adapter\src\com\huda\target\MallardDuck.java,com.huda.target.MallardDuck,class,1,2,1,1,2,1,0,1,1,0.0,0.0,0.0,2,0,2,0,0,0,2,0,0,0,0,0,0,0,0,0,0,0,0,8,0,0,0,0,0,2,0,0,0,0,0,0,0,0,4,1,0
D:\Project\Detection\HeadFirst-DesignPatterns-master\HeadFirst-DesignPatterns-master\6. Command\src\com\huda\receiver\CeilingFan.java,com.huda.receiver.CeilingFan,class,0,3,3,0,5,1,0,1,0,0.16666667,1.0,1.0,3,0,3,0,0,0,3,0,0,0,2,0,0,2,0,0,0,0,0,19,0,0,2,0,0,2,0,4,2,2,1,0,0,0,11,1,0
D:\Project\Detection\HeadFirst-DesignPatterns-master\HeadFirst-DesignPatterns-master\4.2.Abstract Factory\src\com\huda\pizza\VeggiePizza.java,com.huda.pizza.VeggiePizza,class,2,4,2,2,2,2,0,4,0,0.0,1.0,1.0,2,0,2,0,0,0,2,0,0,0,1,0,0,0,0,1,0,0,0,12,0,0,0,0,0,1,0,4,1,1,0,0,0,0,10,1,0
D:\Project\Detection\HeadFirst-DesignPatterns-master\HeadFirst-DesignPatterns-master\1.Strategy\src\com\huda\behavior\FlyBehavior.java,com.huda.behavior.FlyBehavior,interface,0,3,3,0,1,1,0,0,0,0.0,NaN,NaN,1,0,1,0,0,0,1,0,0,0,0,0,0,0,0,0,0,0,0,3,0,0,0,0,0,0,0,0,0,0,0,0,0,0,3,1,0
D:\Project\Detection\HeadFirst-DesignPatterns-master\HeadFirst-DesignPatterns-master\6. Command\src\com\huda\command\CeilingFanOnCommand.java,com.huda.command.CeilingFanOnCommand,class,2,3,1,2,3,1,0,2,0,0.0,1.0,1.0,3,0,3,0,0,0,3,0,0,0,1,0,0,0,0,1,0,0,0,12,0,0,0,0,0,0,0,1,0,1,0,0,0,0,7,1,0
D:\Project\Detection\HeadFirst-DesignPatterns-master\HeadFirst-DesignPatterns-master\10.State\src\com\huda\state\NoQuarterState.java,com.huda.state.NoQuarterState,class,2,3,1,2,5,1,0,3,8,0.6,0.1,0.1,5,0,5,0,0,0,5,0,0,0,1,0,0,0,0,1,0,0,0,19,0,0,0,0,0,4,0,1,0,1,0,0,0,0,19,1,0
D:\Project\Detection\HeadFirst-DesignPatterns-master\HeadFirst-DesignPatterns-master\4.1.Factory Method\src\com\huda\pizza\NYStyleCheesePizza.java,com.huda.pizza.NYStyleCheesePizza,class,1,2,1,1,1,2,0,1,0,0.0,NaN,NaN,1,0,1,0,0,0,1,0,0,0,0,0,0,0,0,0,0,0,0,8,0,0,0,0,0,4,0,3,0,0,0,0,0,0,11,1,0
D:\Project\Detection\HeadFirst-DesignPatterns-master\HeadFirst-DesignPatterns-master\4.2.Abstract Factory\src\com\huda\productB\PlumTomatoSauce.java,com.huda.productB.PlumTomatoSauce,class,1,2,1,1,0,1,0,0,0,0.0,-1.0,-1.0,0,0,0,0,0,0,0,0,0,0,0,0,0,0,0,0,0,0,0,2,0,0,0,0,0,0,0,0,0,0,0,0,0,0,3,1,0
D:\Project\Detection\HeadFirst-DesignPatterns-master\HeadFirst-DesignPatterns-master\4.2.Abstract Factory\src\com\huda\productD\FreshClams.java,com.huda.productD.FreshClams,class,1,2,1,1,0,1,0,0,0,0.0,-1.0,-1.0,0,0,0,0,0,0,0,0,0,0,0,0,0,0,0,0,0,0,0,2,0,0,0,0,0,0,0,0,0,0,0,0,0,0,2,1,0
D:\Project\Detection\HeadFirst-DesignPatterns-master\HeadFirst-DesignPatterns-master\3.Decorator\src\com\huda\beverage\Cappuccino.java,com.huda.beverage.Cappuccino,class,1,2,1,1,2,2,0,0,1,0.0,0.0,0.0,2,0,2,0,0,0,2,0,0,0,0,0,0,0,0,0,0,0,0,8,1,0,0,0,0,1,1,1,0,0,0,0,0,0,4,1,0
D:\Project\Detection\HeadFirst-DesignPatterns-master\HeadFirst-DesignPatterns-master\7.1.Adapter\src\com\huda\adapter\TurkeyAdapter.java,com.huda.adapter.TurkeyAdapter,class,2,3,1,2,3,1,0,2,0,0.0,1.0,1.0,3,0,3,0,0,0,3,0,0,0,1,0,0,1,0,0,0,0,0,12,0,0,0,0,0,0,0,1,0,1,0,0,0,0,6,1,0
D:\Project\Detection\HeadFirst-DesignPatterns-master\HeadFirst-DesignPatterns-master\7.2.Facade\src\com\huda\subsystem\Tuner.java,com.huda.subsystem.Tuner,class,0,1,1,0,2,1,0,1,1,0.0,0.0,0.0,2,0,2,0,0,0,2,0,0,0,0,0,0,0,0,0,0,0,0,8,0,0,0,0,0,2,0,0,0,0,0,0,0,0,4,1,0
D:\Project\Detection\HeadFirst-DesignPatterns-master\HeadFirst-DesignPatterns-master\3.Decorator\src\com\huda\app\StarbuzzCoffee.java,com.huda.app.StarbuzzCoffee,class,6,6,0,6,1,1,0,3,0,0.0,NaN,NaN,1,1,1,0,0,0,1,0,0,0,0,0,0,0,0,0,0,0,0,11,0,0,0,0,0,2,0,5,2,2,0,0,0,0,13,1,0
D:\Project\Detection\HeadFirst-DesignPatterns-master\HeadFirst-DesignPatterns-master\1.Strategy\src\com\huda\behavior\Squek.java,com.huda.behavior.Squek,class,1,2,1,1,1,1,0,1,0,0.0,NaN,NaN,1,0,1,0,0,0,1,0,0,0,0,0,0,0,0,0,0,0,0,5,0,0,0,0,0,1,0,0,0,0,0,0,0,0,4,1,0
D:\Project\Detection\HeadFirst-DesignPatterns-master\HeadFirst-DesignPatterns-master\1.Strategy\src\com\huda\behavior\QuackBehavior.java,com.huda.behavior.QuackBehavior,interface,0,4,4,0,1,1,0,0,0,0.0,NaN,NaN,1,0,1,0,0,0,1,0,0,0,0,0,0,0,0,0,0,0,0,3,0,0,0,0,0,0,0,0,0,0,0,0,0,0,3,1,0
D:\Project\Detection\HeadFirst-DesignPatterns-master\HeadFirst-DesignPatterns-master\4.2.Abstract Factory\src\com\huda\productE\SlicedPepperoni.java,com.huda.productE.SlicedPepperoni,class,1,3,2,1,0,1,0,0,0,0.0,-1.0,-1.0,0,0,0,0,0,0,0,0,0,0,0,0,0,0,0,0,0,0,0,2,0,0,0,0,0,0,0,0,0,0,0,0,0,0,2,1,0
D:\Project\Detection\HeadFirst-DesignPatterns-master\HeadFirst-DesignPatterns-master\4.2.Abstract Factory\src\com\huda\productF\Mushroom.java,com.huda.productF.Mushroom,class,1,2,1,1,0,1,0,0,0,0.0,-1.0,-1.0,0,0,0,0,0,0,0,0,0,0,0,0,0,0,0,0,0,0,0,2,0,0,0,0,0,0,0,0,0,0,0,0,0,0,2,1,0
D:\Project\Detection\HeadFirst-DesignPatterns-master\HeadFirst-DesignPatterns-master\1.Strategy\src\com\huda\duck\MallardDuck.java,com.huda.duck.MallardDuck,class,3,4,1,3,2,2,0,1,1,0.0,0.0,0.0,2,0,2,0,0,0,2,0,0,0,0,0,0,0,0,0,0,0,0,9,0,0,0,0,0,1,0,2,0,0,0,0,0,0,12,1,0
D:\Project\Detection\HeadFirst-DesignPatterns-master\HeadFirst-DesignPatterns-master\4.2.Abstract Factory\src\com\huda\concreteFactory\ChicagoPizzaIngredientFactory.java,com.huda.concreteFactory.ChicagoPizzaIngredientFactory,class,14,15,1,14,6,1,0,0,15,0.0,0.0,0.0,6,0,6,0,0,0,6,0,0,0,0,0,0,0,0,0,0,0,0,21,6,0,0,0,0,0,0,1,0,1,0,0,0,0,22,1,0
D:\Project\Detection\HeadFirst-DesignPatterns-master\HeadFirst-DesignPatterns-master\4.2.Abstract Factory\src\com\huda\productA\ThickCrustDough.java,com.huda.productA.ThickCrustDough,class,1,2,1,1,0,1,0,0,0,0.0,-1.0,-1.0,0,0,0,0,0,0,0,0,0,0,0,0,0,0,0,0,0,0,0,2,0,0,0,0,0,0,0,0,0,0,0,0,0,0,3,1,0
D:\Project\Detection\HeadFirst-DesignPatterns-master\HeadFirst-DesignPatterns-master\3.Decorator\src\com\huda\condiment\CondimentDecorator.java,com.huda.condiment.CondimentDecorator,class,1,4,3,1,1,2,3,0,0,0.0,NaN,NaN,1,0,1,0,0,0,1,1,0,0,0,0,0,0,0,0,0,0,0,3,0,0,0,0,0,0,0,0,0,0,0,0,0,0,5,1025,0
D:\Project\Detection\HeadFirst-DesignPatterns-master\HeadFirst-DesignPatterns-master\4.2.Abstract Factory\src\com\huda\productD\FrozenClams.java,com.huda.productD.FrozenClams,class,1,2,1,1,0,1,0,0,0,0.0,-1.0,-1.0,0,0,0,0,0,0,0,0,0,0,0,0,0,0,0,0,0,0,0,2,0,0,0,0,0,0,0,0,0,0,0,0,0,0,2,1,0
D:\Project\Detection\HeadFirst-DesignPatterns-master\HeadFirst-DesignPatterns-master\10.State\src\com\huda\state\SoldState.java,com.huda.state.SoldState,class,2,3,1,2,6,1,0,6,8,0.6,0.1,0.1,5,0,5,0,0,0,5,0,0,0,1,0,0,0,0,1,0,0,0,25,0,0,0,0,0,4,1,1,0,1,1,0,0,0,23,1,0
D:\Project\Detection\HeadFirst-DesignPatterns-master\HeadFirst-DesignPatterns-master\4.2.Abstract Factory\src\com\huda\productB\MarinaraSauce.java,com.huda.productB.MarinaraSauce,class,1,2,1,1,0,1,0,0,0,0.0,-1.0,-1.0,0,0,0,0,0,0,0,0,0,0,0,0,0,0,0,0,0,0,0,2,0,0,0,0,0,0,0,0,0,0,0,0,0,0,2,1,0
D:\Project\Detection\HeadFirst-DesignPatterns-master\HeadFirst-DesignPatterns-master\4.2.Abstract Factory\src\com\huda\productF\Veggies.java,com.huda.productF.Veggies,interface,0,9,9,0,0,1,0,0,0,0.0,-1.0,-1.0,0,0,0,0,0,0,0,0,0,0,0,0,0,0,0,0,0,0,0,2,0,0,0,0,0,0,0,0,0,0,0,0,0,0,1,1,0
D:\Project\Detection\HeadFirst-DesignPatterns-master\HeadFirst-DesignPatterns-master\4.2.Abstract Factory\src\com\huda\productF\Garlic.java,com.huda.productF.Garlic,class,1,2,1,1,0,1,0,0,0,0.0,-1.0,-1.0,0,0,0,0,0,0,0,0,0,0,0,0,0,0,0,0,0,0,0,2,0,0,0,0,0,0,0,0,0,0,0,0,0,0,2,1,0
D:\Project\Detection\HeadFirst-DesignPatterns-master\HeadFirst-DesignPatterns-master\4.1.Factory Method\src\com\huda\pizza\NYStyleVeggiePizza.java,com.huda.pizza.NYStyleVeggiePizza,class,1,2,1,1,2,2,0,2,1,0.0,0.0,0.0,2,0,2,0,0,0,2,0,0,0,0,0,0,0,0,0,0,0,0,11,0,0,0,0,0,5,0,3,0,0,0,0,0,0,15,1,0
D:\Project\Detection\HeadFirst-DesignPatterns-master\HeadFirst-DesignPatterns-master\2.Observer\Observer_Custom\src\com\huda\display\DisplayElement.java,com.huda.display.DisplayElement,interface,0,1,1,0,1,1,0,0,0,0.0,NaN,NaN,1,0,1,0,0,0,1,0,0,0,0,0,0,0,0,0,0,0,0,3,0,0,0,0,0,0,0,0,0,0,0,0,0,0,3,1,0
D:\Project\Detection\HeadFirst-DesignPatterns-master\HeadFirst-DesignPatterns-master\4.2.Abstract Factory\src\com\huda\productF\BlackOlives.java,com.huda.productF.BlackOlives,class,1,2,1,1,0,1,0,0,0,0.0,-1.0,-1.0,0,0,0,0,0,0,0,0,0,0,0,0,0,0,0,0,0,0,0,2,0,0,0,0,0,0,0,0,0,0,0,0,0,0,3,1,0
D:\Project\Detection\HeadFirst-DesignPatterns-master\HeadFirst-DesignPatterns-master\3.Decorator\src\com\huda\condiment\Soy.java,com.huda.condiment.Soy,class,2,3,1,2,3,3,0,2,0,0.0,1.0,1.0,3,0,3,0,0,0,3,0,0,0,1,0,0,0,0,1,0,0,0,12,2,0,0,0,0,1,1,1,2,1,0,0,0,0,8,1,0
D:\Project\Detection\HeadFirst-DesignPatterns-master\HeadFirst-DesignPatterns-master\6. Command\src\com\huda\command\Command.java,com.huda.command.Command,interface,0,10,10,0,2,1,0,0,1,0.0,0.0,0.0,2,0,2,0,0,0,2,0,0,0,0,0,0,0,0,0,0,0,0,4,0,0,0,0,0,0,0,0,0,0,0,0,0,0,3,1,0
D:\Project\Detection\HeadFirst-DesignPatterns-master\HeadFirst-DesignPatterns-master\4.2.Abstract Factory\src\com\huda\concreteFactory\NYPizzaIngredientFactory.java,com.huda.concreteFactory.NYPizzaIngredientFactory,class,16,17,1,16,6,1,0,0,15,0.0,0.0,0.0,6,0,6,0,0,0,6,0,0,0,0,0,0,0,0,0,0,0,0,21,6,0,0,0,0,0,0,1,0,1,0,0,0,0,24,1,0
D:\Project\Detection\HeadFirst-DesignPatterns-master\HeadFirst-DesignPatterns-master\3.Decorator\src\com\huda\beverage\Beverage.java,com.huda.beverage.Beverage,class,0,7,7,0,2,1,3,0,1,0.5,0.0,0.0,2,0,2,0,0,0,2,1,0,0,1,0,0,0,0,1,0,0,0,7,1,0,0,0,0,1,0,1,0,1,0,0,0,0,5,1025,0
D:\Project\Detection\HeadFirst-DesignPatterns-master\HeadFirst-DesignPatterns-master\10.State\src\com\huda\state\SoldOutState.java,com.huda.state.SoldOutState,class,2,3,1,2,5,1,0,1,10,0.8,0.0,0.0,5,0,5,0,0,0,5,0,0,0,1,0,0,0,0,1,0,0,0,18,0,0,0,0,0,4,0,1,0,1,0,0,0,0,23,1,0
D:\Project\Detection\HeadFirst-DesignPatterns-master\HeadFirst-DesignPatterns-master\7.2.Facade\src\com\huda\subsystem\CdPlayer.java,com.huda.subsystem.CdPlayer,class,0,1,1,0,2,1,0,1,1,0.0,0.0,0.0,2,0,2,0,0,0,2,0,0,0,0,0,0,0,0,0,0,0,0,8,0,0,0,0,0,2,0,0,0,0,0,0,0,0,6,1,0
D:\Project\Detection\HeadFirst-DesignPatterns-master\HeadFirst-DesignPatterns-master\7.2.Facade\src\com\huda\subsystem\Screen.java,com.huda.subsystem.Screen,class,0,1,1,0,2,1,0,1,1,0.0,0.0,0.0,2,0,2,0,0,0,2,0,0,0,0,0,0,0,0,0,0,0,0,8,0,0,0,0,0,2,0,0,0,0,0,0,0,0,6,1,0
D:\Project\Detection\HeadFirst-DesignPatterns-master\HeadFirst-DesignPatterns-master\4.2.Abstract Factory\src\com\huda\client\NYPizzaStore.java,com.huda.client.NYPizzaStore,class,8,8,0,8,5,2,0,2,0,0.0,NaN,NaN,1,0,0,0,1,0,1,0,0,0,0,0,0,0,0,0,0,0,0,23,1,0,0,0,0,8,0,6,0,2,1,0,0,0,21,1,0
D:\Project\Detection\HeadFirst-DesignPatterns-master\HeadFirst-DesignPatterns-master\3.Decorator\src\com\huda\condiment\Milk.java,com.huda.condiment.Milk,class,2,3,1,2,3,3,0,2,0,0.0,1.0,1.0,3,0,3,0,0,0,3,0,0,0,1,0,0,0,0,1,0,0,0,12,2,0,0,0,0,1,1,1,2,1,0,0,0,0,8,1,0
D:\Project\Detection\HeadFirst-DesignPatterns-master\HeadFirst-DesignPatterns-master\6. Command\src\com\huda\command\LightOnCommand.java,com.huda.command.LightOnCommand,class,2,3,1,2,3,1,0,2,0,0.0,1.0,1.0,3,0,3,0,0,0,3,0,0,0,1,0,0,0,0,1,0,0,0,12,0,0,0,0,0,0,0,1,0,1,0,0,0,0,6,1,0
D:\Project\Detection\HeadFirst-DesignPatterns-master\HeadFirst-DesignPatterns-master\7.1.Adapter\src\com\huda\adaptee\Turkey.java,com.huda.adaptee.Turkey,interface,0,2,2,0,2,1,0,0,1,0.0,0.0,0.0,2,0,2,0,0,0,2,0,0,0,0,0,0,0,0,0,0,0,0,4,0,0,0,0,0,0,0,0,0,0,0,0,0,0,3,1,0
D:\Project\Detection\HeadFirst-DesignPatterns-master\HeadFirst-DesignPatterns-master\2.Observer\Observer_JavaAPI\src\WeatherData.java,WeatherData,class,1,5,4,1,5,2,0,3,4,0.6,0.3,0.6,5,0,5,0,0,0,5,0,0,0,3,0,0,3,0,0,0,0,0,24,3,0,0,0,0,0,0,3,0,3,0,0,0,0,16,1,0
D:\Project\Detection\HeadFirst-DesignPatterns-master\HeadFirst-DesignPatterns-master\7.2.Facade\src\com\huda\subsystem\TheaterLights.java,com.huda.subsystem.TheaterLights,class,0,1,1,0,2,1,0,1,1,0.0,0.0,0.0,2,0,2,0,0,0,2,0,0,0,0,0,0,0,0,0,0,0,0,8,0,0,0,0,0,2,0,0,1,0,0,0,0,0,9,1,0
D:\Project\Detection\HeadFirst-DesignPatterns-master\HeadFirst-DesignPatterns-master\4.2.Abstract Factory\src\com\huda\productC\MozzarellaCheese.java,com.huda.productC.MozzarellaCheese,class,1,2,1,1,0,1,0,0,0,0.0,-1.0,-1.0,0,0,0,0,0,0,0,0,0,0,0,0,0,0,0,0,0,0,0,2,0,0,0,0,0,0,0,0,0,0,0,0,0,0,2,1,0
D:\Project\Detection\HeadFirst-DesignPatterns-master\HeadFirst-DesignPatterns-master\4.2.Abstract Factory\src\com\huda\productF\Onion.java,com.huda.productF.Onion,class,1,2,1,1,0,1,0,0,0,0.0,-1.0,-1.0,0,0,0,0,0,0,0,0,0,0,0,0,0,0,0,0,0,0,0,2,0,0,0,0,0,0,0,0,0,0,0,0,0,0,2,1,0
D:\Project\Detection\HeadFirst-DesignPatterns-master\HeadFirst-DesignPatterns-master\6. Command\src\com\huda\command\LightOffCommand.java,com.huda.command.LightOffCommand,class,2,3,1,2,3,1,0,2,0,0.0,1.0,1.0,3,0,3,0,0,0,3,0,0,0,1,0,0,0,0,1,0,0,0,12,0,0,0,0,0,0,0,1,0,1,0,0,0,0,6,1,0
D:\Project\Detection\HeadFirst-DesignPatterns-master\HeadFirst-DesignPatterns-master\3.Decorator\src\com\huda\beverage\Espresso.java,com.huda.beverage.Espresso,class,1,2,1,1,2,2,0,0,1,0.0,0.0,0.0,2,0,2,0,0,0,2,0,0,0,0,0,0,0,0,0,0,0,0,8,1,0,0,0,0,1,1,1,0,0,0,0,0,0,4,1,0
D:\Project\Detection\HeadFirst-DesignPatterns-master\HeadFirst-DesignPatterns-master\6. Command\src\com\huda\command\StereoOffCommand.java,com.huda.command.StereoOffCommand,class,2,3,1,2,3,1,0,2,0,0.0,1.0,1.0,3,0,3,0,0,0,3,0,0,0,1,0,0,0,0,1,0,0,0,12,0,0,0,0,0,0,0,1,0,1,0,0,0,0,6,1,0
D:\Project\Detection\HeadFirst-DesignPatterns-master\HeadFirst-DesignPatterns-master\10.State\src\com\huda\state\GumballMachine.java,com.huda.state.GumballMachine,class,6,11,5,6,20,1,0,11,87,0.7962963,0.21568628,0.8888889,18,0,18,0,0,0,18,0,0,0,6,0,0,6,0,0,0,0,0,77,7,0,1,0,0,3,4,16,2,7,1,0,0,0,34,1,0
D:\Project\Detection\HeadFirst-DesignPatterns-master\HeadFirst-DesignPatterns-master\4.2.Abstract Factory\src\com\huda\productD\Clams.java,com.huda.productD.Clams,interface,0,5,5,0,0,1,0,0,0,0.0,-1.0,-1.0,0,0,0,0,0,0,0,0,0,0,0,0,0,0,0,0,0,0,0,2,0,0,0,0,0,0,0,0,0,0,0,0,0,0,1,1,0
D:\Project\Detection\HeadFirst-DesignPatterns-master\HeadFirst-DesignPatterns-master\2.Observer\Observer_JavaAPI\src\CurrentConditionDisplay.java,CurrentConditionDisplay,class,3,5,2,3,4,1,0,6,1,0.4166667,0.33333334,0.33333334,3,0,3,0,0,0,3,0,0,0,4,0,0,3,0,1,0,0,0,22,0,0,0,0,0,6,0,5,1,5,1,0,0,0,18,1,0
D:\Project\Detection\HeadFirst-DesignPatterns-master\HeadFirst-DesignPatterns-master\4.2.Abstract Factory\src\com\huda\pizza\CheesePizza.java,com.huda.pizza.CheesePizza,class,2,4,2,2,2,2,0,4,0,0.0,1.0,1.0,2,0,2,0,0,0,2,0,0,0,1,0,0,0,0,1,0,0,0,12,0,0,0,0,0,1,0,4,1,1,0,0,0,0,10,1,0
D:\Project\Detection\HeadFirst-DesignPatterns-master\HeadFirst-DesignPatterns-master\7.1.Adapter\src\com\huda\client\App.java,com.huda.client.App,class,5,6,1,5,2,1,0,8,1,0.0,0.0,0.0,2,2,1,0,0,1,2,0,0,0,0,0,0,0,0,0,0,0,2,21,0,0,0,0,0,4,0,3,0,3,0,0,0,0,18,1,0
D:\Project\Detection\HeadFirst-DesignPatterns-master\HeadFirst-DesignPatterns-master\4.1.Factory Method\src\com\huda\pizzastore\ChicagoStylePizzaStore.java,com.huda.pizzastore.ChicagoStylePizzaStore,class,4,5,1,4,3,2,0,1,0,0.0,NaN,NaN,1,0,1,0,0,0,1,0,0,0,0,0,0,0,0,0,0,0,0,12,1,0,0,0,0,2,0,3,0,1,1,0,0,0,10,1,0
D:\Project\Detection\HeadFirst-DesignPatterns-master\HeadFirst-DesignPatterns-master\4.2.Abstract Factory\src\com\huda\abstractFactory\PizzaIngredientFactory.java,com.huda.abstractFactory.PizzaIngredientFactory,interface,6,14,8,6,6,1,0,0,15,0.0,0.0,0.0,6,0,6,0,0,0,6,0,0,0,0,0,0,0,0,0,0,0,0,8,0,0,0,0,0,0,0,0,0,0,0,0,0,0,10,1,0
D:\Project\Detection\HeadFirst-DesignPatterns-master\HeadFirst-DesignPatterns-master\6. Command\src\com\huda\app\RemoteLoader.java,com.huda.app.RemoteLoader,class,13,13,0,13,1,1,0,6,0,0.0,NaN,NaN,1,1,1,0,0,0,1,0,0,0,0,0,0,0,0,0,0,0,0,45,0,0,0,0,0,8,17,16,0,16,0,0,0,0,27,1,0
D:\Project\Detection\HeadFirst-DesignPatterns-master\HeadFirst-DesignPatterns-master\4.2.Abstract Factory\src\com\huda\pizza\ClamPizza.java,com.huda.pizza.ClamPizza,class,2,4,2,2,2,2,0,4,0,0.0,1.0,1.0,2,0,2,0,0,0,2,0,0,0,1,0,0,0,0,1,0,0,0,12,0,0,0,0,0,1,0,4,1,1,0,0,0,0,10,1,0
D:\Project\Detection\HeadFirst-DesignPatterns-master\HeadFirst-DesignPatterns-master\7.1.Adapter\src\com\huda\adaptee\WildTurkey.java,com.huda.adaptee.WildTurkey,class,1,2,1,1,2,1,0,1,1,0.0,0.0,0.0,2,0,2,0,0,0,2,0,0,0,0,0,0,0,0,0,0,0,0,8,0,0,0,0,0,2,0,0,0,0,0,0,0,0,6,1,0
D:\Project\Detection\HeadFirst-DesignPatterns-master\HeadFirst-DesignPatterns-master\6. Command\src\com\huda\receiver\Stereo.java,com.huda.receiver.Stereo,class,0,3,3,0,7,1,0,1,0,0.4666667,1.0,1.0,5,0,5,0,0,0,5,0,0,0,3,0,0,3,0,0,0,0,0,27,0,0,2,0,0,4,0,5,4,3,1,0,0,0,15,1,0
D:\Project\Detection\HeadFirst-DesignPatterns-master\HeadFirst-DesignPatterns-master\4.2.Abstract Factory\src\com\huda\productB\Sauce.java,com.huda.productB.Sauce,interface,0,5,5,0,0,1,0,0,0,0.0,-1.0,-1.0,0,0,0,0,0,0,0,0,0,0,0,0,0,0,0,0,0,0,0,2,0,0,0,0,0,0,0,0,0,0,0,0,0,0,1,1,0
D:\Project\Detection\HeadFirst-DesignPatterns-master\HeadFirst-DesignPatterns-master\4.1.Factory Method\src\com\huda\pizza\ChicagoStyleCheesePizza.java,com.huda.pizza.ChicagoStyleCheesePizza,class,1,2,1,1,1,2,0,1,0,0.0,NaN,NaN,1,0,1,0,0,0,1,0,0,0,0,0,0,0,0,0,0,0,0,8,0,0,0,0,0,4,0,3,0,0,0,0,0,0,13,1,0
D:\Project\Detection\HeadFirst-DesignPatterns-master\HeadFirst-DesignPatterns-master\1.Strategy\src\com\huda\duck\Duck.java,com.huda.duck.Duck,class,2,6,4,2,6,1,3,3,11,0.6666667,0.13333334,0.13333334,6,0,6,0,0,0,6,1,0,0,2,0,0,0,0,2,0,0,0,20,0,0,0,0,0,1,0,2,0,2,0,0,0,0,14,1025,0
D:\Project\Detection\HeadFirst-DesignPatterns-master\HeadFirst-DesignPatterns-master\1.Strategy\src\com\huda\behavior\Quack.java,com.huda.behavior.Quack,class,1,2,1,1,1,1,0,1,0,0.0,NaN,NaN,1,0,1,0,0,0,1,0,0,0,0,0,0,0,0,0,0,0,0,5,0,0,0,0,0,1,0,0,0,0,0,0,0,0,3,1,0
D:\Project\Detection\HeadFirst-DesignPatterns-master\HeadFirst-DesignPatterns-master\7.2.Facade\src\com\huda\subsystem\Amplifier.java,com.huda.subsystem.Amplifier,class,1,2,1,1,6,1,0,2,13,0.6666667,0.06666667,0.06666667,6,0,6,0,0,0,6,0,0,0,1,0,0,1,0,0,0,0,0,22,1,0,0,0,0,5,0,1,2,1,0,0,0,0,21,1,0
D:\Project\Detection\HeadFirst-DesignPatterns-master\HeadFirst-DesignPatterns-master\6. Command\src\com\huda\command\StereoOnWithCDCommand.java,com.huda.command.StereoOnWithCDCommand,class,2,3,1,2,3,1,0,4,0,0.0,1.0,1.0,3,0,3,0,0,0,3,0,0,0,1,0,0,0,0,1,0,0,0,14,0,0,0,0,0,0,1,1,0,1,0,0,0,0,9,1,0
D:\Project\Detection\HeadFirst-DesignPatterns-master\HeadFirst-DesignPatterns-master\2.Observer\Observer_Custom\src\com\huda\subject\Subject.java,com.huda.subject.Subject,interface,1,2,1,1,3,1,0,0,3,0.0,0.0,0.0,3,0,3,0,0,0,3,0,0,0,0,0,0,0,0,0,0,0,0,5,0,0,0,0,0,0,0,0,0,0,0,0,0,0,7,1,0
D:\Project\Detection\HeadFirst-DesignPatterns-master\HeadFirst-DesignPatterns-master\2.Observer\Observer_JavaAPI\src\ForecastDisplay.java,ForecastDisplay,class,3,5,2,3,4,1,0,4,1,0.44444445,0.33333334,0.33333334,3,0,3,0,0,0,3,0,0,0,3,0,0,2,0,1,0,0,0,20,0,0,0,0,0,3,1,5,1,4,1,0,0,0,19,1,0
D:\Project\Detection\HeadFirst-DesignPatterns-master\HeadFirst-DesignPatterns-master\7.2.Facade\src\com\huda\subsystem\DvdPlayer.java,com.huda.subsystem.DvdPlayer,class,1,4,3,1,8,1,0,3,24,0.75,0.071428575,0.071428575,8,0,8,0,0,0,8,0,0,0,2,0,0,2,0,0,0,0,0,29,2,0,0,0,0,6,0,2,2,2,0,0,0,0,23,1,0
D:\Project\Detection\HeadFirst-DesignPatterns-master\HeadFirst-DesignPatterns-master\6. Command\src\com\huda\command\CeilingFanOffCommand.java,com.huda.command.CeilingFanOffCommand,class,2,3,1,2,3,1,0,2,0,0.0,1.0,1.0,3,0,3,0,0,0,3,0,0,0,1,0,0,0,0,1,0,0,0,12,0,0,0,0,0,0,0,1,0,1,0,0,0,0,7,1,0
D:\Project\Detection\HeadFirst-DesignPatterns-master\HeadFirst-DesignPatterns-master\6. Command\src\com\huda\command\GarageDoorDownCommand.java,com.huda.command.GarageDoorDownCommand,class,2,3,1,2,3,1,0,2,0,0.0,1.0,1.0,3,0,3,0,0,0,3,0,0,0,1,0,0,0,0,1,0,0,0,12,0,0,0,0,0,0,0,1,0,1,0,0,0,0,7,1,0
D:\Project\Detection\HeadFirst-DesignPatterns-master\HeadFirst-DesignPatterns-master\2.Observer\Observer_Custom\src\com\huda\observer\CurrentConditions.java,com.huda.observer.CurrentConditions,class,4,5,1,4,3,1,0,6,0,0.33333334,0.6666667,1.0,3,0,3,0,0,0,3,0,0,0,4,0,0,4,0,0,0,0,0,19,0,0,0,0,0,7,0,4,2,4,0,0,0,0,12,1,0
D:\Project\Detection\HeadFirst-DesignPatterns-master\HeadFirst-DesignPatterns-master\5.Singleton\src\Singleton.java,Singleton,class,1,2,1,1,3,1,0,0,1,0.5,NaN,NaN,2,1,1,1,0,0,1,0,0,0,1,1,0,1,0,0,0,0,0,11,1,0,1,0,0,0,0,1,0,1,1,0,0,0,6,1,0
D:\Project\Detection\HeadFirst-DesignPatterns-master\HeadFirst-DesignPatterns-master\4.2.Abstract Factory\src\com\huda\productF\RedPepper.java,com.huda.productF.RedPepper,class,1,2,1,1,0,1,0,0,0,0.0,-1.0,-1.0,0,0,0,0,0,0,0,0,0,0,0,0,0,0,0,0,0,0,0,2,0,0,0,0,0,0,0,0,0,0,0,0,0,0,3,1,0
D:\Project\Detection\HeadFirst-DesignPatterns-master\HeadFirst-DesignPatterns-master\1.Strategy\src\com\huda\app\App.java,com.huda.app.App,class,4,4,0,4,1,1,0,5,0,0.0,NaN,NaN,1,1,1,0,0,0,1,0,0,0,0,0,0,0,0,0,0,0,0,16,0,0,0,0,0,0,0,3,0,3,0,0,0,0,10,1,0
D:\Project\Detection\HeadFirst-DesignPatterns-master\HeadFirst-DesignPatterns-master\8. Template\src\com\huda\template\Tea.java,com.huda.template.Tea,class,2,3,1,2,7,2,0,6,6,0.0,0.0,0.0,4,0,1,1,0,2,3,0,0,0,0,0,0,0,0,0,0,0,0,33,4,0,1,1,0,6,0,4,0,3,1,0,0,0,36,1,0
D:\Project\Detection\HeadFirst-DesignPatterns-master\HeadFirst-DesignPatterns-master\4.2.Abstract Factory\src\com\huda\productC\Cheese.java,com.huda.productC.Cheese,interface,0,5,5,0,0,1,0,0,0,0.0,-1.0,-1.0,0,0,0,0,0,0,0,0,0,0,0,0,0,0,0,0,0,0,0,2,0,0,0,0,0,0,0,0,0,0,0,0,0,0,1,1,0
D:\Project\Detection\HeadFirst-DesignPatterns-master\HeadFirst-DesignPatterns-master\4.2.Abstract Factory\src\com\huda\client\ChicagoPizzaStore.java,com.huda.client.ChicagoPizzaStore,class,8,8,0,8,5,2,0,2,0,0.0,NaN,NaN,1,0,0,0,1,0,1,0,0,0,0,0,0,0,0,0,0,0,0,23,1,0,0,0,0,8,0,6,0,2,1,0,0,0,19,1,0
D:\Project\Detection\HeadFirst-DesignPatterns-master\HeadFirst-DesignPatterns-master\1.Strategy\src\com\huda\behavior\FlyNoWay.java,com.huda.behavior.FlyNoWay,class,1,3,2,1,1,1,0,1,0,0.0,NaN,NaN,1,0,1,0,0,0,1,0,0,0,0,0,0,0,0,0,0,0,0,5,0,0,0,0,0,1,0,0,0,0,0,0,0,0,5,1,0
D:\Project\Detection\HeadFirst-DesignPatterns-master\HeadFirst-DesignPatterns-master\6. Command\src\com\huda\command\NoCommand.java,com.huda.command.NoCommand,class,1,2,1,1,2,1,0,0,1,0.0,0.0,0.0,2,0,2,0,0,0,2,0,0,0,0,0,0,0,0,0,0,0,0,6,0,0,0,0,0,0,0,0,0,0,0,0,0,0,4,1,0
D:\Project\Detection\HeadFirst-DesignPatterns-master\HeadFirst-DesignPatterns-master\7.2.Facade\src\com\huda\subsystem\PopcornPopper.java,com.huda.subsystem.PopcornPopper,class,0,1,1,0,3,1,0,1,3,0.0,0.0,0.0,3,0,3,0,0,0,3,0,0,0,0,0,0,0,0,0,0,0,0,11,0,0,0,0,0,3,0,0,0,0,0,0,0,0,8,1,0
D:\Project\Detection\HeadFirst-DesignPatterns-master\HeadFirst-DesignPatterns-master\8. Template\src\com\huda\template\CaffeinBeverage.java,com.huda.template.CaffeinBeverage,class,1,4,3,1,7,1,2,6,15,0.0,0.0,0.0,6,0,1,0,0,5,6,2,0,0,0,0,0,0,0,0,0,0,0,21,1,0,0,0,0,2,0,0,0,0,1,0,0,0,16,1025,0
D:\Project\Detection\HeadFirst-DesignPatterns-master\HeadFirst-DesignPatterns-master\8. Template\src\com\huda\template\Coffee.java,com.huda.template.Coffee,class,2,3,1,2,7,2,0,6,6,0.0,0.0,0.0,4,0,1,1,0,2,3,0,0,0,0,0,0,0,0,0,0,0,0,33,4,0,1,1,0,6,0,4,0,3,1,0,0,0,39,1,0
D:\Project\Detection\HeadFirst-DesignPatterns-master\HeadFirst-DesignPatterns-master\1.Strategy\src\com\huda\behavior\MuteQuack.java,com.huda.behavior.MuteQuack,class,1,2,1,1,1,1,0,1,0,0.0,NaN,NaN,1,0,1,0,0,0,1,0,0,0,0,0,0,0,0,0,0,0,0,5,0,0,0,0,0,1,0,0,0,0,0,0,0,0,5,1,0
D:\Project\Detection\HeadFirst-DesignPatterns-master\HeadFirst-DesignPatterns-master\6. Command\src\com\huda\command\GarageDoorUpCommand.java,com.huda.command.GarageDoorUpCommand,class,2,3,1,2,3,1,0,2,0,0.0,1.0,1.0,3,0,3,0,0,0,3,0,0,0,1,0,0,0,0,1,0,0,0,12,0,0,0,0,0,0,0,1,0,1,0,0,0,0,7,1,0
D:\Project\Detection\HeadFirst-DesignPatterns-master\HeadFirst-DesignPatterns-master\6. Command\src\com\huda\receiver\GarageDoor.java,com.huda.receiver.GarageDoor,class,0,3,3,0,5,1,0,1,0,0.16666667,1.0,1.0,3,0,3,0,0,0,3,0,0,0,2,0,0,2,0,0,0,0,0,19,0,0,2,0,0,2,0,4,2,2,1,0,0,0,10,1,0
D:\Project\Detection\HeadFirst-DesignPatterns-master\HeadFirst-DesignPatterns-master\4.2.Abstract Factory\src\com\huda\productC\ReggianoCheese.java,com.huda.productC.ReggianoCheese,class,1,2,1,1,0,1,0,0,0,0.0,-1.0,-1.0,0,0,0,0,0,0,0,0,0,0,0,0,0,0,0,0,0,0,0,2,0,0,0,0,0,0,0,0,0,0,0,0,0,0,2,1,0
D:\Project\Detection\HeadFirst-DesignPatterns-master\HeadFirst-DesignPatterns-master\4.1.Factory Method\src\com\huda\pizzastore\PizzaStore.java,com.huda.pizzastore.PizzaStore,class,2,6,4,2,2,1,2,5,1,0.0,0.0,0.0,2,0,1,0,0,1,2,1,0,0,0,0,0,0,0,0,0,0,0,12,1,0,0,0,0,0,0,1,0,1,0,0,0,0,6,1025,0
D:\Project\Detection\HeadFirst-DesignPatterns-master\HeadFirst-DesignPatterns-master\3.Decorator\src\com\huda\condiment\WhippedCream.java,com.huda.condiment.WhippedCream,class,2,3,1,2,3,3,0,2,0,0.0,1.0,1.0,3,0,3,0,0,0,3,0,0,0,1,0,0,0,0,1,0,0,0,12,2,0,0,0,0,1,1,1,2,1,0,0,0,0,10,1,0
D:\Project\Detection\HeadFirst-DesignPatterns-master\HeadFirst-DesignPatterns-master\4.2.Abstract Factory\src\com\huda\productA\ThinCrustDough.java,com.huda.productA.ThinCrustDough,class,1,2,1,1,0,1,0,0,0,0.0,-1.0,-1.0,0,0,0,0,0,0,0,0,0,0,0,0,0,0,0,0,0,0,0,2,0,0,0,0,0,0,0,0,0,0,0,0,0,0,3,1,0
D:\Project\Detection\HeadFirst-DesignPatterns-master\HeadFirst-DesignPatterns-master\4.1.Factory Method\src\com\huda\app\TestClass.java,com.huda.app.TestClass,class,4,4,0,4,1,1,0,3,0,0.0,NaN,NaN,1,1,1,0,0,0,1,0,0,0,0,0,0,0,0,0,0,0,0,10,0,0,0,0,0,6,0,4,2,4,0,0,0,0,20,1,0
D:\Project\Detection\HeadFirst-DesignPatterns-master\HeadFirst-DesignPatterns-master\4.2.Abstract Factory\src\com\huda\productE\Pepperoni.java,com.huda.productE.Pepperoni,interface,0,4,4,0,0,1,0,0,0,0.0,-1.0,-1.0,0,0,0,0,0,0,0,0,0,0,0,0,0,0,0,0,0,0,0,2,0,0,0,0,0,0,0,0,0,0,0,0,0,0,1,1,0
D:\Project\Detection\HeadFirst-DesignPatterns-master\HeadFirst-DesignPatterns-master\10.State\src\com\huda\state\HasQuarterState.java,com.huda.state.HasQuarterState,class,2,3,1,2,5,1,0,4,4,0.4,0.3,0.3,5,0,5,0,0,0,5,0,0,0,1,0,0,0,0,1,0,0,0,20,0,0,0,0,0,4,0,1,0,1,0,0,0,0,17,1,0
D:\Project\Detection\HeadFirst-DesignPatterns-master\HeadFirst-DesignPatterns-master\4.1.Factory Method\src\com\huda\pizza\Pizza.java,com.huda.pizza.Pizza,class,0,15,15,0,5,1,8,1,10,0.95,0.0,0.0,5,0,5,0,0,0,5,0,0,0,4,0,0,0,0,4,0,0,0,21,1,0,0,0,0,4,0,1,0,4,0,0,0,0,16,1025,0
D:\Project\Detection\HeadFirst-DesignPatterns-master\HeadFirst-DesignPatterns-master\4.2.Abstract Factory\src\com\huda\pizza\Pizza.java,Pizza,class,7,8,1,7,6,1,0,1,13,0.952381,0.0,0.0,6,0,6,0,0,0,6,1,0,0,7,0,0,0,0,7,0,0,0,25,1,0,0,0,0,3,0,1,0,7,0,0,0,0,29,1025,0
D:\Project\Detection\HeadFirst-DesignPatterns-master\HeadFirst-DesignPatterns-master\7.1.Adapter\src\com\huda\target\Duck.java,com.huda.target.Duck,interface,0,3,3,0,2,1,0,0,1,0.0,0.0,0.0,2,0,2,0,0,0,2,0,0,0,0,0,0,0,0,0,0,0,0,4,0,0,0,0,0,0,0,0,0,0,0,0,0,0,3,1,0
D:\Project\Detection\HeadFirst-DesignPatterns-master\HeadFirst-DesignPatterns-master\1.Strategy\src\com\huda\behavior\FlyWithWings.java,com.huda.behavior.FlyWithWings,class,1,2,1,1,1,1,0,1,0,0.0,NaN,NaN,1,0,1,0,0,0,1,0,0,0,0,0,0,0,0,0,0,0,0,5,0,0,0,0,0,1,0,0,0,0,0,0,0,0,5,1,0
D:\Project\Detection\HeadFirst-DesignPatterns-master\HeadFirst-DesignPatterns-master\1.Strategy\src\com\huda\duck\DecoyDuck.java,com.huda.duck.DecoyDuck,class,3,4,1,3,2,2,0,1,1,0.0,0.0,0.0,2,0,2,0,0,0,2,0,0,0,0,0,0,0,0,0,0,0,0,9,0,0,0,0,0,1,0,2,0,0,0,0,0,0,12,1,0
D:\Project\Detection\HeadFirst-DesignPatterns-master\HeadFirst-DesignPatterns-master\6. Command\src\com\huda\receiver\Light.java,com.huda.receiver.Light,class,0,3,3,0,5,1,0,1,0,0.16666667,1.0,1.0,3,0,3,0,0,0,3,0,0,0,2,0,0,2,0,0,0,0,0,19,0,0,2,0,0,2,0,4,2,2,1,0,0,0,9,1,0
D:\Project\Detection\HeadFirst-DesignPatterns-master\HeadFirst-DesignPatterns-master\4.1.Factory Method\src\com\huda\pizza\ChicagoStyleVeggiePizza.java,com.huda.pizza.ChicagoStyleVeggiePizza,class,1,2,1,1,1,2,0,1,0,0.0,NaN,NaN,1,0,1,0,0,0,1,0,0,0,0,0,0,0,0,0,0,0,0,8,0,0,0,0,0,4,0,3,0,0,0,0,0,0,12,1,0
D:\Project\Detection\HeadFirst-DesignPatterns-master\HeadFirst-DesignPatterns-master\4.1.Factory Method\src\com\huda\pizzastore\NYStylePizzaStore.java,com.huda.pizzastore.NYStylePizzaStore,class,4,5,1,4,3,2,0,1,0,0.0,NaN,NaN,1,0,1,0,0,0,1,0,0,0,0,0,0,0,0,0,0,0,0,12,1,0,0,0,0,2,0,3,0,1,1,0,0,0,11,1,0
D:\Project\Detection\HeadFirst-DesignPatterns-master\HeadFirst-DesignPatterns-master\4.2.Abstract Factory\src\com\huda\pizza\PepperoniPizza.java,com.huda.pizza.PepperoniPizza,class,2,4,2,2,2,2,0,4,0,0.0,1.0,1.0,2,0,2,0,0,0,2,0,0,0,1,0,0,0,0,1,0,0,0,12,0,0,0,0,0,1,0,4,1,1,0,0,0,0,10,1,0
D:\Project\Detection\HeadFirst-DesignPatterns-master\HeadFirst-DesignPatterns-master\2.Observer\Observer_Custom\src\com\huda\subject\WeatherData.java,com.huda.subject.WeatherData,class,3,5,2,3,13,1,0,5,37,0.77272725,0.16363636,0.16363636,11,0,11,0,0,0,11,0,0,0,4,0,0,4,0,0,0,0,0,44,3,1,0,0,0,0,1,5,0,5,1,0,0,0,22,1,0
