file,class,method,variable,usage
D:\Project\Detection\HeadFirst-DesignPatterns-master\HeadFirst-DesignPatterns-master\7.2.Facade\src\com\huda\facade\HomeTheaterFacade.java,com.huda.facade.HomeTheaterFacade,"HomeTheaterFacade/8[com.huda.subsystem.Amplifier,com.huda.subsystem.Tuner,com.huda.subsystem.DvdPlayer,com.huda.subsystem.CdPlayer,com.huda.subsystem.Projector,com.huda.subsystem.TheaterLights,com.huda.subsystem.Screen,com.huda.subsystem.PopcornPopper]",cd,3
D:\Project\Detection\HeadFirst-DesignPatterns-master\HeadFirst-DesignPatterns-master\7.2.Facade\src\com\huda\facade\HomeTheaterFacade.java,com.huda.facade.HomeTheaterFacade,"HomeTheaterFacade/8[com.huda.subsystem.Amplifier,com.huda.subsystem.Tuner,com.huda.subsystem.DvdPlayer,com.huda.subsystem.CdPlayer,com.huda.subsystem.Projector,com.huda.subsystem.TheaterLights,com.huda.subsystem.Screen,com.huda.subsystem.PopcornPopper]",tuner,3
D:\Project\Detection\HeadFirst-DesignPatterns-master\HeadFirst-DesignPatterns-master\7.2.Facade\src\com\huda\facade\HomeTheaterFacade.java,com.huda.facade.HomeTheaterFacade,"HomeTheaterFacade/8[com.huda.subsystem.Amplifier,com.huda.subsystem.Tuner,com.huda.subsystem.DvdPlayer,com.huda.subsystem.CdPlayer,com.huda.subsystem.Projector,com.huda.subsystem.TheaterLights,com.huda.subsystem.Screen,com.huda.subsystem.PopcornPopper]",dvd,3
D:\Project\Detection\HeadFirst-DesignPatterns-master\HeadFirst-DesignPatterns-master\7.2.Facade\src\com\huda\facade\HomeTheaterFacade.java,com.huda.facade.HomeTheaterFacade,"HomeTheaterFacade/8[com.huda.subsystem.Amplifier,com.huda.subsystem.Tuner,com.huda.subsystem.DvdPlayer,com.huda.subsystem.CdPlayer,com.huda.subsystem.Projector,com.huda.subsystem.TheaterLights,com.huda.subsystem.Screen,com.huda.subsystem.PopcornPopper]",popper,3
D:\Project\Detection\HeadFirst-DesignPatterns-master\HeadFirst-DesignPatterns-master\7.2.Facade\src\com\huda\facade\HomeTheaterFacade.java,com.huda.facade.HomeTheaterFacade,"HomeTheaterFacade/8[com.huda.subsystem.Amplifier,com.huda.subsystem.Tuner,com.huda.subsystem.DvdPlayer,com.huda.subsystem.CdPlayer,com.huda.subsystem.Projector,com.huda.subsystem.TheaterLights,com.huda.subsystem.Screen,com.huda.subsystem.PopcornPopper]",amp,3
D:\Project\Detection\HeadFirst-DesignPatterns-master\HeadFirst-DesignPatterns-master\7.2.Facade\src\com\huda\facade\HomeTheaterFacade.java,com.huda.facade.HomeTheaterFacade,"HomeTheaterFacade/8[com.huda.subsystem.Amplifier,com.huda.subsystem.Tuner,com.huda.subsystem.DvdPlayer,com.huda.subsystem.CdPlayer,com.huda.subsystem.Projector,com.huda.subsystem.TheaterLights,com.huda.subsystem.Screen,com.huda.subsystem.PopcornPopper]",projector,3
D:\Project\Detection\HeadFirst-DesignPatterns-master\HeadFirst-DesignPatterns-master\7.2.Facade\src\com\huda\facade\HomeTheaterFacade.java,com.huda.facade.HomeTheaterFacade,"HomeTheaterFacade/8[com.huda.subsystem.Amplifier,com.huda.subsystem.Tuner,com.huda.subsystem.DvdPlayer,com.huda.subsystem.CdPlayer,com.huda.subsystem.Projector,com.huda.subsystem.TheaterLights,com.huda.subsystem.Screen,com.huda.subsystem.PopcornPopper]",screen,3
D:\Project\Detection\HeadFirst-DesignPatterns-master\HeadFirst-DesignPatterns-master\7.2.Facade\src\com\huda\facade\HomeTheaterFacade.java,com.huda.facade.HomeTheaterFacade,"HomeTheaterFacade/8[com.huda.subsystem.Amplifier,com.huda.subsystem.Tuner,com.huda.subsystem.DvdPlayer,com.huda.subsystem.CdPlayer,com.huda.subsystem.Projector,com.huda.subsystem.TheaterLights,com.huda.subsystem.Screen,com.huda.subsystem.PopcornPopper]",lights,3
D:\Project\Detection\HeadFirst-DesignPatterns-master\HeadFirst-DesignPatterns-master\7.2.Facade\src\com\huda\facade\HomeTheaterFacade.java,com.huda.facade.HomeTheaterFacade,watchMovie/1[java.lang.String],popper,2
D:\Project\Detection\HeadFirst-DesignPatterns-master\HeadFirst-DesignPatterns-master\7.2.Facade\src\com\huda\facade\HomeTheaterFacade.java,com.huda.facade.HomeTheaterFacade,watchMovie/1[java.lang.String],dvd,3
D:\Project\Detection\HeadFirst-DesignPatterns-master\HeadFirst-DesignPatterns-master\7.2.Facade\src\com\huda\facade\HomeTheaterFacade.java,com.huda.facade.HomeTheaterFacade,watchMovie/1[java.lang.String],projector,2
D:\Project\Detection\HeadFirst-DesignPatterns-master\HeadFirst-DesignPatterns-master\7.2.Facade\src\com\huda\facade\HomeTheaterFacade.java,com.huda.facade.HomeTheaterFacade,watchMovie/1[java.lang.String],amp,4
D:\Project\Detection\HeadFirst-DesignPatterns-master\HeadFirst-DesignPatterns-master\7.2.Facade\src\com\huda\facade\HomeTheaterFacade.java,com.huda.facade.HomeTheaterFacade,watchMovie/1[java.lang.String],screen,1
D:\Project\Detection\HeadFirst-DesignPatterns-master\HeadFirst-DesignPatterns-master\7.2.Facade\src\com\huda\facade\HomeTheaterFacade.java,com.huda.facade.HomeTheaterFacade,watchMovie/1[java.lang.String],lights,1
D:\Project\Detection\HeadFirst-DesignPatterns-master\HeadFirst-DesignPatterns-master\7.2.Facade\src\com\huda\facade\HomeTheaterFacade.java,com.huda.facade.HomeTheaterFacade,endMovie/0,popper,1
D:\Project\Detection\HeadFirst-DesignPatterns-master\HeadFirst-DesignPatterns-master\7.2.Facade\src\com\huda\facade\HomeTheaterFacade.java,com.huda.facade.HomeTheaterFacade,endMovie/0,dvd,3
D:\Project\Detection\HeadFirst-DesignPatterns-master\HeadFirst-DesignPatterns-master\7.2.Facade\src\com\huda\facade\HomeTheaterFacade.java,com.huda.facade.HomeTheaterFacade,endMovie/0,projector,1
D:\Project\Detection\HeadFirst-DesignPatterns-master\HeadFirst-DesignPatterns-master\7.2.Facade\src\com\huda\facade\HomeTheaterFacade.java,com.huda.facade.HomeTheaterFacade,endMovie/0,amp,1
D:\Project\Detection\HeadFirst-DesignPatterns-master\HeadFirst-DesignPatterns-master\7.2.Facade\src\com\huda\facade\HomeTheaterFacade.java,com.huda.facade.HomeTheaterFacade,endMovie/0,screen,1
D:\Project\Detection\HeadFirst-DesignPatterns-master\HeadFirst-DesignPatterns-master\7.2.Facade\src\com\huda\facade\HomeTheaterFacade.java,com.huda.facade.HomeTheaterFacade,endMovie/0,lights,1
D:\Project\Detection\HeadFirst-DesignPatterns-master\HeadFirst-DesignPatterns-master\6. Command\src\com\huda\invoker\RemoteControl.java,com.huda.invoker.RemoteControl,onButtonWasPressed/1[int],onCommands,2
D:\Project\Detection\HeadFirst-DesignPatterns-master\HeadFirst-DesignPatterns-master\6. Command\src\com\huda\invoker\RemoteControl.java,com.huda.invoker.RemoteControl,onButtonWasPressed/1[int],undoCommand,1
D:\Project\Detection\HeadFirst-DesignPatterns-master\HeadFirst-DesignPatterns-master\6. Command\src\com\huda\invoker\RemoteControl.java,com.huda.invoker.RemoteControl,"setCommand/3[int,com.huda.command.Command,com.huda.command.Command]",offCommands,1
D:\Project\Detection\HeadFirst-DesignPatterns-master\HeadFirst-DesignPatterns-master\6. Command\src\com\huda\invoker\RemoteControl.java,com.huda.invoker.RemoteControl,"setCommand/3[int,com.huda.command.Command,com.huda.command.Command]",onCommands,1
D:\Project\Detection\HeadFirst-DesignPatterns-master\HeadFirst-DesignPatterns-master\6. Command\src\com\huda\invoker\RemoteControl.java,com.huda.invoker.RemoteControl,offButtonWasPressed/1[int],offCommands,2
D:\Project\Detection\HeadFirst-DesignPatterns-master\HeadFirst-DesignPatterns-master\6. Command\src\com\huda\invoker\RemoteControl.java,com.huda.invoker.RemoteControl,offButtonWasPressed/1[int],undoCommand,1
D:\Project\Detection\HeadFirst-DesignPatterns-master\HeadFirst-DesignPatterns-master\6. Command\src\com\huda\invoker\RemoteControl.java,com.huda.invoker.RemoteControl,RemoteControl/0,offCommands,2
D:\Project\Detection\HeadFirst-DesignPatterns-master\HeadFirst-DesignPatterns-master\6. Command\src\com\huda\invoker\RemoteControl.java,com.huda.invoker.RemoteControl,RemoteControl/0,onCommands,2
D:\Project\Detection\HeadFirst-DesignPatterns-master\HeadFirst-DesignPatterns-master\6. Command\src\com\huda\invoker\RemoteControl.java,com.huda.invoker.RemoteControl,RemoteControl/0,undoCommand,1
D:\Project\Detection\HeadFirst-DesignPatterns-master\HeadFirst-DesignPatterns-master\6. Command\src\com\huda\invoker\RemoteControl.java,com.huda.invoker.RemoteControl,toString/0,offCommands,1
D:\Project\Detection\HeadFirst-DesignPatterns-master\HeadFirst-DesignPatterns-master\6. Command\src\com\huda\invoker\RemoteControl.java,com.huda.invoker.RemoteControl,toString/0,onCommands,1
D:\Project\Detection\HeadFirst-DesignPatterns-master\HeadFirst-DesignPatterns-master\6. Command\src\com\huda\invoker\RemoteControl.java,com.huda.invoker.RemoteControl,toString/0,undoCommand,1
D:\Project\Detection\HeadFirst-DesignPatterns-master\HeadFirst-DesignPatterns-master\6. Command\src\com\huda\receiver\CeilingFan.java,com.huda.receiver.CeilingFan,off/0,isOn,2
D:\Project\Detection\HeadFirst-DesignPatterns-master\HeadFirst-DesignPatterns-master\6. Command\src\com\huda\receiver\CeilingFan.java,com.huda.receiver.CeilingFan,off/0,name,1
D:\Project\Detection\HeadFirst-DesignPatterns-master\HeadFirst-DesignPatterns-master\6. Command\src\com\huda\receiver\CeilingFan.java,com.huda.receiver.CeilingFan,on/0,isOn,2
D:\Project\Detection\HeadFirst-DesignPatterns-master\HeadFirst-DesignPatterns-master\6. Command\src\com\huda\receiver\CeilingFan.java,com.huda.receiver.CeilingFan,on/0,name,1
D:\Project\Detection\HeadFirst-DesignPatterns-master\HeadFirst-DesignPatterns-master\6. Command\src\com\huda\receiver\CeilingFan.java,com.huda.receiver.CeilingFan,CeilingFan/1[java.lang.String],name,3
D:\Project\Detection\HeadFirst-DesignPatterns-master\HeadFirst-DesignPatterns-master\4.2.Abstract Factory\src\com\huda\pizza\VeggiePizza.java,com.huda.pizza.VeggiePizza,prepare/0,ingredientFactory,3
D:\Project\Detection\HeadFirst-DesignPatterns-master\HeadFirst-DesignPatterns-master\4.2.Abstract Factory\src\com\huda\pizza\VeggiePizza.java,com.huda.pizza.VeggiePizza,VeggiePizza/1[com.huda.abstractFactory.PizzaIngredientFactory],ingredientFactory,3
D:\Project\Detection\HeadFirst-DesignPatterns-master\HeadFirst-DesignPatterns-master\6. Command\src\com\huda\command\CeilingFanOnCommand.java,com.huda.command.CeilingFanOnCommand,CeilingFanOnCommand/1[com.huda.receiver.CeilingFan],ceilingFan,3
D:\Project\Detection\HeadFirst-DesignPatterns-master\HeadFirst-DesignPatterns-master\6. Command\src\com\huda\command\CeilingFanOnCommand.java,com.huda.command.CeilingFanOnCommand,execute/0,ceilingFan,1
D:\Project\Detection\HeadFirst-DesignPatterns-master\HeadFirst-DesignPatterns-master\6. Command\src\com\huda\command\CeilingFanOnCommand.java,com.huda.command.CeilingFanOnCommand,undo/0,ceilingFan,1
D:\Project\Detection\HeadFirst-DesignPatterns-master\HeadFirst-DesignPatterns-master\10.State\src\com\huda\state\NoQuarterState.java,com.huda.state.NoQuarterState,insertQuarter/0,gumballMachine,2
D:\Project\Detection\HeadFirst-DesignPatterns-master\HeadFirst-DesignPatterns-master\10.State\src\com\huda\state\NoQuarterState.java,com.huda.state.NoQuarterState,NoQuarterState/1[com.huda.state.GumballMachine],gumballMachine,3
D:\Project\Detection\HeadFirst-DesignPatterns-master\HeadFirst-DesignPatterns-master\7.1.Adapter\src\com\huda\adapter\TurkeyAdapter.java,com.huda.adapter.TurkeyAdapter,quack/0,turkey,1
D:\Project\Detection\HeadFirst-DesignPatterns-master\HeadFirst-DesignPatterns-master\7.1.Adapter\src\com\huda\adapter\TurkeyAdapter.java,com.huda.adapter.TurkeyAdapter,fly/0,turkey,1
D:\Project\Detection\HeadFirst-DesignPatterns-master\HeadFirst-DesignPatterns-master\7.1.Adapter\src\com\huda\adapter\TurkeyAdapter.java,com.huda.adapter.TurkeyAdapter,TurkeyAdapter/1[com.huda.adaptee.Turkey],turkey,3
D:\Project\Detection\HeadFirst-DesignPatterns-master\HeadFirst-DesignPatterns-master\10.State\src\com\huda\state\SoldState.java,com.huda.state.SoldState,SoldState/1[com.huda.state.GumballMachine],gumballMachine,3
D:\Project\Detection\HeadFirst-DesignPatterns-master\HeadFirst-DesignPatterns-master\10.State\src\com\huda\state\SoldState.java,com.huda.state.SoldState,dispense/0,gumballMachine,6
D:\Project\Detection\HeadFirst-DesignPatterns-master\HeadFirst-DesignPatterns-master\3.Decorator\src\com\huda\condiment\Soy.java,com.huda.condiment.Soy,Soy/1[com.huda.beverage.Beverage],beverage,3
D:\Project\Detection\HeadFirst-DesignPatterns-master\HeadFirst-DesignPatterns-master\3.Decorator\src\com\huda\condiment\Soy.java,com.huda.condiment.Soy,getDescription/0,beverage,1
D:\Project\Detection\HeadFirst-DesignPatterns-master\HeadFirst-DesignPatterns-master\3.Decorator\src\com\huda\condiment\Soy.java,com.huda.condiment.Soy,cost/0,beverage,1
D:\Project\Detection\HeadFirst-DesignPatterns-master\HeadFirst-DesignPatterns-master\3.Decorator\src\com\huda\beverage\Beverage.java,com.huda.beverage.Beverage,getDescription/0,description,1
D:\Project\Detection\HeadFirst-DesignPatterns-master\HeadFirst-DesignPatterns-master\10.State\src\com\huda\state\SoldOutState.java,com.huda.state.SoldOutState,SoldOutState/1[com.huda.state.GumballMachine],gumballMachine,3
D:\Project\Detection\HeadFirst-DesignPatterns-master\HeadFirst-DesignPatterns-master\3.Decorator\src\com\huda\condiment\Milk.java,com.huda.condiment.Milk,Milk/1[com.huda.beverage.Beverage],beverage,3
D:\Project\Detection\HeadFirst-DesignPatterns-master\HeadFirst-DesignPatterns-master\3.Decorator\src\com\huda\condiment\Milk.java,com.huda.condiment.Milk,getDescription/0,beverage,1
D:\Project\Detection\HeadFirst-DesignPatterns-master\HeadFirst-DesignPatterns-master\3.Decorator\src\com\huda\condiment\Milk.java,com.huda.condiment.Milk,cost/0,beverage,1
D:\Project\Detection\HeadFirst-DesignPatterns-master\HeadFirst-DesignPatterns-master\6. Command\src\com\huda\command\LightOnCommand.java,com.huda.command.LightOnCommand,execute/0,light,1
D:\Project\Detection\HeadFirst-DesignPatterns-master\HeadFirst-DesignPatterns-master\6. Command\src\com\huda\command\LightOnCommand.java,com.huda.command.LightOnCommand,LightOnCommand/1[com.huda.receiver.Light],light,3
D:\Project\Detection\HeadFirst-DesignPatterns-master\HeadFirst-DesignPatterns-master\6. Command\src\com\huda\command\LightOnCommand.java,com.huda.command.LightOnCommand,undo/0,light,1
D:\Project\Detection\HeadFirst-DesignPatterns-master\HeadFirst-DesignPatterns-master\2.Observer\Observer_JavaAPI\src\WeatherData.java,WeatherData,"setMeasurement/3[float,float,float]",temperature,3
D:\Project\Detection\HeadFirst-DesignPatterns-master\HeadFirst-DesignPatterns-master\2.Observer\Observer_JavaAPI\src\WeatherData.java,WeatherData,"setMeasurement/3[float,float,float]",humidity,3
D:\Project\Detection\HeadFirst-DesignPatterns-master\HeadFirst-DesignPatterns-master\2.Observer\Observer_JavaAPI\src\WeatherData.java,WeatherData,"setMeasurement/3[float,float,float]",pressure,3
D:\Project\Detection\HeadFirst-DesignPatterns-master\HeadFirst-DesignPatterns-master\2.Observer\Observer_JavaAPI\src\WeatherData.java,WeatherData,getHumidity/0,humidity,1
D:\Project\Detection\HeadFirst-DesignPatterns-master\HeadFirst-DesignPatterns-master\2.Observer\Observer_JavaAPI\src\WeatherData.java,WeatherData,getTemperature/0,temperature,1
D:\Project\Detection\HeadFirst-DesignPatterns-master\HeadFirst-DesignPatterns-master\2.Observer\Observer_JavaAPI\src\WeatherData.java,WeatherData,getPressure/0,pressure,1
D:\Project\Detection\HeadFirst-DesignPatterns-master\HeadFirst-DesignPatterns-master\6. Command\src\com\huda\command\LightOffCommand.java,com.huda.command.LightOffCommand,LightOffCommand/1[com.huda.receiver.Light],light,3
D:\Project\Detection\HeadFirst-DesignPatterns-master\HeadFirst-DesignPatterns-master\6. Command\src\com\huda\command\LightOffCommand.java,com.huda.command.LightOffCommand,execute/0,light,1
D:\Project\Detection\HeadFirst-DesignPatterns-master\HeadFirst-DesignPatterns-master\6. Command\src\com\huda\command\LightOffCommand.java,com.huda.command.LightOffCommand,undo/0,light,1
D:\Project\Detection\HeadFirst-DesignPatterns-master\HeadFirst-DesignPatterns-master\6. Command\src\com\huda\command\StereoOffCommand.java,com.huda.command.StereoOffCommand,StereoOffCommand/1[com.huda.receiver.Stereo],stereo,3
D:\Project\Detection\HeadFirst-DesignPatterns-master\HeadFirst-DesignPatterns-master\6. Command\src\com\huda\command\StereoOffCommand.java,com.huda.command.StereoOffCommand,execute/0,stereo,1
D:\Project\Detection\HeadFirst-DesignPatterns-master\HeadFirst-DesignPatterns-master\6. Command\src\com\huda\command\StereoOffCommand.java,com.huda.command.StereoOffCommand,undo/0,stereo,1
D:\Project\Detection\HeadFirst-DesignPatterns-master\HeadFirst-DesignPatterns-master\10.State\src\com\huda\state\GumballMachine.java,com.huda.state.GumballMachine,getSoldState/0,soldState,1
D:\Project\Detection\HeadFirst-DesignPatterns-master\HeadFirst-DesignPatterns-master\10.State\src\com\huda\state\GumballMachine.java,com.huda.state.GumballMachine,setSoldOutState/1[com.huda.state.State],soldOutState,3
D:\Project\Detection\HeadFirst-DesignPatterns-master\HeadFirst-DesignPatterns-master\10.State\src\com\huda\state\GumballMachine.java,com.huda.state.GumballMachine,getHasQuarterState/0,hasQuarterState,1
D:\Project\Detection\HeadFirst-DesignPatterns-master\HeadFirst-DesignPatterns-master\10.State\src\com\huda\state\GumballMachine.java,com.huda.state.GumballMachine,releaseBall/0,count,3
D:\Project\Detection\HeadFirst-DesignPatterns-master\HeadFirst-DesignPatterns-master\10.State\src\com\huda\state\GumballMachine.java,com.huda.state.GumballMachine,setSoldState/1[com.huda.state.State],soldState,3
D:\Project\Detection\HeadFirst-DesignPatterns-master\HeadFirst-DesignPatterns-master\10.State\src\com\huda\state\GumballMachine.java,com.huda.state.GumballMachine,GumballMachine/1[int],soldState,1
D:\Project\Detection\HeadFirst-DesignPatterns-master\HeadFirst-DesignPatterns-master\10.State\src\com\huda\state\GumballMachine.java,com.huda.state.GumballMachine,GumballMachine/1[int],hasQuarterState,1
D:\Project\Detection\HeadFirst-DesignPatterns-master\HeadFirst-DesignPatterns-master\10.State\src\com\huda\state\GumballMachine.java,com.huda.state.GumballMachine,GumballMachine/1[int],noQuarterState,2
D:\Project\Detection\HeadFirst-DesignPatterns-master\HeadFirst-DesignPatterns-master\10.State\src\com\huda\state\GumballMachine.java,com.huda.state.GumballMachine,GumballMachine/1[int],count,1
D:\Project\Detection\HeadFirst-DesignPatterns-master\HeadFirst-DesignPatterns-master\10.State\src\com\huda\state\GumballMachine.java,com.huda.state.GumballMachine,GumballMachine/1[int],soldOutState,1
D:\Project\Detection\HeadFirst-DesignPatterns-master\HeadFirst-DesignPatterns-master\10.State\src\com\huda\state\GumballMachine.java,com.huda.state.GumballMachine,GumballMachine/1[int],state,1
D:\Project\Detection\HeadFirst-DesignPatterns-master\HeadFirst-DesignPatterns-master\10.State\src\com\huda\state\GumballMachine.java,com.huda.state.GumballMachine,setNoQuarterState/1[com.huda.state.State],noQuarterState,3
D:\Project\Detection\HeadFirst-DesignPatterns-master\HeadFirst-DesignPatterns-master\10.State\src\com\huda\state\GumballMachine.java,com.huda.state.GumballMachine,getNoQuarterState/0,noQuarterState,1
D:\Project\Detection\HeadFirst-DesignPatterns-master\HeadFirst-DesignPatterns-master\10.State\src\com\huda\state\GumballMachine.java,com.huda.state.GumballMachine,setHasQuarterState/1[com.huda.state.State],hasQuarterState,3
D:\Project\Detection\HeadFirst-DesignPatterns-master\HeadFirst-DesignPatterns-master\10.State\src\com\huda\state\GumballMachine.java,com.huda.state.GumballMachine,setCount/1[int],count,3
D:\Project\Detection\HeadFirst-DesignPatterns-master\HeadFirst-DesignPatterns-master\10.State\src\com\huda\state\GumballMachine.java,com.huda.state.GumballMachine,turnCrank/0,state,2
D:\Project\Detection\HeadFirst-DesignPatterns-master\HeadFirst-DesignPatterns-master\10.State\src\com\huda\state\GumballMachine.java,com.huda.state.GumballMachine,getSoldOutState/0,soldOutState,1
D:\Project\Detection\HeadFirst-DesignPatterns-master\HeadFirst-DesignPatterns-master\10.State\src\com\huda\state\GumballMachine.java,com.huda.state.GumballMachine,getCount/0,count,1
D:\Project\Detection\HeadFirst-DesignPatterns-master\HeadFirst-DesignPatterns-master\10.State\src\com\huda\state\GumballMachine.java,com.huda.state.GumballMachine,insertQuarter/0,state,1
D:\Project\Detection\HeadFirst-DesignPatterns-master\HeadFirst-DesignPatterns-master\10.State\src\com\huda\state\GumballMachine.java,com.huda.state.GumballMachine,getState/0,state,1
D:\Project\Detection\HeadFirst-DesignPatterns-master\HeadFirst-DesignPatterns-master\10.State\src\com\huda\state\GumballMachine.java,com.huda.state.GumballMachine,ejectQuarter/0,state,1
D:\Project\Detection\HeadFirst-DesignPatterns-master\HeadFirst-DesignPatterns-master\10.State\src\com\huda\state\GumballMachine.java,com.huda.state.GumballMachine,setState/1[com.huda.state.State],state,3
D:\Project\Detection\HeadFirst-DesignPatterns-master\HeadFirst-DesignPatterns-master\2.Observer\Observer_JavaAPI\src\CurrentConditionDisplay.java,CurrentConditionDisplay,"update/2[java.util.Observable,java.lang.Object]",temperature,1
D:\Project\Detection\HeadFirst-DesignPatterns-master\HeadFirst-DesignPatterns-master\2.Observer\Observer_JavaAPI\src\CurrentConditionDisplay.java,CurrentConditionDisplay,"update/2[java.util.Observable,java.lang.Object]",humidity,1
D:\Project\Detection\HeadFirst-DesignPatterns-master\HeadFirst-DesignPatterns-master\2.Observer\Observer_JavaAPI\src\CurrentConditionDisplay.java,CurrentConditionDisplay,"update/2[java.util.Observable,java.lang.Object]",pressure,1
D:\Project\Detection\HeadFirst-DesignPatterns-master\HeadFirst-DesignPatterns-master\2.Observer\Observer_JavaAPI\src\CurrentConditionDisplay.java,CurrentConditionDisplay,CurrentConditionDisplay/1[java.util.Observable],observable,4
D:\Project\Detection\HeadFirst-DesignPatterns-master\HeadFirst-DesignPatterns-master\2.Observer\Observer_JavaAPI\src\CurrentConditionDisplay.java,CurrentConditionDisplay,display/0,temperature,1
D:\Project\Detection\HeadFirst-DesignPatterns-master\HeadFirst-DesignPatterns-master\2.Observer\Observer_JavaAPI\src\CurrentConditionDisplay.java,CurrentConditionDisplay,display/0,humidity,1
D:\Project\Detection\HeadFirst-DesignPatterns-master\HeadFirst-DesignPatterns-master\2.Observer\Observer_JavaAPI\src\CurrentConditionDisplay.java,CurrentConditionDisplay,display/0,pressure,1
D:\Project\Detection\HeadFirst-DesignPatterns-master\HeadFirst-DesignPatterns-master\4.2.Abstract Factory\src\com\huda\pizza\CheesePizza.java,com.huda.pizza.CheesePizza,prepare/0,ingredientFactory,3
D:\Project\Detection\HeadFirst-DesignPatterns-master\HeadFirst-DesignPatterns-master\4.2.Abstract Factory\src\com\huda\pizza\CheesePizza.java,com.huda.pizza.CheesePizza,CheesePizza/1[com.huda.abstractFactory.PizzaIngredientFactory],ingredientFactory,3
D:\Project\Detection\HeadFirst-DesignPatterns-master\HeadFirst-DesignPatterns-master\4.2.Abstract Factory\src\com\huda\pizza\ClamPizza.java,com.huda.pizza.ClamPizza,prepare/0,ingredientFactory,3
D:\Project\Detection\HeadFirst-DesignPatterns-master\HeadFirst-DesignPatterns-master\4.2.Abstract Factory\src\com\huda\pizza\ClamPizza.java,com.huda.pizza.ClamPizza,ClamPizza/1[com.huda.abstractFactory.PizzaIngredientFactory],ingredientFactory,3
D:\Project\Detection\HeadFirst-DesignPatterns-master\HeadFirst-DesignPatterns-master\6. Command\src\com\huda\receiver\Stereo.java,com.huda.receiver.Stereo,on/0,isOn,2
D:\Project\Detection\HeadFirst-DesignPatterns-master\HeadFirst-DesignPatterns-master\6. Command\src\com\huda\receiver\Stereo.java,com.huda.receiver.Stereo,on/0,name,1
D:\Project\Detection\HeadFirst-DesignPatterns-master\HeadFirst-DesignPatterns-master\6. Command\src\com\huda\receiver\Stereo.java,com.huda.receiver.Stereo,Stereo/1[java.lang.String],name,3
D:\Project\Detection\HeadFirst-DesignPatterns-master\HeadFirst-DesignPatterns-master\6. Command\src\com\huda\receiver\Stereo.java,com.huda.receiver.Stereo,off/0,isOn,2
D:\Project\Detection\HeadFirst-DesignPatterns-master\HeadFirst-DesignPatterns-master\6. Command\src\com\huda\receiver\Stereo.java,com.huda.receiver.Stereo,off/0,name,1
D:\Project\Detection\HeadFirst-DesignPatterns-master\HeadFirst-DesignPatterns-master\6. Command\src\com\huda\receiver\Stereo.java,com.huda.receiver.Stereo,setCD/0,name,1
D:\Project\Detection\HeadFirst-DesignPatterns-master\HeadFirst-DesignPatterns-master\6. Command\src\com\huda\receiver\Stereo.java,com.huda.receiver.Stereo,setVolume/1[int],volume,4
D:\Project\Detection\HeadFirst-DesignPatterns-master\HeadFirst-DesignPatterns-master\6. Command\src\com\huda\receiver\Stereo.java,com.huda.receiver.Stereo,setVolume/1[int],name,1
D:\Project\Detection\HeadFirst-DesignPatterns-master\HeadFirst-DesignPatterns-master\1.Strategy\src\com\huda\duck\Duck.java,com.huda.duck.Duck,setFlyBehavior/1[com.huda.behavior.FlyBehavior],flyBehavior,3
D:\Project\Detection\HeadFirst-DesignPatterns-master\HeadFirst-DesignPatterns-master\1.Strategy\src\com\huda\duck\Duck.java,com.huda.duck.Duck,performQuack/0,quackBehavior,1
D:\Project\Detection\HeadFirst-DesignPatterns-master\HeadFirst-DesignPatterns-master\1.Strategy\src\com\huda\duck\Duck.java,com.huda.duck.Duck,setQuackBehavior/1[com.huda.behavior.QuackBehavior],quackBehavior,3
D:\Project\Detection\HeadFirst-DesignPatterns-master\HeadFirst-DesignPatterns-master\1.Strategy\src\com\huda\duck\Duck.java,com.huda.duck.Duck,performFly/0,flyBehavior,1
D:\Project\Detection\HeadFirst-DesignPatterns-master\HeadFirst-DesignPatterns-master\7.2.Facade\src\com\huda\subsystem\Amplifier.java,com.huda.subsystem.Amplifier,setDvd/1[com.huda.subsystem.DvdPlayer],dvd,4
D:\Project\Detection\HeadFirst-DesignPatterns-master\HeadFirst-DesignPatterns-master\7.2.Facade\src\com\huda\subsystem\Amplifier.java,com.huda.subsystem.Amplifier,getDvd/0,dvd,1
D:\Project\Detection\HeadFirst-DesignPatterns-master\HeadFirst-DesignPatterns-master\6. Command\src\com\huda\command\StereoOnWithCDCommand.java,com.huda.command.StereoOnWithCDCommand,execute/0,stereo,3
D:\Project\Detection\HeadFirst-DesignPatterns-master\HeadFirst-DesignPatterns-master\6. Command\src\com\huda\command\StereoOnWithCDCommand.java,com.huda.command.StereoOnWithCDCommand,StereoOnWithCDCommand/1[com.huda.receiver.Stereo],stereo,3
D:\Project\Detection\HeadFirst-DesignPatterns-master\HeadFirst-DesignPatterns-master\6. Command\src\com\huda\command\StereoOnWithCDCommand.java,com.huda.command.StereoOnWithCDCommand,undo/0,stereo,1
D:\Project\Detection\HeadFirst-DesignPatterns-master\HeadFirst-DesignPatterns-master\2.Observer\Observer_JavaAPI\src\ForecastDisplay.java,ForecastDisplay,ForecastDisplay/1[java.util.Observable],observable,4
D:\Project\Detection\HeadFirst-DesignPatterns-master\HeadFirst-DesignPatterns-master\2.Observer\Observer_JavaAPI\src\ForecastDisplay.java,ForecastDisplay,display/0,currentPressure,1
D:\Project\Detection\HeadFirst-DesignPatterns-master\HeadFirst-DesignPatterns-master\2.Observer\Observer_JavaAPI\src\ForecastDisplay.java,ForecastDisplay,display/0,lastPressure,1
D:\Project\Detection\HeadFirst-DesignPatterns-master\HeadFirst-DesignPatterns-master\2.Observer\Observer_JavaAPI\src\ForecastDisplay.java,ForecastDisplay,"update/2[java.util.Observable,java.lang.Object]",currentPressure,2
D:\Project\Detection\HeadFirst-DesignPatterns-master\HeadFirst-DesignPatterns-master\2.Observer\Observer_JavaAPI\src\ForecastDisplay.java,ForecastDisplay,"update/2[java.util.Observable,java.lang.Object]",lastPressure,1
D:\Project\Detection\HeadFirst-DesignPatterns-master\HeadFirst-DesignPatterns-master\7.2.Facade\src\com\huda\subsystem\DvdPlayer.java,com.huda.subsystem.DvdPlayer,getMovieName/0,movieName,1
D:\Project\Detection\HeadFirst-DesignPatterns-master\HeadFirst-DesignPatterns-master\7.2.Facade\src\com\huda\subsystem\DvdPlayer.java,com.huda.subsystem.DvdPlayer,play/1[java.lang.String],name,2
D:\Project\Detection\HeadFirst-DesignPatterns-master\HeadFirst-DesignPatterns-master\7.2.Facade\src\com\huda\subsystem\DvdPlayer.java,com.huda.subsystem.DvdPlayer,setMovieName/1[java.lang.String],movieName,3
D:\Project\Detection\HeadFirst-DesignPatterns-master\HeadFirst-DesignPatterns-master\7.2.Facade\src\com\huda\subsystem\DvdPlayer.java,com.huda.subsystem.DvdPlayer,getName/0,name,1
D:\Project\Detection\HeadFirst-DesignPatterns-master\HeadFirst-DesignPatterns-master\6. Command\src\com\huda\command\CeilingFanOffCommand.java,com.huda.command.CeilingFanOffCommand,CeilingFanOffCommand/1[com.huda.receiver.CeilingFan],ceilingFan,3
D:\Project\Detection\HeadFirst-DesignPatterns-master\HeadFirst-DesignPatterns-master\6. Command\src\com\huda\command\CeilingFanOffCommand.java,com.huda.command.CeilingFanOffCommand,execute/0,ceilingFan,1
D:\Project\Detection\HeadFirst-DesignPatterns-master\HeadFirst-DesignPatterns-master\6. Command\src\com\huda\command\CeilingFanOffCommand.java,com.huda.command.CeilingFanOffCommand,undo/0,ceilingFan,1
D:\Project\Detection\HeadFirst-DesignPatterns-master\HeadFirst-DesignPatterns-master\6. Command\src\com\huda\command\GarageDoorDownCommand.java,com.huda.command.GarageDoorDownCommand,GarageDoorDownCommand/1[com.huda.receiver.GarageDoor],garageDoor,3
D:\Project\Detection\HeadFirst-DesignPatterns-master\HeadFirst-DesignPatterns-master\6. Command\src\com\huda\command\GarageDoorDownCommand.java,com.huda.command.GarageDoorDownCommand,execute/0,garageDoor,1
D:\Project\Detection\HeadFirst-DesignPatterns-master\HeadFirst-DesignPatterns-master\6. Command\src\com\huda\command\GarageDoorDownCommand.java,com.huda.command.GarageDoorDownCommand,undo/0,garageDoor,1
D:\Project\Detection\HeadFirst-DesignPatterns-master\HeadFirst-DesignPatterns-master\2.Observer\Observer_Custom\src\com\huda\observer\CurrentConditions.java,com.huda.observer.CurrentConditions,CurrentConditions/1[com.huda.subject.WeatherData],weatherData,4
D:\Project\Detection\HeadFirst-DesignPatterns-master\HeadFirst-DesignPatterns-master\2.Observer\Observer_Custom\src\com\huda\observer\CurrentConditions.java,com.huda.observer.CurrentConditions,update/0,temperature,1
D:\Project\Detection\HeadFirst-DesignPatterns-master\HeadFirst-DesignPatterns-master\2.Observer\Observer_Custom\src\com\huda\observer\CurrentConditions.java,com.huda.observer.CurrentConditions,update/0,weatherData,3
D:\Project\Detection\HeadFirst-DesignPatterns-master\HeadFirst-DesignPatterns-master\2.Observer\Observer_Custom\src\com\huda\observer\CurrentConditions.java,com.huda.observer.CurrentConditions,update/0,humidity,1
D:\Project\Detection\HeadFirst-DesignPatterns-master\HeadFirst-DesignPatterns-master\2.Observer\Observer_Custom\src\com\huda\observer\CurrentConditions.java,com.huda.observer.CurrentConditions,update/0,pressure,1
D:\Project\Detection\HeadFirst-DesignPatterns-master\HeadFirst-DesignPatterns-master\2.Observer\Observer_Custom\src\com\huda\observer\CurrentConditions.java,com.huda.observer.CurrentConditions,display/0,temperature,1
D:\Project\Detection\HeadFirst-DesignPatterns-master\HeadFirst-DesignPatterns-master\2.Observer\Observer_Custom\src\com\huda\observer\CurrentConditions.java,com.huda.observer.CurrentConditions,display/0,humidity,1
D:\Project\Detection\HeadFirst-DesignPatterns-master\HeadFirst-DesignPatterns-master\2.Observer\Observer_Custom\src\com\huda\observer\CurrentConditions.java,com.huda.observer.CurrentConditions,display/0,pressure,1
D:\Project\Detection\HeadFirst-DesignPatterns-master\HeadFirst-DesignPatterns-master\5.Singleton\src\Singleton.java,Singleton,getUniqueInstance/0,uniqueInstance,3
D:\Project\Detection\HeadFirst-DesignPatterns-master\HeadFirst-DesignPatterns-master\6. Command\src\com\huda\command\GarageDoorUpCommand.java,com.huda.command.GarageDoorUpCommand,GarageDoorUpCommand/1[com.huda.receiver.GarageDoor],garageDoor,3
D:\Project\Detection\HeadFirst-DesignPatterns-master\HeadFirst-DesignPatterns-master\6. Command\src\com\huda\command\GarageDoorUpCommand.java,com.huda.command.GarageDoorUpCommand,execute/0,garageDoor,1
D:\Project\Detection\HeadFirst-DesignPatterns-master\HeadFirst-DesignPatterns-master\6. Command\src\com\huda\command\GarageDoorUpCommand.java,com.huda.command.GarageDoorUpCommand,undo/0,garageDoor,1
D:\Project\Detection\HeadFirst-DesignPatterns-master\HeadFirst-DesignPatterns-master\6. Command\src\com\huda\receiver\GarageDoor.java,com.huda.receiver.GarageDoor,up/0,isOn,2
D:\Project\Detection\HeadFirst-DesignPatterns-master\HeadFirst-DesignPatterns-master\6. Command\src\com\huda\receiver\GarageDoor.java,com.huda.receiver.GarageDoor,up/0,name,1
D:\Project\Detection\HeadFirst-DesignPatterns-master\HeadFirst-DesignPatterns-master\6. Command\src\com\huda\receiver\GarageDoor.java,com.huda.receiver.GarageDoor,down/0,isOn,2
D:\Project\Detection\HeadFirst-DesignPatterns-master\HeadFirst-DesignPatterns-master\6. Command\src\com\huda\receiver\GarageDoor.java,com.huda.receiver.GarageDoor,down/0,name,1
D:\Project\Detection\HeadFirst-DesignPatterns-master\HeadFirst-DesignPatterns-master\6. Command\src\com\huda\receiver\GarageDoor.java,com.huda.receiver.GarageDoor,GarageDoor/1[java.lang.String],name,3
D:\Project\Detection\HeadFirst-DesignPatterns-master\HeadFirst-DesignPatterns-master\3.Decorator\src\com\huda\condiment\WhippedCream.java,com.huda.condiment.WhippedCream,getDescription/0,beverage,1
D:\Project\Detection\HeadFirst-DesignPatterns-master\HeadFirst-DesignPatterns-master\3.Decorator\src\com\huda\condiment\WhippedCream.java,com.huda.condiment.WhippedCream,WhippedCream/1[com.huda.beverage.Beverage],beverage,3
D:\Project\Detection\HeadFirst-DesignPatterns-master\HeadFirst-DesignPatterns-master\3.Decorator\src\com\huda\condiment\WhippedCream.java,com.huda.condiment.WhippedCream,cost/0,beverage,1
D:\Project\Detection\HeadFirst-DesignPatterns-master\HeadFirst-DesignPatterns-master\10.State\src\com\huda\state\HasQuarterState.java,com.huda.state.HasQuarterState,HasQuarterState/1[com.huda.state.GumballMachine],gumballMachine,3
D:\Project\Detection\HeadFirst-DesignPatterns-master\HeadFirst-DesignPatterns-master\10.State\src\com\huda\state\HasQuarterState.java,com.huda.state.HasQuarterState,ejectQuarter/0,gumballMachine,2
D:\Project\Detection\HeadFirst-DesignPatterns-master\HeadFirst-DesignPatterns-master\10.State\src\com\huda\state\HasQuarterState.java,com.huda.state.HasQuarterState,turnCrank/0,gumballMachine,2
D:\Project\Detection\HeadFirst-DesignPatterns-master\HeadFirst-DesignPatterns-master\4.1.Factory Method\src\com\huda\pizza\Pizza.java,com.huda.pizza.Pizza,getName/0,name,1
D:\Project\Detection\HeadFirst-DesignPatterns-master\HeadFirst-DesignPatterns-master\6. Command\src\com\huda\receiver\Light.java,com.huda.receiver.Light,on/0,isOn,2
D:\Project\Detection\HeadFirst-DesignPatterns-master\HeadFirst-DesignPatterns-master\6. Command\src\com\huda\receiver\Light.java,com.huda.receiver.Light,on/0,name,1
D:\Project\Detection\HeadFirst-DesignPatterns-master\HeadFirst-DesignPatterns-master\6. Command\src\com\huda\receiver\Light.java,com.huda.receiver.Light,off/0,isOn,2
D:\Project\Detection\HeadFirst-DesignPatterns-master\HeadFirst-DesignPatterns-master\6. Command\src\com\huda\receiver\Light.java,com.huda.receiver.Light,off/0,name,1
D:\Project\Detection\HeadFirst-DesignPatterns-master\HeadFirst-DesignPatterns-master\6. Command\src\com\huda\receiver\Light.java,com.huda.receiver.Light,Light/1[java.lang.String],name,3
D:\Project\Detection\HeadFirst-DesignPatterns-master\HeadFirst-DesignPatterns-master\4.2.Abstract Factory\src\com\huda\pizza\PepperoniPizza.java,com.huda.pizza.PepperoniPizza,prepare/0,ingredientFactory,3
D:\Project\Detection\HeadFirst-DesignPatterns-master\HeadFirst-DesignPatterns-master\4.2.Abstract Factory\src\com\huda\pizza\PepperoniPizza.java,com.huda.pizza.PepperoniPizza,PepperoniPizza/1[com.huda.abstractFactory.PizzaIngredientFactory],ingredientFactory,3
D:\Project\Detection\HeadFirst-DesignPatterns-master\HeadFirst-DesignPatterns-master\2.Observer\Observer_Custom\src\com\huda\subject\WeatherData.java,com.huda.subject.WeatherData,removeObserver/1[com.huda.observer.Observer],observerList,2
D:\Project\Detection\HeadFirst-DesignPatterns-master\HeadFirst-DesignPatterns-master\2.Observer\Observer_Custom\src\com\huda\subject\WeatherData.java,com.huda.subject.WeatherData,setHumidity/1[float],humidity,3
D:\Project\Detection\HeadFirst-DesignPatterns-master\HeadFirst-DesignPatterns-master\2.Observer\Observer_Custom\src\com\huda\subject\WeatherData.java,com.huda.subject.WeatherData,getTemperature/0,temperature,1
D:\Project\Detection\HeadFirst-DesignPatterns-master\HeadFirst-DesignPatterns-master\2.Observer\Observer_Custom\src\com\huda\subject\WeatherData.java,com.huda.subject.WeatherData,getPressure/0,pressure,1
D:\Project\Detection\HeadFirst-DesignPatterns-master\HeadFirst-DesignPatterns-master\2.Observer\Observer_Custom\src\com\huda\subject\WeatherData.java,com.huda.subject.WeatherData,WeatherData/0,observerList,1
D:\Project\Detection\HeadFirst-DesignPatterns-master\HeadFirst-DesignPatterns-master\2.Observer\Observer_Custom\src\com\huda\subject\WeatherData.java,com.huda.subject.WeatherData,notifyObservers/0,observerList,1
D:\Project\Detection\HeadFirst-DesignPatterns-master\HeadFirst-DesignPatterns-master\2.Observer\Observer_Custom\src\com\huda\subject\WeatherData.java,com.huda.subject.WeatherData,getHumidity/0,humidity,1
D:\Project\Detection\HeadFirst-DesignPatterns-master\HeadFirst-DesignPatterns-master\2.Observer\Observer_Custom\src\com\huda\subject\WeatherData.java,com.huda.subject.WeatherData,setPressure/1[float],pressure,3
D:\Project\Detection\HeadFirst-DesignPatterns-master\HeadFirst-DesignPatterns-master\2.Observer\Observer_Custom\src\com\huda\subject\WeatherData.java,com.huda.subject.WeatherData,setTemperature/1[float],temperature,3
D:\Project\Detection\HeadFirst-DesignPatterns-master\HeadFirst-DesignPatterns-master\2.Observer\Observer_Custom\src\com\huda\subject\WeatherData.java,com.huda.subject.WeatherData,registerObserver/1[com.huda.observer.Observer],observerList,1
