file,class,type,cbo,cboModified,fanin,fanout,wmc,dit,noc,rfc,lcom,lcom*,tcc,lcc,totalMethodsQty,staticMethodsQty,publicMethodsQty,privateMethodsQty,protectedMethodsQty,defaultMethodsQty,visibleMethodsQty,abstractMethodsQty,finalMethodsQty,synchronizedMethodsQty,totalFieldsQty,staticFieldsQty,publicFieldsQty,privateFieldsQty,protectedFieldsQty,defaultFieldsQty,finalFieldsQty,synchronizedFieldsQty,nosi,loc,returnQty,loopQty,comparisonsQty,tryCatchQty,parenthesizedExpsQty,stringLiteralsQty,numbersQty,assignmentsQty,mathOperationsQty,variablesQty,maxNestedBlocksQty,anonymousClassesQty,innerClassesQty,lambdasQty,uniqueWordsQty,modifiers,logStatementsQty
D:\Project\Detection\OOADP-Lab-master\OOADP-Lab-master\Decorator\Chess.java,Chess,class,2,2,0,2,2,4,0,1,0,0.0,1.0,1.0,2,0,2,0,0,0,2,0,0,0,1,0,0,0,0,1,0,0,0,9,1,0,0,0,0,0,1,1,1,1,0,0,0,0,10,1,0
D:\Project\Detection\OOADP-Lab-master\OOADP-Lab-master\Observer\src\tryObserver\Observer.java,tryObserver.Observer,class,0,3,3,0,1,1,1,0,0,0.0,NaN,NaN,1,0,0,0,0,1,1,1,0,0,0,0,0,0,0,0,0,0,0,3,0,0,0,0,0,0,0,0,0,0,0,0,0,0,3,1025,0
D:\Project\Detection\OOADP-Lab-master\OOADP-Lab-master\Bridge\src\tryBridge\SSCustomer.java,tryBridge.SSCustomer,class,2,2,0,2,1,2,0,0,0,0.0,NaN,NaN,1,0,1,0,0,0,1,0,0,0,0,0,0,0,0,0,0,0,0,6,0,0,0,0,0,1,0,1,0,0,0,0,0,0,7,1,0
D:\Project\Detection\OOADP-Lab-master\OOADP-Lab-master\Decorator\Trekking.java,Trekking,class,2,3,1,2,2,4,0,1,0,0.0,1.0,1.0,2,0,2,0,0,0,2,0,0,0,1,0,0,0,0,1,0,0,0,9,1,0,0,0,0,0,1,1,1,1,0,0,0,0,10,1,0
D:\Project\Detection\OOADP-Lab-master\OOADP-Lab-master\AbstractFactory\src\tryAbstractFactory\TableTennisRegular.java,tryAbstractFactory.TableTennisRegular,class,1,2,1,1,1,2,0,1,0,0.0,NaN,NaN,1,0,0,0,0,1,1,0,0,0,0,0,0,0,0,0,0,0,0,5,0,0,0,0,0,1,0,0,0,0,0,0,0,0,8,1,0
D:\Project\Detection\OOADP-Lab-master\OOADP-Lab-master\Adapter\src\tryAdapter\GST.java,tryAdapter.GST,class,1,2,1,1,1,1,0,0,0,0.0,NaN,NaN,1,0,1,0,0,0,1,0,0,0,0,0,0,0,0,0,0,0,0,5,1,0,0,0,0,0,1,0,1,0,0,0,0,0,9,1,0
D:\Project\Detection\OOADP-Lab-master\OOADP-Lab-master\Decorator\Badminton.java,Badminton,class,2,3,1,2,2,4,0,1,0,0.0,1.0,1.0,2,0,2,0,0,0,2,0,0,0,1,0,0,0,0,1,0,0,0,9,1,0,0,0,0,0,1,1,1,1,0,0,0,0,10,1,0
D:\Project\Detection\OOADP-Lab-master\OOADP-Lab-master\Strategy\src\tryStrategy\FTCCustomer.java,tryStrategy.FTCCustomer,class,2,3,1,2,1,2,0,0,0,0.0,NaN,NaN,1,0,1,0,0,0,1,0,0,0,0,0,0,0,0,0,0,0,0,7,0,0,0,0,0,1,0,2,0,0,0,0,0,0,10,1,0
D:\Project\Detection\OOADP-Lab-master\OOADP-Lab-master\Template\src\tryTemplate\OnlineOrder.java,tryTemplate.OnlineOrder,class,4,6,2,4,12,2,0,8,13,0.6666667,0.16666667,0.16666667,6,0,1,2,0,3,4,0,0,0,1,0,0,0,0,1,0,0,2,52,2,2,3,0,0,12,4,5,3,5,2,0,0,0,37,1,0
D:\Project\Detection\OOADP-Lab-master\OOADP-Lab-master\Decorator\OutdoorSportsDecorator.java,OutdoorSportsDecorator,class,1,4,3,1,2,2,3,0,1,0.0,0.0,0.0,2,0,2,0,0,0,2,1,0,0,0,0,0,0,0,0,0,0,0,5,0,0,0,0,0,0,0,0,0,0,0,0,0,0,8,1025,0
D:\Project\Detection\OOADP-Lab-master\OOADP-Lab-master\Strategy\src\tryStrategy\RCDiscount.java,tryStrategy.RCDiscount,class,1,2,1,1,1,1,0,0,0,0.0,NaN,NaN,1,0,1,0,0,0,1,0,0,0,0,0,0,0,0,0,0,0,0,5,1,0,0,0,0,0,1,0,1,0,0,0,0,0,5,1,0
D:\Project\Detection\OOADP-Lab-master\OOADP-Lab-master\Decorator\Cricket.java,Cricket,class,2,3,1,2,2,4,0,1,0,0.0,1.0,1.0,2,0,2,0,0,0,2,0,0,0,1,0,0,0,0,1,0,0,0,9,1,0,0,0,0,0,1,1,1,1,0,0,0,0,10,1,0
D:\Project\Detection\OOADP-Lab-master\OOADP-Lab-master\Strategy\src\tryStrategy\Customer.java,tryStrategy.Customer,class,1,5,4,1,2,1,3,2,0,0.25,1.0,1.0,2,0,1,0,0,1,2,0,0,0,2,0,0,0,0,2,0,0,0,16,0,0,0,0,1,6,0,2,7,4,0,0,0,0,12,1025,0
D:\Project\Detection\OOADP-Lab-master\OOADP-Lab-master\Template\src\tryTemplate\Cycle.java,tryTemplate.Cycle,class,2,4,2,2,3,1,0,2,0,0.0,1.0,1.0,2,0,2,0,0,0,2,0,0,0,1,0,0,0,0,1,0,0,0,16,0,1,0,0,0,9,10,1,1,1,1,0,0,0,7,1,0
D:\Project\Detection\OOADP-Lab-master\OOADP-Lab-master\Decorator\StadiumGames.java,StadiumGames,class,1,4,3,1,1,3,3,0,0,0.0,NaN,NaN,1,0,1,0,0,0,1,0,0,0,0,0,0,0,0,0,0,0,0,4,0,0,0,0,0,0,0,0,0,0,0,0,0,0,7,1025,0
D:\Project\Detection\OOADP-Lab-master\OOADP-Lab-master\Decorator\Kabaddi.java,Kabaddi,class,2,2,0,2,2,4,0,1,0,0.0,1.0,1.0,2,0,2,0,0,0,2,0,0,0,1,0,0,0,0,1,0,0,0,9,1,0,0,0,0,0,1,1,1,1,0,0,0,0,10,1,0
D:\Project\Detection\OOADP-Lab-master\OOADP-Lab-master\Decorator\Sports.java,Sports,class,0,21,21,0,2,1,4,0,1,0.0,0.0,0.0,2,0,2,0,0,0,2,1,0,0,0,0,0,0,0,0,0,0,0,5,0,0,0,0,0,0,0,0,0,0,0,0,0,0,6,1025,0
D:\Project\Detection\OOADP-Lab-master\OOADP-Lab-master\Decorator\IndoorSports.java,IndoorSports,class,1,2,1,1,2,2,0,0,1,0.0,0.0,0.0,2,0,2,0,0,0,2,0,0,0,0,0,0,0,0,0,0,0,0,7,1,0,0,0,0,0,1,0,0,0,0,0,0,0,7,1,0
D:\Project\Detection\OOADP-Lab-master\OOADP-Lab-master\AbstractFactory\src\tryAbstractFactory\TableTennisDiffAbled.java,tryAbstractFactory.TableTennisDiffAbled,class,1,2,1,1,1,2,0,1,0,0.0,NaN,NaN,1,0,0,0,0,1,1,0,0,0,0,0,0,0,0,0,0,0,0,5,0,0,0,0,0,1,0,0,0,0,0,0,0,0,10,1,0
D:\Project\Detection\OOADP-Lab-master\OOADP-Lab-master\Bridge\src\tryBridge\Discount3.java,tryBridge.Discount3,class,1,2,1,1,1,1,0,0,0,0.0,NaN,NaN,1,0,1,0,0,0,1,0,0,0,0,0,0,0,0,0,0,0,0,5,1,0,0,0,0,0,1,0,1,0,0,0,0,0,4,1,0
D:\Project\Detection\OOADP-Lab-master\OOADP-Lab-master\Bridge\src\tryBridge\BridgeDemo.java,tryBridge.BridgeDemo,class,7,7,0,7,1,1,0,2,0,0.0,NaN,NaN,1,1,1,0,0,0,1,0,0,0,0,0,0,0,0,0,0,0,0,20,0,0,0,0,0,2,10,2,0,2,0,0,0,0,15,1,0
D:\Project\Detection\OOADP-Lab-master\OOADP-Lab-master\Bridge\src\tryBridge\Discount4.java,tryBridge.Discount4,class,1,2,1,1,1,1,0,0,0,0.0,NaN,NaN,1,0,1,0,0,0,1,0,0,0,0,0,0,0,0,0,0,0,0,5,1,0,0,0,0,0,1,0,1,0,0,0,0,0,4,1,0
D:\Project\Detection\OOADP-Lab-master\OOADP-Lab-master\AbstractFactory\src\tryAbstractFactory\CricketDiffAbled.java,tryAbstractFactory.CricketDiffAbled,class,1,2,1,1,1,2,0,1,0,0.0,NaN,NaN,1,0,0,0,0,1,1,0,0,0,0,0,0,0,0,0,0,0,0,5,0,0,0,0,0,1,0,0,0,0,0,0,0,0,9,1,0
D:\Project\Detection\OOADP-Lab-master\OOADP-Lab-master\Adapter\src\tryAdapter\Item.java,tryAdapter.Item,class,1,2,1,1,4,1,0,2,0,0.375,0.8333333,1.0,4,0,1,0,0,3,4,0,0,0,4,0,0,0,0,4,0,0,0,27,0,0,0,0,1,5,0,8,7,6,0,0,0,0,13,1,0
D:\Project\Detection\OOADP-Lab-master\OOADP-Lab-master\Decorator\GamesOnTable.java,GamesOnTable,class,1,4,3,1,1,3,3,0,0,0.0,NaN,NaN,1,0,1,0,0,0,1,0,0,0,0,0,0,0,0,0,0,0,0,4,0,0,0,0,0,0,0,0,0,0,0,0,0,0,8,1025,0
D:\Project\Detection\OOADP-Lab-master\OOADP-Lab-master\Bridge\src\tryBridge\Discount1.java,tryBridge.Discount1,class,1,2,1,1,1,1,0,0,0,0.0,NaN,NaN,1,0,1,0,0,0,1,0,0,0,0,0,0,0,0,0,0,0,0,5,1,0,0,0,0,0,1,0,1,0,0,0,0,0,4,1,0
D:\Project\Detection\OOADP-Lab-master\OOADP-Lab-master\FactoryMethod\src\tryFactoryMethod\SCCustomer.java,tryFactoryMethod.SCCustomer,class,1,2,1,1,1,1,0,1,0,0.0,NaN,NaN,1,0,1,0,0,0,1,0,0,0,0,0,0,0,0,0,0,0,0,5,0,0,0,0,0,1,0,0,0,0,0,0,0,0,6,1,0
D:\Project\Detection\OOADP-Lab-master\OOADP-Lab-master\Bridge\src\tryBridge\Discount2.java,tryBridge.Discount2,class,1,2,1,1,1,1,0,0,0,0.0,NaN,NaN,1,0,1,0,0,0,1,0,0,0,0,0,0,0,0,0,0,0,0,5,1,0,0,0,0,0,1,0,1,0,0,0,0,0,4,1,0
D:\Project\Detection\OOADP-Lab-master\OOADP-Lab-master\AbstractFactory\src\tryAbstractFactory\OutdoorAdventureSports.java,tryAbstractFactory.OutdoorAdventureSports,class,0,10,10,0,1,1,6,0,0,0.0,NaN,NaN,1,0,0,0,0,1,1,1,0,0,0,0,0,0,0,0,0,0,0,3,0,0,0,0,0,0,0,0,0,0,0,0,0,0,6,1025,0
D:\Project\Detection\OOADP-Lab-master\OOADP-Lab-master\AbstractFactory\src\tryAbstractFactory\BungeeJumpingDiffAbled.java,tryAbstractFactory.BungeeJumpingDiffAbled,class,1,2,1,1,1,2,0,1,0,0.0,NaN,NaN,1,0,0,0,0,1,1,0,0,0,0,0,0,0,0,0,0,0,0,5,0,0,0,0,0,1,0,0,0,0,0,0,0,0,10,1,0
D:\Project\Detection\OOADP-Lab-master\OOADP-Lab-master\Strategy\src\tryStrategy\Discount.java,tryStrategy.Discount,interface,0,4,4,0,1,1,0,0,0,0.0,NaN,NaN,1,0,0,0,0,1,1,0,0,0,0,0,0,0,0,0,0,0,0,3,0,0,0,0,0,0,0,0,0,0,0,0,0,0,3,1,0
D:\Project\Detection\OOADP-Lab-master\OOADP-Lab-master\Strategy\src\tryStrategy\SCCustomer.java,tryStrategy.SCCustomer,class,2,3,1,2,1,2,0,0,0,0.0,NaN,NaN,1,0,1,0,0,0,1,0,0,0,0,0,0,0,0,0,0,0,0,7,0,0,0,0,0,1,0,2,0,0,0,0,0,0,5,1,0
D:\Project\Detection\OOADP-Lab-master\OOADP-Lab-master\Adapter\src\tryAdapter\MauriTax.java,tryAdapter.MauriTax,class,0,1,1,0,1,1,0,0,0,0.0,NaN,NaN,1,0,0,0,0,1,1,0,0,0,0,0,0,0,0,0,0,0,0,5,1,0,0,0,0,0,1,0,1,0,0,0,0,0,6,1,0
D:\Project\Detection\OOADP-Lab-master\OOADP-Lab-master\Strategy\src\tryStrategy\StrategyDemo.java,tryStrategy.StrategyDemo,class,4,4,0,4,1,1,0,1,0,0.0,NaN,NaN,1,1,1,0,0,0,1,0,0,0,0,0,0,0,0,0,0,0,0,10,0,0,0,0,0,6,3,3,0,1,0,0,0,0,11,1,0
D:\Project\Detection\OOADP-Lab-master\OOADP-Lab-master\Decorator\Baseball.java,Baseball,class,2,2,0,2,2,4,0,1,0,0.0,1.0,1.0,2,0,2,0,0,0,2,0,0,0,1,0,0,0,0,1,0,0,0,9,1,0,0,0,0,0,1,1,1,1,0,0,0,0,10,1,0
D:\Project\Detection\OOADP-Lab-master\OOADP-Lab-master\Decorator\BoardGames.java,BoardGames,class,1,3,2,1,1,3,2,0,0,0.0,NaN,NaN,1,0,1,0,0,0,1,0,0,0,0,0,0,0,0,0,0,0,0,4,0,0,0,0,0,0,0,0,0,0,0,0,0,0,7,1025,0
D:\Project\Detection\OOADP-Lab-master\OOADP-Lab-master\Strategy\src\tryStrategy\FTCDiscount.java,tryStrategy.FTCDiscount,class,1,2,1,1,1,1,0,0,0,0.0,NaN,NaN,1,0,1,0,0,0,1,0,0,0,0,0,0,0,0,0,0,0,0,5,1,0,0,0,0,0,1,0,1,0,0,0,0,0,6,1,0
D:\Project\Detection\OOADP-Lab-master\OOADP-Lab-master\AbstractFactory\src\tryAbstractFactory\BungeeJumpingRegular.java,tryAbstractFactory.BungeeJumpingRegular,class,1,2,1,1,1,2,0,1,0,0.0,NaN,NaN,1,0,0,0,0,1,1,0,0,0,0,0,0,0,0,0,0,0,0,5,0,0,0,0,0,1,0,0,0,0,0,0,0,0,9,1,0
D:\Project\Detection\OOADP-Lab-master\OOADP-Lab-master\FactoryMethod\src\tryFactoryMethod\RegCustomer.java,tryFactoryMethod.RegCustomer,class,1,2,1,1,1,1,0,1,0,0.0,NaN,NaN,1,0,1,0,0,0,1,0,0,0,0,0,0,0,0,0,0,0,0,5,0,0,0,0,0,1,0,0,0,0,0,0,0,0,4,1,0
D:\Project\Detection\OOADP-Lab-master\OOADP-Lab-master\Template\src\tryTemplate\Menu.java,tryTemplate.Menu,interface,0,1,1,0,1,1,0,0,0,0.0,NaN,NaN,1,0,0,0,0,1,1,0,0,0,0,0,0,0,0,0,0,0,0,3,0,0,0,0,0,0,0,0,0,0,0,0,0,0,2,1,0
D:\Project\Detection\OOADP-Lab-master\OOADP-Lab-master\AbstractFactory\src\tryAbstractFactory\CricketRegular.java,tryAbstractFactory.CricketRegular,class,1,2,1,1,1,2,0,1,0,0.0,NaN,NaN,1,0,0,0,0,1,1,0,0,0,0,0,0,0,0,0,0,0,0,5,0,0,0,0,0,1,0,0,0,0,0,0,0,0,7,1,0
D:\Project\Detection\OOADP-Lab-master\OOADP-Lab-master\Decorator\AdventureGames.java,AdventureGames,class,1,4,3,1,1,3,3,0,0,0.0,NaN,NaN,1,0,1,0,0,0,1,0,0,0,0,0,0,0,0,0,0,0,0,4,0,0,0,0,0,0,0,0,0,0,0,0,0,0,7,1025,0
D:\Project\Detection\OOADP-Lab-master\OOADP-Lab-master\Decorator\IndoorSportsDecorator.java,IndoorSportsDecorator,class,1,4,3,1,2,2,3,0,1,0.0,0.0,0.0,2,0,2,0,0,0,2,1,0,0,0,0,0,0,0,0,0,0,0,5,0,0,0,0,0,0,0,0,0,0,0,0,0,0,8,1025,0
D:\Project\Detection\OOADP-Lab-master\OOADP-Lab-master\Decorator\OutdoorSports.java,OutdoorSports,class,1,2,1,1,2,2,0,0,1,0.0,0.0,0.0,2,0,2,0,0,0,2,0,0,0,0,0,0,0,0,0,0,0,0,7,1,0,0,0,0,0,1,0,0,0,0,0,0,0,7,1,0
D:\Project\Detection\OOADP-Lab-master\OOADP-Lab-master\Decorator\BungeeJumping.java,BungeeJumping,class,2,2,0,2,2,4,0,1,0,0.0,1.0,1.0,2,0,2,0,0,0,2,0,0,0,1,0,0,0,0,1,0,0,0,9,1,0,0,0,0,0,1,1,1,1,0,0,0,0,11,1,0
D:\Project\Detection\OOADP-Lab-master\OOADP-Lab-master\Singleton\src\singleton\SingletonDemo.java,singleton.SingletonDemo,class,1,1,0,1,1,1,0,3,0,0.0,NaN,NaN,1,1,1,0,0,0,1,0,0,0,0,0,0,0,0,0,0,0,3,10,0,0,0,0,0,2,0,3,0,3,0,0,0,0,9,1,0
D:\Project\Detection\OOADP-Lab-master\OOADP-Lab-master\Adapter\src\tryAdapter\AdapterDemo.java,tryAdapter.AdapterDemo,class,4,4,0,4,1,1,0,2,0,0.0,NaN,NaN,1,1,1,0,0,0,1,0,0,0,0,0,0,0,0,0,0,0,0,9,0,0,0,0,0,1,2,2,0,2,0,0,0,0,13,1,0
D:\Project\Detection\OOADP-Lab-master\OOADP-Lab-master\AbstractFactory\src\tryAbstractFactory\TrekkingDiffAbled.java,tryAbstractFactory.TrekkingDiffAbled,class,1,2,1,1,1,2,0,1,0,0.0,NaN,NaN,1,0,0,0,0,1,1,0,0,0,0,0,0,0,0,0,0,0,0,5,0,0,0,0,0,1,0,0,0,0,0,0,0,0,9,1,0
D:\Project\Detection\OOADP-Lab-master\OOADP-Lab-master\Decorator\Billiards.java,Billiards,class,2,3,1,2,2,4,0,1,0,0.0,1.0,1.0,2,0,2,0,0,0,2,0,0,0,1,0,0,0,0,1,0,0,0,9,1,0,0,0,0,0,1,1,1,1,0,0,0,0,11,1,0
D:\Project\Detection\OOADP-Lab-master\OOADP-Lab-master\Facade\src\tryFacade\ItemPurchased.java,tryFacade.ItemPurchased,class,1,3,2,1,6,1,0,9,0,0.375,0.33333334,0.33333334,4,0,1,1,0,2,3,0,0,0,2,0,0,0,0,2,0,0,2,30,1,2,0,0,0,7,1,7,3,7,1,0,0,0,21,1,0
D:\Project\Detection\OOADP-Lab-master\OOADP-Lab-master\Adapter\src\tryAdapter\CalcTax.java,tryAdapter.CalcTax,interface,0,4,4,0,1,1,0,0,0,0.0,NaN,NaN,1,0,0,0,0,1,1,0,0,0,0,0,0,0,0,0,0,0,0,3,0,0,0,0,0,0,0,0,0,0,0,0,0,0,5,1,0
D:\Project\Detection\OOADP-Lab-master\OOADP-Lab-master\FactoryMethod\src\tryFactoryMethod\Customer.java,tryFactoryMethod.Customer,interface,0,5,5,0,1,1,0,0,0,0.0,NaN,NaN,1,0,0,0,0,1,1,0,0,0,0,0,0,0,0,0,0,0,0,3,0,0,0,0,0,0,0,0,0,0,0,0,0,0,3,1,0
D:\Project\Detection\OOADP-Lab-master\OOADP-Lab-master\AbstractFactory\src\tryAbstractFactory\RegularSportsFactory.java,tryAbstractFactory.RegularSportsFactory,class,9,10,1,9,6,1,0,1,3,0.0,0.0,0.0,3,0,3,0,0,0,3,0,0,0,0,0,0,0,0,0,0,0,0,14,6,0,0,0,0,3,0,0,0,0,3,0,0,0,18,1,0
D:\Project\Detection\OOADP-Lab-master\OOADP-Lab-master\FactoryMethod\src\tryFactoryMethod\CustomerFactory.java,tryFactoryMethod.CustomerFactory,class,4,5,1,4,4,1,0,1,0,0.0,NaN,NaN,1,0,0,0,0,1,1,0,0,0,0,0,0,0,0,0,0,0,0,8,4,0,0,0,0,3,0,0,0,0,3,0,0,0,10,1,0
D:\Project\Detection\OOADP-Lab-master\OOADP-Lab-master\Decorator\CourtGames.java,CourtGames,class,1,4,3,1,1,3,3,0,0,0.0,NaN,NaN,1,0,1,0,0,0,1,0,0,0,0,0,0,0,0,0,0,0,0,4,0,0,0,0,0,0,0,0,0,0,0,0,0,0,7,1025,0
D:\Project\Detection\OOADP-Lab-master\OOADP-Lab-master\Template\src\tryTemplate\OrderProcessing.java,tryTemplate.OrderProcessing,class,2,6,4,2,5,1,2,3,6,0.0,0.0,0.0,4,0,0,0,0,4,4,3,0,0,0,0,0,0,0,0,0,0,0,12,0,0,1,0,0,0,0,1,0,1,1,0,0,0,10,1025,0
D:\Project\Detection\OOADP-Lab-master\OOADP-Lab-master\Decorator\Basketball.java,Basketball,class,2,2,0,2,2,4,0,1,0,0.0,1.0,1.0,2,0,2,0,0,0,2,0,0,0,1,0,0,0,0,1,0,0,0,9,1,0,0,0,0,0,1,1,1,1,0,0,0,0,10,1,0
D:\Project\Detection\OOADP-Lab-master\OOADP-Lab-master\Facade\src\tryFacade\Sports2000Facade.java,tryFacade.Sports2000Facade,class,2,3,1,2,3,1,0,3,0,0.33333334,0.6666667,1.0,3,0,1,0,0,2,3,0,0,0,2,0,0,0,0,2,0,0,0,14,0,0,0,0,0,0,0,2,0,2,0,0,0,0,14,1,0
D:\Project\Detection\OOADP-Lab-master\OOADP-Lab-master\Decorator\Athletics.java,Athletics,class,1,3,2,1,1,3,2,0,0,0.0,NaN,NaN,1,0,1,0,0,0,1,0,0,0,0,0,0,0,0,0,0,0,0,4,0,0,0,0,0,0,0,0,0,0,0,0,0,0,6,1025,0
D:\Project\Detection\OOADP-Lab-master\OOADP-Lab-master\Observer\src\tryObserver\Subject.java,tryObserver.Subject,class,1,3,2,1,3,1,1,0,3,0.0,0.0,0.0,3,0,0,0,0,3,3,3,0,0,0,0,0,0,0,0,0,0,0,5,0,0,0,0,0,0,0,0,0,0,0,0,0,0,7,1025,0
D:\Project\Detection\OOADP-Lab-master\OOADP-Lab-master\Strategy\src\tryStrategy\SCDiscount.java,tryStrategy.SCDiscount,class,1,2,1,1,1,1,0,0,0,0.0,NaN,NaN,1,0,1,0,0,0,1,0,0,0,0,0,0,0,0,0,0,0,0,5,1,0,0,0,0,0,1,0,1,0,0,0,0,0,5,1,0
D:\Project\Detection\OOADP-Lab-master\OOADP-Lab-master\AbstractFactory\src\tryAbstractFactory\OutdoorRegularGames.java,tryAbstractFactory.OutdoorRegularGames,class,0,6,6,0,1,1,2,0,0,0.0,NaN,NaN,1,0,0,0,0,1,1,1,0,0,0,0,0,0,0,0,0,0,0,3,0,0,0,0,0,0,0,0,0,0,0,0,0,0,6,1025,0
D:\Project\Detection\OOADP-Lab-master\OOADP-Lab-master\AbstractFactory\src\tryAbstractFactory\ParaglidingRegular.java,tryAbstractFactory.ParaglidingRegular,class,1,2,1,1,1,2,0,1,0,0.0,NaN,NaN,1,0,0,0,0,1,1,0,0,0,0,0,0,0,0,0,0,0,0,5,0,0,0,0,0,1,0,0,0,0,0,0,0,0,8,1,0
D:\Project\Detection\OOADP-Lab-master\OOADP-Lab-master\AbstractFactory\src\tryAbstractFactory\MainClass.java,tryAbstractFactory.MainClass,class,6,6,0,6,1,1,0,6,0,0.0,NaN,NaN,1,1,1,0,0,0,1,0,0,0,0,0,0,0,0,0,0,0,0,18,0,0,0,0,0,2,0,8,0,8,0,0,0,0,22,1,0
D:\Project\Detection\OOADP-Lab-master\OOADP-Lab-master\Decorator\TableTennis.java,TableTennis,class,2,2,0,2,2,4,0,1,0,0.0,1.0,1.0,2,0,2,0,0,0,2,0,0,0,1,0,0,0,0,1,0,0,0,9,1,0,0,0,0,0,1,1,1,1,0,0,0,0,11,1,0
D:\Project\Detection\OOADP-Lab-master\OOADP-Lab-master\Template\src\tryTemplate\OfflineOrder.java,tryTemplate.OfflineOrder,class,4,6,2,4,12,2,0,7,13,0.6666667,0.0,0.0,6,0,1,2,0,3,4,0,0,0,1,0,0,0,0,1,0,0,1,52,2,2,2,0,0,16,4,5,4,5,2,0,0,0,39,1,0
D:\Project\Detection\OOADP-Lab-master\OOADP-Lab-master\Adapter\src\tryAdapter\MauriTaxAdapter.java,tryAdapter.MauriTaxAdapter,class,2,3,1,2,1,1,0,1,0,0.0,NaN,NaN,1,0,1,0,0,0,1,0,0,0,1,0,0,0,0,1,0,0,0,6,1,0,0,0,0,0,0,1,0,1,0,0,0,0,8,1,0
D:\Project\Detection\OOADP-Lab-master\OOADP-Lab-master\Decorator\Paragliding.java,Paragliding,class,2,2,0,2,2,4,0,1,0,0.0,1.0,1.0,2,0,2,0,0,0,2,0,0,0,1,0,0,0,0,1,0,0,0,9,1,0,0,0,0,0,1,1,1,1,0,0,0,0,10,1,0
D:\Project\Detection\OOADP-Lab-master\OOADP-Lab-master\Decorator\LongJump.java,LongJump,class,2,3,1,2,2,4,0,1,0,0.0,1.0,1.0,2,0,2,0,0,0,2,0,0,0,1,0,0,0,0,1,0,0,0,9,1,0,0,0,0,0,1,1,1,1,0,0,0,0,10,1,0
D:\Project\Detection\OOADP-Lab-master\OOADP-Lab-master\Strategy\src\tryStrategy\RCCustomer.java,tryStrategy.RCCustomer,class,2,3,1,2,1,2,0,0,0,0.0,NaN,NaN,1,0,1,0,0,0,1,0,0,0,0,0,0,0,0,0,0,0,0,7,0,0,0,0,0,1,0,2,0,0,0,0,0,0,9,1,0
D:\Project\Detection\OOADP-Lab-master\OOADP-Lab-master\AbstractFactory\src\tryAbstractFactory\DiffAbledSportsFactory.java,tryAbstractFactory.DiffAbledSportsFactory,class,9,10,1,9,6,1,0,1,3,0.0,0.0,0.0,3,0,3,0,0,0,3,0,0,0,0,0,0,0,0,0,0,0,0,14,6,0,0,0,0,3,0,0,0,0,3,0,0,0,20,1,0
D:\Project\Detection\OOADP-Lab-master\OOADP-Lab-master\Facade\src\tryFacade\FacadeDemo.java,tryFacade.FacadeDemo,class,1,1,0,1,1,1,0,2,0,0.0,NaN,NaN,1,1,1,0,0,0,1,0,0,0,0,0,0,0,0,0,0,0,0,7,0,0,0,0,0,0,1,1,0,1,0,0,0,0,6,1,0
D:\Project\Detection\OOADP-Lab-master\OOADP-Lab-master\Facade\src\tryFacade\Sport2000ProcessSales.java,tryFacade.Sport2000ProcessSales,class,0,1,1,0,7,1,0,4,0,0.0,1.0,1.0,2,0,1,0,0,1,2,0,0,0,3,0,0,0,0,3,0,0,1,33,0,0,0,0,1,7,2,5,3,5,2,0,0,0,34,1,0
D:\Project\Detection\OOADP-Lab-master\OOADP-Lab-master\Observer\src\tryObserver\MainClass.java,tryObserver.MainClass,class,2,2,0,2,1,1,0,2,0,0.0,NaN,NaN,1,1,1,0,0,0,1,0,0,0,0,0,0,0,0,0,0,0,0,12,0,0,0,0,0,7,4,4,0,4,0,0,0,0,10,1,0
D:\Project\Detection\OOADP-Lab-master\OOADP-Lab-master\AbstractFactory\src\tryAbstractFactory\IndoorRegularGames.java,tryAbstractFactory.IndoorRegularGames,class,0,6,6,0,1,1,2,0,0,0.0,NaN,NaN,1,0,0,0,0,1,1,1,0,0,0,0,0,0,0,0,0,0,0,3,0,0,0,0,0,0,0,0,0,0,0,0,0,0,6,1025,0
D:\Project\Detection\OOADP-Lab-master\OOADP-Lab-master\AbstractFactory\src\tryAbstractFactory\ParaglidingDiffAbled.java,tryAbstractFactory.ParaglidingDiffAbled,class,1,2,1,1,1,2,0,1,0,0.0,NaN,NaN,1,0,0,0,0,1,1,0,0,0,0,0,0,0,0,0,0,0,0,5,0,0,0,0,0,1,0,0,0,0,0,0,0,0,9,1,0
D:\Project\Detection\OOADP-Lab-master\OOADP-Lab-master\Bridge\src\tryBridge\RCCustomer.java,tryBridge.RCCustomer,class,2,3,1,2,1,2,0,0,0,0.0,NaN,NaN,1,0,1,0,0,0,1,0,0,0,0,0,0,0,0,0,0,0,0,6,0,0,0,0,0,1,0,1,0,0,0,0,0,0,8,1,0
D:\Project\Detection\OOADP-Lab-master\OOADP-Lab-master\Observer\src\tryObserver\Store.java,tryObserver.Store,class,3,5,2,3,7,2,0,6,0,0.33333334,0.8,1.0,5,0,1,0,0,4,5,0,0,0,3,0,0,0,0,3,0,0,0,31,0,1,0,1,0,7,0,4,4,3,1,0,0,0,30,1,0
D:\Project\Detection\OOADP-Lab-master\OOADP-Lab-master\Bridge\src\tryBridge\Customer.java,tryBridge.Customer,class,1,5,4,1,3,1,3,2,0,0.33333334,1.0,1.0,3,0,1,0,0,2,3,0,0,0,4,0,0,0,0,4,0,0,0,22,0,0,0,0,1,6,0,4,7,4,0,0,0,0,13,1025,0
D:\Project\Detection\OOADP-Lab-master\OOADP-Lab-master\AbstractFactory\src\tryAbstractFactory\SportsCategoryFactory.java,tryAbstractFactory.SportsCategoryFactory,interface,3,6,3,3,3,1,0,0,3,0.0,0.0,0.0,3,0,0,0,0,3,3,0,0,0,0,0,0,0,0,0,0,0,0,5,0,0,0,0,0,0,0,0,0,0,0,0,0,0,10,1,0
D:\Project\Detection\OOADP-Lab-master\OOADP-Lab-master\Template\src\tryTemplate\Item.java,tryTemplate.Item,class,0,4,4,0,2,1,0,0,0,0.33333334,1.0,1.0,2,0,1,0,0,1,2,0,0,0,3,0,0,0,0,3,0,0,0,13,1,0,0,0,0,0,0,3,0,3,0,0,0,0,10,1,0
D:\Project\Detection\OOADP-Lab-master\OOADP-Lab-master\Decorator\Football.java,Football,class,2,2,0,2,2,4,0,1,0,0.0,1.0,1.0,2,0,2,0,0,0,2,0,0,0,1,0,0,0,0,1,0,0,0,9,1,0,0,0,0,0,1,1,1,1,0,0,0,0,10,1,0
D:\Project\Detection\OOADP-Lab-master\OOADP-Lab-master\Template\src\tryTemplate\TemplateDemo.java,tryTemplate.TemplateDemo,class,3,3,0,3,1,1,0,1,0,0.0,NaN,NaN,1,1,1,0,0,0,1,0,0,0,0,0,0,0,0,0,0,0,0,7,0,0,0,0,0,0,0,2,0,2,0,0,0,0,9,1,0
D:\Project\Detection\OOADP-Lab-master\OOADP-Lab-master\Decorator\MainClass.java,MainClass,class,9,9,0,9,1,1,0,2,0,0.0,NaN,NaN,1,1,1,0,0,0,1,0,0,0,0,0,0,0,0,0,0,0,0,20,0,0,0,0,0,8,0,8,8,2,0,0,0,0,16,1,0
D:\Project\Detection\OOADP-Lab-master\OOADP-Lab-master\Decorator\HighJump.java,HighJump,class,2,2,0,2,2,4,0,1,0,0.0,1.0,1.0,2,0,2,0,0,0,2,0,0,0,1,0,0,0,0,1,0,0,0,9,1,0,0,0,0,0,1,1,1,1,0,0,0,0,10,1,0
D:\Project\Detection\OOADP-Lab-master\OOADP-Lab-master\Observer\src\tryObserver\Customer.java,tryObserver.Customer,class,2,3,1,2,3,2,0,2,0,0.44444445,1.0,1.0,3,0,2,0,0,1,3,0,0,0,3,0,0,0,0,3,0,0,0,17,1,0,0,0,0,2,0,3,1,3,0,0,0,0,13,1,0
D:\Project\Detection\OOADP-Lab-master\OOADP-Lab-master\Decorator\Snooker.java,Snooker,class,2,2,0,2,2,4,0,1,0,0.0,1.0,1.0,2,0,2,0,0,0,2,0,0,0,1,0,0,0,0,1,0,0,0,9,1,0,0,0,0,0,1,1,1,1,0,0,0,0,11,1,0
D:\Project\Detection\OOADP-Lab-master\OOADP-Lab-master\Singleton\src\singleton\TabWindow.java,singleton.TabWindow,class,1,3,2,1,6,1,0,2,0,0.5,0.33333334,0.33333334,4,1,3,1,0,0,3,0,0,0,2,1,1,0,0,1,0,0,0,19,1,1,1,0,0,0,0,2,0,2,1,0,0,0,13,1,0
D:\Project\Detection\OOADP-Lab-master\OOADP-Lab-master\FactoryMethod\src\tryFactoryMethod\MainClass.java,tryFactoryMethod.MainClass,class,2,2,0,2,1,1,0,2,0,0.0,NaN,NaN,1,1,1,0,0,0,1,0,0,0,0,0,0,0,0,0,0,0,0,11,0,0,0,0,0,3,0,4,0,4,0,0,0,0,10,1,0
D:\Project\Detection\OOADP-Lab-master\OOADP-Lab-master\Bridge\src\tryBridge\FTCCustomer.java,tryBridge.FTCCustomer,class,2,3,1,2,1,2,0,0,0,0.0,NaN,NaN,1,0,1,0,0,0,1,0,0,0,0,0,0,0,0,0,0,0,0,6,0,0,0,0,0,1,0,1,0,0,0,0,0,0,10,1,0
D:\Project\Detection\OOADP-Lab-master\OOADP-Lab-master\FactoryMethod\src\tryFactoryMethod\FTCustomer.java,tryFactoryMethod.FTCustomer,class,1,2,1,1,1,1,0,1,0,0.0,NaN,NaN,1,0,1,0,0,0,1,0,0,0,0,0,0,0,0,0,0,0,0,5,0,0,0,0,0,1,0,0,0,0,0,0,0,0,6,1,0
D:\Project\Detection\OOADP-Lab-master\OOADP-Lab-master\AbstractFactory\src\tryAbstractFactory\TrekkingRegular.java,tryAbstractFactory.TrekkingRegular,class,1,2,1,1,1,2,0,1,0,0.0,NaN,NaN,1,0,0,0,0,1,1,0,0,0,0,0,0,0,0,0,0,0,0,5,0,0,0,0,0,1,0,0,0,0,0,0,0,0,8,1,0
D:\Project\Detection\OOADP-Lab-master\OOADP-Lab-master\Decorator\Carrom.java,Carrom,class,2,3,1,2,2,4,0,1,0,0.0,1.0,1.0,2,0,2,0,0,0,2,0,0,0,1,0,0,0,0,1,0,0,0,9,1,0,0,0,0,0,1,1,1,1,0,0,0,0,10,1,0
D:\Project\Detection\OOADP-Lab-master\OOADP-Lab-master\Bridge\src\tryBridge\Discount.java,tryBridge.Discount,interface,0,8,8,0,1,1,0,0,0,0.0,NaN,NaN,1,0,0,0,0,1,1,0,0,0,0,0,0,0,0,0,0,0,0,3,0,0,0,0,0,0,0,0,0,0,0,0,0,0,3,1,0
