file,class,method,variable,usage
D:\Project\Detection\OOADP-Lab-master\OOADP-Lab-master\Decorator\Chess.java,Chess,Chess/1[Sports],sports,3
D:\Project\Detection\OOADP-Lab-master\OOADP-Lab-master\Decorator\Chess.java,Chess,getCurrentStock/0,sports,1
D:\Project\Detection\OOADP-Lab-master\OOADP-Lab-master\Decorator\Trekking.java,Trekking,Trekking/1[Sports],sports,3
D:\Project\Detection\OOADP-Lab-master\OOADP-Lab-master\Decorator\Trekking.java,Trekking,getCurrentStock/0,sports,1
D:\Project\Detection\OOADP-Lab-master\OOADP-Lab-master\Decorator\Badminton.java,Badminton,getCurrentStock/0,sports,1
D:\Project\Detection\OOADP-Lab-master\OOADP-Lab-master\Decorator\Badminton.java,Badminton,Badminton/1[Sports],sports,3
D:\Project\Detection\OOADP-Lab-master\OOADP-Lab-master\Template\src\tryTemplate\OnlineOrder.java,tryTemplate.OnlineOrder,OnlineOrder/0,menu,1
D:\Project\Detection\OOADP-Lab-master\OOADP-Lab-master\Template\src\tryTemplate\OnlineOrder.java,tryTemplate.OnlineOrder,selectItem/0,menu,1
D:\Project\Detection\OOADP-Lab-master\OOADP-Lab-master\Decorator\Cricket.java,Cricket,getCurrentStock/0,sports,1
D:\Project\Detection\OOADP-Lab-master\OOADP-Lab-master\Decorator\Cricket.java,Cricket,Cricket/1[Sports],sports,3
D:\Project\Detection\OOADP-Lab-master\OOADP-Lab-master\Strategy\src\tryStrategy\Customer.java,tryStrategy.Customer,printBill/1[float],typeOfCust,1
D:\Project\Detection\OOADP-Lab-master\OOADP-Lab-master\Strategy\src\tryStrategy\Customer.java,tryStrategy.Customer,printBill/1[float],d,2
D:\Project\Detection\OOADP-Lab-master\OOADP-Lab-master\Strategy\src\tryStrategy\Customer.java,tryStrategy.Customer,printBill/1[float],name,1
D:\Project\Detection\OOADP-Lab-master\OOADP-Lab-master\Strategy\src\tryStrategy\Customer.java,tryStrategy.Customer,printBill/1[float],id,1
D:\Project\Detection\OOADP-Lab-master\OOADP-Lab-master\Strategy\src\tryStrategy\Customer.java,tryStrategy.Customer,"Customer/2[java.lang.String,java.lang.String]",name,3
D:\Project\Detection\OOADP-Lab-master\OOADP-Lab-master\Strategy\src\tryStrategy\Customer.java,tryStrategy.Customer,"Customer/2[java.lang.String,java.lang.String]",id,3
D:\Project\Detection\OOADP-Lab-master\OOADP-Lab-master\Template\src\tryTemplate\Cycle.java,tryTemplate.Cycle,Cycle/0,al,5
D:\Project\Detection\OOADP-Lab-master\OOADP-Lab-master\Template\src\tryTemplate\Cycle.java,tryTemplate.Cycle,displayMenu/0,al,1
D:\Project\Detection\OOADP-Lab-master\OOADP-Lab-master\Decorator\Kabaddi.java,Kabaddi,getCurrentStock/0,sports,1
D:\Project\Detection\OOADP-Lab-master\OOADP-Lab-master\Decorator\Kabaddi.java,Kabaddi,Kabaddi/1[Sports],sports,3
D:\Project\Detection\OOADP-Lab-master\OOADP-Lab-master\Adapter\src\tryAdapter\Item.java,tryAdapter.Item,setQuantity/1[int],qty,3
D:\Project\Detection\OOADP-Lab-master\OOADP-Lab-master\Adapter\src\tryAdapter\Item.java,tryAdapter.Item,"Item/4[java.lang.String,int,float,tryAdapter.CalcTax]",ct,3
D:\Project\Detection\OOADP-Lab-master\OOADP-Lab-master\Adapter\src\tryAdapter\Item.java,tryAdapter.Item,"Item/4[java.lang.String,int,float,tryAdapter.CalcTax]",price,3
D:\Project\Detection\OOADP-Lab-master\OOADP-Lab-master\Adapter\src\tryAdapter\Item.java,tryAdapter.Item,"Item/4[java.lang.String,int,float,tryAdapter.CalcTax]",qty,3
D:\Project\Detection\OOADP-Lab-master\OOADP-Lab-master\Adapter\src\tryAdapter\Item.java,tryAdapter.Item,"Item/4[java.lang.String,int,float,tryAdapter.CalcTax]",name,3
D:\Project\Detection\OOADP-Lab-master\OOADP-Lab-master\Adapter\src\tryAdapter\Item.java,tryAdapter.Item,setTax/1[tryAdapter.CalcTax],ct,3
D:\Project\Detection\OOADP-Lab-master\OOADP-Lab-master\Adapter\src\tryAdapter\Item.java,tryAdapter.Item,displayItem/0,ct,1
D:\Project\Detection\OOADP-Lab-master\OOADP-Lab-master\Adapter\src\tryAdapter\Item.java,tryAdapter.Item,displayItem/0,price,3
D:\Project\Detection\OOADP-Lab-master\OOADP-Lab-master\Adapter\src\tryAdapter\Item.java,tryAdapter.Item,displayItem/0,qty,3
D:\Project\Detection\OOADP-Lab-master\OOADP-Lab-master\Adapter\src\tryAdapter\Item.java,tryAdapter.Item,displayItem/0,name,1
D:\Project\Detection\OOADP-Lab-master\OOADP-Lab-master\Decorator\Baseball.java,Baseball,getCurrentStock/0,sports,1
D:\Project\Detection\OOADP-Lab-master\OOADP-Lab-master\Decorator\Baseball.java,Baseball,Baseball/1[Sports],sports,3
D:\Project\Detection\OOADP-Lab-master\OOADP-Lab-master\Decorator\BungeeJumping.java,BungeeJumping,getCurrentStock/0,sports,1
D:\Project\Detection\OOADP-Lab-master\OOADP-Lab-master\Decorator\BungeeJumping.java,BungeeJumping,BungeeJumping/1[Sports],sports,3
D:\Project\Detection\OOADP-Lab-master\OOADP-Lab-master\Decorator\Billiards.java,Billiards,getCurrentStock/0,sports,1
D:\Project\Detection\OOADP-Lab-master\OOADP-Lab-master\Decorator\Billiards.java,Billiards,Billiards/1[Sports],sports,3
D:\Project\Detection\OOADP-Lab-master\OOADP-Lab-master\Facade\src\tryFacade\ItemPurchased.java,tryFacade.ItemPurchased,storePurchase/0,hm,1
D:\Project\Detection\OOADP-Lab-master\OOADP-Lab-master\Facade\src\tryFacade\ItemPurchased.java,tryFacade.ItemPurchased,storePurchase/0,type,2
D:\Project\Detection\OOADP-Lab-master\OOADP-Lab-master\Facade\src\tryFacade\ItemPurchased.java,tryFacade.ItemPurchased,showItems/0,hm,1
D:\Project\Detection\OOADP-Lab-master\OOADP-Lab-master\Facade\src\tryFacade\ItemPurchased.java,tryFacade.ItemPurchased,ItemPurchased/0,hm,1
D:\Project\Detection\OOADP-Lab-master\OOADP-Lab-master\Facade\src\tryFacade\ItemPurchased.java,tryFacade.ItemPurchased,getTypeCount/0,type,1
D:\Project\Detection\OOADP-Lab-master\OOADP-Lab-master\Decorator\Basketball.java,Basketball,getCurrentStock/0,sports,1
D:\Project\Detection\OOADP-Lab-master\OOADP-Lab-master\Decorator\Basketball.java,Basketball,Basketball/1[Sports],sports,3
D:\Project\Detection\OOADP-Lab-master\OOADP-Lab-master\Facade\src\tryFacade\Sports2000Facade.java,tryFacade.Sports2000Facade,displayItems/0,i,1
D:\Project\Detection\OOADP-Lab-master\OOADP-Lab-master\Facade\src\tryFacade\Sports2000Facade.java,tryFacade.Sports2000Facade,"Sports2000Facade/2[boolean,float]",s,1
D:\Project\Detection\OOADP-Lab-master\OOADP-Lab-master\Facade\src\tryFacade\Sports2000Facade.java,tryFacade.Sports2000Facade,"Sports2000Facade/2[boolean,float]",i,2
D:\Project\Detection\OOADP-Lab-master\OOADP-Lab-master\Facade\src\tryFacade\Sports2000Facade.java,tryFacade.Sports2000Facade,dispAmount/0,s,1
D:\Project\Detection\OOADP-Lab-master\OOADP-Lab-master\Decorator\TableTennis.java,TableTennis,TableTennis/1[Sports],sports,3
D:\Project\Detection\OOADP-Lab-master\OOADP-Lab-master\Decorator\TableTennis.java,TableTennis,getCurrentStock/0,sports,1
D:\Project\Detection\OOADP-Lab-master\OOADP-Lab-master\Template\src\tryTemplate\OfflineOrder.java,tryTemplate.OfflineOrder,OfflineOrder/0,menu,1
D:\Project\Detection\OOADP-Lab-master\OOADP-Lab-master\Adapter\src\tryAdapter\MauriTaxAdapter.java,tryAdapter.MauriTaxAdapter,"taxAmount/2[int,float]",mt,1
D:\Project\Detection\OOADP-Lab-master\OOADP-Lab-master\Decorator\Paragliding.java,Paragliding,Paragliding/1[Sports],sports,3
D:\Project\Detection\OOADP-Lab-master\OOADP-Lab-master\Decorator\Paragliding.java,Paragliding,getCurrentStock/0,sports,1
D:\Project\Detection\OOADP-Lab-master\OOADP-Lab-master\Decorator\LongJump.java,LongJump,getCurrentStock/0,sports,1
D:\Project\Detection\OOADP-Lab-master\OOADP-Lab-master\Decorator\LongJump.java,LongJump,LongJump/1[Sports],sports,3
D:\Project\Detection\OOADP-Lab-master\OOADP-Lab-master\Facade\src\tryFacade\Sport2000ProcessSales.java,tryFacade.Sport2000ProcessSales,"Sport2000ProcessSales/3[boolean,float,int]",amount,1
D:\Project\Detection\OOADP-Lab-master\OOADP-Lab-master\Facade\src\tryFacade\Sport2000ProcessSales.java,tryFacade.Sport2000ProcessSales,"Sport2000ProcessSales/3[boolean,float,int]",qty,1
D:\Project\Detection\OOADP-Lab-master\OOADP-Lab-master\Facade\src\tryFacade\Sport2000ProcessSales.java,tryFacade.Sport2000ProcessSales,"Sport2000ProcessSales/3[boolean,float,int]",giftCert,1
D:\Project\Detection\OOADP-Lab-master\OOADP-Lab-master\Facade\src\tryFacade\Sport2000ProcessSales.java,tryFacade.Sport2000ProcessSales,processSales/0,amount,4
D:\Project\Detection\OOADP-Lab-master\OOADP-Lab-master\Facade\src\tryFacade\Sport2000ProcessSales.java,tryFacade.Sport2000ProcessSales,processSales/0,qty,2
D:\Project\Detection\OOADP-Lab-master\OOADP-Lab-master\Facade\src\tryFacade\Sport2000ProcessSales.java,tryFacade.Sport2000ProcessSales,processSales/0,giftCert,1
D:\Project\Detection\OOADP-Lab-master\OOADP-Lab-master\Observer\src\tryObserver\Store.java,tryObserver.Store,notifyObservers/0,discount,1
D:\Project\Detection\OOADP-Lab-master\OOADP-Lab-master\Observer\src\tryObserver\Store.java,tryObserver.Store,notifyObservers/0,ol,1
D:\Project\Detection\OOADP-Lab-master\OOADP-Lab-master\Observer\src\tryObserver\Store.java,tryObserver.Store,unregister/1[tryObserver.Observer],name,2
D:\Project\Detection\OOADP-Lab-master\OOADP-Lab-master\Observer\src\tryObserver\Store.java,tryObserver.Store,unregister/1[tryObserver.Observer],ol,2
D:\Project\Detection\OOADP-Lab-master\OOADP-Lab-master\Observer\src\tryObserver\Store.java,tryObserver.Store,"setDiscount/2[java.lang.String,float]",discount,1
D:\Project\Detection\OOADP-Lab-master\OOADP-Lab-master\Observer\src\tryObserver\Store.java,tryObserver.Store,"Store/2[java.lang.String,float]",name,3
D:\Project\Detection\OOADP-Lab-master\OOADP-Lab-master\Observer\src\tryObserver\Store.java,tryObserver.Store,"Store/2[java.lang.String,float]",discount,3
D:\Project\Detection\OOADP-Lab-master\OOADP-Lab-master\Observer\src\tryObserver\Store.java,tryObserver.Store,"Store/2[java.lang.String,float]",ol,1
D:\Project\Detection\OOADP-Lab-master\OOADP-Lab-master\Observer\src\tryObserver\Store.java,tryObserver.Store,register/1[tryObserver.Observer],name,1
D:\Project\Detection\OOADP-Lab-master\OOADP-Lab-master\Observer\src\tryObserver\Store.java,tryObserver.Store,register/1[tryObserver.Observer],ol,1
D:\Project\Detection\OOADP-Lab-master\OOADP-Lab-master\Bridge\src\tryBridge\Customer.java,tryBridge.Customer,setDiscount/1[tryBridge.Discount],d,3
D:\Project\Detection\OOADP-Lab-master\OOADP-Lab-master\Bridge\src\tryBridge\Customer.java,tryBridge.Customer,showBill/1[float],typeOfCust,1
D:\Project\Detection\OOADP-Lab-master\OOADP-Lab-master\Bridge\src\tryBridge\Customer.java,tryBridge.Customer,showBill/1[float],d,2
D:\Project\Detection\OOADP-Lab-master\OOADP-Lab-master\Bridge\src\tryBridge\Customer.java,tryBridge.Customer,showBill/1[float],name,1
D:\Project\Detection\OOADP-Lab-master\OOADP-Lab-master\Bridge\src\tryBridge\Customer.java,tryBridge.Customer,showBill/1[float],age,1
D:\Project\Detection\OOADP-Lab-master\OOADP-Lab-master\Bridge\src\tryBridge\Customer.java,tryBridge.Customer,"Customer/3[java.lang.String,int,tryBridge.Discount]",d,3
D:\Project\Detection\OOADP-Lab-master\OOADP-Lab-master\Bridge\src\tryBridge\Customer.java,tryBridge.Customer,"Customer/3[java.lang.String,int,tryBridge.Discount]",name,3
D:\Project\Detection\OOADP-Lab-master\OOADP-Lab-master\Bridge\src\tryBridge\Customer.java,tryBridge.Customer,"Customer/3[java.lang.String,int,tryBridge.Discount]",age,3
D:\Project\Detection\OOADP-Lab-master\OOADP-Lab-master\Template\src\tryTemplate\Item.java,tryTemplate.Item,getID/0,id,1
D:\Project\Detection\OOADP-Lab-master\OOADP-Lab-master\Template\src\tryTemplate\Item.java,tryTemplate.Item,"Item/3[int,java.lang.String,float]",price,1
D:\Project\Detection\OOADP-Lab-master\OOADP-Lab-master\Template\src\tryTemplate\Item.java,tryTemplate.Item,"Item/3[int,java.lang.String,float]",name,1
D:\Project\Detection\OOADP-Lab-master\OOADP-Lab-master\Template\src\tryTemplate\Item.java,tryTemplate.Item,"Item/3[int,java.lang.String,float]",id,1
D:\Project\Detection\OOADP-Lab-master\OOADP-Lab-master\Decorator\Football.java,Football,getCurrentStock/0,sports,1
D:\Project\Detection\OOADP-Lab-master\OOADP-Lab-master\Decorator\Football.java,Football,Football/1[Sports],sports,3
D:\Project\Detection\OOADP-Lab-master\OOADP-Lab-master\Decorator\HighJump.java,HighJump,HighJump/1[Sports],sports,3
D:\Project\Detection\OOADP-Lab-master\OOADP-Lab-master\Decorator\HighJump.java,HighJump,getCurrentStock/0,sports,1
D:\Project\Detection\OOADP-Lab-master\OOADP-Lab-master\Observer\src\tryObserver\Customer.java,tryObserver.Customer,toString/0,name,1
D:\Project\Detection\OOADP-Lab-master\OOADP-Lab-master\Observer\src\tryObserver\Customer.java,tryObserver.Customer,update/1[float],name,1
D:\Project\Detection\OOADP-Lab-master\OOADP-Lab-master\Observer\src\tryObserver\Customer.java,tryObserver.Customer,update/1[float],discount,4
D:\Project\Detection\OOADP-Lab-master\OOADP-Lab-master\Observer\src\tryObserver\Customer.java,tryObserver.Customer,"Customer/2[tryObserver.Subject,java.lang.String]",name,3
D:\Project\Detection\OOADP-Lab-master\OOADP-Lab-master\Observer\src\tryObserver\Customer.java,tryObserver.Customer,"Customer/2[tryObserver.Subject,java.lang.String]",store,2
D:\Project\Detection\OOADP-Lab-master\OOADP-Lab-master\Decorator\Snooker.java,Snooker,Snooker/1[Sports],sports,3
D:\Project\Detection\OOADP-Lab-master\OOADP-Lab-master\Decorator\Snooker.java,Snooker,getCurrentStock/0,sports,1
D:\Project\Detection\OOADP-Lab-master\OOADP-Lab-master\Singleton\src\singleton\TabWindow.java,singleton.TabWindow,addUrl/1[java.lang.String],urls,1
D:\Project\Detection\OOADP-Lab-master\OOADP-Lab-master\Singleton\src\singleton\TabWindow.java,singleton.TabWindow,showUrls/0,urls,1
D:\Project\Detection\OOADP-Lab-master\OOADP-Lab-master\Singleton\src\singleton\TabWindow.java,singleton.TabWindow,TabWindow/0,urls,1
D:\Project\Detection\OOADP-Lab-master\OOADP-Lab-master\Singleton\src\singleton\TabWindow.java,singleton.TabWindow,getInstance/0,sc,3
D:\Project\Detection\OOADP-Lab-master\OOADP-Lab-master\Decorator\Carrom.java,Carrom,getCurrentStock/0,sports,1
D:\Project\Detection\OOADP-Lab-master\OOADP-Lab-master\Decorator\Carrom.java,Carrom,Carrom/1[Sports],sports,3
