file,class,method,constructor,line,cbo,cboModified,fanin,fanout,wmc,rfc,loc,returnsQty,variablesQty,parametersQty,methodsInvokedQty,methodsInvokedLocalQty,methodsInvokedIndirectLocalQty,loopQty,comparisonsQty,tryCatchQty,parenthesizedExpsQty,stringLiteralsQty,numbersQty,assignmentsQty,mathOperationsQty,maxNestedBlocksQty,anonymousClassesQty,innerClassesQty,lambdasQty,uniqueWordsQty,modifiers,logStatementsQty,hasJavaDoc
D:\Project\Detection\OOADP-Lab-master\OOADP-Lab-master\Decorator\Chess.java,Chess,Chess/1[Sports],true,13,1,0,0,0,1,0,3,0,0,1,0,0,0,0,0,0,0,0,0,1,0,0,0,0,0,3,1,0,false
D:\Project\Detection\OOADP-Lab-master\OOADP-Lab-master\Decorator\Chess.java,Chess,getCurrentStock/0,false,18,1,1,0,1,1,1,3,1,0,0,1,0,0,0,0,0,0,0,1,0,1,0,0,0,0,3,1,0,false
D:\Project\Detection\OOADP-Lab-master\OOADP-Lab-master\Observer\src\tryObserver\Observer.java,tryObserver.Observer,update/1[float],false,4,0,1,1,0,1,0,1,0,0,1,0,0,0,0,0,0,0,0,0,0,0,0,0,0,0,2,1024,0,false
D:\Project\Detection\OOADP-Lab-master\OOADP-Lab-master\Bridge\src\tryBridge\SSCustomer.java,tryBridge.SSCustomer,"SSCustomer/3[java.lang.String,int,tryBridge.Discount]",true,5,1,0,0,0,1,0,4,0,0,3,0,0,0,0,0,0,0,1,0,1,0,0,0,0,0,6,1,0,false
D:\Project\Detection\OOADP-Lab-master\OOADP-Lab-master\Decorator\Trekking.java,Trekking,Trekking/1[Sports],true,13,1,1,1,0,1,0,3,0,0,1,0,0,0,0,0,0,0,0,0,1,0,0,0,0,0,3,1,0,false
D:\Project\Detection\OOADP-Lab-master\OOADP-Lab-master\Decorator\Trekking.java,Trekking,getCurrentStock/0,false,18,1,1,0,1,1,1,3,1,0,0,1,0,0,0,0,0,0,0,1,0,1,0,0,0,0,3,1,0,false
D:\Project\Detection\OOADP-Lab-master\OOADP-Lab-master\AbstractFactory\src\tryAbstractFactory\TableTennisRegular.java,tryAbstractFactory.TableTennisRegular,getSportName/0,false,6,0,0,0,0,1,1,3,0,0,0,1,0,0,0,0,0,0,1,0,0,0,0,0,0,0,4,0,0,false
D:\Project\Detection\OOADP-Lab-master\OOADP-Lab-master\Adapter\src\tryAdapter\GST.java,tryAdapter.GST,"taxAmount/2[int,float]",false,6,0,0,0,0,1,0,3,1,0,2,0,0,0,0,0,0,0,0,1,0,1,0,0,0,0,4,1,0,false
D:\Project\Detection\OOADP-Lab-master\OOADP-Lab-master\Decorator\Badminton.java,Badminton,getCurrentStock/0,false,18,1,1,0,1,1,1,3,1,0,0,1,0,0,0,0,0,0,0,1,0,1,0,0,0,0,3,1,0,false
D:\Project\Detection\OOADP-Lab-master\OOADP-Lab-master\Decorator\Badminton.java,Badminton,Badminton/1[Sports],true,13,1,1,1,0,1,0,3,0,0,1,0,0,0,0,0,0,0,0,0,1,0,0,0,0,0,3,1,0,false
D:\Project\Detection\OOADP-Lab-master\OOADP-Lab-master\Strategy\src\tryStrategy\FTCCustomer.java,tryStrategy.FTCCustomer,"FTCCustomer/2[java.lang.String,java.lang.String]",true,5,1,2,1,1,1,0,5,0,0,2,0,0,0,0,0,0,0,1,0,2,0,0,0,0,0,10,1,0,false
D:\Project\Detection\OOADP-Lab-master\OOADP-Lab-master\Template\src\tryTemplate\OnlineOrder.java,tryTemplate.OnlineOrder,doDelivery/0,false,76,0,0,0,0,1,1,3,0,0,0,1,0,0,0,0,0,0,1,0,0,0,0,0,0,0,9,0,0,false
D:\Project\Detection\OOADP-Lab-master\OOADP-Lab-master\Template\src\tryTemplate\OnlineOrder.java,tryTemplate.OnlineOrder,doPayment/1[tryTemplate.Item],false,32,2,2,0,2,5,6,24,0,2,1,6,2,1,1,2,0,0,7,4,2,3,2,0,0,0,13,0,0,false
D:\Project\Detection\OOADP-Lab-master\OOADP-Lab-master\Template\src\tryTemplate\OnlineOrder.java,tryTemplate.OnlineOrder,card/0,false,64,0,1,1,0,1,1,3,0,0,0,1,0,0,0,0,0,0,1,0,0,0,0,0,0,0,4,2,0,false
D:\Project\Detection\OOADP-Lab-master\OOADP-Lab-master\Template\src\tryTemplate\OnlineOrder.java,tryTemplate.OnlineOrder,OnlineOrder/0,true,8,1,2,1,1,1,0,3,0,0,0,0,0,0,0,0,0,0,0,0,1,0,0,0,0,0,4,1,0,false
D:\Project\Detection\OOADP-Lab-master\OOADP-Lab-master\Template\src\tryTemplate\OnlineOrder.java,tryTemplate.OnlineOrder,paytm/0,false,70,0,1,1,0,1,1,3,0,0,0,1,0,0,0,0,0,0,1,0,0,0,0,0,0,0,4,2,0,false
D:\Project\Detection\OOADP-Lab-master\OOADP-Lab-master\Template\src\tryTemplate\OnlineOrder.java,tryTemplate.OnlineOrder,selectItem/0,false,14,2,2,0,2,3,5,13,2,2,0,5,0,0,1,1,0,0,2,0,2,0,2,0,0,0,12,0,0,false
D:\Project\Detection\OOADP-Lab-master\OOADP-Lab-master\Decorator\OutdoorSportsDecorator.java,OutdoorSportsDecorator,getCurrentStock/0,false,16,0,0,0,0,1,0,1,0,0,0,0,0,0,0,0,0,0,0,0,0,0,0,0,0,0,3,1025,0,true
D:\Project\Detection\OOADP-Lab-master\OOADP-Lab-master\Decorator\OutdoorSportsDecorator.java,OutdoorSportsDecorator,OutdoorSportsDecorator/0,true,12,0,0,0,0,1,0,2,0,0,0,0,0,0,0,0,0,0,0,0,0,0,0,0,0,0,5,1,0,true
D:\Project\Detection\OOADP-Lab-master\OOADP-Lab-master\Strategy\src\tryStrategy\RCDiscount.java,tryStrategy.RCDiscount,calcDiscount/1[float],false,8,0,0,0,0,1,0,3,1,0,1,0,0,0,0,0,0,0,0,1,0,1,0,0,0,0,3,1,0,false
D:\Project\Detection\OOADP-Lab-master\OOADP-Lab-master\Decorator\Cricket.java,Cricket,getCurrentStock/0,false,18,1,1,0,1,1,1,3,1,0,0,1,0,0,0,0,0,0,0,1,0,1,0,0,0,0,3,1,0,false
D:\Project\Detection\OOADP-Lab-master\OOADP-Lab-master\Decorator\Cricket.java,Cricket,Cricket/1[Sports],true,13,1,1,1,0,1,0,3,0,0,1,0,0,0,0,0,0,0,0,0,1,0,0,0,0,0,3,1,0,false
D:\Project\Detection\OOADP-Lab-master\OOADP-Lab-master\Strategy\src\tryStrategy\Customer.java,tryStrategy.Customer,printBill/1[float],false,14,1,2,1,1,1,2,8,0,0,1,2,0,0,0,0,0,1,6,0,0,7,0,0,0,0,9,0,0,false
D:\Project\Detection\OOADP-Lab-master\OOADP-Lab-master\Strategy\src\tryStrategy\Customer.java,tryStrategy.Customer,"Customer/2[java.lang.String,java.lang.String]",true,8,0,0,0,0,1,0,4,0,0,2,0,0,0,0,0,0,0,0,0,2,0,0,0,0,0,3,1,0,false
D:\Project\Detection\OOADP-Lab-master\OOADP-Lab-master\Template\src\tryTemplate\Cycle.java,tryTemplate.Cycle,Cycle/0,true,8,1,3,2,1,1,1,7,0,0,0,1,0,0,0,0,0,0,5,10,0,0,0,0,0,0,2,1,0,false
D:\Project\Detection\OOADP-Lab-master\OOADP-Lab-master\Template\src\tryTemplate\Cycle.java,tryTemplate.Cycle,displayMenu/0,false,19,0,1,1,0,2,1,6,0,0,0,1,0,0,1,0,0,0,4,0,0,1,1,0,0,0,6,1,0,false
D:\Project\Detection\OOADP-Lab-master\OOADP-Lab-master\Decorator\StadiumGames.java,StadiumGames,StadiumGames/0,true,12,0,0,0,0,1,0,2,0,0,0,0,0,0,0,0,0,0,0,0,0,0,0,0,0,0,4,1,0,true
D:\Project\Detection\OOADP-Lab-master\OOADP-Lab-master\Decorator\Kabaddi.java,Kabaddi,getCurrentStock/0,false,18,1,1,0,1,1,1,3,1,0,0,1,0,0,0,0,0,0,0,1,0,1,0,0,0,0,3,1,0,false
D:\Project\Detection\OOADP-Lab-master\OOADP-Lab-master\Decorator\Kabaddi.java,Kabaddi,Kabaddi/1[Sports],true,13,1,0,0,0,1,0,3,0,0,1,0,0,0,0,0,0,0,0,0,1,0,0,0,0,0,3,1,0,false
D:\Project\Detection\OOADP-Lab-master\OOADP-Lab-master\Decorator\Sports.java,Sports,Sports/0,true,12,0,0,0,0,1,0,2,0,0,0,0,0,0,0,0,0,0,0,0,0,0,0,0,0,0,3,1,0,true
D:\Project\Detection\OOADP-Lab-master\OOADP-Lab-master\Decorator\Sports.java,Sports,getCurrentStock/0,false,19,0,17,17,0,1,0,1,0,0,0,0,0,0,0,0,0,0,0,0,0,0,0,0,0,0,3,1025,0,true
D:\Project\Detection\OOADP-Lab-master\OOADP-Lab-master\Decorator\IndoorSports.java,IndoorSports,IndoorSports/0,true,12,0,1,1,0,1,0,2,0,0,0,0,0,0,0,0,0,0,0,0,0,0,0,0,0,0,4,1,0,true
D:\Project\Detection\OOADP-Lab-master\OOADP-Lab-master\Decorator\IndoorSports.java,IndoorSports,getCurrentStock/0,false,19,0,0,0,0,1,0,3,1,0,0,0,0,0,0,0,0,0,0,1,0,0,0,0,0,0,3,1,0,true
D:\Project\Detection\OOADP-Lab-master\OOADP-Lab-master\AbstractFactory\src\tryAbstractFactory\TableTennisDiffAbled.java,tryAbstractFactory.TableTennisDiffAbled,getSportName/0,false,6,0,0,0,0,1,1,3,0,0,0,1,0,0,0,0,0,0,1,0,0,0,0,0,0,0,5,0,0,false
D:\Project\Detection\OOADP-Lab-master\OOADP-Lab-master\Bridge\src\tryBridge\Discount3.java,tryBridge.Discount3,getDiscount/1[float],false,6,0,0,0,0,1,0,3,1,0,1,0,0,0,0,0,0,0,0,1,0,1,0,0,0,0,3,1,0,false
D:\Project\Detection\OOADP-Lab-master\OOADP-Lab-master\Bridge\src\tryBridge\BridgeDemo.java,tryBridge.BridgeDemo,main/1[java.lang.String[]],false,5,7,8,0,8,1,2,18,0,2,1,2,0,0,0,0,0,0,2,10,2,0,0,0,0,0,13,9,0,false
D:\Project\Detection\OOADP-Lab-master\OOADP-Lab-master\Bridge\src\tryBridge\Discount4.java,tryBridge.Discount4,getDiscount/1[float],false,6,0,0,0,0,1,0,3,1,0,1,0,0,0,0,0,0,0,0,1,0,1,0,0,0,0,3,1,0,false
D:\Project\Detection\OOADP-Lab-master\OOADP-Lab-master\AbstractFactory\src\tryAbstractFactory\CricketDiffAbled.java,tryAbstractFactory.CricketDiffAbled,getSportName/0,false,6,0,0,0,0,1,1,3,0,0,0,1,0,0,0,0,0,0,1,0,0,0,0,0,0,0,4,0,0,false
D:\Project\Detection\OOADP-Lab-master\OOADP-Lab-master\Adapter\src\tryAdapter\Item.java,tryAdapter.Item,setQuantity/1[int],false,22,0,0,0,0,1,0,3,0,0,1,0,0,0,0,0,0,0,0,0,1,0,0,0,0,0,3,0,0,false
D:\Project\Detection\OOADP-Lab-master\OOADP-Lab-master\Adapter\src\tryAdapter\Item.java,tryAdapter.Item,"Item/4[java.lang.String,int,float,tryAdapter.CalcTax]",true,10,1,1,1,0,1,0,6,0,0,4,0,0,0,0,0,0,0,0,0,4,0,0,0,0,0,5,1,0,false
D:\Project\Detection\OOADP-Lab-master\OOADP-Lab-master\Adapter\src\tryAdapter\Item.java,tryAdapter.Item,setTax/1[tryAdapter.CalcTax],false,18,1,1,1,0,1,0,3,0,0,1,0,0,0,0,0,0,0,0,0,1,0,0,0,0,0,4,0,0,false
D:\Project\Detection\OOADP-Lab-master\OOADP-Lab-master\Adapter\src\tryAdapter\Item.java,tryAdapter.Item,displayItem/0,false,26,1,2,1,1,1,2,9,0,2,0,2,0,0,0,0,0,1,5,0,2,7,0,0,0,0,8,0,0,false
D:\Project\Detection\OOADP-Lab-master\OOADP-Lab-master\Decorator\GamesOnTable.java,GamesOnTable,GamesOnTable/0,true,12,0,0,0,0,1,0,2,0,0,0,0,0,0,0,0,0,0,0,0,0,0,0,0,0,0,5,1,0,true
D:\Project\Detection\OOADP-Lab-master\OOADP-Lab-master\Bridge\src\tryBridge\Discount1.java,tryBridge.Discount1,getDiscount/1[float],false,6,0,0,0,0,1,0,3,1,0,1,0,0,0,0,0,0,0,0,1,0,1,0,0,0,0,3,1,0,false
D:\Project\Detection\OOADP-Lab-master\OOADP-Lab-master\FactoryMethod\src\tryFactoryMethod\SCCustomer.java,tryFactoryMethod.SCCustomer,getType/0,false,6,0,0,0,0,1,1,3,0,0,0,1,0,0,0,0,0,0,1,0,0,0,0,0,0,0,3,1,0,false
D:\Project\Detection\OOADP-Lab-master\OOADP-Lab-master\Bridge\src\tryBridge\Discount2.java,tryBridge.Discount2,getDiscount/1[float],false,6,0,0,0,0,1,0,3,1,0,1,0,0,0,0,0,0,0,0,1,0,1,0,0,0,0,3,1,0,false
D:\Project\Detection\OOADP-Lab-master\OOADP-Lab-master\AbstractFactory\src\tryAbstractFactory\OutdoorAdventureSports.java,tryAbstractFactory.OutdoorAdventureSports,getSportName/0,false,5,0,1,1,0,1,0,1,0,0,0,0,0,0,0,0,0,0,0,0,0,0,0,0,0,0,3,1024,0,false
D:\Project\Detection\OOADP-Lab-master\OOADP-Lab-master\AbstractFactory\src\tryAbstractFactory\BungeeJumpingDiffAbled.java,tryAbstractFactory.BungeeJumpingDiffAbled,getSportName/0,false,6,0,0,0,0,1,1,3,0,0,0,1,0,0,0,0,0,0,1,0,0,0,0,0,0,0,5,0,0,false
D:\Project\Detection\OOADP-Lab-master\OOADP-Lab-master\Strategy\src\tryStrategy\Discount.java,tryStrategy.Discount,calcDiscount/1[float],false,4,0,1,1,0,1,0,1,0,0,1,0,0,0,0,0,0,0,0,0,0,0,0,0,0,0,3,0,0,false
D:\Project\Detection\OOADP-Lab-master\OOADP-Lab-master\Strategy\src\tryStrategy\SCCustomer.java,tryStrategy.SCCustomer,"SCCustomer/2[java.lang.String,java.lang.String]",true,5,1,2,1,1,1,0,5,0,0,2,0,0,0,0,0,0,0,1,0,2,0,0,0,0,0,5,1,0,false
D:\Project\Detection\OOADP-Lab-master\OOADP-Lab-master\Adapter\src\tryAdapter\MauriTax.java,tryAdapter.MauriTax,"mauriTaxAmount/2[int,float]",false,5,0,1,1,0,1,0,3,1,0,2,0,0,0,0,0,0,0,0,1,0,1,0,0,0,0,5,0,0,false
D:\Project\Detection\OOADP-Lab-master\OOADP-Lab-master\Strategy\src\tryStrategy\StrategyDemo.java,tryStrategy.StrategyDemo,main/1[java.lang.String[]],false,5,4,4,0,4,1,1,8,0,1,1,1,0,0,0,0,0,0,6,3,3,0,0,0,0,0,9,9,0,false
D:\Project\Detection\OOADP-Lab-master\OOADP-Lab-master\Decorator\Baseball.java,Baseball,getCurrentStock/0,false,18,1,1,0,1,1,1,3,1,0,0,1,0,0,0,0,0,0,0,1,0,1,0,0,0,0,3,1,0,false
D:\Project\Detection\OOADP-Lab-master\OOADP-Lab-master\Decorator\Baseball.java,Baseball,Baseball/1[Sports],true,13,1,0,0,0,1,0,3,0,0,1,0,0,0,0,0,0,0,0,0,1,0,0,0,0,0,3,1,0,false
D:\Project\Detection\OOADP-Lab-master\OOADP-Lab-master\Decorator\BoardGames.java,BoardGames,BoardGames/0,true,12,0,0,0,0,1,0,2,0,0,0,0,0,0,0,0,0,0,0,0,0,0,0,0,0,0,4,1,0,true
D:\Project\Detection\OOADP-Lab-master\OOADP-Lab-master\Strategy\src\tryStrategy\FTCDiscount.java,tryStrategy.FTCDiscount,calcDiscount/1[float],false,6,0,0,0,0,1,0,3,1,0,1,0,0,0,0,0,0,0,0,1,0,1,0,0,0,0,3,1,0,false
D:\Project\Detection\OOADP-Lab-master\OOADP-Lab-master\AbstractFactory\src\tryAbstractFactory\BungeeJumpingRegular.java,tryAbstractFactory.BungeeJumpingRegular,getSportName/0,false,6,0,0,0,0,1,1,3,0,0,0,1,0,0,0,0,0,0,1,0,0,0,0,0,0,0,4,0,0,false
D:\Project\Detection\OOADP-Lab-master\OOADP-Lab-master\FactoryMethod\src\tryFactoryMethod\RegCustomer.java,tryFactoryMethod.RegCustomer,getType/0,false,6,0,0,0,0,1,1,3,0,0,0,1,0,0,0,0,0,0,1,0,0,0,0,0,0,0,2,1,0,false
D:\Project\Detection\OOADP-Lab-master\OOADP-Lab-master\Template\src\tryTemplate\Menu.java,tryTemplate.Menu,displayMenu/0,false,5,0,0,0,0,1,0,1,0,0,0,0,0,0,0,0,0,0,0,0,0,0,0,0,0,0,2,0,0,false
D:\Project\Detection\OOADP-Lab-master\OOADP-Lab-master\AbstractFactory\src\tryAbstractFactory\CricketRegular.java,tryAbstractFactory.CricketRegular,getSportName/0,false,6,0,0,0,0,1,1,3,0,0,0,1,0,0,0,0,0,0,1,0,0,0,0,0,0,0,3,0,0,false
D:\Project\Detection\OOADP-Lab-master\OOADP-Lab-master\Decorator\AdventureGames.java,AdventureGames,AdventureGames/0,true,12,0,0,0,0,1,0,2,0,0,0,0,0,0,0,0,0,0,0,0,0,0,0,0,0,0,4,1,0,true
D:\Project\Detection\OOADP-Lab-master\OOADP-Lab-master\Decorator\IndoorSportsDecorator.java,IndoorSportsDecorator,getCurrentStock/0,false,17,0,0,0,0,1,0,1,0,0,0,0,0,0,0,0,0,0,0,0,0,0,0,0,0,0,3,1025,0,true
D:\Project\Detection\OOADP-Lab-master\OOADP-Lab-master\Decorator\IndoorSportsDecorator.java,IndoorSportsDecorator,IndoorSportsDecorator/0,true,13,0,0,0,0,1,0,2,0,0,0,0,0,0,0,0,0,0,0,0,0,0,0,0,0,0,5,1,0,true
D:\Project\Detection\OOADP-Lab-master\OOADP-Lab-master\Decorator\OutdoorSports.java,OutdoorSports,OutdoorSports/0,true,12,0,1,1,0,1,0,2,0,0,0,0,0,0,0,0,0,0,0,0,0,0,0,0,0,0,4,1,0,true
D:\Project\Detection\OOADP-Lab-master\OOADP-Lab-master\Decorator\OutdoorSports.java,OutdoorSports,getCurrentStock/0,false,19,0,0,0,0,1,0,3,1,0,0,0,0,0,0,0,0,0,0,1,0,0,0,0,0,0,3,1,0,true
D:\Project\Detection\OOADP-Lab-master\OOADP-Lab-master\Decorator\BungeeJumping.java,BungeeJumping,getCurrentStock/0,false,18,1,1,0,1,1,1,3,1,0,0,1,0,0,0,0,0,0,0,1,0,1,0,0,0,0,3,1,0,false
D:\Project\Detection\OOADP-Lab-master\OOADP-Lab-master\Decorator\BungeeJumping.java,BungeeJumping,BungeeJumping/1[Sports],true,13,1,0,0,0,1,0,3,0,0,1,0,0,0,0,0,0,0,0,0,1,0,0,0,0,0,4,1,0,false
D:\Project\Detection\OOADP-Lab-master\OOADP-Lab-master\Singleton\src\singleton\SingletonDemo.java,singleton.SingletonDemo,main/1[java.lang.String[]],false,5,1,3,0,3,1,3,8,0,3,1,3,0,0,0,0,0,0,2,0,3,0,0,0,0,0,7,9,0,false
D:\Project\Detection\OOADP-Lab-master\OOADP-Lab-master\Adapter\src\tryAdapter\AdapterDemo.java,tryAdapter.AdapterDemo,main/1[java.lang.String[]],false,5,4,5,0,5,1,2,7,0,2,1,2,0,0,0,0,0,0,1,2,2,0,0,0,0,0,12,9,0,false
D:\Project\Detection\OOADP-Lab-master\OOADP-Lab-master\AbstractFactory\src\tryAbstractFactory\TrekkingDiffAbled.java,tryAbstractFactory.TrekkingDiffAbled,getSportName/0,false,6,0,0,0,0,1,1,3,0,0,0,1,0,0,0,0,0,0,1,0,0,0,0,0,0,0,4,0,0,false
D:\Project\Detection\OOADP-Lab-master\OOADP-Lab-master\Decorator\Billiards.java,Billiards,getCurrentStock/0,false,18,1,1,0,1,1,1,3,1,0,0,1,0,0,0,0,0,0,0,1,0,1,0,0,0,0,3,1,0,false
D:\Project\Detection\OOADP-Lab-master\OOADP-Lab-master\Decorator\Billiards.java,Billiards,Billiards/1[Sports],true,13,1,1,1,0,1,0,3,0,0,1,0,0,0,0,0,0,0,0,0,1,0,0,0,0,0,3,1,0,false
D:\Project\Detection\OOADP-Lab-master\OOADP-Lab-master\Facade\src\tryFacade\ItemPurchased.java,tryFacade.ItemPurchased,storePurchase/0,false,18,0,1,1,0,2,4,12,0,4,0,4,0,0,1,0,0,0,5,1,5,2,1,0,0,0,13,2,0,false
D:\Project\Detection\OOADP-Lab-master\OOADP-Lab-master\Facade\src\tryFacade\ItemPurchased.java,tryFacade.ItemPurchased,showItems/0,false,37,0,1,1,0,2,4,7,0,1,0,4,0,0,1,0,0,0,2,0,1,1,1,0,0,0,4,0,0,false
D:\Project\Detection\OOADP-Lab-master\OOADP-Lab-master\Facade\src\tryFacade\ItemPurchased.java,tryFacade.ItemPurchased,ItemPurchased/0,true,12,1,2,1,1,1,1,4,0,0,0,1,1,1,0,0,0,0,0,0,1,0,0,0,0,0,5,1,0,false
D:\Project\Detection\OOADP-Lab-master\OOADP-Lab-master\Facade\src\tryFacade\ItemPurchased.java,tryFacade.ItemPurchased,getTypeCount/0,false,33,0,1,1,0,1,0,3,1,0,0,0,0,0,0,0,0,0,0,0,0,0,0,0,0,0,4,0,0,false
D:\Project\Detection\OOADP-Lab-master\OOADP-Lab-master\Adapter\src\tryAdapter\CalcTax.java,tryAdapter.CalcTax,"taxAmount/2[int,float]",false,5,0,1,1,0,1,0,1,0,0,2,0,0,0,0,0,0,0,0,0,0,0,0,0,0,0,3,0,0,false
D:\Project\Detection\OOADP-Lab-master\OOADP-Lab-master\FactoryMethod\src\tryFactoryMethod\Customer.java,tryFactoryMethod.Customer,getType/0,false,5,0,1,1,0,1,0,1,0,0,0,0,0,0,0,0,0,0,0,0,0,0,0,0,0,0,2,0,0,false
D:\Project\Detection\OOADP-Lab-master\OOADP-Lab-master\AbstractFactory\src\tryAbstractFactory\RegularSportsFactory.java,tryAbstractFactory.RegularSportsFactory,getIndoorRegularGames/0,false,25,2,1,0,1,1,0,3,1,0,0,0,0,0,0,0,0,0,0,0,0,0,0,0,0,0,6,1,0,false
D:\Project\Detection\OOADP-Lab-master\OOADP-Lab-master\AbstractFactory\src\tryAbstractFactory\RegularSportsFactory.java,tryAbstractFactory.RegularSportsFactory,getOutdoorRegularGames/0,false,19,2,1,0,1,1,0,3,1,0,0,0,0,0,0,0,0,0,0,0,0,0,0,0,0,0,5,1,0,false
D:\Project\Detection\OOADP-Lab-master\OOADP-Lab-master\AbstractFactory\src\tryAbstractFactory\RegularSportsFactory.java,tryAbstractFactory.RegularSportsFactory,getOutdoorAdventureSports/1[java.lang.String],false,6,4,3,0,3,4,1,6,4,0,1,1,0,0,0,0,0,0,3,0,0,0,3,0,0,0,11,1,0,false
D:\Project\Detection\OOADP-Lab-master\OOADP-Lab-master\FactoryMethod\src\tryFactoryMethod\CustomerFactory.java,tryFactoryMethod.CustomerFactory,getCustomer/1[java.lang.String],false,5,4,4,1,3,4,1,6,4,0,1,1,0,0,0,0,0,0,3,0,0,0,3,0,0,0,9,0,0,false
D:\Project\Detection\OOADP-Lab-master\OOADP-Lab-master\Decorator\CourtGames.java,CourtGames,CourtGames/0,true,12,0,0,0,0,1,0,2,0,0,0,0,0,0,0,0,0,0,0,0,0,0,0,0,0,0,4,1,0,true
D:\Project\Detection\OOADP-Lab-master\OOADP-Lab-master\Template\src\tryTemplate\OrderProcessing.java,tryTemplate.OrderProcessing,purchaseItem/0,false,9,2,4,1,3,2,3,7,0,1,0,3,3,1,0,1,0,0,0,0,1,0,1,0,0,0,8,0,0,false
D:\Project\Detection\OOADP-Lab-master\OOADP-Lab-master\Template\src\tryTemplate\OrderProcessing.java,tryTemplate.OrderProcessing,selectItem/0,false,5,1,1,1,0,1,0,1,0,0,0,0,0,0,0,0,0,0,0,0,0,0,0,0,0,0,2,1024,0,false
D:\Project\Detection\OOADP-Lab-master\OOADP-Lab-master\Template\src\tryTemplate\OrderProcessing.java,tryTemplate.OrderProcessing,doDelivery/0,false,7,0,1,1,0,1,0,1,0,0,0,0,0,0,0,0,0,0,0,0,0,0,0,0,0,0,2,1024,0,false
D:\Project\Detection\OOADP-Lab-master\OOADP-Lab-master\Template\src\tryTemplate\OrderProcessing.java,tryTemplate.OrderProcessing,doPayment/1[tryTemplate.Item],false,6,1,1,1,0,1,0,1,0,0,1,0,0,0,0,0,0,0,0,0,0,0,0,0,0,0,4,1024,0,false
D:\Project\Detection\OOADP-Lab-master\OOADP-Lab-master\Decorator\Basketball.java,Basketball,getCurrentStock/0,false,18,1,1,0,1,1,1,3,1,0,0,1,0,0,0,0,0,0,0,1,0,1,0,0,0,0,3,1,0,false
D:\Project\Detection\OOADP-Lab-master\OOADP-Lab-master\Decorator\Basketball.java,Basketball,Basketball/1[Sports],true,13,1,0,0,0,1,0,3,0,0,1,0,0,0,0,0,0,0,0,0,1,0,0,0,0,0,3,1,0,false
D:\Project\Detection\OOADP-Lab-master\OOADP-Lab-master\Facade\src\tryFacade\Sports2000Facade.java,tryFacade.Sports2000Facade,displayItems/0,false,14,1,2,1,1,1,1,3,0,0,0,1,0,0,0,0,0,0,0,0,0,0,0,0,0,0,2,0,0,false
D:\Project\Detection\OOADP-Lab-master\OOADP-Lab-master\Facade\src\tryFacade\Sports2000Facade.java,tryFacade.Sports2000Facade,"Sports2000Facade/2[boolean,float]",true,7,2,4,1,3,1,1,4,0,0,2,1,0,0,0,0,0,0,0,0,2,0,0,0,0,0,10,1,0,false
D:\Project\Detection\OOADP-Lab-master\OOADP-Lab-master\Facade\src\tryFacade\Sports2000Facade.java,tryFacade.Sports2000Facade,dispAmount/0,false,18,1,2,1,1,1,1,3,0,0,0,1,0,0,0,0,0,0,0,0,0,0,0,0,0,0,2,0,0,false
D:\Project\Detection\OOADP-Lab-master\OOADP-Lab-master\Decorator\Athletics.java,Athletics,Athletics/0,true,12,0,0,0,0,1,0,2,0,0,0,0,0,0,0,0,0,0,0,0,0,0,0,0,0,0,3,1,0,true
D:\Project\Detection\OOADP-Lab-master\OOADP-Lab-master\Observer\src\tryObserver\Subject.java,tryObserver.Subject,register/1[tryObserver.Observer],false,5,1,1,1,0,1,0,1,0,0,1,0,0,0,0,0,0,0,0,0,0,0,0,0,0,0,3,1024,0,false
D:\Project\Detection\OOADP-Lab-master\OOADP-Lab-master\Observer\src\tryObserver\Subject.java,tryObserver.Subject,notifyObservers/0,false,7,0,0,0,0,1,0,1,0,0,0,0,0,0,0,0,0,0,0,0,0,0,0,0,0,0,2,1024,0,false
D:\Project\Detection\OOADP-Lab-master\OOADP-Lab-master\Observer\src\tryObserver\Subject.java,tryObserver.Subject,unregister/1[tryObserver.Observer],false,6,1,0,0,0,1,0,1,0,0,1,0,0,0,0,0,0,0,0,0,0,0,0,0,0,0,3,1024,0,false
D:\Project\Detection\OOADP-Lab-master\OOADP-Lab-master\Strategy\src\tryStrategy\SCDiscount.java,tryStrategy.SCDiscount,calcDiscount/1[float],false,6,0,0,0,0,1,0,3,1,0,1,0,0,0,0,0,0,0,0,1,0,1,0,0,0,0,3,1,0,false
D:\Project\Detection\OOADP-Lab-master\OOADP-Lab-master\AbstractFactory\src\tryAbstractFactory\OutdoorRegularGames.java,tryAbstractFactory.OutdoorRegularGames,getSportName/0,false,5,0,1,1,0,1,0,1,0,0,0,0,0,0,0,0,0,0,0,0,0,0,0,0,0,0,3,1024,0,false
D:\Project\Detection\OOADP-Lab-master\OOADP-Lab-master\AbstractFactory\src\tryAbstractFactory\ParaglidingRegular.java,tryAbstractFactory.ParaglidingRegular,getSportName/0,false,6,0,0,0,0,1,1,3,0,0,0,1,0,0,0,0,0,0,1,0,0,0,0,0,0,0,3,0,0,false
D:\Project\Detection\OOADP-Lab-master\OOADP-Lab-master\AbstractFactory\src\tryAbstractFactory\MainClass.java,tryAbstractFactory.MainClass,main/1[java.lang.String[]],false,5,6,8,0,8,1,6,16,0,8,1,6,0,0,0,0,0,0,2,0,8,0,0,0,0,0,20,9,0,false
D:\Project\Detection\OOADP-Lab-master\OOADP-Lab-master\Decorator\TableTennis.java,TableTennis,TableTennis/1[Sports],true,13,1,0,0,0,1,0,3,0,0,1,0,0,0,0,0,0,0,0,0,1,0,0,0,0,0,4,1,0,false
D:\Project\Detection\OOADP-Lab-master\OOADP-Lab-master\Decorator\TableTennis.java,TableTennis,getCurrentStock/0,false,18,1,1,0,1,1,1,3,1,0,0,1,0,0,0,0,0,0,0,1,0,1,0,0,0,0,3,1,0,false
D:\Project\Detection\OOADP-Lab-master\OOADP-Lab-master\Template\src\tryTemplate\OfflineOrder.java,tryTemplate.OfflineOrder,doPayment/1[tryTemplate.Item],false,42,2,2,0,2,5,6,24,0,2,1,6,2,1,1,2,0,0,7,4,2,3,2,0,0,0,13,0,0,false
D:\Project\Detection\OOADP-Lab-master\OOADP-Lab-master\Template\src\tryTemplate\OfflineOrder.java,tryTemplate.OfflineOrder,doDelivery/0,false,86,0,0,0,0,1,1,3,0,0,0,1,0,0,0,0,0,0,1,0,0,0,0,0,0,0,9,0,0,false
D:\Project\Detection\OOADP-Lab-master\OOADP-Lab-master\Template\src\tryTemplate\OfflineOrder.java,tryTemplate.OfflineOrder,card/0,false,74,0,1,1,0,1,1,3,0,0,0,1,0,0,0,0,0,0,1,0,0,0,0,0,0,0,4,2,0,false
D:\Project\Detection\OOADP-Lab-master\OOADP-Lab-master\Template\src\tryTemplate\OfflineOrder.java,tryTemplate.OfflineOrder,OfflineOrder/0,true,8,1,2,1,1,1,0,3,0,0,0,0,0,0,0,0,0,0,0,0,1,0,0,0,0,0,4,1,0,false
D:\Project\Detection\OOADP-Lab-master\OOADP-Lab-master\Template\src\tryTemplate\OfflineOrder.java,tryTemplate.OfflineOrder,selectItem/0,false,14,1,0,0,0,3,3,13,2,2,0,3,0,0,1,0,0,0,6,0,2,1,2,0,0,0,15,0,0,false
D:\Project\Detection\OOADP-Lab-master\OOADP-Lab-master\Template\src\tryTemplate\OfflineOrder.java,tryTemplate.OfflineOrder,cash/0,false,80,0,1,1,0,1,1,3,0,0,0,1,0,0,0,0,0,0,1,0,0,0,0,0,0,0,4,2,0,false
D:\Project\Detection\OOADP-Lab-master\OOADP-Lab-master\Adapter\src\tryAdapter\MauriTaxAdapter.java,tryAdapter.MauriTaxAdapter,"taxAmount/2[int,float]",false,7,1,1,0,1,1,1,3,1,0,2,1,0,0,0,0,0,0,0,0,0,0,0,0,0,0,3,1,0,false
D:\Project\Detection\OOADP-Lab-master\OOADP-Lab-master\Decorator\Paragliding.java,Paragliding,Paragliding/1[Sports],true,13,1,0,0,0,1,0,3,0,0,1,0,0,0,0,0,0,0,0,0,1,0,0,0,0,0,3,1,0,false
D:\Project\Detection\OOADP-Lab-master\OOADP-Lab-master\Decorator\Paragliding.java,Paragliding,getCurrentStock/0,false,18,1,1,0,1,1,1,3,1,0,0,1,0,0,0,0,0,0,0,1,0,1,0,0,0,0,3,1,0,false
D:\Project\Detection\OOADP-Lab-master\OOADP-Lab-master\Decorator\LongJump.java,LongJump,getCurrentStock/0,false,18,1,1,0,1,1,1,3,1,0,0,1,0,0,0,0,0,0,0,1,0,1,0,0,0,0,3,1,0,false
D:\Project\Detection\OOADP-Lab-master\OOADP-Lab-master\Decorator\LongJump.java,LongJump,LongJump/1[Sports],true,13,1,1,1,0,1,0,3,0,0,1,0,0,0,0,0,0,0,0,0,1,0,0,0,0,0,4,1,0,false
D:\Project\Detection\OOADP-Lab-master\OOADP-Lab-master\Strategy\src\tryStrategy\RCCustomer.java,tryStrategy.RCCustomer,"RCCustomer/2[java.lang.String,java.lang.String]",true,5,1,2,1,1,1,0,5,0,0,2,0,0,0,0,0,0,0,1,0,2,0,0,0,0,0,9,1,0,false
D:\Project\Detection\OOADP-Lab-master\OOADP-Lab-master\AbstractFactory\src\tryAbstractFactory\DiffAbledSportsFactory.java,tryAbstractFactory.DiffAbledSportsFactory,getIndoorRegularGames/0,false,25,2,1,0,1,1,0,3,1,0,0,0,0,0,0,0,0,0,0,0,0,0,0,0,0,0,8,1,0,false
D:\Project\Detection\OOADP-Lab-master\OOADP-Lab-master\AbstractFactory\src\tryAbstractFactory\DiffAbledSportsFactory.java,tryAbstractFactory.DiffAbledSportsFactory,getOutdoorRegularGames/0,false,19,2,1,0,1,1,0,3,1,0,0,0,0,0,0,0,0,0,0,0,0,0,0,0,0,0,7,1,0,false
D:\Project\Detection\OOADP-Lab-master\OOADP-Lab-master\AbstractFactory\src\tryAbstractFactory\DiffAbledSportsFactory.java,tryAbstractFactory.DiffAbledSportsFactory,getOutdoorAdventureSports/1[java.lang.String],false,6,4,3,0,3,4,1,6,4,0,1,1,0,0,0,0,0,0,3,0,0,0,3,0,0,0,12,1,0,false
D:\Project\Detection\OOADP-Lab-master\OOADP-Lab-master\Facade\src\tryFacade\FacadeDemo.java,tryFacade.FacadeDemo,main/1[java.lang.String[]],false,5,1,3,0,3,1,2,5,0,1,1,2,0,0,0,0,0,0,0,1,1,0,0,0,0,0,5,9,0,false
D:\Project\Detection\OOADP-Lab-master\OOADP-Lab-master\Facade\src\tryFacade\Sport2000ProcessSales.java,tryFacade.Sport2000ProcessSales,"Sport2000ProcessSales/3[boolean,float,int]",true,11,0,1,1,0,1,0,5,0,0,3,0,0,0,0,0,0,0,0,0,3,0,0,0,0,0,10,1,0,false
D:\Project\Detection\OOADP-Lab-master\OOADP-Lab-master\Facade\src\tryFacade\Sport2000ProcessSales.java,tryFacade.Sport2000ProcessSales,processSales/0,false,18,0,1,1,0,6,4,23,0,2,0,4,0,0,0,0,0,1,7,2,2,3,2,0,0,0,30,0,0,false
D:\Project\Detection\OOADP-Lab-master\OOADP-Lab-master\Observer\src\tryObserver\MainClass.java,tryObserver.MainClass,main/1[java.lang.String[]],false,5,2,4,0,4,1,2,10,0,4,1,2,0,0,0,0,0,0,7,4,4,0,0,0,0,0,8,9,0,false
D:\Project\Detection\OOADP-Lab-master\OOADP-Lab-master\AbstractFactory\src\tryAbstractFactory\IndoorRegularGames.java,tryAbstractFactory.IndoorRegularGames,getSportName/0,false,4,0,1,1,0,1,0,1,0,0,0,0,0,0,0,0,0,0,0,0,0,0,0,0,0,0,3,1024,0,false
D:\Project\Detection\OOADP-Lab-master\OOADP-Lab-master\AbstractFactory\src\tryAbstractFactory\ParaglidingDiffAbled.java,tryAbstractFactory.ParaglidingDiffAbled,getSportName/0,false,6,0,0,0,0,1,1,3,0,0,0,1,0,0,0,0,0,0,1,0,0,0,0,0,0,0,4,0,0,false
D:\Project\Detection\OOADP-Lab-master\OOADP-Lab-master\Bridge\src\tryBridge\RCCustomer.java,tryBridge.RCCustomer,"RCCustomer/3[java.lang.String,int,tryBridge.Discount]",true,5,1,1,1,0,1,0,4,0,0,3,0,0,0,0,0,0,0,1,0,1,0,0,0,0,0,7,1,0,false
D:\Project\Detection\OOADP-Lab-master\OOADP-Lab-master\Observer\src\tryObserver\Store.java,tryObserver.Store,notifyObservers/0,false,38,1,2,1,1,2,1,3,0,0,0,1,0,0,1,0,0,0,0,0,0,0,1,0,0,0,6,0,0,false
D:\Project\Detection\OOADP-Lab-master\OOADP-Lab-master\Observer\src\tryObserver\Store.java,tryObserver.Store,unregister/1[tryObserver.Observer],false,24,1,1,1,0,2,3,9,0,0,1,3,0,0,0,0,1,0,4,0,0,2,1,0,0,0,14,0,0,false
D:\Project\Detection\OOADP-Lab-master\OOADP-Lab-master\Observer\src\tryObserver\Store.java,tryObserver.Store,"setDiscount/2[java.lang.String,float]",false,45,1,2,1,1,1,2,5,0,0,2,2,1,1,0,0,0,0,1,0,1,1,0,0,0,0,11,0,0,false
D:\Project\Detection\OOADP-Lab-master\OOADP-Lab-master\Observer\src\tryObserver\Store.java,tryObserver.Store,"Store/2[java.lang.String,float]",true,10,1,1,1,0,1,0,5,0,0,2,0,0,0,0,0,0,0,0,0,3,0,0,0,0,0,4,1,0,false
D:\Project\Detection\OOADP-Lab-master\OOADP-Lab-master\Observer\src\tryObserver\Store.java,tryObserver.Store,register/1[tryObserver.Observer],false,17,1,0,0,0,1,2,4,0,0,1,2,0,0,0,0,0,0,2,0,0,1,0,0,0,0,7,0,0,false
D:\Project\Detection\OOADP-Lab-master\OOADP-Lab-master\Bridge\src\tryBridge\Customer.java,tryBridge.Customer,setDiscount/1[tryBridge.Discount],false,17,1,1,1,0,1,0,3,0,0,1,0,0,0,0,0,0,0,0,0,1,0,0,0,0,0,3,0,0,false
D:\Project\Detection\OOADP-Lab-master\OOADP-Lab-master\Bridge\src\tryBridge\Customer.java,tryBridge.Customer,showBill/1[float],false,21,1,2,1,1,1,2,8,0,0,1,2,0,0,0,0,0,1,6,0,0,7,0,0,0,0,9,0,0,false
D:\Project\Detection\OOADP-Lab-master\OOADP-Lab-master\Bridge\src\tryBridge\Customer.java,tryBridge.Customer,"Customer/3[java.lang.String,int,tryBridge.Discount]",true,10,1,0,0,0,1,0,5,0,0,3,0,0,0,0,0,0,0,0,0,3,0,0,0,0,0,4,1,0,false
D:\Project\Detection\OOADP-Lab-master\OOADP-Lab-master\AbstractFactory\src\tryAbstractFactory\SportsCategoryFactory.java,tryAbstractFactory.SportsCategoryFactory,getIndoorRegularGames/0,false,6,1,1,1,0,1,0,1,0,0,0,0,0,0,0,0,0,0,0,0,0,0,0,0,0,0,4,0,0,false
D:\Project\Detection\OOADP-Lab-master\OOADP-Lab-master\AbstractFactory\src\tryAbstractFactory\SportsCategoryFactory.java,tryAbstractFactory.SportsCategoryFactory,getOutdoorAdventureSports/1[java.lang.String],false,4,1,1,1,0,1,0,1,0,0,1,0,0,0,0,0,0,0,0,0,0,0,0,0,0,0,5,0,0,false
D:\Project\Detection\OOADP-Lab-master\OOADP-Lab-master\AbstractFactory\src\tryAbstractFactory\SportsCategoryFactory.java,tryAbstractFactory.SportsCategoryFactory,getOutdoorRegularGames/0,false,5,1,1,1,0,1,0,1,0,0,0,0,0,0,0,0,0,0,0,0,0,0,0,0,0,0,4,0,0,false
D:\Project\Detection\OOADP-Lab-master\OOADP-Lab-master\Template\src\tryTemplate\Item.java,tryTemplate.Item,getID/0,false,15,0,1,1,0,1,0,3,1,0,0,0,0,0,0,0,0,0,0,0,0,0,0,0,0,0,4,0,0,false
D:\Project\Detection\OOADP-Lab-master\OOADP-Lab-master\Template\src\tryTemplate\Item.java,tryTemplate.Item,"Item/3[int,java.lang.String,float]",true,8,0,1,1,0,1,0,5,0,0,3,0,0,0,0,0,0,0,0,0,3,0,0,0,0,0,7,1,0,false
D:\Project\Detection\OOADP-Lab-master\OOADP-Lab-master\Decorator\Football.java,Football,getCurrentStock/0,false,18,1,1,0,1,1,1,3,1,0,0,1,0,0,0,0,0,0,0,1,0,1,0,0,0,0,3,1,0,false
D:\Project\Detection\OOADP-Lab-master\OOADP-Lab-master\Decorator\Football.java,Football,Football/1[Sports],true,13,1,0,0,0,1,0,3,0,0,1,0,0,0,0,0,0,0,0,0,1,0,0,0,0,0,3,1,0,false
D:\Project\Detection\OOADP-Lab-master\OOADP-Lab-master\Template\src\tryTemplate\TemplateDemo.java,tryTemplate.TemplateDemo,main/1[java.lang.String[]],false,5,3,3,0,3,1,1,5,0,2,1,1,0,0,0,0,0,0,0,0,2,0,0,0,0,0,7,9,0,false
D:\Project\Detection\OOADP-Lab-master\OOADP-Lab-master\Decorator\MainClass.java,MainClass,main/1[java.lang.String[]],false,4,9,9,0,9,1,2,18,0,2,1,2,0,0,0,0,0,0,8,0,8,8,0,0,0,0,14,9,0,false
D:\Project\Detection\OOADP-Lab-master\OOADP-Lab-master\Decorator\HighJump.java,HighJump,HighJump/1[Sports],true,13,1,0,0,0,1,0,3,0,0,1,0,0,0,0,0,0,0,0,0,1,0,0,0,0,0,4,1,0,false
D:\Project\Detection\OOADP-Lab-master\OOADP-Lab-master\Decorator\HighJump.java,HighJump,getCurrentStock/0,false,18,1,1,0,1,1,1,3,1,0,0,1,0,0,0,0,0,0,0,1,0,1,0,0,0,0,3,1,0,false
D:\Project\Detection\OOADP-Lab-master\OOADP-Lab-master\Observer\src\tryObserver\Customer.java,tryObserver.Customer,toString/0,false,23,0,0,0,0,1,0,3,1,0,0,0,0,0,0,0,0,0,0,0,0,0,0,0,0,0,3,1,0,false
D:\Project\Detection\OOADP-Lab-master\OOADP-Lab-master\Observer\src\tryObserver\Customer.java,tryObserver.Customer,update/1[float],false,17,0,0,0,0,1,1,4,0,0,1,1,0,0,0,0,0,0,2,0,1,1,0,0,0,0,6,0,0,false
D:\Project\Detection\OOADP-Lab-master\OOADP-Lab-master\Observer\src\tryObserver\Customer.java,tryObserver.Customer,"Customer/2[tryObserver.Subject,java.lang.String]",true,8,1,2,1,1,1,1,5,0,0,2,1,0,0,0,0,0,0,0,0,2,0,0,0,0,0,5,1,0,false
D:\Project\Detection\OOADP-Lab-master\OOADP-Lab-master\Decorator\Snooker.java,Snooker,Snooker/1[Sports],true,13,1,0,0,0,1,0,3,0,0,1,0,0,0,0,0,0,0,0,0,1,0,0,0,0,0,3,1,0,false
D:\Project\Detection\OOADP-Lab-master\OOADP-Lab-master\Decorator\Snooker.java,Snooker,getCurrentStock/0,false,18,1,1,0,1,1,1,3,1,0,0,1,0,0,0,0,0,0,0,1,0,1,0,0,0,0,3,1,0,false
D:\Project\Detection\OOADP-Lab-master\OOADP-Lab-master\Singleton\src\singleton\TabWindow.java,singleton.TabWindow,addUrl/1[java.lang.String],false,21,0,1,1,0,1,1,3,0,0,1,1,0,0,0,0,0,0,0,0,0,0,0,0,0,0,3,1,0,false
D:\Project\Detection\OOADP-Lab-master\OOADP-Lab-master\Singleton\src\singleton\TabWindow.java,singleton.TabWindow,showUrls/0,false,25,0,1,1,0,2,1,5,0,0,0,1,0,0,1,0,0,0,0,0,0,0,1,0,0,0,4,1,0,false
D:\Project\Detection\OOADP-Lab-master\OOADP-Lab-master\Singleton\src\singleton\TabWindow.java,singleton.TabWindow,TabWindow/0,true,9,0,1,1,0,1,0,3,0,0,0,0,0,0,0,0,0,0,0,0,1,0,0,0,0,0,3,2,0,false
D:\Project\Detection\OOADP-Lab-master\OOADP-Lab-master\Singleton\src\singleton\TabWindow.java,singleton.TabWindow,getInstance/0,false,15,1,2,1,1,2,0,4,1,0,0,0,0,0,0,1,0,0,0,0,1,0,1,0,0,0,6,9,0,false
D:\Project\Detection\OOADP-Lab-master\OOADP-Lab-master\FactoryMethod\src\tryFactoryMethod\MainClass.java,tryFactoryMethod.MainClass,main/1[java.lang.String[]],false,5,2,3,0,3,1,2,9,0,4,1,2,0,0,0,0,0,0,3,0,4,0,0,0,0,0,8,9,0,false
D:\Project\Detection\OOADP-Lab-master\OOADP-Lab-master\Bridge\src\tryBridge\FTCCustomer.java,tryBridge.FTCCustomer,"FTCCustomer/3[java.lang.String,int,tryBridge.Discount]",true,5,1,1,1,0,1,0,4,0,0,3,0,0,0,0,0,0,0,1,0,1,0,0,0,0,0,9,1,0,false
D:\Project\Detection\OOADP-Lab-master\OOADP-Lab-master\FactoryMethod\src\tryFactoryMethod\FTCustomer.java,tryFactoryMethod.FTCustomer,getType/0,false,6,0,0,0,0,1,1,3,0,0,0,1,0,0,0,0,0,0,1,0,0,0,0,0,0,0,3,1,0,false
D:\Project\Detection\OOADP-Lab-master\OOADP-Lab-master\AbstractFactory\src\tryAbstractFactory\TrekkingRegular.java,tryAbstractFactory.TrekkingRegular,getSportName/0,false,6,0,0,0,0,1,1,3,0,0,0,1,0,0,0,0,0,0,1,0,0,0,0,0,0,0,3,0,0,false
D:\Project\Detection\OOADP-Lab-master\OOADP-Lab-master\Decorator\Carrom.java,Carrom,getCurrentStock/0,false,18,1,1,0,1,1,1,3,1,0,0,1,0,0,0,0,0,0,0,1,0,1,0,0,0,0,3,1,0,false
D:\Project\Detection\OOADP-Lab-master\OOADP-Lab-master\Decorator\Carrom.java,Carrom,Carrom/1[Sports],true,13,1,1,1,0,1,0,3,0,0,1,0,0,0,0,0,0,0,0,0,1,0,0,0,0,0,3,1,0,false
D:\Project\Detection\OOADP-Lab-master\OOADP-Lab-master\Bridge\src\tryBridge\Discount.java,tryBridge.Discount,getDiscount/1[float],false,4,0,1,1,0,1,0,1,0,0,1,0,0,0,0,0,0,0,0,0,0,0,0,0,0,0,3,0,0,false
