file,class,method,variable,usage
D:\Project\Detection\OOADP-Lab-master\OOADP-Lab-master\Decorator\Chess.java,Chess,Chess/1[Sports],sports,2
D:\Project\Detection\OOADP-Lab-master\OOADP-Lab-master\Observer\src\tryObserver\Observer.java,tryObserver.Observer,update/1[float],discount,0
D:\Project\Detection\OOADP-Lab-master\OOADP-Lab-master\Bridge\src\tryBridge\SSCustomer.java,tryBridge.SSCustomer,"SSCustomer/3[java.lang.String,int,tryBridge.Discount]",d,1
D:\Project\Detection\OOADP-Lab-master\OOADP-Lab-master\Bridge\src\tryBridge\SSCustomer.java,tryBridge.SSCustomer,"SSCustomer/3[java.lang.String,int,tryBridge.Discount]",name,1
D:\Project\Detection\OOADP-Lab-master\OOADP-Lab-master\Bridge\src\tryBridge\SSCustomer.java,tryBridge.SSCustomer,"SSCustomer/3[java.lang.String,int,tryBridge.Discount]",age,1
D:\Project\Detection\OOADP-Lab-master\OOADP-Lab-master\Decorator\Trekking.java,Trekking,Trekking/1[Sports],sports,2
D:\Project\Detection\OOADP-Lab-master\OOADP-Lab-master\Adapter\src\tryAdapter\GST.java,tryAdapter.GST,"taxAmount/2[int,float]",price,1
D:\Project\Detection\OOADP-Lab-master\OOADP-Lab-master\Adapter\src\tryAdapter\GST.java,tryAdapter.GST,"taxAmount/2[int,float]",qty,1
D:\Project\Detection\OOADP-Lab-master\OOADP-Lab-master\Decorator\Badminton.java,Badminton,Badminton/1[Sports],sports,2
D:\Project\Detection\OOADP-Lab-master\OOADP-Lab-master\Strategy\src\tryStrategy\FTCCustomer.java,tryStrategy.FTCCustomer,"FTCCustomer/2[java.lang.String,java.lang.String]",name,1
D:\Project\Detection\OOADP-Lab-master\OOADP-Lab-master\Strategy\src\tryStrategy\FTCCustomer.java,tryStrategy.FTCCustomer,"FTCCustomer/2[java.lang.String,java.lang.String]",id,1
D:\Project\Detection\OOADP-Lab-master\OOADP-Lab-master\Template\src\tryTemplate\OnlineOrder.java,tryTemplate.OnlineOrder,doPayment/1[tryTemplate.Item],c,4
D:\Project\Detection\OOADP-Lab-master\OOADP-Lab-master\Template\src\tryTemplate\OnlineOrder.java,tryTemplate.OnlineOrder,doPayment/1[tryTemplate.Item],in,2
D:\Project\Detection\OOADP-Lab-master\OOADP-Lab-master\Template\src\tryTemplate\OnlineOrder.java,tryTemplate.OnlineOrder,doPayment/1[tryTemplate.Item],i,3
D:\Project\Detection\OOADP-Lab-master\OOADP-Lab-master\Template\src\tryTemplate\OnlineOrder.java,tryTemplate.OnlineOrder,selectItem/0,c,1
D:\Project\Detection\OOADP-Lab-master\OOADP-Lab-master\Template\src\tryTemplate\OnlineOrder.java,tryTemplate.OnlineOrder,selectItem/0,in,2
D:\Project\Detection\OOADP-Lab-master\OOADP-Lab-master\Template\src\tryTemplate\OnlineOrder.java,tryTemplate.OnlineOrder,selectItem/0,l,2
D:\Project\Detection\OOADP-Lab-master\OOADP-Lab-master\Strategy\src\tryStrategy\RCDiscount.java,tryStrategy.RCDiscount,calcDiscount/1[float],amount,1
D:\Project\Detection\OOADP-Lab-master\OOADP-Lab-master\Decorator\Cricket.java,Cricket,Cricket/1[Sports],sports,2
D:\Project\Detection\OOADP-Lab-master\OOADP-Lab-master\Strategy\src\tryStrategy\Customer.java,tryStrategy.Customer,printBill/1[float],amt,4
D:\Project\Detection\OOADP-Lab-master\OOADP-Lab-master\Strategy\src\tryStrategy\Customer.java,tryStrategy.Customer,"Customer/2[java.lang.String,java.lang.String]",name,2
D:\Project\Detection\OOADP-Lab-master\OOADP-Lab-master\Strategy\src\tryStrategy\Customer.java,tryStrategy.Customer,"Customer/2[java.lang.String,java.lang.String]",id,2
D:\Project\Detection\OOADP-Lab-master\OOADP-Lab-master\Template\src\tryTemplate\Cycle.java,tryTemplate.Cycle,displayMenu/0,i,3
D:\Project\Detection\OOADP-Lab-master\OOADP-Lab-master\Decorator\Kabaddi.java,Kabaddi,Kabaddi/1[Sports],sports,2
D:\Project\Detection\OOADP-Lab-master\OOADP-Lab-master\Bridge\src\tryBridge\Discount3.java,tryBridge.Discount3,getDiscount/1[float],amount,1
D:\Project\Detection\OOADP-Lab-master\OOADP-Lab-master\Bridge\src\tryBridge\BridgeDemo.java,tryBridge.BridgeDemo,main/1[java.lang.String[]],args,0
D:\Project\Detection\OOADP-Lab-master\OOADP-Lab-master\Bridge\src\tryBridge\BridgeDemo.java,tryBridge.BridgeDemo,main/1[java.lang.String[]],c1,7
D:\Project\Detection\OOADP-Lab-master\OOADP-Lab-master\Bridge\src\tryBridge\BridgeDemo.java,tryBridge.BridgeDemo,main/1[java.lang.String[]],c2,7
D:\Project\Detection\OOADP-Lab-master\OOADP-Lab-master\Bridge\src\tryBridge\Discount4.java,tryBridge.Discount4,getDiscount/1[float],amount,1
D:\Project\Detection\OOADP-Lab-master\OOADP-Lab-master\Adapter\src\tryAdapter\Item.java,tryAdapter.Item,setQuantity/1[int],qty,2
D:\Project\Detection\OOADP-Lab-master\OOADP-Lab-master\Adapter\src\tryAdapter\Item.java,tryAdapter.Item,"Item/4[java.lang.String,int,float,tryAdapter.CalcTax]",ct,2
D:\Project\Detection\OOADP-Lab-master\OOADP-Lab-master\Adapter\src\tryAdapter\Item.java,tryAdapter.Item,"Item/4[java.lang.String,int,float,tryAdapter.CalcTax]",price,2
D:\Project\Detection\OOADP-Lab-master\OOADP-Lab-master\Adapter\src\tryAdapter\Item.java,tryAdapter.Item,"Item/4[java.lang.String,int,float,tryAdapter.CalcTax]",qty,2
D:\Project\Detection\OOADP-Lab-master\OOADP-Lab-master\Adapter\src\tryAdapter\Item.java,tryAdapter.Item,"Item/4[java.lang.String,int,float,tryAdapter.CalcTax]",name,2
D:\Project\Detection\OOADP-Lab-master\OOADP-Lab-master\Adapter\src\tryAdapter\Item.java,tryAdapter.Item,setTax/1[tryAdapter.CalcTax],ct,2
D:\Project\Detection\OOADP-Lab-master\OOADP-Lab-master\Adapter\src\tryAdapter\Item.java,tryAdapter.Item,displayItem/0,billAmount,1
D:\Project\Detection\OOADP-Lab-master\OOADP-Lab-master\Adapter\src\tryAdapter\Item.java,tryAdapter.Item,displayItem/0,tax,2
D:\Project\Detection\OOADP-Lab-master\OOADP-Lab-master\Bridge\src\tryBridge\Discount1.java,tryBridge.Discount1,getDiscount/1[float],amount,1
D:\Project\Detection\OOADP-Lab-master\OOADP-Lab-master\Bridge\src\tryBridge\Discount2.java,tryBridge.Discount2,getDiscount/1[float],amount,1
D:\Project\Detection\OOADP-Lab-master\OOADP-Lab-master\Strategy\src\tryStrategy\Discount.java,tryStrategy.Discount,calcDiscount/1[float],amount,0
D:\Project\Detection\OOADP-Lab-master\OOADP-Lab-master\Strategy\src\tryStrategy\SCCustomer.java,tryStrategy.SCCustomer,"SCCustomer/2[java.lang.String,java.lang.String]",name,1
D:\Project\Detection\OOADP-Lab-master\OOADP-Lab-master\Strategy\src\tryStrategy\SCCustomer.java,tryStrategy.SCCustomer,"SCCustomer/2[java.lang.String,java.lang.String]",id,1
D:\Project\Detection\OOADP-Lab-master\OOADP-Lab-master\Adapter\src\tryAdapter\MauriTax.java,tryAdapter.MauriTax,"mauriTaxAmount/2[int,float]",price,1
D:\Project\Detection\OOADP-Lab-master\OOADP-Lab-master\Adapter\src\tryAdapter\MauriTax.java,tryAdapter.MauriTax,"mauriTaxAmount/2[int,float]",qty,1
D:\Project\Detection\OOADP-Lab-master\OOADP-Lab-master\Strategy\src\tryStrategy\StrategyDemo.java,tryStrategy.StrategyDemo,main/1[java.lang.String[]],args,0
D:\Project\Detection\OOADP-Lab-master\OOADP-Lab-master\Strategy\src\tryStrategy\StrategyDemo.java,tryStrategy.StrategyDemo,main/1[java.lang.String[]],c1,5
D:\Project\Detection\OOADP-Lab-master\OOADP-Lab-master\Decorator\Baseball.java,Baseball,Baseball/1[Sports],sports,2
D:\Project\Detection\OOADP-Lab-master\OOADP-Lab-master\Strategy\src\tryStrategy\FTCDiscount.java,tryStrategy.FTCDiscount,calcDiscount/1[float],amount,1
D:\Project\Detection\OOADP-Lab-master\OOADP-Lab-master\Decorator\BungeeJumping.java,BungeeJumping,BungeeJumping/1[Sports],sports,2
D:\Project\Detection\OOADP-Lab-master\OOADP-Lab-master\Singleton\src\singleton\SingletonDemo.java,singleton.SingletonDemo,main/1[java.lang.String[]],args,0
D:\Project\Detection\OOADP-Lab-master\OOADP-Lab-master\Singleton\src\singleton\SingletonDemo.java,singleton.SingletonDemo,main/1[java.lang.String[]],s3,1
D:\Project\Detection\OOADP-Lab-master\OOADP-Lab-master\Singleton\src\singleton\SingletonDemo.java,singleton.SingletonDemo,main/1[java.lang.String[]],s1,1
D:\Project\Detection\OOADP-Lab-master\OOADP-Lab-master\Singleton\src\singleton\SingletonDemo.java,singleton.SingletonDemo,main/1[java.lang.String[]],s2,1
D:\Project\Detection\OOADP-Lab-master\OOADP-Lab-master\Adapter\src\tryAdapter\AdapterDemo.java,tryAdapter.AdapterDemo,main/1[java.lang.String[]],args,0
D:\Project\Detection\OOADP-Lab-master\OOADP-Lab-master\Adapter\src\tryAdapter\AdapterDemo.java,tryAdapter.AdapterDemo,main/1[java.lang.String[]],ct,1
D:\Project\Detection\OOADP-Lab-master\OOADP-Lab-master\Adapter\src\tryAdapter\AdapterDemo.java,tryAdapter.AdapterDemo,main/1[java.lang.String[]],i1,3
D:\Project\Detection\OOADP-Lab-master\OOADP-Lab-master\Decorator\Billiards.java,Billiards,Billiards/1[Sports],sports,2
D:\Project\Detection\OOADP-Lab-master\OOADP-Lab-master\Facade\src\tryFacade\ItemPurchased.java,tryFacade.ItemPurchased,storePurchase/0,in,4
D:\Project\Detection\OOADP-Lab-master\OOADP-Lab-master\Facade\src\tryFacade\ItemPurchased.java,tryFacade.ItemPurchased,storePurchase/0,qty,1
D:\Project\Detection\OOADP-Lab-master\OOADP-Lab-master\Facade\src\tryFacade\ItemPurchased.java,tryFacade.ItemPurchased,storePurchase/0,name,1
D:\Project\Detection\OOADP-Lab-master\OOADP-Lab-master\Facade\src\tryFacade\ItemPurchased.java,tryFacade.ItemPurchased,storePurchase/0,i,4
D:\Project\Detection\OOADP-Lab-master\OOADP-Lab-master\Facade\src\tryFacade\ItemPurchased.java,tryFacade.ItemPurchased,showItems/0,set,1
D:\Project\Detection\OOADP-Lab-master\OOADP-Lab-master\Facade\src\tryFacade\ItemPurchased.java,tryFacade.ItemPurchased,showItems/0,i,2
D:\Project\Detection\OOADP-Lab-master\OOADP-Lab-master\Adapter\src\tryAdapter\CalcTax.java,tryAdapter.CalcTax,"taxAmount/2[int,float]",price,0
D:\Project\Detection\OOADP-Lab-master\OOADP-Lab-master\Adapter\src\tryAdapter\CalcTax.java,tryAdapter.CalcTax,"taxAmount/2[int,float]",qty,0
D:\Project\Detection\OOADP-Lab-master\OOADP-Lab-master\AbstractFactory\src\tryAbstractFactory\RegularSportsFactory.java,tryAbstractFactory.RegularSportsFactory,getOutdoorAdventureSports/1[java.lang.String],name,3
D:\Project\Detection\OOADP-Lab-master\OOADP-Lab-master\FactoryMethod\src\tryFactoryMethod\CustomerFactory.java,tryFactoryMethod.CustomerFactory,getCustomer/1[java.lang.String],type,3
D:\Project\Detection\OOADP-Lab-master\OOADP-Lab-master\Template\src\tryTemplate\OrderProcessing.java,tryTemplate.OrderProcessing,purchaseItem/0,i,2
D:\Project\Detection\OOADP-Lab-master\OOADP-Lab-master\Template\src\tryTemplate\OrderProcessing.java,tryTemplate.OrderProcessing,doPayment/1[tryTemplate.Item],i,0
D:\Project\Detection\OOADP-Lab-master\OOADP-Lab-master\Decorator\Basketball.java,Basketball,Basketball/1[Sports],sports,2
D:\Project\Detection\OOADP-Lab-master\OOADP-Lab-master\Facade\src\tryFacade\Sports2000Facade.java,tryFacade.Sports2000Facade,"Sports2000Facade/2[boolean,float]",a,1
D:\Project\Detection\OOADP-Lab-master\OOADP-Lab-master\Facade\src\tryFacade\Sports2000Facade.java,tryFacade.Sports2000Facade,"Sports2000Facade/2[boolean,float]",b,1
D:\Project\Detection\OOADP-Lab-master\OOADP-Lab-master\Observer\src\tryObserver\Subject.java,tryObserver.Subject,register/1[tryObserver.Observer],o,0
D:\Project\Detection\OOADP-Lab-master\OOADP-Lab-master\Observer\src\tryObserver\Subject.java,tryObserver.Subject,unregister/1[tryObserver.Observer],o,0
D:\Project\Detection\OOADP-Lab-master\OOADP-Lab-master\Strategy\src\tryStrategy\SCDiscount.java,tryStrategy.SCDiscount,calcDiscount/1[float],amount,1
D:\Project\Detection\OOADP-Lab-master\OOADP-Lab-master\AbstractFactory\src\tryAbstractFactory\MainClass.java,tryAbstractFactory.MainClass,main/1[java.lang.String[]],args,0
D:\Project\Detection\OOADP-Lab-master\OOADP-Lab-master\AbstractFactory\src\tryAbstractFactory\MainClass.java,tryAbstractFactory.MainClass,main/1[java.lang.String[]],diffabled,3
D:\Project\Detection\OOADP-Lab-master\OOADP-Lab-master\AbstractFactory\src\tryAbstractFactory\MainClass.java,tryAbstractFactory.MainClass,main/1[java.lang.String[]],sp2,1
D:\Project\Detection\OOADP-Lab-master\OOADP-Lab-master\AbstractFactory\src\tryAbstractFactory\MainClass.java,tryAbstractFactory.MainClass,main/1[java.lang.String[]],reg,3
D:\Project\Detection\OOADP-Lab-master\OOADP-Lab-master\AbstractFactory\src\tryAbstractFactory\MainClass.java,tryAbstractFactory.MainClass,main/1[java.lang.String[]],sp1,1
D:\Project\Detection\OOADP-Lab-master\OOADP-Lab-master\AbstractFactory\src\tryAbstractFactory\MainClass.java,tryAbstractFactory.MainClass,main/1[java.lang.String[]],sp3,1
D:\Project\Detection\OOADP-Lab-master\OOADP-Lab-master\AbstractFactory\src\tryAbstractFactory\MainClass.java,tryAbstractFactory.MainClass,main/1[java.lang.String[]],dsp3,1
D:\Project\Detection\OOADP-Lab-master\OOADP-Lab-master\AbstractFactory\src\tryAbstractFactory\MainClass.java,tryAbstractFactory.MainClass,main/1[java.lang.String[]],dsp2,1
D:\Project\Detection\OOADP-Lab-master\OOADP-Lab-master\AbstractFactory\src\tryAbstractFactory\MainClass.java,tryAbstractFactory.MainClass,main/1[java.lang.String[]],dsp1,1
D:\Project\Detection\OOADP-Lab-master\OOADP-Lab-master\Decorator\TableTennis.java,TableTennis,TableTennis/1[Sports],sports,2
D:\Project\Detection\OOADP-Lab-master\OOADP-Lab-master\Template\src\tryTemplate\OfflineOrder.java,tryTemplate.OfflineOrder,doPayment/1[tryTemplate.Item],c,4
D:\Project\Detection\OOADP-Lab-master\OOADP-Lab-master\Template\src\tryTemplate\OfflineOrder.java,tryTemplate.OfflineOrder,doPayment/1[tryTemplate.Item],in,2
D:\Project\Detection\OOADP-Lab-master\OOADP-Lab-master\Template\src\tryTemplate\OfflineOrder.java,tryTemplate.OfflineOrder,doPayment/1[tryTemplate.Item],i,3
D:\Project\Detection\OOADP-Lab-master\OOADP-Lab-master\Template\src\tryTemplate\OfflineOrder.java,tryTemplate.OfflineOrder,selectItem/0,c,1
D:\Project\Detection\OOADP-Lab-master\OOADP-Lab-master\Template\src\tryTemplate\OfflineOrder.java,tryTemplate.OfflineOrder,selectItem/0,in,2
D:\Project\Detection\OOADP-Lab-master\OOADP-Lab-master\Template\src\tryTemplate\OfflineOrder.java,tryTemplate.OfflineOrder,selectItem/0,i,4
D:\Project\Detection\OOADP-Lab-master\OOADP-Lab-master\Adapter\src\tryAdapter\MauriTaxAdapter.java,tryAdapter.MauriTaxAdapter,"taxAmount/2[int,float]",price,1
D:\Project\Detection\OOADP-Lab-master\OOADP-Lab-master\Adapter\src\tryAdapter\MauriTaxAdapter.java,tryAdapter.MauriTaxAdapter,"taxAmount/2[int,float]",qty,1
D:\Project\Detection\OOADP-Lab-master\OOADP-Lab-master\Decorator\Paragliding.java,Paragliding,Paragliding/1[Sports],sports,2
D:\Project\Detection\OOADP-Lab-master\OOADP-Lab-master\Decorator\LongJump.java,LongJump,LongJump/1[Sports],sports,2
D:\Project\Detection\OOADP-Lab-master\OOADP-Lab-master\Strategy\src\tryStrategy\RCCustomer.java,tryStrategy.RCCustomer,"RCCustomer/2[java.lang.String,java.lang.String]",name,1
D:\Project\Detection\OOADP-Lab-master\OOADP-Lab-master\Strategy\src\tryStrategy\RCCustomer.java,tryStrategy.RCCustomer,"RCCustomer/2[java.lang.String,java.lang.String]",id,1
D:\Project\Detection\OOADP-Lab-master\OOADP-Lab-master\AbstractFactory\src\tryAbstractFactory\DiffAbledSportsFactory.java,tryAbstractFactory.DiffAbledSportsFactory,getOutdoorAdventureSports/1[java.lang.String],name,3
D:\Project\Detection\OOADP-Lab-master\OOADP-Lab-master\Facade\src\tryFacade\FacadeDemo.java,tryFacade.FacadeDemo,main/1[java.lang.String[]],args,0
D:\Project\Detection\OOADP-Lab-master\OOADP-Lab-master\Facade\src\tryFacade\FacadeDemo.java,tryFacade.FacadeDemo,main/1[java.lang.String[]],f,2
D:\Project\Detection\OOADP-Lab-master\OOADP-Lab-master\Facade\src\tryFacade\Sport2000ProcessSales.java,tryFacade.Sport2000ProcessSales,"Sport2000ProcessSales/3[boolean,float,int]",a,1
D:\Project\Detection\OOADP-Lab-master\OOADP-Lab-master\Facade\src\tryFacade\Sport2000ProcessSales.java,tryFacade.Sport2000ProcessSales,"Sport2000ProcessSales/3[boolean,float,int]",q,1
D:\Project\Detection\OOADP-Lab-master\OOADP-Lab-master\Facade\src\tryFacade\Sport2000ProcessSales.java,tryFacade.Sport2000ProcessSales,"Sport2000ProcessSales/3[boolean,float,int]",g,1
D:\Project\Detection\OOADP-Lab-master\OOADP-Lab-master\Facade\src\tryFacade\Sport2000ProcessSales.java,tryFacade.Sport2000ProcessSales,processSales/0,certValue,3
D:\Project\Detection\OOADP-Lab-master\OOADP-Lab-master\Facade\src\tryFacade\Sport2000ProcessSales.java,tryFacade.Sport2000ProcessSales,processSales/0,in,2
D:\Project\Detection\OOADP-Lab-master\OOADP-Lab-master\Observer\src\tryObserver\MainClass.java,tryObserver.MainClass,main/1[java.lang.String[]],args,0
D:\Project\Detection\OOADP-Lab-master\OOADP-Lab-master\Observer\src\tryObserver\MainClass.java,tryObserver.MainClass,main/1[java.lang.String[]],c3,0
D:\Project\Detection\OOADP-Lab-master\OOADP-Lab-master\Observer\src\tryObserver\MainClass.java,tryObserver.MainClass,main/1[java.lang.String[]],s1,7
D:\Project\Detection\OOADP-Lab-master\OOADP-Lab-master\Observer\src\tryObserver\MainClass.java,tryObserver.MainClass,main/1[java.lang.String[]],c1,0
D:\Project\Detection\OOADP-Lab-master\OOADP-Lab-master\Observer\src\tryObserver\MainClass.java,tryObserver.MainClass,main/1[java.lang.String[]],c2,1
D:\Project\Detection\OOADP-Lab-master\OOADP-Lab-master\Bridge\src\tryBridge\RCCustomer.java,tryBridge.RCCustomer,"RCCustomer/3[java.lang.String,int,tryBridge.Discount]",d,1
D:\Project\Detection\OOADP-Lab-master\OOADP-Lab-master\Bridge\src\tryBridge\RCCustomer.java,tryBridge.RCCustomer,"RCCustomer/3[java.lang.String,int,tryBridge.Discount]",name,1
D:\Project\Detection\OOADP-Lab-master\OOADP-Lab-master\Bridge\src\tryBridge\RCCustomer.java,tryBridge.RCCustomer,"RCCustomer/3[java.lang.String,int,tryBridge.Discount]",age,1
D:\Project\Detection\OOADP-Lab-master\OOADP-Lab-master\Observer\src\tryObserver\Store.java,tryObserver.Store,notifyObservers/0,o,1
D:\Project\Detection\OOADP-Lab-master\OOADP-Lab-master\Observer\src\tryObserver\Store.java,tryObserver.Store,unregister/1[tryObserver.Observer],e,0
D:\Project\Detection\OOADP-Lab-master\OOADP-Lab-master\Observer\src\tryObserver\Store.java,tryObserver.Store,unregister/1[tryObserver.Observer],o,3
D:\Project\Detection\OOADP-Lab-master\OOADP-Lab-master\Observer\src\tryObserver\Store.java,tryObserver.Store,"setDiscount/2[java.lang.String,float]",d,1
D:\Project\Detection\OOADP-Lab-master\OOADP-Lab-master\Observer\src\tryObserver\Store.java,tryObserver.Store,"setDiscount/2[java.lang.String,float]",festival,1
D:\Project\Detection\OOADP-Lab-master\OOADP-Lab-master\Observer\src\tryObserver\Store.java,tryObserver.Store,"Store/2[java.lang.String,float]",name,2
D:\Project\Detection\OOADP-Lab-master\OOADP-Lab-master\Observer\src\tryObserver\Store.java,tryObserver.Store,"Store/2[java.lang.String,float]",discount,2
D:\Project\Detection\OOADP-Lab-master\OOADP-Lab-master\Observer\src\tryObserver\Store.java,tryObserver.Store,register/1[tryObserver.Observer],o,2
D:\Project\Detection\OOADP-Lab-master\OOADP-Lab-master\Bridge\src\tryBridge\Customer.java,tryBridge.Customer,setDiscount/1[tryBridge.Discount],d,2
D:\Project\Detection\OOADP-Lab-master\OOADP-Lab-master\Bridge\src\tryBridge\Customer.java,tryBridge.Customer,showBill/1[float],amt,4
D:\Project\Detection\OOADP-Lab-master\OOADP-Lab-master\Bridge\src\tryBridge\Customer.java,tryBridge.Customer,"Customer/3[java.lang.String,int,tryBridge.Discount]",d,2
D:\Project\Detection\OOADP-Lab-master\OOADP-Lab-master\Bridge\src\tryBridge\Customer.java,tryBridge.Customer,"Customer/3[java.lang.String,int,tryBridge.Discount]",name,2
D:\Project\Detection\OOADP-Lab-master\OOADP-Lab-master\Bridge\src\tryBridge\Customer.java,tryBridge.Customer,"Customer/3[java.lang.String,int,tryBridge.Discount]",age,2
D:\Project\Detection\OOADP-Lab-master\OOADP-Lab-master\AbstractFactory\src\tryAbstractFactory\SportsCategoryFactory.java,tryAbstractFactory.SportsCategoryFactory,getOutdoorAdventureSports/1[java.lang.String],name,0
D:\Project\Detection\OOADP-Lab-master\OOADP-Lab-master\Template\src\tryTemplate\Item.java,tryTemplate.Item,"Item/3[int,java.lang.String,float]",p,1
D:\Project\Detection\OOADP-Lab-master\OOADP-Lab-master\Template\src\tryTemplate\Item.java,tryTemplate.Item,"Item/3[int,java.lang.String,float]",i,1
D:\Project\Detection\OOADP-Lab-master\OOADP-Lab-master\Template\src\tryTemplate\Item.java,tryTemplate.Item,"Item/3[int,java.lang.String,float]",n,1
D:\Project\Detection\OOADP-Lab-master\OOADP-Lab-master\Decorator\Football.java,Football,Football/1[Sports],sports,2
D:\Project\Detection\OOADP-Lab-master\OOADP-Lab-master\Template\src\tryTemplate\TemplateDemo.java,tryTemplate.TemplateDemo,main/1[java.lang.String[]],args,0
D:\Project\Detection\OOADP-Lab-master\OOADP-Lab-master\Template\src\tryTemplate\TemplateDemo.java,tryTemplate.TemplateDemo,main/1[java.lang.String[]],ol,0
D:\Project\Detection\OOADP-Lab-master\OOADP-Lab-master\Template\src\tryTemplate\TemplateDemo.java,tryTemplate.TemplateDemo,main/1[java.lang.String[]],off,1
D:\Project\Detection\OOADP-Lab-master\OOADP-Lab-master\Decorator\MainClass.java,MainClass,main/1[java.lang.String[]],args,0
D:\Project\Detection\OOADP-Lab-master\OOADP-Lab-master\Decorator\MainClass.java,MainClass,main/1[java.lang.String[]],sp2,10
D:\Project\Detection\OOADP-Lab-master\OOADP-Lab-master\Decorator\MainClass.java,MainClass,main/1[java.lang.String[]],sp1,10
D:\Project\Detection\OOADP-Lab-master\OOADP-Lab-master\Decorator\HighJump.java,HighJump,HighJump/1[Sports],sports,2
D:\Project\Detection\OOADP-Lab-master\OOADP-Lab-master\Observer\src\tryObserver\Customer.java,tryObserver.Customer,update/1[float],discount,3
D:\Project\Detection\OOADP-Lab-master\OOADP-Lab-master\Observer\src\tryObserver\Customer.java,tryObserver.Customer,"Customer/2[tryObserver.Subject,java.lang.String]",subject,1
D:\Project\Detection\OOADP-Lab-master\OOADP-Lab-master\Observer\src\tryObserver\Customer.java,tryObserver.Customer,"Customer/2[tryObserver.Subject,java.lang.String]",name,2
D:\Project\Detection\OOADP-Lab-master\OOADP-Lab-master\Decorator\Snooker.java,Snooker,Snooker/1[Sports],sports,2
D:\Project\Detection\OOADP-Lab-master\OOADP-Lab-master\Singleton\src\singleton\TabWindow.java,singleton.TabWindow,addUrl/1[java.lang.String],url,1
D:\Project\Detection\OOADP-Lab-master\OOADP-Lab-master\Singleton\src\singleton\TabWindow.java,singleton.TabWindow,showUrls/0,u,1
D:\Project\Detection\OOADP-Lab-master\OOADP-Lab-master\FactoryMethod\src\tryFactoryMethod\MainClass.java,tryFactoryMethod.MainClass,main/1[java.lang.String[]],args,0
D:\Project\Detection\OOADP-Lab-master\OOADP-Lab-master\FactoryMethod\src\tryFactoryMethod\MainClass.java,tryFactoryMethod.MainClass,main/1[java.lang.String[]],c3,1
D:\Project\Detection\OOADP-Lab-master\OOADP-Lab-master\FactoryMethod\src\tryFactoryMethod\MainClass.java,tryFactoryMethod.MainClass,main/1[java.lang.String[]],cf,3
D:\Project\Detection\OOADP-Lab-master\OOADP-Lab-master\FactoryMethod\src\tryFactoryMethod\MainClass.java,tryFactoryMethod.MainClass,main/1[java.lang.String[]],c1,1
D:\Project\Detection\OOADP-Lab-master\OOADP-Lab-master\FactoryMethod\src\tryFactoryMethod\MainClass.java,tryFactoryMethod.MainClass,main/1[java.lang.String[]],c2,1
D:\Project\Detection\OOADP-Lab-master\OOADP-Lab-master\Bridge\src\tryBridge\FTCCustomer.java,tryBridge.FTCCustomer,"FTCCustomer/3[java.lang.String,int,tryBridge.Discount]",d,1
D:\Project\Detection\OOADP-Lab-master\OOADP-Lab-master\Bridge\src\tryBridge\FTCCustomer.java,tryBridge.FTCCustomer,"FTCCustomer/3[java.lang.String,int,tryBridge.Discount]",name,1
D:\Project\Detection\OOADP-Lab-master\OOADP-Lab-master\Bridge\src\tryBridge\FTCCustomer.java,tryBridge.FTCCustomer,"FTCCustomer/3[java.lang.String,int,tryBridge.Discount]",age,1
D:\Project\Detection\OOADP-Lab-master\OOADP-Lab-master\Decorator\Carrom.java,Carrom,Carrom/1[Sports],sports,2
D:\Project\Detection\OOADP-Lab-master\OOADP-Lab-master\Bridge\src\tryBridge\Discount.java,tryBridge.Discount,getDiscount/1[float],amount,0
