file,class,type,cbo,cboModified,fanin,fanout,wmc,dit,noc,rfc,lcom,lcom*,tcc,lcc,totalMethodsQty,staticMethodsQty,publicMethodsQty,privateMethodsQty,protectedMethodsQty,defaultMethodsQty,visibleMethodsQty,abstractMethodsQty,finalMethodsQty,synchronizedMethodsQty,totalFieldsQty,staticFieldsQty,publicFieldsQty,privateFieldsQty,protectedFieldsQty,defaultFieldsQty,finalFieldsQty,synchronizedFieldsQty,nosi,loc,returnQty,loopQty,comparisonsQty,tryCatchQty,parenthesizedExpsQty,stringLiteralsQty,numbersQty,assignmentsQty,mathOperationsQty,variablesQty,maxNestedBlocksQty,anonymousClassesQty,innerClassesQty,lambdasQty,uniqueWordsQty,modifiers,logStatementsQty
D:\Project\Hibernate-ORM-Tutorials-master\Hibernate-ORM-Tutorials-master\hibernate-xml-config-example\src\main\java\net\javaguides\hibernate\App.java,App,class,3,16,0,16,1,1,0,5,0,0.0,NaN,NaN,1,1,1,0,0,0,1,0,0,0,0,0,0,0,0,0,0,0,0,9,0,0,0,0,0,3,0,3,0,4,0,0,0,1,8,1,0
D:\Project\Hibernate-ORM-Tutorials-master\Hibernate-ORM-Tutorials-master\hibernate-mappedsuperclass-example\src\main\java\net\javaguides\hibernate\entity\Account.java,Account,class,5,10,3,7,8,1,6,0,20,0.75,0.0,0.0,8,0,8,0,0,0,8,0,0,0,4,0,0,4,0,0,0,0,0,30,4,0,0,0,0,0,0,4,0,4,0,0,0,0,14,1025,0
D:\Project\Hibernate-ORM-Tutorials-master\Hibernate-ORM-Tutorials-master\hibernate-tutorial\hibernate-one-to-many-example\src\main\java\net\javaguides\hibernate\dao\CourseDao.java,CourseDao,class,2,2,0,2,13,1,0,11,6,0.0,0.0,0.0,4,0,4,0,0,0,4,0,0,0,0,0,0,0,0,0,0,0,0,64,1,0,5,4,0,1,0,15,0,10,2,0,0,0,16,1,0
D:\Project\Hibernate-ORM-Tutorials-master\Hibernate-ORM-Tutorials-master\registration-jsp-servlet-hibernate-example\src\net\javaguides\hibernate\util\HibernateUtil.java,HibernateUtil,class,6,15,0,15,3,1,0,9,0,0.0,NaN,NaN,1,1,1,0,0,0,1,0,0,0,1,1,0,1,0,0,0,0,0,29,2,0,1,1,0,9,0,4,0,4,2,0,0,0,23,1,0
D:\Project\Hibernate-ORM-Tutorials-master\Hibernate-ORM-Tutorials-master\hibernate-tutorial\src\test\java\net\javaguides\hibernate\hibernate_tutorial\AppTest.java,net.javaguides.hibernate.hibernate_tutorial.AppTest,class,4,5,1,4,3,2,0,1,3,0.0,0.0,0.0,3,1,3,0,0,0,3,0,0,0,0,0,0,0,0,0,0,0,0,11,1,0,0,0,0,0,0,0,0,0,0,0,0,0,20,1,0
D:\Project\Hibernate-ORM-Tutorials-master\Hibernate-ORM-Tutorials-master\hibernate-tutorial\hibernate-one-to-one-example\src\main\java\net\javaguides\hibernate\entity\InstructorDetail.java,InstructorDetail,class,7,14,4,10,9,1,0,0,8,0.59259266,0.0,0.0,9,0,9,0,0,0,9,0,0,0,3,0,0,3,0,0,0,0,0,32,4,0,0,0,0,8,0,5,1,3,0,0,0,0,15,1,0
D:\Project\Hibernate-ORM-Tutorials-master\Hibernate-ORM-Tutorials-master\hibernate-named-native-query-example\src\main\java\net\javaguides\hibernate\NamedQueryExample.java,net.javaguides.hibernate.NamedQueryExample,class,4,5,1,4,7,1,0,16,1,0.0,NaN,NaN,2,2,1,1,0,0,1,0,0,0,0,0,0,0,0,0,0,0,3,39,0,1,2,2,0,10,2,10,2,8,2,0,0,0,19,1,0
D:\Project\Hibernate-ORM-Tutorials-master\Hibernate-ORM-Tutorials-master\hibernate-c3p0-pooling-example\src\main\java\net\javaguides\hibernate\entity\Student.java,net.javaguides.hibernate.entity.Student,class,5,13,8,5,11,1,0,0,17,0.6590909,0.34545454,0.8181818,11,0,11,0,0,0,11,0,0,0,4,0,0,4,0,0,0,0,0,40,5,0,0,0,0,10,0,7,1,4,0,0,0,0,16,1,0
D:\Project\Hibernate-ORM-Tutorials-master\Hibernate-ORM-Tutorials-master\hibernate-remove-entity-exmaple\src\main\java\net\javaguides\hibernate\dao\SessionRemoveExample.java,net.javaguides.hibernate.dao.SessionRemoveExample,class,3,3,0,3,4,1,0,10,0,0.0,NaN,NaN,1,0,1,0,0,0,1,0,0,0,0,0,0,0,0,0,0,0,1,24,0,0,2,1,0,2,1,5,0,4,2,0,0,0,15,1,0
D:\Project\Hibernate-ORM-Tutorials-master\Hibernate-ORM-Tutorials-master\hibernate-enum-type-example\src\main\java\net\javaguides\hibernate\MainApp.java,net.javaguides.hibernate.MainApp,class,2,2,0,2,1,1,0,9,0,0.0,NaN,NaN,1,1,1,0,0,0,1,0,0,0,0,0,0,0,0,0,0,0,0,15,0,0,0,0,0,1,0,3,0,4,1,0,0,1,9,1,0
D:\Project\Hibernate-ORM-Tutorials-master\Hibernate-ORM-Tutorials-master\hibernate-lazy-vs-eager-example\src\main\java\net\javaguides\hibernate\dao\InstructorDetailDao.java,net.javaguides.hibernate.dao.InstructorDetailDao,class,3,3,0,3,9,1,0,9,3,0.0,0.0,0.0,3,0,3,0,0,0,3,0,0,0,0,0,0,0,0,0,0,0,3,46,1,0,3,3,0,0,0,11,0,7,2,0,0,0,15,1,0
D:\Project\Hibernate-ORM-Tutorials-master\Hibernate-ORM-Tutorials-master\hibernate-tutorial\hibernate-one-to-many-example\src\main\java\net\javaguides\hibernate\entity\Course.java,Course,class,10,13,3,10,9,1,0,0,16,0.6666667,0.0,0.0,9,0,9,0,0,0,9,0,0,0,3,0,0,3,0,0,0,0,0,31,4,0,0,0,0,7,0,4,1,3,0,0,0,0,14,1,0
D:\Project\Hibernate-ORM-Tutorials-master\Hibernate-ORM-Tutorials-master\hibernate-tutorial\hibernate-batch-examples\src\main\java\ClassA.java,ClassA,class,0,0,0,0,0,1,0,0,0,0.0,-1.0,-1.0,0,0,0,0,0,0,0,0,0,0,0,0,0,0,0,0,0,0,0,2,0,0,0,0,0,0,0,0,0,0,0,0,0,0,2,1,0
D:\Project\Hibernate-ORM-Tutorials-master\Hibernate-ORM-Tutorials-master\hibernate-c3p0-pooling-example\src\main\java\net\javaguides\hibernate\util\HibernateUtil.java,net.javaguides.hibernate.util.HibernateUtil,class,5,16,11,5,3,1,0,9,0,0.0,NaN,NaN,1,1,1,0,0,0,1,0,0,0,1,1,0,1,0,0,0,0,0,35,2,0,1,1,0,10,6,4,1,4,2,0,0,0,20,1,0
D:\Project\Hibernate-ORM-Tutorials-master\Hibernate-ORM-Tutorials-master\hibernate-named-query-example\src\main\java\net\javaguides\hibernate\NamedQueryExample.java,NamedQueryExample,class,4,4,0,4,7,1,0,16,1,0.0,NaN,NaN,2,2,1,1,0,0,1,0,0,0,0,0,0,0,0,0,0,0,0,39,0,1,2,2,0,10,2,10,2,8,2,0,0,0,19,1,0
D:\Project\Hibernate-ORM-Tutorials-master\Hibernate-ORM-Tutorials-master\hibernate-tutorial\hibernate-batch-examples\src\main\java\Circle.java,Circle,class,1,2,1,1,5,1,0,1,0,0.2,0.6,0.6,5,1,5,0,0,0,5,0,0,0,3,0,0,3,0,0,0,0,0,28,1,0,0,0,0,3,9,9,1,3,0,0,0,0,11,1,0
D:\Project\Hibernate-ORM-Tutorials-master\Hibernate-ORM-Tutorials-master\jsp-servlet-hibernate-crud-todo-app\src\net\javaguides\todoapp\util\HibernateUtil.java,net.javaguides.todoapp.util.HibernateUtil,class,5,6,1,5,3,1,0,9,0,0.0,NaN,NaN,1,1,1,0,0,0,1,0,0,0,1,1,0,1,0,0,0,0,0,29,2,0,1,1,0,9,0,4,0,4,2,0,0,0,23,1,0
D:\Project\Hibernate-ORM-Tutorials-master\Hibernate-ORM-Tutorials-master\hibernate-tutorial\hibernate-remove-entity-exmaple\src\main\java\net\javaguides\hibernate\dao\SessionRemoveExample.java,SessionRemoveExample,class,2,2,0,2,4,1,0,10,0,0.0,NaN,NaN,1,0,1,0,0,0,1,0,0,0,0,0,0,0,0,0,0,0,0,24,0,0,2,1,0,2,1,5,0,4,2,0,0,0,15,1,0
D:\Project\Hibernate-ORM-Tutorials-master\Hibernate-ORM-Tutorials-master\hibernate-Embeddable-example\src\main\java\net\javaguides\hibernate\entity\Name.java,net.javaguides.hibernate.entity.Name,class,1,2,1,1,8,1,0,0,10,0.625,0.32142857,0.75,8,0,8,0,0,0,8,0,0,0,3,0,0,3,0,0,0,0,0,30,3,0,0,0,0,0,0,6,0,3,0,0,0,0,9,1,0
D:\Project\Hibernate-ORM-Tutorials-master\Hibernate-ORM-Tutorials-master\hibernate-mappedsuperclass-example\src\main\java\net\javaguides\hibernate\entity\CreditAccount.java,CreditAccount,class,2,4,1,3,2,1,0,0,0,0.0,0.0,0.0,2,0,2,0,0,0,2,0,0,0,1,0,0,1,0,0,0,0,0,9,1,0,0,0,0,1,0,1,0,1,0,0,0,0,7,1,0
D:\Project\Hibernate-ORM-Tutorials-master\Hibernate-ORM-Tutorials-master\hibernate-lazy-vs-eager-example\src\main\java\net\javaguides\hibernate\dao\InstructorDao.java,net.javaguides.hibernate.dao.InstructorDao,class,3,4,1,3,13,1,0,11,6,0.0,0.0,0.0,4,0,4,0,0,0,4,0,0,0,0,0,0,0,0,0,0,0,4,64,1,0,5,4,0,1,0,15,0,10,2,0,0,0,16,1,0
D:\Project\Hibernate-ORM-Tutorials-master\Hibernate-ORM-Tutorials-master\hibernate-lazy-vs-eager-example\src\main\java\net\javaguides\hibernate\ManApp.java,net.javaguides.hibernate.ManApp,class,5,5,0,5,1,1,0,9,0,0.0,NaN,NaN,1,1,1,0,0,0,1,0,0,0,0,0,0,0,0,0,0,0,0,22,0,0,0,0,0,7,1,8,0,8,0,0,0,0,19,1,0
D:\Project\Hibernate-ORM-Tutorials-master\Hibernate-ORM-Tutorials-master\hibernate-xml-config-example\src\main\java\net\javaguides\hibernate\entity\Student.java,Student,class,7,20,7,13,11,1,0,0,17,0.6590909,0.0,0.0,11,0,11,0,0,0,11,0,0,0,4,0,0,4,0,0,0,0,0,40,5,0,0,0,0,10,0,7,1,4,0,0,0,0,16,1,0
D:\Project\Hibernate-ORM-Tutorials-master\Hibernate-ORM-Tutorials-master\hibernate-remove-entity-exmaple\src\main\java\net\javaguides\hibernate\dao\SessionDeleteExample.java,net.javaguides.hibernate.dao.SessionDeleteExample,class,3,3,0,3,4,1,0,10,0,0.0,NaN,NaN,1,0,1,0,0,0,1,0,0,0,0,0,0,0,0,0,0,0,1,24,0,0,2,1,0,2,1,5,0,4,2,0,0,0,15,1,0
D:\Project\Hibernate-ORM-Tutorials-master\Hibernate-ORM-Tutorials-master\hibernate-inheritance-singletable\src\main\java\net\javaguides\hibernate\entity\CreditAccount.java,net.javaguides.hibernate.entity.CreditAccount,class,2,2,0,2,2,2,0,0,0,0.0,1.0,1.0,2,0,2,0,0,0,2,0,0,0,1,0,0,1,0,0,0,0,0,9,1,0,0,0,0,1,0,1,0,1,0,0,0,0,7,1,0
D:\Project\Hibernate-ORM-Tutorials-master\Hibernate-ORM-Tutorials-master\hibernate-xml-config-example\src\main\java\net\javaguides\hibernate\dao\StudentDao.java,StudentDao,class,3,8,1,7,4,1,0,9,1,0.0,0.0,0.0,2,0,2,0,0,0,2,0,0,0,0,0,0,0,0,0,0,0,0,21,1,0,1,2,0,1,0,4,0,3,2,0,0,0,13,1,0
D:\Project\Hibernate-ORM-Tutorials-master\Hibernate-ORM-Tutorials-master\hibernate-enum-type-example\src\main\java\net\javaguides\hibernate\dao\ProjectDao.java,net.javaguides.hibernate.dao.ProjectDao,class,3,4,1,3,2,1,0,7,1,0.0,0.0,0.0,2,0,2,0,0,0,2,0,0,0,0,0,0,0,0,0,0,0,2,14,1,0,0,2,0,1,0,3,0,3,1,0,0,0,10,1,0
D:\Project\Hibernate-ORM-Tutorials-master\Hibernate-ORM-Tutorials-master\hibernate-lazy-vs-eager-example\src\main\java\net\javaguides\hibernate\entity\InstructorDetail.java,net.javaguides.hibernate.entity.InstructorDetail,class,5,8,3,5,9,1,0,0,8,0.59259266,0.3888889,0.7777778,9,0,9,0,0,0,9,0,0,0,3,0,0,3,0,0,0,0,0,32,4,0,0,0,0,8,0,5,1,3,0,0,0,0,15,1,0
D:\Project\Hibernate-ORM-Tutorials-master\Hibernate-ORM-Tutorials-master\hibernate-lazy-vs-eager-example\src\main\java\net\javaguides\hibernate\entity\Instructor.java,net.javaguides.hibernate.entity.Instructor,class,10,13,3,10,15,1,0,0,59,0.77777773,0.21904762,0.63809526,15,0,15,0,0,0,15,0,0,0,6,0,0,6,0,0,0,0,0,54,7,0,0,0,0,13,0,9,1,6,0,0,0,0,23,1,0
D:\Project\Hibernate-ORM-Tutorials-master\Hibernate-ORM-Tutorials-master\hibernate-tutorial\hibernate-remove-entity-exmaple\src\main\java\net\javaguides\hibernate\dao\SessionDeleteExample.java,SessionDeleteExample,class,2,3,1,2,4,1,0,10,0,0.0,NaN,NaN,1,0,1,0,0,0,1,0,0,0,0,0,0,0,0,0,0,0,0,24,0,0,2,1,0,2,1,5,0,4,2,0,0,0,15,1,0
D:\Project\Hibernate-ORM-Tutorials-master\Hibernate-ORM-Tutorials-master\hibernate-c3p0-pooling-example\src\main\java\net\javaguides\hibernate\dao\StudentDao.java,net.javaguides.hibernate.dao.StudentDao,class,3,4,1,3,14,1,0,15,10,0.0,0.0,0.0,5,0,5,0,0,0,5,0,0,0,0,0,0,0,0,0,0,0,5,69,1,0,5,5,0,2,0,15,0,11,2,0,0,0,17,1,0
D:\Project\Hibernate-ORM-Tutorials-master\Hibernate-ORM-Tutorials-master\hibernate-lazy-vs-eager-example\src\main\java\net\javaguides\hibernate\dao\CourseDao.java,net.javaguides.hibernate.dao.CourseDao,class,3,4,1,3,13,1,0,11,6,0.0,0.0,0.0,4,0,4,0,0,0,4,0,0,0,0,0,0,0,0,0,0,0,4,64,1,0,5,4,0,1,0,15,0,10,2,0,0,0,16,1,0
D:\Project\Hibernate-ORM-Tutorials-master\Hibernate-ORM-Tutorials-master\jsp-servlet-hibernate-crud-todo-app\src\net\javaguides\todoapp\web\TodoController.java,net.javaguides.todoapp.web.TodoController,class,10,11,1,10,15,2,0,22,6,0.6666667,0.0,0.0,9,0,1,6,2,0,3,0,0,0,2,1,0,2,0,0,1,0,7,80,0,0,0,1,0,26,1,22,0,22,2,0,0,0,63,1,0
D:\Project\Hibernate-ORM-Tutorials-master\Hibernate-ORM-Tutorials-master\hibernate-jpa-example\src\main\java\net\javaguides\hibernate\util\JPAUtil.java,net.javaguides.hibernate.util.JPAUtil,class,1,1,0,1,4,1,0,2,0,0.25,1.0,1.0,2,2,2,0,0,0,2,0,0,0,2,2,0,2,0,0,1,0,0,15,1,0,2,0,0,1,0,2,0,2,1,0,0,0,21,1,0
D:\Project\Hibernate-ORM-Tutorials-master\Hibernate-ORM-Tutorials-master\jsp-servlet-hibernate-crud-todo-app\src\net\javaguides\todoapp\model\Todo.java,net.javaguides.todoapp.model.Todo,class,6,11,5,6,21,1,0,1,64,0.75490195,0.2647059,0.88235295,17,0,16,0,1,0,17,0,0,0,6,0,0,6,0,0,0,0,0,77,12,0,4,0,2,6,3,21,3,9,1,0,0,0,41,1,0
D:\Project\Hibernate-ORM-Tutorials-master\Hibernate-ORM-Tutorials-master\registration-jsp-servlet-hibernate-example\src\net\javaguides\hibernate\model\User.java,User,class,7,9,2,7,8,1,0,0,20,0.8333333,0.0,0.0,8,0,8,0,0,0,8,0,0,0,6,1,0,6,0,0,1,0,0,32,4,0,0,0,0,5,1,5,0,6,0,0,0,0,23,1,0
D:\Project\Hibernate-ORM-Tutorials-master\Hibernate-ORM-Tutorials-master\hibernate-tutorial\hibernate-one-to-one-example\src\main\java\net\javaguides\hibernate\entity\Instructor.java,Instructor,class,10,18,5,13,13,1,0,0,34,0.72307694,0.0,0.0,13,0,13,0,0,0,13,0,0,0,5,0,0,5,0,0,0,0,0,47,6,0,0,0,0,12,0,8,1,5,0,0,0,0,19,1,0
D:\Project\Hibernate-ORM-Tutorials-master\Hibernate-ORM-Tutorials-master\jsp-servlet-hibernate-crud-todo-app\src\net\javaguides\todoapp\dao\TodoDaoImpl.java,net.javaguides.todoapp.dao.TodoDaoImpl,class,4,5,1,4,17,1,0,13,15,0.0,0.0,0.0,6,0,6,0,0,0,6,0,0,0,0,0,0,0,0,0,0,0,5,84,4,0,6,5,0,2,0,20,0,13,2,0,0,0,41,1,0
D:\Project\Hibernate-ORM-Tutorials-master\Hibernate-ORM-Tutorials-master\registration-jsp-servlet-hibernate-example\src\net\javaguides\hibernate\web\UserController.java,net.javaguides.hibernate.web.UserController,class,8,9,1,8,4,2,0,10,4,0.75,0.0,0.0,4,0,1,1,2,0,3,0,0,0,2,1,0,2,0,0,1,0,0,27,0,0,0,0,0,7,1,8,0,8,0,0,0,0,32,1,0
D:\Project\Hibernate-ORM-Tutorials-master\Hibernate-ORM-Tutorials-master\hibernate-c3p0-pooling-example\src\main\java\net\javaguides\hibernate\App.java,net.javaguides.hibernate.App,class,2,2,0,2,1,1,0,5,0,0.0,NaN,NaN,1,1,1,0,0,0,1,0,0,0,0,0,0,0,0,0,0,0,0,9,0,0,0,0,0,3,0,3,0,4,0,0,0,1,8,1,0
D:\Project\Hibernate-ORM-Tutorials-master\Hibernate-ORM-Tutorials-master\hibernate-named-native-query-example\src\main\java\net\javaguides\hibernate\NamedNativeQueryExample.java,net.javaguides.hibernate.NamedNativeQueryExample,class,4,5,1,4,7,1,0,16,1,0.0,NaN,NaN,2,2,1,1,0,0,1,0,0,0,0,0,0,0,0,0,0,0,3,39,0,1,2,2,0,11,3,10,2,8,2,0,0,0,20,1,0
D:\Project\Hibernate-ORM-Tutorials-master\Hibernate-ORM-Tutorials-master\hibernate-java8-date-support\src\main\java\net\javaguides\hibernate\entity\SimpleEntity.java,net.javaguides.hibernate.entity.SimpleEntity,class,4,4,0,4,8,1,0,0,20,0.75,0.14285715,0.14285715,8,0,8,0,0,0,8,0,0,0,4,0,0,4,0,0,0,0,0,30,4,0,0,0,0,1,0,4,0,4,0,0,0,0,16,1,0
D:\Project\Hibernate-ORM-Tutorials-master\Hibernate-ORM-Tutorials-master\hibernate-tutorial\src\main\java\net\javaguides\hibernate\hibernate_tutorial\App.java,net.javaguides.hibernate.hibernate_tutorial.App,class,0,0,0,0,1,1,0,1,0,0.0,NaN,NaN,1,1,1,0,0,0,1,0,0,0,0,0,0,0,0,0,0,0,0,5,0,0,0,0,0,1,0,0,0,0,0,0,0,0,6,1,0
D:\Project\Hibernate-ORM-Tutorials-master\Hibernate-ORM-Tutorials-master\registration-jsp-servlet-hibernate-example\src\net\javaguides\hibernate\dao\UserDao.java,UserDao,class,1,1,0,1,3,1,0,7,0,0.0,NaN,NaN,1,0,1,0,0,0,1,0,0,0,0,0,0,0,0,0,0,0,0,16,0,0,1,1,0,0,0,3,0,2,2,0,0,0,12,1,0
D:\Project\Hibernate-ORM-Tutorials-master\Hibernate-ORM-Tutorials-master\login-jsp-servlet-hibernate-mysql-example\src\net\javaguides\hibernate\dao\UserDao.java,net.javaguides.hibernate.dao.UserDao,class,3,5,2,3,8,1,0,12,1,0.0,0.0,0.0,2,0,2,0,0,0,2,0,0,0,0,0,0,0,0,0,0,0,2,35,2,0,3,2,0,2,0,8,0,5,2,0,0,0,20,1,0
D:\Project\Hibernate-ORM-Tutorials-master\Hibernate-ORM-Tutorials-master\hibernate-tutorial\hibernate-one-to-one-bi-example\src\main\java\net\javaguides\hibernate\dao\InstructorDetailDao.java,InstructorDetailDao,class,2,3,1,2,9,1,0,9,3,0.0,0.0,0.0,3,0,3,0,0,0,3,0,0,0,0,0,0,0,0,0,0,0,0,46,1,0,3,3,0,0,0,11,0,7,2,0,0,0,15,1,0
D:\Project\Hibernate-ORM-Tutorials-master\Hibernate-ORM-Tutorials-master\hibernate-remove-entity-exmaple\src\main\java\net\javaguides\hibernate\dao\SessionSaveExample.java,net.javaguides.hibernate.dao.SessionSaveExample,class,3,3,0,3,3,1,0,7,0,0.0,NaN,NaN,1,0,1,0,0,0,1,0,0,0,0,0,0,0,0,0,0,0,1,16,0,0,1,1,0,0,0,3,0,2,2,0,0,0,12,1,0
D:\Project\Hibernate-ORM-Tutorials-master\Hibernate-ORM-Tutorials-master\hibernate-enum-type-example\src\main\java\net\javaguides\hibernate\entity\Project.java,net.javaguides.hibernate.entity.Project,class,7,9,2,7,6,1,0,0,9,0.6666667,0.2,0.2,6,0,6,0,0,0,6,0,0,0,3,0,0,3,0,0,0,0,0,23,3,0,0,0,0,4,0,3,0,3,0,0,0,0,10,1,0
D:\Project\Hibernate-ORM-Tutorials-master\Hibernate-ORM-Tutorials-master\login-jsp-servlet-hibernate-mysql-example\src\net\javaguides\hibernate\model\User.java,net.javaguides.hibernate.model.User,class,5,7,2,5,8,1,0,0,20,0.8333333,0.14285715,0.14285715,8,0,8,0,0,0,8,0,0,0,6,1,0,6,0,0,1,0,0,32,4,0,0,0,0,5,1,5,0,6,0,0,0,0,23,1,0
D:\Project\Hibernate-ORM-Tutorials-master\Hibernate-ORM-Tutorials-master\hibernate-inheritance-singletable\src\main\java\net\javaguides\hibernate\entity\DebitAccount.java,net.javaguides.hibernate.entity.DebitAccount,class,2,2,0,2,2,2,0,0,0,0.0,1.0,1.0,2,0,2,0,0,0,2,0,0,0,1,0,0,1,0,0,0,0,0,9,1,0,0,0,0,1,0,1,0,1,0,0,0,0,8,1,0
D:\Project\Hibernate-ORM-Tutorials-master\Hibernate-ORM-Tutorials-master\hibernate-tutorial\hibernate-one-to-one-example\src\main\java\net\javaguides\hibernate\ManApp.java,ManApp,class,3,7,0,7,1,1,0,2,0,0.0,NaN,NaN,1,1,1,0,0,0,1,0,0,0,0,0,0,0,0,0,0,0,0,9,0,0,0,0,0,5,0,3,0,3,0,0,0,0,8,1,0
D:\Project\Hibernate-ORM-Tutorials-master\Hibernate-ORM-Tutorials-master\hibernate-tutorial\hibernate-remove-entity-exmaple\src\main\java\net\javaguides\hibernate\dao\SessionSaveExample.java,SessionSaveExample,class,1,2,1,1,3,1,0,7,0,0.0,NaN,NaN,1,0,1,0,0,0,1,0,0,0,0,0,0,0,0,0,0,0,0,16,0,0,1,1,0,0,0,3,0,2,2,0,0,0,12,1,0
D:\Project\Hibernate-ORM-Tutorials-master\Hibernate-ORM-Tutorials-master\hibernate-enum-type-example\src\main\java\net\javaguides\hibernate\entity\ProjectStatus.java,net.javaguides.hibernate.entity.ProjectStatus,enum,0,1,1,0,0,1,0,0,0,0.0,-1.0,-1.0,0,0,0,0,0,0,0,0,0,0,0,0,0,0,0,0,0,0,0,1,0,0,0,0,0,0,0,0,0,0,0,0,0,0,9,1,0
D:\Project\Hibernate-ORM-Tutorials-master\Hibernate-ORM-Tutorials-master\hibernate-mappedsuperclass-example\src\main\java\net\javaguides\hibernate\entity\DebitAccount.java,DebitAccount,class,2,4,1,3,2,1,0,0,0,0.0,0.0,0.0,2,0,2,0,0,0,2,0,0,0,1,0,0,1,0,0,0,0,0,9,1,0,0,0,0,1,0,1,0,1,0,0,0,0,8,1,0
D:\Project\Hibernate-ORM-Tutorials-master\Hibernate-ORM-Tutorials-master\hibernate-Embeddable-example\src\main\java\net\javaguides\hibernate\entity\User.java,net.javaguides.hibernate.entity.User,class,10,10,0,10,10,1,0,0,25,0.725,0.22222222,0.4888889,10,0,10,0,0,0,10,0,0,0,4,0,0,4,0,0,0,0,0,37,4,0,0,0,0,5,0,7,0,4,0,0,0,0,17,1,0
D:\Project\Hibernate-ORM-Tutorials-master\Hibernate-ORM-Tutorials-master\hibernate-Embeddable-example\src\main\java\net\javaguides\hibernate\entity\Address.java,net.javaguides.hibernate.entity.Address,class,1,2,1,1,14,1,0,0,55,0.7857142,0.1978022,0.85714287,14,0,14,0,0,0,14,0,0,0,6,0,0,6,0,0,0,0,0,54,6,0,0,0,0,0,0,12,0,6,0,0,0,0,15,1,0
D:\Project\Hibernate-ORM-Tutorials-master\Hibernate-ORM-Tutorials-master\hibernate-tutorial\hibernate-one-to-one-example\src\main\java\net\javaguides\hibernate\dao\InstructorDao.java,InstructorDao,class,2,5,1,4,13,1,0,11,6,0.0,0.0,0.0,4,0,4,0,0,0,4,0,0,0,0,0,0,0,0,0,0,0,0,64,1,0,5,4,0,1,0,15,0,10,2,0,0,0,16,1,0
D:\Project\Hibernate-ORM-Tutorials-master\Hibernate-ORM-Tutorials-master\hibernate-lazy-vs-eager-example\src\main\java\net\javaguides\hibernate\entity\Course.java,net.javaguides.hibernate.entity.Course,class,8,11,3,8,9,1,0,0,16,0.6666667,0.2777778,0.44444445,9,0,9,0,0,0,9,0,0,0,3,0,0,3,0,0,0,0,0,31,4,0,0,0,0,7,0,4,1,3,0,0,0,0,14,1,0
D:\Project\Hibernate-ORM-Tutorials-master\Hibernate-ORM-Tutorials-master\jsp-servlet-hibernate-crud-todo-app\src\net\javaguides\todoapp\dao\TodoDao.java,net.javaguides.todoapp.dao.TodoDao,interface,1,3,2,1,5,1,0,0,10,0.0,0.0,0.0,5,0,0,0,0,5,5,0,0,0,0,0,0,0,0,0,0,0,0,7,0,0,0,0,0,0,0,0,0,0,0,0,0,0,15,1,0
D:\Project\Hibernate-ORM-Tutorials-master\Hibernate-ORM-Tutorials-master\hibernate-inheritance-singletable\src\main\java\net\javaguides\hibernate\entity\Account.java,net.javaguides.hibernate.entity.Account,class,4,6,2,4,8,1,2,0,20,0.75,0.14285715,0.14285715,8,0,8,0,0,0,8,0,0,0,4,0,0,4,0,0,0,0,0,30,4,0,0,0,0,1,0,4,0,4,0,0,0,0,15,1025,0
D:\Project\Hibernate-ORM-Tutorials-master\Hibernate-ORM-Tutorials-master\login-jsp-servlet-hibernate-mysql-example\src\net\javaguides\hibernate\web\LoginController.java,net.javaguides.hibernate.web.LoginController,class,7,8,1,7,6,2,0,7,4,0.75,0.0,0.0,4,0,1,1,2,0,3,0,0,0,2,1,0,2,0,0,1,0,0,29,0,0,0,1,0,6,1,5,0,5,1,0,0,0,32,1,0
