file,class,method,variable,usage
D:\Project\Hibernate-ORM-Tutorials-master\Hibernate-ORM-Tutorials-master\hibernate-c3p0-pooling-example\src\main\java\net\javaguides\hibernate\entity\Student.java,net.javaguides.hibernate.entity.Student,"Student/3[java.lang.String,java.lang.String,java.lang.String]",firstName,3
D:\Project\Hibernate-ORM-Tutorials-master\Hibernate-ORM-Tutorials-master\hibernate-c3p0-pooling-example\src\main\java\net\javaguides\hibernate\entity\Student.java,net.javaguides.hibernate.entity.Student,"Student/3[java.lang.String,java.lang.String,java.lang.String]",lastName,3
D:\Project\Hibernate-ORM-Tutorials-master\Hibernate-ORM-Tutorials-master\hibernate-c3p0-pooling-example\src\main\java\net\javaguides\hibernate\entity\Student.java,net.javaguides.hibernate.entity.Student,"Student/3[java.lang.String,java.lang.String,java.lang.String]",email,3
D:\Project\Hibernate-ORM-Tutorials-master\Hibernate-ORM-Tutorials-master\hibernate-c3p0-pooling-example\src\main\java\net\javaguides\hibernate\entity\Student.java,net.javaguides.hibernate.entity.Student,setLastName/1[java.lang.String],lastName,3
D:\Project\Hibernate-ORM-Tutorials-master\Hibernate-ORM-Tutorials-master\hibernate-c3p0-pooling-example\src\main\java\net\javaguides\hibernate\entity\Student.java,net.javaguides.hibernate.entity.Student,getFirstName/0,firstName,1
D:\Project\Hibernate-ORM-Tutorials-master\Hibernate-ORM-Tutorials-master\hibernate-c3p0-pooling-example\src\main\java\net\javaguides\hibernate\entity\Student.java,net.javaguides.hibernate.entity.Student,setEmail/1[java.lang.String],email,3
D:\Project\Hibernate-ORM-Tutorials-master\Hibernate-ORM-Tutorials-master\hibernate-c3p0-pooling-example\src\main\java\net\javaguides\hibernate\entity\Student.java,net.javaguides.hibernate.entity.Student,getId/0,id,1
D:\Project\Hibernate-ORM-Tutorials-master\Hibernate-ORM-Tutorials-master\hibernate-c3p0-pooling-example\src\main\java\net\javaguides\hibernate\entity\Student.java,net.javaguides.hibernate.entity.Student,setFirstName/1[java.lang.String],firstName,3
D:\Project\Hibernate-ORM-Tutorials-master\Hibernate-ORM-Tutorials-master\hibernate-c3p0-pooling-example\src\main\java\net\javaguides\hibernate\entity\Student.java,net.javaguides.hibernate.entity.Student,getLastName/0,lastName,1
D:\Project\Hibernate-ORM-Tutorials-master\Hibernate-ORM-Tutorials-master\hibernate-c3p0-pooling-example\src\main\java\net\javaguides\hibernate\entity\Student.java,net.javaguides.hibernate.entity.Student,toString/0,firstName,1
D:\Project\Hibernate-ORM-Tutorials-master\Hibernate-ORM-Tutorials-master\hibernate-c3p0-pooling-example\src\main\java\net\javaguides\hibernate\entity\Student.java,net.javaguides.hibernate.entity.Student,toString/0,lastName,1
D:\Project\Hibernate-ORM-Tutorials-master\Hibernate-ORM-Tutorials-master\hibernate-c3p0-pooling-example\src\main\java\net\javaguides\hibernate\entity\Student.java,net.javaguides.hibernate.entity.Student,toString/0,id,1
D:\Project\Hibernate-ORM-Tutorials-master\Hibernate-ORM-Tutorials-master\hibernate-c3p0-pooling-example\src\main\java\net\javaguides\hibernate\entity\Student.java,net.javaguides.hibernate.entity.Student,toString/0,email,1
D:\Project\Hibernate-ORM-Tutorials-master\Hibernate-ORM-Tutorials-master\hibernate-c3p0-pooling-example\src\main\java\net\javaguides\hibernate\entity\Student.java,net.javaguides.hibernate.entity.Student,setId/1[int],id,3
D:\Project\Hibernate-ORM-Tutorials-master\Hibernate-ORM-Tutorials-master\hibernate-c3p0-pooling-example\src\main\java\net\javaguides\hibernate\entity\Student.java,net.javaguides.hibernate.entity.Student,getEmail/0,email,1
D:\Project\Hibernate-ORM-Tutorials-master\Hibernate-ORM-Tutorials-master\hibernate-c3p0-pooling-example\src\main\java\net\javaguides\hibernate\util\HibernateUtil.java,net.javaguides.hibernate.util.HibernateUtil,getSessionFactory/0,sessionFactory,4
D:\Project\Hibernate-ORM-Tutorials-master\Hibernate-ORM-Tutorials-master\hibernate-tutorial\hibernate-batch-examples\src\main\java\Circle.java,Circle,"Circle/3[int,int,int]",yPos,1
D:\Project\Hibernate-ORM-Tutorials-master\Hibernate-ORM-Tutorials-master\hibernate-tutorial\hibernate-batch-examples\src\main\java\Circle.java,Circle,"Circle/3[int,int,int]",xPos,1
D:\Project\Hibernate-ORM-Tutorials-master\Hibernate-ORM-Tutorials-master\hibernate-tutorial\hibernate-batch-examples\src\main\java\Circle.java,Circle,"Circle/3[int,int,int]",radius,1
D:\Project\Hibernate-ORM-Tutorials-master\Hibernate-ORM-Tutorials-master\hibernate-tutorial\hibernate-batch-examples\src\main\java\Circle.java,Circle,Circle/0,yPos,1
D:\Project\Hibernate-ORM-Tutorials-master\Hibernate-ORM-Tutorials-master\hibernate-tutorial\hibernate-batch-examples\src\main\java\Circle.java,Circle,Circle/0,xPos,1
D:\Project\Hibernate-ORM-Tutorials-master\Hibernate-ORM-Tutorials-master\hibernate-tutorial\hibernate-batch-examples\src\main\java\Circle.java,Circle,Circle/0,radius,1
D:\Project\Hibernate-ORM-Tutorials-master\Hibernate-ORM-Tutorials-master\hibernate-tutorial\hibernate-batch-examples\src\main\java\Circle.java,Circle,"Circle/2[int,int]",yPos,1
D:\Project\Hibernate-ORM-Tutorials-master\Hibernate-ORM-Tutorials-master\hibernate-tutorial\hibernate-batch-examples\src\main\java\Circle.java,Circle,"Circle/2[int,int]",xPos,1
D:\Project\Hibernate-ORM-Tutorials-master\Hibernate-ORM-Tutorials-master\hibernate-tutorial\hibernate-batch-examples\src\main\java\Circle.java,Circle,"Circle/2[int,int]",radius,1
D:\Project\Hibernate-ORM-Tutorials-master\Hibernate-ORM-Tutorials-master\hibernate-tutorial\hibernate-batch-examples\src\main\java\Circle.java,Circle,toString/0,yPos,1
D:\Project\Hibernate-ORM-Tutorials-master\Hibernate-ORM-Tutorials-master\hibernate-tutorial\hibernate-batch-examples\src\main\java\Circle.java,Circle,toString/0,xPos,1
D:\Project\Hibernate-ORM-Tutorials-master\Hibernate-ORM-Tutorials-master\hibernate-tutorial\hibernate-batch-examples\src\main\java\Circle.java,Circle,toString/0,radius,1
D:\Project\Hibernate-ORM-Tutorials-master\Hibernate-ORM-Tutorials-master\jsp-servlet-hibernate-crud-todo-app\src\net\javaguides\todoapp\util\HibernateUtil.java,net.javaguides.todoapp.util.HibernateUtil,getSessionFactory/0,sessionFactory,4
D:\Project\Hibernate-ORM-Tutorials-master\Hibernate-ORM-Tutorials-master\hibernate-Embeddable-example\src\main\java\net\javaguides\hibernate\entity\Name.java,net.javaguides.hibernate.entity.Name,setLastName/1[java.lang.String],lastName,3
D:\Project\Hibernate-ORM-Tutorials-master\Hibernate-ORM-Tutorials-master\hibernate-Embeddable-example\src\main\java\net\javaguides\hibernate\entity\Name.java,net.javaguides.hibernate.entity.Name,getMiddleName/0,middleName,1
D:\Project\Hibernate-ORM-Tutorials-master\Hibernate-ORM-Tutorials-master\hibernate-Embeddable-example\src\main\java\net\javaguides\hibernate\entity\Name.java,net.javaguides.hibernate.entity.Name,getLastName/0,lastName,1
D:\Project\Hibernate-ORM-Tutorials-master\Hibernate-ORM-Tutorials-master\hibernate-Embeddable-example\src\main\java\net\javaguides\hibernate\entity\Name.java,net.javaguides.hibernate.entity.Name,setFirstName/1[java.lang.String],firstName,3
D:\Project\Hibernate-ORM-Tutorials-master\Hibernate-ORM-Tutorials-master\hibernate-Embeddable-example\src\main\java\net\javaguides\hibernate\entity\Name.java,net.javaguides.hibernate.entity.Name,"Name/3[java.lang.String,java.lang.String,java.lang.String]",firstName,3
D:\Project\Hibernate-ORM-Tutorials-master\Hibernate-ORM-Tutorials-master\hibernate-Embeddable-example\src\main\java\net\javaguides\hibernate\entity\Name.java,net.javaguides.hibernate.entity.Name,"Name/3[java.lang.String,java.lang.String,java.lang.String]",lastName,3
D:\Project\Hibernate-ORM-Tutorials-master\Hibernate-ORM-Tutorials-master\hibernate-Embeddable-example\src\main\java\net\javaguides\hibernate\entity\Name.java,net.javaguides.hibernate.entity.Name,"Name/3[java.lang.String,java.lang.String,java.lang.String]",middleName,3
D:\Project\Hibernate-ORM-Tutorials-master\Hibernate-ORM-Tutorials-master\hibernate-Embeddable-example\src\main\java\net\javaguides\hibernate\entity\Name.java,net.javaguides.hibernate.entity.Name,getFirstName/0,firstName,1
D:\Project\Hibernate-ORM-Tutorials-master\Hibernate-ORM-Tutorials-master\hibernate-Embeddable-example\src\main\java\net\javaguides\hibernate\entity\Name.java,net.javaguides.hibernate.entity.Name,setMiddleName/1[java.lang.String],middleName,3
D:\Project\Hibernate-ORM-Tutorials-master\Hibernate-ORM-Tutorials-master\hibernate-inheritance-singletable\src\main\java\net\javaguides\hibernate\entity\CreditAccount.java,net.javaguides.hibernate.entity.CreditAccount,getCreditLimit/0,creditLimit,1
D:\Project\Hibernate-ORM-Tutorials-master\Hibernate-ORM-Tutorials-master\hibernate-inheritance-singletable\src\main\java\net\javaguides\hibernate\entity\CreditAccount.java,net.javaguides.hibernate.entity.CreditAccount,setCreditLimit/1[double],creditLimit,3
D:\Project\Hibernate-ORM-Tutorials-master\Hibernate-ORM-Tutorials-master\hibernate-lazy-vs-eager-example\src\main\java\net\javaguides\hibernate\entity\InstructorDetail.java,net.javaguides.hibernate.entity.InstructorDetail,getId/0,id,1
D:\Project\Hibernate-ORM-Tutorials-master\Hibernate-ORM-Tutorials-master\hibernate-lazy-vs-eager-example\src\main\java\net\javaguides\hibernate\entity\InstructorDetail.java,net.javaguides.hibernate.entity.InstructorDetail,setYoutubeChannel/1[java.lang.String],youtubeChannel,3
D:\Project\Hibernate-ORM-Tutorials-master\Hibernate-ORM-Tutorials-master\hibernate-lazy-vs-eager-example\src\main\java\net\javaguides\hibernate\entity\InstructorDetail.java,net.javaguides.hibernate.entity.InstructorDetail,setId/1[int],id,3
D:\Project\Hibernate-ORM-Tutorials-master\Hibernate-ORM-Tutorials-master\hibernate-lazy-vs-eager-example\src\main\java\net\javaguides\hibernate\entity\InstructorDetail.java,net.javaguides.hibernate.entity.InstructorDetail,toString/0,youtubeChannel,1
D:\Project\Hibernate-ORM-Tutorials-master\Hibernate-ORM-Tutorials-master\hibernate-lazy-vs-eager-example\src\main\java\net\javaguides\hibernate\entity\InstructorDetail.java,net.javaguides.hibernate.entity.InstructorDetail,toString/0,id,1
D:\Project\Hibernate-ORM-Tutorials-master\Hibernate-ORM-Tutorials-master\hibernate-lazy-vs-eager-example\src\main\java\net\javaguides\hibernate\entity\InstructorDetail.java,net.javaguides.hibernate.entity.InstructorDetail,toString/0,hobby,1
D:\Project\Hibernate-ORM-Tutorials-master\Hibernate-ORM-Tutorials-master\hibernate-lazy-vs-eager-example\src\main\java\net\javaguides\hibernate\entity\InstructorDetail.java,net.javaguides.hibernate.entity.InstructorDetail,"InstructorDetail/2[java.lang.String,java.lang.String]",youtubeChannel,3
D:\Project\Hibernate-ORM-Tutorials-master\Hibernate-ORM-Tutorials-master\hibernate-lazy-vs-eager-example\src\main\java\net\javaguides\hibernate\entity\InstructorDetail.java,net.javaguides.hibernate.entity.InstructorDetail,"InstructorDetail/2[java.lang.String,java.lang.String]",hobby,3
D:\Project\Hibernate-ORM-Tutorials-master\Hibernate-ORM-Tutorials-master\hibernate-lazy-vs-eager-example\src\main\java\net\javaguides\hibernate\entity\InstructorDetail.java,net.javaguides.hibernate.entity.InstructorDetail,setHobby/1[java.lang.String],hobby,3
D:\Project\Hibernate-ORM-Tutorials-master\Hibernate-ORM-Tutorials-master\hibernate-lazy-vs-eager-example\src\main\java\net\javaguides\hibernate\entity\InstructorDetail.java,net.javaguides.hibernate.entity.InstructorDetail,getHobby/0,hobby,1
D:\Project\Hibernate-ORM-Tutorials-master\Hibernate-ORM-Tutorials-master\hibernate-lazy-vs-eager-example\src\main\java\net\javaguides\hibernate\entity\InstructorDetail.java,net.javaguides.hibernate.entity.InstructorDetail,getYoutubeChannel/0,youtubeChannel,1
D:\Project\Hibernate-ORM-Tutorials-master\Hibernate-ORM-Tutorials-master\hibernate-lazy-vs-eager-example\src\main\java\net\javaguides\hibernate\entity\Instructor.java,net.javaguides.hibernate.entity.Instructor,setLastName/1[java.lang.String],lastName,3
D:\Project\Hibernate-ORM-Tutorials-master\Hibernate-ORM-Tutorials-master\hibernate-lazy-vs-eager-example\src\main\java\net\javaguides\hibernate\entity\Instructor.java,net.javaguides.hibernate.entity.Instructor,getCourses/0,courses,1
D:\Project\Hibernate-ORM-Tutorials-master\Hibernate-ORM-Tutorials-master\hibernate-lazy-vs-eager-example\src\main\java\net\javaguides\hibernate\entity\Instructor.java,net.javaguides.hibernate.entity.Instructor,getFirstName/0,firstName,1
D:\Project\Hibernate-ORM-Tutorials-master\Hibernate-ORM-Tutorials-master\hibernate-lazy-vs-eager-example\src\main\java\net\javaguides\hibernate\entity\Instructor.java,net.javaguides.hibernate.entity.Instructor,setEmail/1[java.lang.String],email,3
D:\Project\Hibernate-ORM-Tutorials-master\Hibernate-ORM-Tutorials-master\hibernate-lazy-vs-eager-example\src\main\java\net\javaguides\hibernate\entity\Instructor.java,net.javaguides.hibernate.entity.Instructor,getLastName/0,lastName,1
D:\Project\Hibernate-ORM-Tutorials-master\Hibernate-ORM-Tutorials-master\hibernate-lazy-vs-eager-example\src\main\java\net\javaguides\hibernate\entity\Instructor.java,net.javaguides.hibernate.entity.Instructor,getInstructorDetail/0,instructorDetail,1
D:\Project\Hibernate-ORM-Tutorials-master\Hibernate-ORM-Tutorials-master\hibernate-lazy-vs-eager-example\src\main\java\net\javaguides\hibernate\entity\Instructor.java,net.javaguides.hibernate.entity.Instructor,setInstructorDetail/1[net.javaguides.hibernate.entity.InstructorDetail],instructorDetail,3
D:\Project\Hibernate-ORM-Tutorials-master\Hibernate-ORM-Tutorials-master\hibernate-lazy-vs-eager-example\src\main\java\net\javaguides\hibernate\entity\Instructor.java,net.javaguides.hibernate.entity.Instructor,getEmail/0,email,1
D:\Project\Hibernate-ORM-Tutorials-master\Hibernate-ORM-Tutorials-master\hibernate-lazy-vs-eager-example\src\main\java\net\javaguides\hibernate\entity\Instructor.java,net.javaguides.hibernate.entity.Instructor,toString/0,instructorDetail,1
D:\Project\Hibernate-ORM-Tutorials-master\Hibernate-ORM-Tutorials-master\hibernate-lazy-vs-eager-example\src\main\java\net\javaguides\hibernate\entity\Instructor.java,net.javaguides.hibernate.entity.Instructor,toString/0,firstName,1
D:\Project\Hibernate-ORM-Tutorials-master\Hibernate-ORM-Tutorials-master\hibernate-lazy-vs-eager-example\src\main\java\net\javaguides\hibernate\entity\Instructor.java,net.javaguides.hibernate.entity.Instructor,toString/0,lastName,1
D:\Project\Hibernate-ORM-Tutorials-master\Hibernate-ORM-Tutorials-master\hibernate-lazy-vs-eager-example\src\main\java\net\javaguides\hibernate\entity\Instructor.java,net.javaguides.hibernate.entity.Instructor,toString/0,id,1
D:\Project\Hibernate-ORM-Tutorials-master\Hibernate-ORM-Tutorials-master\hibernate-lazy-vs-eager-example\src\main\java\net\javaguides\hibernate\entity\Instructor.java,net.javaguides.hibernate.entity.Instructor,toString/0,email,1
D:\Project\Hibernate-ORM-Tutorials-master\Hibernate-ORM-Tutorials-master\hibernate-lazy-vs-eager-example\src\main\java\net\javaguides\hibernate\entity\Instructor.java,net.javaguides.hibernate.entity.Instructor,setFirstName/1[java.lang.String],firstName,3
D:\Project\Hibernate-ORM-Tutorials-master\Hibernate-ORM-Tutorials-master\hibernate-lazy-vs-eager-example\src\main\java\net\javaguides\hibernate\entity\Instructor.java,net.javaguides.hibernate.entity.Instructor,getId/0,id,1
D:\Project\Hibernate-ORM-Tutorials-master\Hibernate-ORM-Tutorials-master\hibernate-lazy-vs-eager-example\src\main\java\net\javaguides\hibernate\entity\Instructor.java,net.javaguides.hibernate.entity.Instructor,setCourses/1[java.util.List<net.javaguides.hibernate.entity.Course>],courses,3
D:\Project\Hibernate-ORM-Tutorials-master\Hibernate-ORM-Tutorials-master\hibernate-lazy-vs-eager-example\src\main\java\net\javaguides\hibernate\entity\Instructor.java,net.javaguides.hibernate.entity.Instructor,setId/1[int],id,3
D:\Project\Hibernate-ORM-Tutorials-master\Hibernate-ORM-Tutorials-master\hibernate-lazy-vs-eager-example\src\main\java\net\javaguides\hibernate\entity\Instructor.java,net.javaguides.hibernate.entity.Instructor,"Instructor/3[java.lang.String,java.lang.String,java.lang.String]",firstName,3
D:\Project\Hibernate-ORM-Tutorials-master\Hibernate-ORM-Tutorials-master\hibernate-lazy-vs-eager-example\src\main\java\net\javaguides\hibernate\entity\Instructor.java,net.javaguides.hibernate.entity.Instructor,"Instructor/3[java.lang.String,java.lang.String,java.lang.String]",lastName,3
D:\Project\Hibernate-ORM-Tutorials-master\Hibernate-ORM-Tutorials-master\hibernate-lazy-vs-eager-example\src\main\java\net\javaguides\hibernate\entity\Instructor.java,net.javaguides.hibernate.entity.Instructor,"Instructor/3[java.lang.String,java.lang.String,java.lang.String]",email,3
D:\Project\Hibernate-ORM-Tutorials-master\Hibernate-ORM-Tutorials-master\jsp-servlet-hibernate-crud-todo-app\src\net\javaguides\todoapp\web\TodoController.java,net.javaguides.todoapp.web.TodoController,"insertTodo/2[net.javaguides.todoapp.web.HttpServletRequest,net.javaguides.todoapp.web.HttpServletResponse]",todoDAO,1
D:\Project\Hibernate-ORM-Tutorials-master\Hibernate-ORM-Tutorials-master\jsp-servlet-hibernate-crud-todo-app\src\net\javaguides\todoapp\web\TodoController.java,net.javaguides.todoapp.web.TodoController,"deleteTodo/2[net.javaguides.todoapp.web.HttpServletRequest,net.javaguides.todoapp.web.HttpServletResponse]",todoDAO,1
D:\Project\Hibernate-ORM-Tutorials-master\Hibernate-ORM-Tutorials-master\jsp-servlet-hibernate-crud-todo-app\src\net\javaguides\todoapp\web\TodoController.java,net.javaguides.todoapp.web.TodoController,"listTodo/2[net.javaguides.todoapp.web.HttpServletRequest,net.javaguides.todoapp.web.HttpServletResponse]",todoDAO,1
D:\Project\Hibernate-ORM-Tutorials-master\Hibernate-ORM-Tutorials-master\jsp-servlet-hibernate-crud-todo-app\src\net\javaguides\todoapp\web\TodoController.java,net.javaguides.todoapp.web.TodoController,"showEditForm/2[net.javaguides.todoapp.web.HttpServletRequest,net.javaguides.todoapp.web.HttpServletResponse]",todoDAO,1
D:\Project\Hibernate-ORM-Tutorials-master\Hibernate-ORM-Tutorials-master\jsp-servlet-hibernate-crud-todo-app\src\net\javaguides\todoapp\web\TodoController.java,net.javaguides.todoapp.web.TodoController,"updateTodo/2[net.javaguides.todoapp.web.HttpServletRequest,net.javaguides.todoapp.web.HttpServletResponse]",todoDAO,1
D:\Project\Hibernate-ORM-Tutorials-master\Hibernate-ORM-Tutorials-master\jsp-servlet-hibernate-crud-todo-app\src\net\javaguides\todoapp\web\TodoController.java,net.javaguides.todoapp.web.TodoController,init/0,todoDAO,1
D:\Project\Hibernate-ORM-Tutorials-master\Hibernate-ORM-Tutorials-master\hibernate-jpa-example\src\main\java\net\javaguides\hibernate\util\JPAUtil.java,net.javaguides.hibernate.util.JPAUtil,shutdown/0,factory,2
D:\Project\Hibernate-ORM-Tutorials-master\Hibernate-ORM-Tutorials-master\hibernate-jpa-example\src\main\java\net\javaguides\hibernate\util\JPAUtil.java,net.javaguides.hibernate.util.JPAUtil,getEntityManagerFactory/0,factory,3
D:\Project\Hibernate-ORM-Tutorials-master\Hibernate-ORM-Tutorials-master\hibernate-jpa-example\src\main\java\net\javaguides\hibernate\util\JPAUtil.java,net.javaguides.hibernate.util.JPAUtil,getEntityManagerFactory/0,PERSISTENCE_UNIT_NAME,1
D:\Project\Hibernate-ORM-Tutorials-master\Hibernate-ORM-Tutorials-master\jsp-servlet-hibernate-crud-todo-app\src\net\javaguides\todoapp\model\Todo.java,net.javaguides.todoapp.model.Todo,getId/0,id,1
D:\Project\Hibernate-ORM-Tutorials-master\Hibernate-ORM-Tutorials-master\jsp-servlet-hibernate-crud-todo-app\src\net\javaguides\todoapp\model\Todo.java,net.javaguides.todoapp.model.Todo,"Todo/6[long,java.lang.String,java.lang.String,java.lang.String,java.time.LocalDate,boolean]",targetDate,3
D:\Project\Hibernate-ORM-Tutorials-master\Hibernate-ORM-Tutorials-master\jsp-servlet-hibernate-crud-todo-app\src\net\javaguides\todoapp\model\Todo.java,net.javaguides.todoapp.model.Todo,"Todo/6[long,java.lang.String,java.lang.String,java.lang.String,java.time.LocalDate,boolean]",description,3
D:\Project\Hibernate-ORM-Tutorials-master\Hibernate-ORM-Tutorials-master\jsp-servlet-hibernate-crud-todo-app\src\net\javaguides\todoapp\model\Todo.java,net.javaguides.todoapp.model.Todo,"Todo/6[long,java.lang.String,java.lang.String,java.lang.String,java.time.LocalDate,boolean]",id,3
D:\Project\Hibernate-ORM-Tutorials-master\Hibernate-ORM-Tutorials-master\jsp-servlet-hibernate-crud-todo-app\src\net\javaguides\todoapp\model\Todo.java,net.javaguides.todoapp.model.Todo,"Todo/6[long,java.lang.String,java.lang.String,java.lang.String,java.time.LocalDate,boolean]",title,3
D:\Project\Hibernate-ORM-Tutorials-master\Hibernate-ORM-Tutorials-master\jsp-servlet-hibernate-crud-todo-app\src\net\javaguides\todoapp\model\Todo.java,net.javaguides.todoapp.model.Todo,"Todo/6[long,java.lang.String,java.lang.String,java.lang.String,java.time.LocalDate,boolean]",username,3
D:\Project\Hibernate-ORM-Tutorials-master\Hibernate-ORM-Tutorials-master\jsp-servlet-hibernate-crud-todo-app\src\net\javaguides\todoapp\model\Todo.java,net.javaguides.todoapp.model.Todo,"Todo/6[long,java.lang.String,java.lang.String,java.lang.String,java.time.LocalDate,boolean]",status,1
D:\Project\Hibernate-ORM-Tutorials-master\Hibernate-ORM-Tutorials-master\jsp-servlet-hibernate-crud-todo-app\src\net\javaguides\todoapp\model\Todo.java,net.javaguides.todoapp.model.Todo,getStatus/0,status,1
D:\Project\Hibernate-ORM-Tutorials-master\Hibernate-ORM-Tutorials-master\jsp-servlet-hibernate-crud-todo-app\src\net\javaguides\todoapp\model\Todo.java,net.javaguides.todoapp.model.Todo,getUsername/0,username,1
D:\Project\Hibernate-ORM-Tutorials-master\Hibernate-ORM-Tutorials-master\jsp-servlet-hibernate-crud-todo-app\src\net\javaguides\todoapp\model\Todo.java,net.javaguides.todoapp.model.Todo,equals/1[java.lang.Object],id,1
D:\Project\Hibernate-ORM-Tutorials-master\Hibernate-ORM-Tutorials-master\jsp-servlet-hibernate-crud-todo-app\src\net\javaguides\todoapp\model\Todo.java,net.javaguides.todoapp.model.Todo,getTitle/0,title,1
D:\Project\Hibernate-ORM-Tutorials-master\Hibernate-ORM-Tutorials-master\jsp-servlet-hibernate-crud-todo-app\src\net\javaguides\todoapp\model\Todo.java,net.javaguides.todoapp.model.Todo,"Todo/5[java.lang.String,java.lang.String,java.lang.String,java.time.LocalDate,boolean]",targetDate,3
D:\Project\Hibernate-ORM-Tutorials-master\Hibernate-ORM-Tutorials-master\jsp-servlet-hibernate-crud-todo-app\src\net\javaguides\todoapp\model\Todo.java,net.javaguides.todoapp.model.Todo,"Todo/5[java.lang.String,java.lang.String,java.lang.String,java.time.LocalDate,boolean]",description,3
D:\Project\Hibernate-ORM-Tutorials-master\Hibernate-ORM-Tutorials-master\jsp-servlet-hibernate-crud-todo-app\src\net\javaguides\todoapp\model\Todo.java,net.javaguides.todoapp.model.Todo,"Todo/5[java.lang.String,java.lang.String,java.lang.String,java.time.LocalDate,boolean]",title,3
D:\Project\Hibernate-ORM-Tutorials-master\Hibernate-ORM-Tutorials-master\jsp-servlet-hibernate-crud-todo-app\src\net\javaguides\todoapp\model\Todo.java,net.javaguides.todoapp.model.Todo,"Todo/5[java.lang.String,java.lang.String,java.lang.String,java.time.LocalDate,boolean]",username,3
D:\Project\Hibernate-ORM-Tutorials-master\Hibernate-ORM-Tutorials-master\jsp-servlet-hibernate-crud-todo-app\src\net\javaguides\todoapp\model\Todo.java,net.javaguides.todoapp.model.Todo,"Todo/5[java.lang.String,java.lang.String,java.lang.String,java.time.LocalDate,boolean]",status,1
D:\Project\Hibernate-ORM-Tutorials-master\Hibernate-ORM-Tutorials-master\jsp-servlet-hibernate-crud-todo-app\src\net\javaguides\todoapp\model\Todo.java,net.javaguides.todoapp.model.Todo,setDescription/1[java.lang.String],description,3
D:\Project\Hibernate-ORM-Tutorials-master\Hibernate-ORM-Tutorials-master\jsp-servlet-hibernate-crud-todo-app\src\net\javaguides\todoapp\model\Todo.java,net.javaguides.todoapp.model.Todo,setUsername/1[java.lang.String],username,3
D:\Project\Hibernate-ORM-Tutorials-master\Hibernate-ORM-Tutorials-master\jsp-servlet-hibernate-crud-todo-app\src\net\javaguides\todoapp\model\Todo.java,net.javaguides.todoapp.model.Todo,getTargetDate/0,targetDate,1
D:\Project\Hibernate-ORM-Tutorials-master\Hibernate-ORM-Tutorials-master\jsp-servlet-hibernate-crud-todo-app\src\net\javaguides\todoapp\model\Todo.java,net.javaguides.todoapp.model.Todo,setTargetDate/1[java.time.LocalDate],targetDate,3
D:\Project\Hibernate-ORM-Tutorials-master\Hibernate-ORM-Tutorials-master\jsp-servlet-hibernate-crud-todo-app\src\net\javaguides\todoapp\model\Todo.java,net.javaguides.todoapp.model.Todo,getDescription/0,description,1
D:\Project\Hibernate-ORM-Tutorials-master\Hibernate-ORM-Tutorials-master\jsp-servlet-hibernate-crud-todo-app\src\net\javaguides\todoapp\model\Todo.java,net.javaguides.todoapp.model.Todo,setStatus/1[boolean],status,3
D:\Project\Hibernate-ORM-Tutorials-master\Hibernate-ORM-Tutorials-master\jsp-servlet-hibernate-crud-todo-app\src\net\javaguides\todoapp\model\Todo.java,net.javaguides.todoapp.model.Todo,hashCode/0,id,2
D:\Project\Hibernate-ORM-Tutorials-master\Hibernate-ORM-Tutorials-master\jsp-servlet-hibernate-crud-todo-app\src\net\javaguides\todoapp\model\Todo.java,net.javaguides.todoapp.model.Todo,setId/1[java.lang.Long],id,3
D:\Project\Hibernate-ORM-Tutorials-master\Hibernate-ORM-Tutorials-master\jsp-servlet-hibernate-crud-todo-app\src\net\javaguides\todoapp\model\Todo.java,net.javaguides.todoapp.model.Todo,setTitle/1[java.lang.String],title,3
D:\Project\Hibernate-ORM-Tutorials-master\Hibernate-ORM-Tutorials-master\registration-jsp-servlet-hibernate-example\src\net\javaguides\hibernate\web\UserController.java,net.javaguides.hibernate.web.UserController,"register/2[net.javaguides.hibernate.web.HttpServletRequest,net.javaguides.hibernate.web.HttpServletResponse]",userDao,1
D:\Project\Hibernate-ORM-Tutorials-master\Hibernate-ORM-Tutorials-master\registration-jsp-servlet-hibernate-example\src\net\javaguides\hibernate\web\UserController.java,net.javaguides.hibernate.web.UserController,init/0,userDao,1
D:\Project\Hibernate-ORM-Tutorials-master\Hibernate-ORM-Tutorials-master\hibernate-java8-date-support\src\main\java\net\javaguides\hibernate\entity\SimpleEntity.java,net.javaguides.hibernate.entity.SimpleEntity,setDate/1[java.time.LocalDate],date,3
D:\Project\Hibernate-ORM-Tutorials-master\Hibernate-ORM-Tutorials-master\hibernate-java8-date-support\src\main\java\net\javaguides\hibernate\entity\SimpleEntity.java,net.javaguides.hibernate.entity.SimpleEntity,getDate/0,date,1
D:\Project\Hibernate-ORM-Tutorials-master\Hibernate-ORM-Tutorials-master\hibernate-java8-date-support\src\main\java\net\javaguides\hibernate\entity\SimpleEntity.java,net.javaguides.hibernate.entity.SimpleEntity,getDateTime/0,dateTime,1
D:\Project\Hibernate-ORM-Tutorials-master\Hibernate-ORM-Tutorials-master\hibernate-java8-date-support\src\main\java\net\javaguides\hibernate\entity\SimpleEntity.java,net.javaguides.hibernate.entity.SimpleEntity,setDateTime/1[java.time.LocalDateTime],dateTime,3
D:\Project\Hibernate-ORM-Tutorials-master\Hibernate-ORM-Tutorials-master\hibernate-java8-date-support\src\main\java\net\javaguides\hibernate\entity\SimpleEntity.java,net.javaguides.hibernate.entity.SimpleEntity,setDuration/1[java.time.Duration],duration,3
D:\Project\Hibernate-ORM-Tutorials-master\Hibernate-ORM-Tutorials-master\hibernate-java8-date-support\src\main\java\net\javaguides\hibernate\entity\SimpleEntity.java,net.javaguides.hibernate.entity.SimpleEntity,getDuration/0,duration,1
D:\Project\Hibernate-ORM-Tutorials-master\Hibernate-ORM-Tutorials-master\hibernate-java8-date-support\src\main\java\net\javaguides\hibernate\entity\SimpleEntity.java,net.javaguides.hibernate.entity.SimpleEntity,getId/0,id,1
D:\Project\Hibernate-ORM-Tutorials-master\Hibernate-ORM-Tutorials-master\hibernate-java8-date-support\src\main\java\net\javaguides\hibernate\entity\SimpleEntity.java,net.javaguides.hibernate.entity.SimpleEntity,setId/1[java.lang.Long],id,3
D:\Project\Hibernate-ORM-Tutorials-master\Hibernate-ORM-Tutorials-master\hibernate-enum-type-example\src\main\java\net\javaguides\hibernate\entity\Project.java,net.javaguides.hibernate.entity.Project,getProjectStatus/0,projectStatus,1
D:\Project\Hibernate-ORM-Tutorials-master\Hibernate-ORM-Tutorials-master\hibernate-enum-type-example\src\main\java\net\javaguides\hibernate\entity\Project.java,net.javaguides.hibernate.entity.Project,getProjectName/0,projectName,1
D:\Project\Hibernate-ORM-Tutorials-master\Hibernate-ORM-Tutorials-master\hibernate-enum-type-example\src\main\java\net\javaguides\hibernate\entity\Project.java,net.javaguides.hibernate.entity.Project,setProjectName/1[java.lang.String],projectName,3
D:\Project\Hibernate-ORM-Tutorials-master\Hibernate-ORM-Tutorials-master\hibernate-enum-type-example\src\main\java\net\javaguides\hibernate\entity\Project.java,net.javaguides.hibernate.entity.Project,setProjectStatus/1[net.javaguides.hibernate.entity.ProjectStatus],projectStatus,3
D:\Project\Hibernate-ORM-Tutorials-master\Hibernate-ORM-Tutorials-master\hibernate-enum-type-example\src\main\java\net\javaguides\hibernate\entity\Project.java,net.javaguides.hibernate.entity.Project,getId/0,id,1
D:\Project\Hibernate-ORM-Tutorials-master\Hibernate-ORM-Tutorials-master\hibernate-enum-type-example\src\main\java\net\javaguides\hibernate\entity\Project.java,net.javaguides.hibernate.entity.Project,setId/1[int],id,3
D:\Project\Hibernate-ORM-Tutorials-master\Hibernate-ORM-Tutorials-master\login-jsp-servlet-hibernate-mysql-example\src\net\javaguides\hibernate\model\User.java,net.javaguides.hibernate.model.User,getUsername/0,username,1
D:\Project\Hibernate-ORM-Tutorials-master\Hibernate-ORM-Tutorials-master\login-jsp-servlet-hibernate-mysql-example\src\net\javaguides\hibernate\model\User.java,net.javaguides.hibernate.model.User,getFirstName/0,firstName,1
D:\Project\Hibernate-ORM-Tutorials-master\Hibernate-ORM-Tutorials-master\login-jsp-servlet-hibernate-mysql-example\src\net\javaguides\hibernate\model\User.java,net.javaguides.hibernate.model.User,setFirstName/1[java.lang.String],firstName,3
D:\Project\Hibernate-ORM-Tutorials-master\Hibernate-ORM-Tutorials-master\login-jsp-servlet-hibernate-mysql-example\src\net\javaguides\hibernate\model\User.java,net.javaguides.hibernate.model.User,setLastName/1[java.lang.String],lastName,3
D:\Project\Hibernate-ORM-Tutorials-master\Hibernate-ORM-Tutorials-master\login-jsp-servlet-hibernate-mysql-example\src\net\javaguides\hibernate\model\User.java,net.javaguides.hibernate.model.User,getPassword/0,password,1
D:\Project\Hibernate-ORM-Tutorials-master\Hibernate-ORM-Tutorials-master\login-jsp-servlet-hibernate-mysql-example\src\net\javaguides\hibernate\model\User.java,net.javaguides.hibernate.model.User,getLastName/0,lastName,1
D:\Project\Hibernate-ORM-Tutorials-master\Hibernate-ORM-Tutorials-master\login-jsp-servlet-hibernate-mysql-example\src\net\javaguides\hibernate\model\User.java,net.javaguides.hibernate.model.User,setUsername/1[java.lang.String],username,3
D:\Project\Hibernate-ORM-Tutorials-master\Hibernate-ORM-Tutorials-master\login-jsp-servlet-hibernate-mysql-example\src\net\javaguides\hibernate\model\User.java,net.javaguides.hibernate.model.User,setPassword/1[java.lang.String],password,3
D:\Project\Hibernate-ORM-Tutorials-master\Hibernate-ORM-Tutorials-master\hibernate-inheritance-singletable\src\main\java\net\javaguides\hibernate\entity\DebitAccount.java,net.javaguides.hibernate.entity.DebitAccount,setOverdraftFee/1[double],overdraftFee,3
D:\Project\Hibernate-ORM-Tutorials-master\Hibernate-ORM-Tutorials-master\hibernate-inheritance-singletable\src\main\java\net\javaguides\hibernate\entity\DebitAccount.java,net.javaguides.hibernate.entity.DebitAccount,getOverdraftFee/0,overdraftFee,1
D:\Project\Hibernate-ORM-Tutorials-master\Hibernate-ORM-Tutorials-master\hibernate-Embeddable-example\src\main\java\net\javaguides\hibernate\entity\User.java,net.javaguides.hibernate.entity.User,setEmail/1[java.lang.String],email,3
D:\Project\Hibernate-ORM-Tutorials-master\Hibernate-ORM-Tutorials-master\hibernate-Embeddable-example\src\main\java\net\javaguides\hibernate\entity\User.java,net.javaguides.hibernate.entity.User,getId/0,id,1
D:\Project\Hibernate-ORM-Tutorials-master\Hibernate-ORM-Tutorials-master\hibernate-Embeddable-example\src\main\java\net\javaguides\hibernate\entity\User.java,net.javaguides.hibernate.entity.User,setAddress/1[net.javaguides.hibernate.entity.Address],address,3
D:\Project\Hibernate-ORM-Tutorials-master\Hibernate-ORM-Tutorials-master\hibernate-Embeddable-example\src\main\java\net\javaguides\hibernate\entity\User.java,net.javaguides.hibernate.entity.User,getAddress/0,address,1
D:\Project\Hibernate-ORM-Tutorials-master\Hibernate-ORM-Tutorials-master\hibernate-Embeddable-example\src\main\java\net\javaguides\hibernate\entity\User.java,net.javaguides.hibernate.entity.User,getName/0,name,1
D:\Project\Hibernate-ORM-Tutorials-master\Hibernate-ORM-Tutorials-master\hibernate-Embeddable-example\src\main\java\net\javaguides\hibernate\entity\User.java,net.javaguides.hibernate.entity.User,setId/1[java.lang.Long],id,3
D:\Project\Hibernate-ORM-Tutorials-master\Hibernate-ORM-Tutorials-master\hibernate-Embeddable-example\src\main\java\net\javaguides\hibernate\entity\User.java,net.javaguides.hibernate.entity.User,getEmail/0,email,1
D:\Project\Hibernate-ORM-Tutorials-master\Hibernate-ORM-Tutorials-master\hibernate-Embeddable-example\src\main\java\net\javaguides\hibernate\entity\User.java,net.javaguides.hibernate.entity.User,"User/3[net.javaguides.hibernate.entity.Name,java.lang.String,net.javaguides.hibernate.entity.Address]",address,3
D:\Project\Hibernate-ORM-Tutorials-master\Hibernate-ORM-Tutorials-master\hibernate-Embeddable-example\src\main\java\net\javaguides\hibernate\entity\User.java,net.javaguides.hibernate.entity.User,"User/3[net.javaguides.hibernate.entity.Name,java.lang.String,net.javaguides.hibernate.entity.Address]",name,3
D:\Project\Hibernate-ORM-Tutorials-master\Hibernate-ORM-Tutorials-master\hibernate-Embeddable-example\src\main\java\net\javaguides\hibernate\entity\User.java,net.javaguides.hibernate.entity.User,"User/3[net.javaguides.hibernate.entity.Name,java.lang.String,net.javaguides.hibernate.entity.Address]",email,3
D:\Project\Hibernate-ORM-Tutorials-master\Hibernate-ORM-Tutorials-master\hibernate-Embeddable-example\src\main\java\net\javaguides\hibernate\entity\User.java,net.javaguides.hibernate.entity.User,setName/1[net.javaguides.hibernate.entity.Name],name,3
D:\Project\Hibernate-ORM-Tutorials-master\Hibernate-ORM-Tutorials-master\hibernate-Embeddable-example\src\main\java\net\javaguides\hibernate\entity\Address.java,net.javaguides.hibernate.entity.Address,getZipCode/0,zipCode,1
D:\Project\Hibernate-ORM-Tutorials-master\Hibernate-ORM-Tutorials-master\hibernate-Embeddable-example\src\main\java\net\javaguides\hibernate\entity\Address.java,net.javaguides.hibernate.entity.Address,getAddressLine2/0,addressLine2,1
D:\Project\Hibernate-ORM-Tutorials-master\Hibernate-ORM-Tutorials-master\hibernate-Embeddable-example\src\main\java\net\javaguides\hibernate\entity\Address.java,net.javaguides.hibernate.entity.Address,getAddressLine1/0,addressLine1,1
D:\Project\Hibernate-ORM-Tutorials-master\Hibernate-ORM-Tutorials-master\hibernate-Embeddable-example\src\main\java\net\javaguides\hibernate\entity\Address.java,net.javaguides.hibernate.entity.Address,getCity/0,city,1
D:\Project\Hibernate-ORM-Tutorials-master\Hibernate-ORM-Tutorials-master\hibernate-Embeddable-example\src\main\java\net\javaguides\hibernate\entity\Address.java,net.javaguides.hibernate.entity.Address,setCountry/1[java.lang.String],country,3
D:\Project\Hibernate-ORM-Tutorials-master\Hibernate-ORM-Tutorials-master\hibernate-Embeddable-example\src\main\java\net\javaguides\hibernate\entity\Address.java,net.javaguides.hibernate.entity.Address,setZipCode/1[java.lang.String],zipCode,3
D:\Project\Hibernate-ORM-Tutorials-master\Hibernate-ORM-Tutorials-master\hibernate-Embeddable-example\src\main\java\net\javaguides\hibernate\entity\Address.java,net.javaguides.hibernate.entity.Address,setAddressLine2/1[java.lang.String],addressLine2,3
D:\Project\Hibernate-ORM-Tutorials-master\Hibernate-ORM-Tutorials-master\hibernate-Embeddable-example\src\main\java\net\javaguides\hibernate\entity\Address.java,net.javaguides.hibernate.entity.Address,getState/0,state,1
D:\Project\Hibernate-ORM-Tutorials-master\Hibernate-ORM-Tutorials-master\hibernate-Embeddable-example\src\main\java\net\javaguides\hibernate\entity\Address.java,net.javaguides.hibernate.entity.Address,setCity/1[java.lang.String],city,3
D:\Project\Hibernate-ORM-Tutorials-master\Hibernate-ORM-Tutorials-master\hibernate-Embeddable-example\src\main\java\net\javaguides\hibernate\entity\Address.java,net.javaguides.hibernate.entity.Address,"Address/6[java.lang.String,java.lang.String,java.lang.String,java.lang.String,java.lang.String,java.lang.String]",country,3
D:\Project\Hibernate-ORM-Tutorials-master\Hibernate-ORM-Tutorials-master\hibernate-Embeddable-example\src\main\java\net\javaguides\hibernate\entity\Address.java,net.javaguides.hibernate.entity.Address,"Address/6[java.lang.String,java.lang.String,java.lang.String,java.lang.String,java.lang.String,java.lang.String]",zipCode,3
D:\Project\Hibernate-ORM-Tutorials-master\Hibernate-ORM-Tutorials-master\hibernate-Embeddable-example\src\main\java\net\javaguides\hibernate\entity\Address.java,net.javaguides.hibernate.entity.Address,"Address/6[java.lang.String,java.lang.String,java.lang.String,java.lang.String,java.lang.String,java.lang.String]",city,3
D:\Project\Hibernate-ORM-Tutorials-master\Hibernate-ORM-Tutorials-master\hibernate-Embeddable-example\src\main\java\net\javaguides\hibernate\entity\Address.java,net.javaguides.hibernate.entity.Address,"Address/6[java.lang.String,java.lang.String,java.lang.String,java.lang.String,java.lang.String,java.lang.String]",addressLine1,3
D:\Project\Hibernate-ORM-Tutorials-master\Hibernate-ORM-Tutorials-master\hibernate-Embeddable-example\src\main\java\net\javaguides\hibernate\entity\Address.java,net.javaguides.hibernate.entity.Address,"Address/6[java.lang.String,java.lang.String,java.lang.String,java.lang.String,java.lang.String,java.lang.String]",addressLine2,3
D:\Project\Hibernate-ORM-Tutorials-master\Hibernate-ORM-Tutorials-master\hibernate-Embeddable-example\src\main\java\net\javaguides\hibernate\entity\Address.java,net.javaguides.hibernate.entity.Address,"Address/6[java.lang.String,java.lang.String,java.lang.String,java.lang.String,java.lang.String,java.lang.String]",state,3
D:\Project\Hibernate-ORM-Tutorials-master\Hibernate-ORM-Tutorials-master\hibernate-Embeddable-example\src\main\java\net\javaguides\hibernate\entity\Address.java,net.javaguides.hibernate.entity.Address,setAddressLine1/1[java.lang.String],addressLine1,3
D:\Project\Hibernate-ORM-Tutorials-master\Hibernate-ORM-Tutorials-master\hibernate-Embeddable-example\src\main\java\net\javaguides\hibernate\entity\Address.java,net.javaguides.hibernate.entity.Address,getCountry/0,country,1
D:\Project\Hibernate-ORM-Tutorials-master\Hibernate-ORM-Tutorials-master\hibernate-Embeddable-example\src\main\java\net\javaguides\hibernate\entity\Address.java,net.javaguides.hibernate.entity.Address,setState/1[java.lang.String],state,3
D:\Project\Hibernate-ORM-Tutorials-master\Hibernate-ORM-Tutorials-master\hibernate-lazy-vs-eager-example\src\main\java\net\javaguides\hibernate\entity\Course.java,net.javaguides.hibernate.entity.Course,toString/0,id,1
D:\Project\Hibernate-ORM-Tutorials-master\Hibernate-ORM-Tutorials-master\hibernate-lazy-vs-eager-example\src\main\java\net\javaguides\hibernate\entity\Course.java,net.javaguides.hibernate.entity.Course,toString/0,title,1
D:\Project\Hibernate-ORM-Tutorials-master\Hibernate-ORM-Tutorials-master\hibernate-lazy-vs-eager-example\src\main\java\net\javaguides\hibernate\entity\Course.java,net.javaguides.hibernate.entity.Course,Course/1[java.lang.String],title,3
D:\Project\Hibernate-ORM-Tutorials-master\Hibernate-ORM-Tutorials-master\hibernate-lazy-vs-eager-example\src\main\java\net\javaguides\hibernate\entity\Course.java,net.javaguides.hibernate.entity.Course,getInstructor/0,instructor,1
D:\Project\Hibernate-ORM-Tutorials-master\Hibernate-ORM-Tutorials-master\hibernate-lazy-vs-eager-example\src\main\java\net\javaguides\hibernate\entity\Course.java,net.javaguides.hibernate.entity.Course,setInstructor/1[net.javaguides.hibernate.entity.Instructor],instructor,3
D:\Project\Hibernate-ORM-Tutorials-master\Hibernate-ORM-Tutorials-master\hibernate-lazy-vs-eager-example\src\main\java\net\javaguides\hibernate\entity\Course.java,net.javaguides.hibernate.entity.Course,getId/0,id,1
D:\Project\Hibernate-ORM-Tutorials-master\Hibernate-ORM-Tutorials-master\hibernate-lazy-vs-eager-example\src\main\java\net\javaguides\hibernate\entity\Course.java,net.javaguides.hibernate.entity.Course,getTitle/0,title,1
D:\Project\Hibernate-ORM-Tutorials-master\Hibernate-ORM-Tutorials-master\hibernate-lazy-vs-eager-example\src\main\java\net\javaguides\hibernate\entity\Course.java,net.javaguides.hibernate.entity.Course,setTitle/1[java.lang.String],title,3
D:\Project\Hibernate-ORM-Tutorials-master\Hibernate-ORM-Tutorials-master\hibernate-lazy-vs-eager-example\src\main\java\net\javaguides\hibernate\entity\Course.java,net.javaguides.hibernate.entity.Course,setId/1[int],id,3
D:\Project\Hibernate-ORM-Tutorials-master\Hibernate-ORM-Tutorials-master\hibernate-inheritance-singletable\src\main\java\net\javaguides\hibernate\entity\Account.java,net.javaguides.hibernate.entity.Account,getInterestRate/0,interestRate,1
D:\Project\Hibernate-ORM-Tutorials-master\Hibernate-ORM-Tutorials-master\hibernate-inheritance-singletable\src\main\java\net\javaguides\hibernate\entity\Account.java,net.javaguides.hibernate.entity.Account,setId/1[java.lang.Long],id,3
D:\Project\Hibernate-ORM-Tutorials-master\Hibernate-ORM-Tutorials-master\hibernate-inheritance-singletable\src\main\java\net\javaguides\hibernate\entity\Account.java,net.javaguides.hibernate.entity.Account,getId/0,id,1
D:\Project\Hibernate-ORM-Tutorials-master\Hibernate-ORM-Tutorials-master\hibernate-inheritance-singletable\src\main\java\net\javaguides\hibernate\entity\Account.java,net.javaguides.hibernate.entity.Account,getOwner/0,owner,1
D:\Project\Hibernate-ORM-Tutorials-master\Hibernate-ORM-Tutorials-master\hibernate-inheritance-singletable\src\main\java\net\javaguides\hibernate\entity\Account.java,net.javaguides.hibernate.entity.Account,setOwner/1[java.lang.String],owner,3
D:\Project\Hibernate-ORM-Tutorials-master\Hibernate-ORM-Tutorials-master\hibernate-inheritance-singletable\src\main\java\net\javaguides\hibernate\entity\Account.java,net.javaguides.hibernate.entity.Account,getBalance/0,balance,1
D:\Project\Hibernate-ORM-Tutorials-master\Hibernate-ORM-Tutorials-master\hibernate-inheritance-singletable\src\main\java\net\javaguides\hibernate\entity\Account.java,net.javaguides.hibernate.entity.Account,setBalance/1[double],balance,3
D:\Project\Hibernate-ORM-Tutorials-master\Hibernate-ORM-Tutorials-master\hibernate-inheritance-singletable\src\main\java\net\javaguides\hibernate\entity\Account.java,net.javaguides.hibernate.entity.Account,setInterestRate/1[double],interestRate,3
D:\Project\Hibernate-ORM-Tutorials-master\Hibernate-ORM-Tutorials-master\login-jsp-servlet-hibernate-mysql-example\src\net\javaguides\hibernate\web\LoginController.java,net.javaguides.hibernate.web.LoginController,init/0,loginDao,1
D:\Project\Hibernate-ORM-Tutorials-master\Hibernate-ORM-Tutorials-master\login-jsp-servlet-hibernate-mysql-example\src\net\javaguides\hibernate\web\LoginController.java,net.javaguides.hibernate.web.LoginController,"authenticate/2[net.javaguides.hibernate.web.HttpServletRequest,net.javaguides.hibernate.web.HttpServletResponse]",loginDao,1
