file,class,method,constructor,line,cbo,cboModified,fanin,fanout,wmc,rfc,loc,returnsQty,variablesQty,parametersQty,methodsInvokedQty,methodsInvokedLocalQty,methodsInvokedIndirectLocalQty,loopQty,comparisonsQty,tryCatchQty,parenthesizedExpsQty,stringLiteralsQty,numbersQty,assignmentsQty,mathOperationsQty,maxNestedBlocksQty,anonymousClassesQty,innerClassesQty,lambdasQty,uniqueWordsQty,modifiers,logStatementsQty,hasJavaDoc
D:\Project\Hibernate-ORM-Tutorials-master\Hibernate-ORM-Tutorials-master\hibernate-xml-config-example\src\main\java\net\javaguides\hibernate\App.java,App,main/1[String[]],false,9,3,0,0,0,1,5,7,0,4,1,5,0,0,0,0,0,0,3,0,3,0,0,0,0,1,7,9,0,false
D:\Project\Hibernate-ORM-Tutorials-master\Hibernate-ORM-Tutorials-master\hibernate-mappedsuperclass-example\src\main\java\net\javaguides\hibernate\entity\Account.java,Account,getBalance/0,false,37,0,0,0,0,1,0,3,1,0,0,0,0,0,0,0,0,0,0,0,0,0,0,0,0,0,3,1,0,false
D:\Project\Hibernate-ORM-Tutorials-master\Hibernate-ORM-Tutorials-master\hibernate-mappedsuperclass-example\src\main\java\net\javaguides\hibernate\entity\Account.java,Account,setBalance/1[double],false,41,0,0,0,0,1,0,3,0,0,1,0,0,0,0,0,0,0,0,0,1,0,0,0,0,0,3,1,0,false
D:\Project\Hibernate-ORM-Tutorials-master\Hibernate-ORM-Tutorials-master\hibernate-mappedsuperclass-example\src\main\java\net\javaguides\hibernate\entity\Account.java,Account,getId/0,false,21,1,0,0,0,1,0,3,1,0,0,0,0,0,0,0,0,0,0,0,0,0,0,0,0,0,4,1,0,false
D:\Project\Hibernate-ORM-Tutorials-master\Hibernate-ORM-Tutorials-master\hibernate-mappedsuperclass-example\src\main\java\net\javaguides\hibernate\entity\Account.java,Account,setInterestRate/1[double],false,49,0,0,0,0,1,0,3,0,0,1,0,0,0,0,0,0,0,0,0,1,0,0,0,0,0,4,1,0,false
D:\Project\Hibernate-ORM-Tutorials-master\Hibernate-ORM-Tutorials-master\hibernate-mappedsuperclass-example\src\main\java\net\javaguides\hibernate\entity\Account.java,Account,getOwner/0,false,29,1,0,0,0,1,0,3,1,0,0,0,0,0,0,0,0,0,0,0,0,0,0,0,0,0,3,1,0,false
D:\Project\Hibernate-ORM-Tutorials-master\Hibernate-ORM-Tutorials-master\hibernate-mappedsuperclass-example\src\main\java\net\javaguides\hibernate\entity\Account.java,Account,setOwner/1[String],false,33,0,0,0,0,1,0,3,0,0,1,0,0,0,0,0,0,0,0,0,1,0,0,0,0,0,3,1,0,false
D:\Project\Hibernate-ORM-Tutorials-master\Hibernate-ORM-Tutorials-master\hibernate-mappedsuperclass-example\src\main\java\net\javaguides\hibernate\entity\Account.java,Account,getInterestRate/0,false,45,0,0,0,0,1,0,3,1,0,0,0,0,0,0,0,0,0,0,0,0,0,0,0,0,0,4,1,0,false
D:\Project\Hibernate-ORM-Tutorials-master\Hibernate-ORM-Tutorials-master\hibernate-mappedsuperclass-example\src\main\java\net\javaguides\hibernate\entity\Account.java,Account,setId/1[Long],false,25,0,0,0,0,1,0,3,0,0,1,0,0,0,0,0,0,0,0,0,1,0,0,0,0,0,4,1,0,false
D:\Project\Hibernate-ORM-Tutorials-master\Hibernate-ORM-Tutorials-master\hibernate-tutorial\hibernate-one-to-many-example\src\main\java\net\javaguides\hibernate\dao\CourseDao.java,CourseDao,getCourse/1[int],false,68,2,0,0,0,3,7,16,1,3,1,7,0,0,0,1,1,0,0,0,5,0,2,0,0,0,11,1,0,false
D:\Project\Hibernate-ORM-Tutorials-master\Hibernate-ORM-Tutorials-master\hibernate-tutorial\hibernate-one-to-many-example\src\main\java\net\javaguides\hibernate\dao\CourseDao.java,CourseDao,deleteCourse/1[int],false,44,2,0,0,0,4,9,18,0,3,1,9,0,0,0,2,1,0,1,0,4,0,2,0,0,0,12,1,0,false
D:\Project\Hibernate-ORM-Tutorials-master\Hibernate-ORM-Tutorials-master\hibernate-tutorial\hibernate-one-to-many-example\src\main\java\net\javaguides\hibernate\dao\CourseDao.java,CourseDao,updateCourse/1[Course],false,27,1,0,0,0,3,7,14,0,2,1,7,0,0,0,1,1,0,0,0,3,0,2,0,0,0,10,1,0,false
D:\Project\Hibernate-ORM-Tutorials-master\Hibernate-ORM-Tutorials-master\hibernate-tutorial\hibernate-one-to-many-example\src\main\java\net\javaguides\hibernate\dao\CourseDao.java,CourseDao,saveCourse/1[Course],false,10,1,0,0,0,3,7,14,0,2,1,7,0,0,0,1,1,0,0,0,3,0,2,0,0,0,10,1,0,false
D:\Project\Hibernate-ORM-Tutorials-master\Hibernate-ORM-Tutorials-master\registration-jsp-servlet-hibernate-example\src\net\javaguides\hibernate\util\HibernateUtil.java,HibernateUtil,getSessionFactory/0,false,21,6,0,0,0,3,9,26,2,3,0,9,0,0,0,1,1,0,9,0,4,0,2,0,0,0,18,9,0,false
D:\Project\Hibernate-ORM-Tutorials-master\Hibernate-ORM-Tutorials-master\hibernate-tutorial\src\test\java\net\javaguides\hibernate\hibernate_tutorial\AppTest.java,net.javaguides.hibernate.hibernate_tutorial.AppTest,AppTest/1[java.lang.String],true,19,0,0,0,0,1,0,3,0,0,1,0,0,0,0,0,0,0,0,0,0,0,0,0,0,0,8,1,0,true
D:\Project\Hibernate-ORM-Tutorials-master\Hibernate-ORM-Tutorials-master\hibernate-tutorial\src\test\java\net\javaguides\hibernate\hibernate_tutorial\AppTest.java,net.javaguides.hibernate.hibernate_tutorial.AppTest,suite/0,false,27,3,0,0,0,1,0,3,1,0,0,0,0,0,0,0,0,0,0,0,0,0,0,0,0,0,8,9,0,true
D:\Project\Hibernate-ORM-Tutorials-master\Hibernate-ORM-Tutorials-master\hibernate-tutorial\src\test\java\net\javaguides\hibernate\hibernate_tutorial\AppTest.java,net.javaguides.hibernate.hibernate_tutorial.AppTest,testApp/0,false,35,0,0,0,0,1,1,3,0,0,0,1,0,0,0,0,0,0,0,0,0,0,0,0,0,0,7,1,0,true
D:\Project\Hibernate-ORM-Tutorials-master\Hibernate-ORM-Tutorials-master\hibernate-tutorial\hibernate-one-to-one-example\src\main\java\net\javaguides\hibernate\entity\InstructorDetail.java,InstructorDetail,setId/1[int],false,38,0,0,0,0,1,0,3,0,0,1,0,0,0,0,0,0,0,0,0,1,0,0,0,0,0,3,1,0,false
D:\Project\Hibernate-ORM-Tutorials-master\Hibernate-ORM-Tutorials-master\hibernate-tutorial\hibernate-one-to-one-example\src\main\java\net\javaguides\hibernate\entity\InstructorDetail.java,InstructorDetail,getId/0,false,34,0,0,0,0,1,0,3,1,0,0,0,0,0,0,0,0,0,0,0,0,0,0,0,0,0,3,1,0,false
D:\Project\Hibernate-ORM-Tutorials-master\Hibernate-ORM-Tutorials-master\hibernate-tutorial\hibernate-one-to-one-example\src\main\java\net\javaguides\hibernate\entity\InstructorDetail.java,InstructorDetail,setYoutubeChannel/1[String],false,46,0,0,0,0,1,0,3,0,0,1,0,0,0,0,0,0,0,0,0,1,0,0,0,0,0,4,1,0,false
D:\Project\Hibernate-ORM-Tutorials-master\Hibernate-ORM-Tutorials-master\hibernate-tutorial\hibernate-one-to-one-example\src\main\java\net\javaguides\hibernate\entity\InstructorDetail.java,InstructorDetail,InstructorDetail/0,true,25,0,0,0,0,1,0,2,0,0,0,0,0,0,0,0,0,0,0,0,0,0,0,0,0,0,2,1,0,false
D:\Project\Hibernate-ORM-Tutorials-master\Hibernate-ORM-Tutorials-master\hibernate-tutorial\hibernate-one-to-one-example\src\main\java\net\javaguides\hibernate\entity\InstructorDetail.java,InstructorDetail,getYoutubeChannel/0,false,42,1,0,0,0,1,0,3,1,0,0,0,0,0,0,0,0,0,0,0,0,0,0,0,0,0,4,1,0,false
D:\Project\Hibernate-ORM-Tutorials-master\Hibernate-ORM-Tutorials-master\hibernate-tutorial\hibernate-one-to-one-example\src\main\java\net\javaguides\hibernate\entity\InstructorDetail.java,InstructorDetail,getHobby/0,false,50,1,0,0,0,1,0,3,1,0,0,0,0,0,0,0,0,0,0,0,0,0,0,0,0,0,3,1,0,false
D:\Project\Hibernate-ORM-Tutorials-master\Hibernate-ORM-Tutorials-master\hibernate-tutorial\hibernate-one-to-one-example\src\main\java\net\javaguides\hibernate\entity\InstructorDetail.java,InstructorDetail,"InstructorDetail/2[String,String]",true,29,0,0,0,0,1,0,4,0,0,2,0,0,0,0,0,0,0,0,0,2,0,0,0,0,0,5,1,0,false
D:\Project\Hibernate-ORM-Tutorials-master\Hibernate-ORM-Tutorials-master\hibernate-tutorial\hibernate-one-to-one-example\src\main\java\net\javaguides\hibernate\entity\InstructorDetail.java,InstructorDetail,setHobby/1[String],false,54,0,0,0,0,1,0,3,0,0,1,0,0,0,0,0,0,0,0,0,1,0,0,0,0,0,3,1,0,false
D:\Project\Hibernate-ORM-Tutorials-master\Hibernate-ORM-Tutorials-master\hibernate-tutorial\hibernate-one-to-one-example\src\main\java\net\javaguides\hibernate\entity\InstructorDetail.java,InstructorDetail,toString/0,false,59,2,0,0,0,1,0,3,1,0,0,0,0,0,0,0,0,0,4,0,0,1,0,0,0,0,6,1,0,false
D:\Project\Hibernate-ORM-Tutorials-master\Hibernate-ORM-Tutorials-master\hibernate-named-native-query-example\src\main\java\net\javaguides\hibernate\NamedQueryExample.java,net.javaguides.hibernate.NamedQueryExample,saveStudent/0,false,44,3,3,1,2,3,7,15,0,3,0,7,0,0,0,1,1,0,3,0,4,0,2,0,0,0,10,10,0,false
D:\Project\Hibernate-ORM-Tutorials-master\Hibernate-ORM-Tutorials-master\hibernate-named-native-query-example\src\main\java\net\javaguides\hibernate\NamedQueryExample.java,net.javaguides.hibernate.NamedQueryExample,main/1[java.lang.String[]],false,12,4,4,0,4,4,15,22,0,5,1,15,1,1,1,1,1,0,7,2,6,2,2,0,0,0,16,9,0,false
D:\Project\Hibernate-ORM-Tutorials-master\Hibernate-ORM-Tutorials-master\hibernate-c3p0-pooling-example\src\main\java\net\javaguides\hibernate\entity\Student.java,net.javaguides.hibernate.entity.Student,"Student/3[java.lang.String,java.lang.String,java.lang.String]",true,32,0,3,3,0,1,0,5,0,0,3,0,0,0,0,0,0,0,0,0,3,0,0,0,0,0,5,1,0,false
D:\Project\Hibernate-ORM-Tutorials-master\Hibernate-ORM-Tutorials-master\hibernate-c3p0-pooling-example\src\main\java\net\javaguides\hibernate\entity\Student.java,net.javaguides.hibernate.entity.Student,setLastName/1[java.lang.String],false,58,0,0,0,0,1,0,3,0,0,1,0,0,0,0,0,0,0,0,0,1,0,0,0,0,0,4,1,0,false
D:\Project\Hibernate-ORM-Tutorials-master\Hibernate-ORM-Tutorials-master\hibernate-c3p0-pooling-example\src\main\java\net\javaguides\hibernate\entity\Student.java,net.javaguides.hibernate.entity.Student,getFirstName/0,false,46,0,4,4,0,1,0,3,1,0,0,0,0,0,0,0,0,0,0,0,0,0,0,0,0,0,4,1,0,false
D:\Project\Hibernate-ORM-Tutorials-master\Hibernate-ORM-Tutorials-master\hibernate-c3p0-pooling-example\src\main\java\net\javaguides\hibernate\entity\Student.java,net.javaguides.hibernate.entity.Student,setEmail/1[java.lang.String],false,66,0,0,0,0,1,0,3,0,0,1,0,0,0,0,0,0,0,0,0,1,0,0,0,0,0,3,1,0,false
D:\Project\Hibernate-ORM-Tutorials-master\Hibernate-ORM-Tutorials-master\hibernate-c3p0-pooling-example\src\main\java\net\javaguides\hibernate\entity\Student.java,net.javaguides.hibernate.entity.Student,Student/0,true,28,0,2,2,0,1,0,2,0,0,0,0,0,0,0,0,0,0,0,0,0,0,0,0,0,0,1,1,0,false
D:\Project\Hibernate-ORM-Tutorials-master\Hibernate-ORM-Tutorials-master\hibernate-c3p0-pooling-example\src\main\java\net\javaguides\hibernate\entity\Student.java,net.javaguides.hibernate.entity.Student,getId/0,false,38,0,2,2,0,1,0,3,1,0,0,0,0,0,0,0,0,0,0,0,0,0,0,0,0,0,3,1,0,false
D:\Project\Hibernate-ORM-Tutorials-master\Hibernate-ORM-Tutorials-master\hibernate-c3p0-pooling-example\src\main\java\net\javaguides\hibernate\entity\Student.java,net.javaguides.hibernate.entity.Student,setFirstName/1[java.lang.String],false,50,0,0,0,0,1,0,3,0,0,1,0,0,0,0,0,0,0,0,0,1,0,0,0,0,0,4,1,0,false
D:\Project\Hibernate-ORM-Tutorials-master\Hibernate-ORM-Tutorials-master\hibernate-c3p0-pooling-example\src\main\java\net\javaguides\hibernate\entity\Student.java,net.javaguides.hibernate.entity.Student,getLastName/0,false,54,0,0,0,0,1,0,3,1,0,0,0,0,0,0,0,0,0,0,0,0,0,0,0,0,0,4,1,0,false
D:\Project\Hibernate-ORM-Tutorials-master\Hibernate-ORM-Tutorials-master\hibernate-c3p0-pooling-example\src\main\java\net\javaguides\hibernate\entity\Student.java,net.javaguides.hibernate.entity.Student,toString/0,false,71,0,0,0,0,1,0,3,1,0,0,0,0,0,0,0,0,0,5,0,0,1,0,0,0,0,7,1,0,false
D:\Project\Hibernate-ORM-Tutorials-master\Hibernate-ORM-Tutorials-master\hibernate-c3p0-pooling-example\src\main\java\net\javaguides\hibernate\entity\Student.java,net.javaguides.hibernate.entity.Student,setId/1[int],false,42,0,2,2,0,1,0,3,0,0,1,0,0,0,0,0,0,0,0,0,1,0,0,0,0,0,3,1,0,false
D:\Project\Hibernate-ORM-Tutorials-master\Hibernate-ORM-Tutorials-master\hibernate-c3p0-pooling-example\src\main\java\net\javaguides\hibernate\entity\Student.java,net.javaguides.hibernate.entity.Student,getEmail/0,false,62,0,1,1,0,1,0,3,1,0,0,0,0,0,0,0,0,0,0,0,0,0,0,0,0,0,3,1,0,false
D:\Project\Hibernate-ORM-Tutorials-master\Hibernate-ORM-Tutorials-master\hibernate-remove-entity-exmaple\src\main\java\net\javaguides\hibernate\dao\SessionRemoveExample.java,net.javaguides.hibernate.dao.SessionRemoveExample,removeStudent/1[int],false,10,3,3,0,3,4,10,22,0,4,1,10,0,0,0,2,1,0,2,1,5,0,2,0,0,0,13,1,0,false
D:\Project\Hibernate-ORM-Tutorials-master\Hibernate-ORM-Tutorials-master\hibernate-enum-type-example\src\main\java\net\javaguides\hibernate\MainApp.java,net.javaguides.hibernate.MainApp,main/1[java.lang.String[]],false,10,2,8,0,8,1,9,13,0,4,1,9,0,0,0,0,0,0,1,0,3,0,1,0,0,1,7,9,0,false
D:\Project\Hibernate-ORM-Tutorials-master\Hibernate-ORM-Tutorials-master\hibernate-lazy-vs-eager-example\src\main\java\net\javaguides\hibernate\dao\InstructorDetailDao.java,net.javaguides.hibernate.dao.InstructorDetailDao,updateInstructorDetail/1[net.javaguides.hibernate.entity.InstructorDetail],false,28,3,1,0,1,3,7,14,0,2,1,7,0,0,0,1,1,0,0,0,3,0,2,0,0,0,11,1,0,false
D:\Project\Hibernate-ORM-Tutorials-master\Hibernate-ORM-Tutorials-master\hibernate-lazy-vs-eager-example\src\main\java\net\javaguides\hibernate\dao\InstructorDetailDao.java,net.javaguides.hibernate.dao.InstructorDetailDao,saveInstructorDetail/1[net.javaguides.hibernate.entity.InstructorDetail],false,11,3,1,0,1,3,7,14,0,2,1,7,0,0,0,1,1,0,0,0,3,0,2,0,0,0,11,1,0,false
D:\Project\Hibernate-ORM-Tutorials-master\Hibernate-ORM-Tutorials-master\hibernate-lazy-vs-eager-example\src\main\java\net\javaguides\hibernate\dao\InstructorDetailDao.java,net.javaguides.hibernate.dao.InstructorDetailDao,getInstructorDetail/1[int],false,45,3,1,0,1,3,7,16,1,3,1,7,0,0,0,1,1,0,0,0,5,0,2,0,0,0,12,1,0,false
D:\Project\Hibernate-ORM-Tutorials-master\Hibernate-ORM-Tutorials-master\hibernate-tutorial\hibernate-one-to-many-example\src\main\java\net\javaguides\hibernate\entity\Course.java,Course,toString/0,false,62,2,0,0,0,1,0,3,1,0,0,0,0,0,0,0,0,0,3,0,0,1,0,0,0,0,4,1,0,false
D:\Project\Hibernate-ORM-Tutorials-master\Hibernate-ORM-Tutorials-master\hibernate-tutorial\hibernate-one-to-many-example\src\main\java\net\javaguides\hibernate\entity\Course.java,Course,Course/0,true,29,0,0,0,0,1,0,2,0,0,0,0,0,0,0,0,0,0,0,0,0,0,0,0,0,0,1,1,0,false
D:\Project\Hibernate-ORM-Tutorials-master\Hibernate-ORM-Tutorials-master\hibernate-tutorial\hibernate-one-to-many-example\src\main\java\net\javaguides\hibernate\entity\Course.java,Course,setTitle/1[String],false,49,0,0,0,0,1,0,3,0,0,1,0,0,0,0,0,0,0,0,0,1,0,0,0,0,0,3,1,0,false
D:\Project\Hibernate-ORM-Tutorials-master\Hibernate-ORM-Tutorials-master\hibernate-tutorial\hibernate-one-to-many-example\src\main\java\net\javaguides\hibernate\entity\Course.java,Course,getInstructor/0,false,53,1,0,0,0,1,0,3,1,0,0,0,0,0,0,0,0,0,0,0,0,0,0,0,0,0,3,1,0,false
D:\Project\Hibernate-ORM-Tutorials-master\Hibernate-ORM-Tutorials-master\hibernate-tutorial\hibernate-one-to-many-example\src\main\java\net\javaguides\hibernate\entity\Course.java,Course,getId/0,false,37,0,0,0,0,1,0,3,1,0,0,0,0,0,0,0,0,0,0,0,0,0,0,0,0,0,3,1,0,false
D:\Project\Hibernate-ORM-Tutorials-master\Hibernate-ORM-Tutorials-master\hibernate-tutorial\hibernate-one-to-many-example\src\main\java\net\javaguides\hibernate\entity\Course.java,Course,getTitle/0,false,45,1,0,0,0,1,0,3,1,0,0,0,0,0,0,0,0,0,0,0,0,0,0,0,0,0,3,1,0,false
D:\Project\Hibernate-ORM-Tutorials-master\Hibernate-ORM-Tutorials-master\hibernate-tutorial\hibernate-one-to-many-example\src\main\java\net\javaguides\hibernate\entity\Course.java,Course,setInstructor/1[Instructor],false,57,0,0,0,0,1,0,3,0,0,1,0,0,0,0,0,0,0,0,0,1,0,0,0,0,0,3,1,0,false
D:\Project\Hibernate-ORM-Tutorials-master\Hibernate-ORM-Tutorials-master\hibernate-tutorial\hibernate-one-to-many-example\src\main\java\net\javaguides\hibernate\entity\Course.java,Course,Course/1[String],true,33,0,0,0,0,1,0,3,0,0,1,0,0,0,0,0,0,0,0,0,1,0,0,0,0,0,2,1,0,false
D:\Project\Hibernate-ORM-Tutorials-master\Hibernate-ORM-Tutorials-master\hibernate-tutorial\hibernate-one-to-many-example\src\main\java\net\javaguides\hibernate\entity\Course.java,Course,setId/1[int],false,41,0,0,0,0,1,0,3,0,0,1,0,0,0,0,0,0,0,0,0,1,0,0,0,0,0,3,1,0,false
D:\Project\Hibernate-ORM-Tutorials-master\Hibernate-ORM-Tutorials-master\hibernate-c3p0-pooling-example\src\main\java\net\javaguides\hibernate\util\HibernateUtil.java,net.javaguides.hibernate.util.HibernateUtil,getSessionFactory/0,false,14,5,27,27,0,3,9,32,2,3,0,9,0,0,0,1,1,0,10,6,4,1,2,0,0,0,18,9,0,false
D:\Project\Hibernate-ORM-Tutorials-master\Hibernate-ORM-Tutorials-master\hibernate-named-query-example\src\main\java\net\javaguides\hibernate\NamedQueryExample.java,NamedQueryExample,saveStudent/0,false,44,2,0,0,0,3,7,15,0,3,0,7,0,0,0,1,1,0,3,0,4,0,2,0,0,0,10,10,0,false
D:\Project\Hibernate-ORM-Tutorials-master\Hibernate-ORM-Tutorials-master\hibernate-named-query-example\src\main\java\net\javaguides\hibernate\NamedQueryExample.java,NamedQueryExample,main/1[String[]],false,12,4,0,0,0,4,15,22,0,5,1,15,1,1,1,1,1,0,7,2,6,2,2,0,0,0,16,9,0,false
D:\Project\Hibernate-ORM-Tutorials-master\Hibernate-ORM-Tutorials-master\hibernate-tutorial\hibernate-batch-examples\src\main\java\Circle.java,Circle,main/1[java.lang.String[]],false,29,1,3,0,3,1,1,5,0,0,1,1,0,0,0,0,0,0,0,5,0,0,0,0,0,0,3,9,0,false
D:\Project\Hibernate-ORM-Tutorials-master\Hibernate-ORM-Tutorials-master\hibernate-tutorial\hibernate-batch-examples\src\main\java\Circle.java,Circle,"Circle/3[int,int,int]",true,7,0,1,1,0,1,0,5,0,0,3,0,0,0,0,0,0,0,0,0,3,0,0,0,0,0,6,1,0,false
D:\Project\Hibernate-ORM-Tutorials-master\Hibernate-ORM-Tutorials-master\hibernate-tutorial\hibernate-batch-examples\src\main\java\Circle.java,Circle,Circle/0,true,19,0,1,1,0,1,0,5,0,0,0,0,0,0,0,0,0,0,0,3,3,0,0,0,0,0,5,1,0,false
D:\Project\Hibernate-ORM-Tutorials-master\Hibernate-ORM-Tutorials-master\hibernate-tutorial\hibernate-batch-examples\src\main\java\Circle.java,Circle,"Circle/2[int,int]",true,13,0,1,1,0,1,0,5,0,0,2,0,0,0,0,0,0,0,0,1,3,0,0,0,0,0,5,1,0,false
D:\Project\Hibernate-ORM-Tutorials-master\Hibernate-ORM-Tutorials-master\hibernate-tutorial\hibernate-batch-examples\src\main\java\Circle.java,Circle,toString/0,false,25,0,0,0,0,1,0,3,1,0,0,0,0,0,0,0,0,0,3,0,0,1,0,0,0,0,7,1,0,false
D:\Project\Hibernate-ORM-Tutorials-master\Hibernate-ORM-Tutorials-master\jsp-servlet-hibernate-crud-todo-app\src\net\javaguides\todoapp\util\HibernateUtil.java,net.javaguides.todoapp.util.HibernateUtil,getSessionFactory/0,false,22,5,5,5,0,3,9,26,2,3,0,9,0,0,0,1,1,0,9,0,4,0,2,0,0,0,18,9,0,false
D:\Project\Hibernate-ORM-Tutorials-master\Hibernate-ORM-Tutorials-master\hibernate-tutorial\hibernate-remove-entity-exmaple\src\main\java\net\javaguides\hibernate\dao\SessionRemoveExample.java,SessionRemoveExample,removeStudent/1[int],false,10,2,0,0,0,4,10,22,0,4,1,10,0,0,0,2,1,0,2,1,5,0,2,0,0,0,13,1,0,false
D:\Project\Hibernate-ORM-Tutorials-master\Hibernate-ORM-Tutorials-master\hibernate-Embeddable-example\src\main\java\net\javaguides\hibernate\entity\Name.java,net.javaguides.hibernate.entity.Name,setLastName/1[java.lang.String],false,43,0,0,0,0,1,0,3,0,0,1,0,0,0,0,0,0,0,0,0,1,0,0,0,0,0,4,1,0,false
D:\Project\Hibernate-ORM-Tutorials-master\Hibernate-ORM-Tutorials-master\hibernate-Embeddable-example\src\main\java\net\javaguides\hibernate\entity\Name.java,net.javaguides.hibernate.entity.Name,getMiddleName/0,false,31,0,0,0,0,1,0,3,1,0,0,0,0,0,0,0,0,0,0,0,0,0,0,0,0,0,4,1,0,false
D:\Project\Hibernate-ORM-Tutorials-master\Hibernate-ORM-Tutorials-master\hibernate-Embeddable-example\src\main\java\net\javaguides\hibernate\entity\Name.java,net.javaguides.hibernate.entity.Name,getLastName/0,false,39,0,0,0,0,1,0,3,1,0,0,0,0,0,0,0,0,0,0,0,0,0,0,0,0,0,4,1,0,false
D:\Project\Hibernate-ORM-Tutorials-master\Hibernate-ORM-Tutorials-master\hibernate-Embeddable-example\src\main\java\net\javaguides\hibernate\entity\Name.java,net.javaguides.hibernate.entity.Name,Name/0,true,13,0,0,0,0,1,0,2,0,0,0,0,0,0,0,0,0,0,0,0,0,0,0,0,0,0,1,1,0,false
D:\Project\Hibernate-ORM-Tutorials-master\Hibernate-ORM-Tutorials-master\hibernate-Embeddable-example\src\main\java\net\javaguides\hibernate\entity\Name.java,net.javaguides.hibernate.entity.Name,setFirstName/1[java.lang.String],false,27,0,0,0,0,1,0,3,0,0,1,0,0,0,0,0,0,0,0,0,1,0,0,0,0,0,4,1,0,false
D:\Project\Hibernate-ORM-Tutorials-master\Hibernate-ORM-Tutorials-master\hibernate-Embeddable-example\src\main\java\net\javaguides\hibernate\entity\Name.java,net.javaguides.hibernate.entity.Name,"Name/3[java.lang.String,java.lang.String,java.lang.String]",true,17,0,0,0,0,1,0,5,0,0,3,0,0,0,0,0,0,0,0,0,3,0,0,0,0,0,4,1,0,false
D:\Project\Hibernate-ORM-Tutorials-master\Hibernate-ORM-Tutorials-master\hibernate-Embeddable-example\src\main\java\net\javaguides\hibernate\entity\Name.java,net.javaguides.hibernate.entity.Name,getFirstName/0,false,23,0,0,0,0,1,0,3,1,0,0,0,0,0,0,0,0,0,0,0,0,0,0,0,0,0,4,1,0,false
D:\Project\Hibernate-ORM-Tutorials-master\Hibernate-ORM-Tutorials-master\hibernate-Embeddable-example\src\main\java\net\javaguides\hibernate\entity\Name.java,net.javaguides.hibernate.entity.Name,setMiddleName/1[java.lang.String],false,35,0,0,0,0,1,0,3,0,0,1,0,0,0,0,0,0,0,0,0,1,0,0,0,0,0,4,1,0,false
D:\Project\Hibernate-ORM-Tutorials-master\Hibernate-ORM-Tutorials-master\hibernate-mappedsuperclass-example\src\main\java\net\javaguides\hibernate\entity\CreditAccount.java,CreditAccount,getCreditLimit/0,false,10,0,0,0,0,1,0,3,1,0,0,0,0,0,0,0,0,0,0,0,0,0,0,0,0,0,4,1,0,false
D:\Project\Hibernate-ORM-Tutorials-master\Hibernate-ORM-Tutorials-master\hibernate-mappedsuperclass-example\src\main\java\net\javaguides\hibernate\entity\CreditAccount.java,CreditAccount,setCreditLimit/1[double],false,14,0,0,0,0,1,0,3,0,0,1,0,0,0,0,0,0,0,0,0,1,0,0,0,0,0,4,1,0,false
D:\Project\Hibernate-ORM-Tutorials-master\Hibernate-ORM-Tutorials-master\hibernate-lazy-vs-eager-example\src\main\java\net\javaguides\hibernate\dao\InstructorDao.java,net.javaguides.hibernate.dao.InstructorDao,updateInstructor/1[net.javaguides.hibernate.entity.Instructor],false,27,3,1,0,1,3,7,14,0,2,1,7,0,0,0,1,1,0,0,0,3,0,2,0,0,0,10,1,0,false
D:\Project\Hibernate-ORM-Tutorials-master\Hibernate-ORM-Tutorials-master\hibernate-lazy-vs-eager-example\src\main\java\net\javaguides\hibernate\dao\InstructorDao.java,net.javaguides.hibernate.dao.InstructorDao,getInstructor/1[int],false,68,3,2,1,1,3,7,16,1,3,1,7,0,0,0,1,1,0,0,0,5,0,2,0,0,0,11,1,0,false
D:\Project\Hibernate-ORM-Tutorials-master\Hibernate-ORM-Tutorials-master\hibernate-lazy-vs-eager-example\src\main\java\net\javaguides\hibernate\dao\InstructorDao.java,net.javaguides.hibernate.dao.InstructorDao,deleteInstructor/1[int],false,44,3,1,0,1,4,9,18,0,3,1,9,0,0,0,2,1,0,1,0,4,0,2,0,0,0,12,1,0,false
D:\Project\Hibernate-ORM-Tutorials-master\Hibernate-ORM-Tutorials-master\hibernate-lazy-vs-eager-example\src\main\java\net\javaguides\hibernate\dao\InstructorDao.java,net.javaguides.hibernate.dao.InstructorDao,saveInstructor/1[net.javaguides.hibernate.entity.Instructor],false,10,3,2,1,1,3,7,14,0,2,1,7,0,0,0,1,1,0,0,0,3,0,2,0,0,0,10,1,0,false
D:\Project\Hibernate-ORM-Tutorials-master\Hibernate-ORM-Tutorials-master\hibernate-lazy-vs-eager-example\src\main\java\net\javaguides\hibernate\ManApp.java,net.javaguides.hibernate.ManApp,main/1[java.lang.String[]],false,15,5,12,0,12,1,9,20,0,8,1,9,0,0,0,0,0,0,7,1,8,0,0,0,0,0,17,9,0,false
D:\Project\Hibernate-ORM-Tutorials-master\Hibernate-ORM-Tutorials-master\hibernate-xml-config-example\src\main\java\net\javaguides\hibernate\entity\Student.java,Student,"Student/3[String,String,String]",true,32,0,0,0,0,1,0,5,0,0,3,0,0,0,0,0,0,0,0,0,3,0,0,0,0,0,5,1,0,false
D:\Project\Hibernate-ORM-Tutorials-master\Hibernate-ORM-Tutorials-master\hibernate-xml-config-example\src\main\java\net\javaguides\hibernate\entity\Student.java,Student,setFirstName/1[String],false,50,0,0,0,0,1,0,3,0,0,1,0,0,0,0,0,0,0,0,0,1,0,0,0,0,0,4,1,0,false
D:\Project\Hibernate-ORM-Tutorials-master\Hibernate-ORM-Tutorials-master\hibernate-xml-config-example\src\main\java\net\javaguides\hibernate\entity\Student.java,Student,getFirstName/0,false,46,1,0,0,0,1,0,3,1,0,0,0,0,0,0,0,0,0,0,0,0,0,0,0,0,0,4,1,0,false
D:\Project\Hibernate-ORM-Tutorials-master\Hibernate-ORM-Tutorials-master\hibernate-xml-config-example\src\main\java\net\javaguides\hibernate\entity\Student.java,Student,Student/0,true,28,0,0,0,0,1,0,2,0,0,0,0,0,0,0,0,0,0,0,0,0,0,0,0,0,0,1,1,0,false
D:\Project\Hibernate-ORM-Tutorials-master\Hibernate-ORM-Tutorials-master\hibernate-xml-config-example\src\main\java\net\javaguides\hibernate\entity\Student.java,Student,getId/0,false,38,0,0,0,0,1,0,3,1,0,0,0,0,0,0,0,0,0,0,0,0,0,0,0,0,0,3,1,0,false
D:\Project\Hibernate-ORM-Tutorials-master\Hibernate-ORM-Tutorials-master\hibernate-xml-config-example\src\main\java\net\javaguides\hibernate\entity\Student.java,Student,getLastName/0,false,54,1,0,0,0,1,0,3,1,0,0,0,0,0,0,0,0,0,0,0,0,0,0,0,0,0,4,1,0,false
D:\Project\Hibernate-ORM-Tutorials-master\Hibernate-ORM-Tutorials-master\hibernate-xml-config-example\src\main\java\net\javaguides\hibernate\entity\Student.java,Student,toString/0,false,71,2,0,0,0,1,0,3,1,0,0,0,0,0,0,0,0,0,5,0,0,1,0,0,0,0,7,1,0,false
D:\Project\Hibernate-ORM-Tutorials-master\Hibernate-ORM-Tutorials-master\hibernate-xml-config-example\src\main\java\net\javaguides\hibernate\entity\Student.java,Student,setLastName/1[String],false,58,0,0,0,0,1,0,3,0,0,1,0,0,0,0,0,0,0,0,0,1,0,0,0,0,0,4,1,0,false
D:\Project\Hibernate-ORM-Tutorials-master\Hibernate-ORM-Tutorials-master\hibernate-xml-config-example\src\main\java\net\javaguides\hibernate\entity\Student.java,Student,setEmail/1[String],false,66,0,0,0,0,1,0,3,0,0,1,0,0,0,0,0,0,0,0,0,1,0,0,0,0,0,3,1,0,false
D:\Project\Hibernate-ORM-Tutorials-master\Hibernate-ORM-Tutorials-master\hibernate-xml-config-example\src\main\java\net\javaguides\hibernate\entity\Student.java,Student,setId/1[int],false,42,0,0,0,0,1,0,3,0,0,1,0,0,0,0,0,0,0,0,0,1,0,0,0,0,0,3,1,0,false
D:\Project\Hibernate-ORM-Tutorials-master\Hibernate-ORM-Tutorials-master\hibernate-xml-config-example\src\main\java\net\javaguides\hibernate\entity\Student.java,Student,getEmail/0,false,62,1,0,0,0,1,0,3,1,0,0,0,0,0,0,0,0,0,0,0,0,0,0,0,0,0,3,1,0,false
D:\Project\Hibernate-ORM-Tutorials-master\Hibernate-ORM-Tutorials-master\hibernate-remove-entity-exmaple\src\main\java\net\javaguides\hibernate\dao\SessionDeleteExample.java,net.javaguides.hibernate.dao.SessionDeleteExample,deleteStudent/1[int],false,10,3,3,0,3,4,10,22,0,4,1,10,0,0,0,2,1,0,2,1,5,0,2,0,0,0,13,1,0,false
D:\Project\Hibernate-ORM-Tutorials-master\Hibernate-ORM-Tutorials-master\hibernate-inheritance-singletable\src\main\java\net\javaguides\hibernate\entity\CreditAccount.java,net.javaguides.hibernate.entity.CreditAccount,getCreditLimit/0,false,10,0,0,0,0,1,0,3,1,0,0,0,0,0,0,0,0,0,0,0,0,0,0,0,0,0,4,1,0,false
D:\Project\Hibernate-ORM-Tutorials-master\Hibernate-ORM-Tutorials-master\hibernate-inheritance-singletable\src\main\java\net\javaguides\hibernate\entity\CreditAccount.java,net.javaguides.hibernate.entity.CreditAccount,setCreditLimit/1[double],false,14,0,0,0,0,1,0,3,0,0,1,0,0,0,0,0,0,0,0,0,1,0,0,0,0,0,4,1,0,false
D:\Project\Hibernate-ORM-Tutorials-master\Hibernate-ORM-Tutorials-master\hibernate-xml-config-example\src\main\java\net\javaguides\hibernate\dao\StudentDao.java,StudentDao,saveStudent/1[Student],false,12,1,0,0,0,3,7,14,0,2,1,7,0,0,0,1,1,0,0,0,3,0,2,0,0,0,10,1,0,false
D:\Project\Hibernate-ORM-Tutorials-master\Hibernate-ORM-Tutorials-master\hibernate-xml-config-example\src\main\java\net\javaguides\hibernate\dao\StudentDao.java,StudentDao,getStudents/0,false,29,2,0,0,0,1,4,5,1,1,0,4,0,0,0,0,1,0,1,0,1,0,1,0,0,0,4,1,0,false
D:\Project\Hibernate-ORM-Tutorials-master\Hibernate-ORM-Tutorials-master\hibernate-enum-type-example\src\main\java\net\javaguides\hibernate\dao\ProjectDao.java,net.javaguides.hibernate.dao.ProjectDao,saveProject/1[net.javaguides.hibernate.entity.Project],false,12,3,2,1,1,1,5,7,0,2,1,5,0,0,0,0,1,0,0,0,2,0,1,0,0,0,7,1,0,false
D:\Project\Hibernate-ORM-Tutorials-master\Hibernate-ORM-Tutorials-master\hibernate-enum-type-example\src\main\java\net\javaguides\hibernate\dao\ProjectDao.java,net.javaguides.hibernate.dao.ProjectDao,getProjects/0,false,23,2,2,1,1,1,4,5,1,1,0,4,0,0,0,0,1,0,1,0,1,0,1,0,0,0,4,1,0,false
D:\Project\Hibernate-ORM-Tutorials-master\Hibernate-ORM-Tutorials-master\hibernate-lazy-vs-eager-example\src\main\java\net\javaguides\hibernate\entity\InstructorDetail.java,net.javaguides.hibernate.entity.InstructorDetail,InstructorDetail/0,true,27,0,0,0,0,1,0,2,0,0,0,0,0,0,0,0,0,0,0,0,0,0,0,0,0,0,2,1,0,false
D:\Project\Hibernate-ORM-Tutorials-master\Hibernate-ORM-Tutorials-master\hibernate-lazy-vs-eager-example\src\main\java\net\javaguides\hibernate\entity\InstructorDetail.java,net.javaguides.hibernate.entity.InstructorDetail,getId/0,false,36,0,0,0,0,1,0,3,1,0,0,0,0,0,0,0,0,0,0,0,0,0,0,0,0,0,3,1,0,false
D:\Project\Hibernate-ORM-Tutorials-master\Hibernate-ORM-Tutorials-master\hibernate-lazy-vs-eager-example\src\main\java\net\javaguides\hibernate\entity\InstructorDetail.java,net.javaguides.hibernate.entity.InstructorDetail,setYoutubeChannel/1[java.lang.String],false,48,0,0,0,0,1,0,3,0,0,1,0,0,0,0,0,0,0,0,0,1,0,0,0,0,0,4,1,0,false
D:\Project\Hibernate-ORM-Tutorials-master\Hibernate-ORM-Tutorials-master\hibernate-lazy-vs-eager-example\src\main\java\net\javaguides\hibernate\entity\InstructorDetail.java,net.javaguides.hibernate.entity.InstructorDetail,setId/1[int],false,40,0,0,0,0,1,0,3,0,0,1,0,0,0,0,0,0,0,0,0,1,0,0,0,0,0,3,1,0,false
D:\Project\Hibernate-ORM-Tutorials-master\Hibernate-ORM-Tutorials-master\hibernate-lazy-vs-eager-example\src\main\java\net\javaguides\hibernate\entity\InstructorDetail.java,net.javaguides.hibernate.entity.InstructorDetail,toString/0,false,61,0,0,0,0,1,0,3,1,0,0,0,0,0,0,0,0,0,4,0,0,1,0,0,0,0,6,1,0,false
D:\Project\Hibernate-ORM-Tutorials-master\Hibernate-ORM-Tutorials-master\hibernate-lazy-vs-eager-example\src\main\java\net\javaguides\hibernate\entity\InstructorDetail.java,net.javaguides.hibernate.entity.InstructorDetail,"InstructorDetail/2[java.lang.String,java.lang.String]",true,31,0,1,1,0,1,0,4,0,0,2,0,0,0,0,0,0,0,0,0,2,0,0,0,0,0,5,1,0,false
D:\Project\Hibernate-ORM-Tutorials-master\Hibernate-ORM-Tutorials-master\hibernate-lazy-vs-eager-example\src\main\java\net\javaguides\hibernate\entity\InstructorDetail.java,net.javaguides.hibernate.entity.InstructorDetail,setHobby/1[java.lang.String],false,56,0,0,0,0,1,0,3,0,0,1,0,0,0,0,0,0,0,0,0,1,0,0,0,0,0,3,1,0,false
D:\Project\Hibernate-ORM-Tutorials-master\Hibernate-ORM-Tutorials-master\hibernate-lazy-vs-eager-example\src\main\java\net\javaguides\hibernate\entity\InstructorDetail.java,net.javaguides.hibernate.entity.InstructorDetail,getHobby/0,false,52,0,0,0,0,1,0,3,1,0,0,0,0,0,0,0,0,0,0,0,0,0,0,0,0,0,3,1,0,false
D:\Project\Hibernate-ORM-Tutorials-master\Hibernate-ORM-Tutorials-master\hibernate-lazy-vs-eager-example\src\main\java\net\javaguides\hibernate\entity\InstructorDetail.java,net.javaguides.hibernate.entity.InstructorDetail,getYoutubeChannel/0,false,44,0,0,0,0,1,0,3,1,0,0,0,0,0,0,0,0,0,0,0,0,0,0,0,0,0,4,1,0,false
D:\Project\Hibernate-ORM-Tutorials-master\Hibernate-ORM-Tutorials-master\hibernate-lazy-vs-eager-example\src\main\java\net\javaguides\hibernate\entity\Instructor.java,net.javaguides.hibernate.entity.Instructor,setLastName/1[java.lang.String],false,73,0,0,0,0,1,0,3,0,0,1,0,0,0,0,0,0,0,0,0,1,0,0,0,0,0,4,1,0,false
D:\Project\Hibernate-ORM-Tutorials-master\Hibernate-ORM-Tutorials-master\hibernate-lazy-vs-eager-example\src\main\java\net\javaguides\hibernate\entity\Instructor.java,net.javaguides.hibernate.entity.Instructor,getCourses/0,false,99,1,0,0,0,1,0,3,1,0,0,0,0,0,0,0,0,0,0,0,0,0,0,0,0,0,3,1,0,false
D:\Project\Hibernate-ORM-Tutorials-master\Hibernate-ORM-Tutorials-master\hibernate-lazy-vs-eager-example\src\main\java\net\javaguides\hibernate\entity\Instructor.java,net.javaguides.hibernate.entity.Instructor,getFirstName/0,false,61,0,1,1,0,1,0,3,1,0,0,0,0,0,0,0,0,0,0,0,0,0,0,0,0,0,4,1,0,false
D:\Project\Hibernate-ORM-Tutorials-master\Hibernate-ORM-Tutorials-master\hibernate-lazy-vs-eager-example\src\main\java\net\javaguides\hibernate\entity\Instructor.java,net.javaguides.hibernate.entity.Instructor,setEmail/1[java.lang.String],false,81,0,0,0,0,1,0,3,0,0,1,0,0,0,0,0,0,0,0,0,1,0,0,0,0,0,3,1,0,false
D:\Project\Hibernate-ORM-Tutorials-master\Hibernate-ORM-Tutorials-master\hibernate-lazy-vs-eager-example\src\main\java\net\javaguides\hibernate\entity\Instructor.java,net.javaguides.hibernate.entity.Instructor,getLastName/0,false,69,0,0,0,0,1,0,3,1,0,0,0,0,0,0,0,0,0,0,0,0,0,0,0,0,0,4,1,0,false
D:\Project\Hibernate-ORM-Tutorials-master\Hibernate-ORM-Tutorials-master\hibernate-lazy-vs-eager-example\src\main\java\net\javaguides\hibernate\entity\Instructor.java,net.javaguides.hibernate.entity.Instructor,getInstructorDetail/0,false,85,1,0,0,0,1,0,3,1,0,0,0,0,0,0,0,0,0,0,0,0,0,0,0,0,0,4,1,0,false
D:\Project\Hibernate-ORM-Tutorials-master\Hibernate-ORM-Tutorials-master\hibernate-lazy-vs-eager-example\src\main\java\net\javaguides\hibernate\entity\Instructor.java,net.javaguides.hibernate.entity.Instructor,Instructor/0,true,43,0,0,0,0,1,0,2,0,0,0,0,0,0,0,0,0,0,0,0,0,0,0,0,0,0,1,1,0,false
D:\Project\Hibernate-ORM-Tutorials-master\Hibernate-ORM-Tutorials-master\hibernate-lazy-vs-eager-example\src\main\java\net\javaguides\hibernate\entity\Instructor.java,net.javaguides.hibernate.entity.Instructor,setInstructorDetail/1[net.javaguides.hibernate.entity.InstructorDetail],false,89,1,1,1,0,1,0,3,0,0,1,0,0,0,0,0,0,0,0,0,1,0,0,0,0,0,4,1,0,false
D:\Project\Hibernate-ORM-Tutorials-master\Hibernate-ORM-Tutorials-master\hibernate-lazy-vs-eager-example\src\main\java\net\javaguides\hibernate\entity\Instructor.java,net.javaguides.hibernate.entity.Instructor,getEmail/0,false,77,0,0,0,0,1,0,3,1,0,0,0,0,0,0,0,0,0,0,0,0,0,0,0,0,0,3,1,0,false
D:\Project\Hibernate-ORM-Tutorials-master\Hibernate-ORM-Tutorials-master\hibernate-lazy-vs-eager-example\src\main\java\net\javaguides\hibernate\entity\Instructor.java,net.javaguides.hibernate.entity.Instructor,toString/0,false,94,0,0,0,0,1,0,3,1,0,0,0,0,0,0,0,0,0,6,0,0,1,0,0,0,0,9,1,0,false
D:\Project\Hibernate-ORM-Tutorials-master\Hibernate-ORM-Tutorials-master\hibernate-lazy-vs-eager-example\src\main\java\net\javaguides\hibernate\entity\Instructor.java,net.javaguides.hibernate.entity.Instructor,setFirstName/1[java.lang.String],false,65,0,0,0,0,1,0,3,0,0,1,0,0,0,0,0,0,0,0,0,1,0,0,0,0,0,4,1,0,false
D:\Project\Hibernate-ORM-Tutorials-master\Hibernate-ORM-Tutorials-master\hibernate-lazy-vs-eager-example\src\main\java\net\javaguides\hibernate\entity\Instructor.java,net.javaguides.hibernate.entity.Instructor,getId/0,false,53,0,0,0,0,1,0,3,1,0,0,0,0,0,0,0,0,0,0,0,0,0,0,0,0,0,3,1,0,false
D:\Project\Hibernate-ORM-Tutorials-master\Hibernate-ORM-Tutorials-master\hibernate-lazy-vs-eager-example\src\main\java\net\javaguides\hibernate\entity\Instructor.java,net.javaguides.hibernate.entity.Instructor,setCourses/1[java.util.List<net.javaguides.hibernate.entity.Course>],false,103,1,1,1,0,1,0,3,0,0,1,0,0,0,0,0,0,0,0,0,1,0,0,0,0,0,3,1,0,false
D:\Project\Hibernate-ORM-Tutorials-master\Hibernate-ORM-Tutorials-master\hibernate-lazy-vs-eager-example\src\main\java\net\javaguides\hibernate\entity\Instructor.java,net.javaguides.hibernate.entity.Instructor,setId/1[int],false,57,0,0,0,0,1,0,3,0,0,1,0,0,0,0,0,0,0,0,0,1,0,0,0,0,0,3,1,0,false
D:\Project\Hibernate-ORM-Tutorials-master\Hibernate-ORM-Tutorials-master\hibernate-lazy-vs-eager-example\src\main\java\net\javaguides\hibernate\entity\Instructor.java,net.javaguides.hibernate.entity.Instructor,"Instructor/3[java.lang.String,java.lang.String,java.lang.String]",true,47,0,1,1,0,1,0,5,0,0,3,0,0,0,0,0,0,0,0,0,3,0,0,0,0,0,5,1,0,false
D:\Project\Hibernate-ORM-Tutorials-master\Hibernate-ORM-Tutorials-master\hibernate-tutorial\hibernate-remove-entity-exmaple\src\main\java\net\javaguides\hibernate\dao\SessionDeleteExample.java,SessionDeleteExample,deleteStudent/1[int],false,10,2,0,0,0,4,10,22,0,4,1,10,0,0,0,2,1,0,2,1,5,0,2,0,0,0,13,1,0,false
D:\Project\Hibernate-ORM-Tutorials-master\Hibernate-ORM-Tutorials-master\hibernate-c3p0-pooling-example\src\main\java\net\javaguides\hibernate\dao\StudentDao.java,net.javaguides.hibernate.dao.StudentDao,deleteStudent/1[int],false,67,3,1,0,1,4,9,18,0,3,1,9,0,0,0,2,1,0,1,0,4,0,2,0,0,0,12,1,0,false
D:\Project\Hibernate-ORM-Tutorials-master\Hibernate-ORM-Tutorials-master\hibernate-c3p0-pooling-example\src\main\java\net\javaguides\hibernate\dao\StudentDao.java,net.javaguides.hibernate.dao.StudentDao,getStudents/0,false,90,2,2,1,1,1,4,5,1,1,0,4,0,0,0,0,1,0,1,0,1,0,1,0,0,0,4,1,0,false
D:\Project\Hibernate-ORM-Tutorials-master\Hibernate-ORM-Tutorials-master\hibernate-c3p0-pooling-example\src\main\java\net\javaguides\hibernate\dao\StudentDao.java,net.javaguides.hibernate.dao.StudentDao,saveStudent/1[net.javaguides.hibernate.entity.Student],false,12,3,2,1,1,3,7,14,0,2,1,7,0,0,0,1,1,0,0,0,3,0,2,0,0,0,10,1,0,false
D:\Project\Hibernate-ORM-Tutorials-master\Hibernate-ORM-Tutorials-master\hibernate-c3p0-pooling-example\src\main\java\net\javaguides\hibernate\dao\StudentDao.java,net.javaguides.hibernate.dao.StudentDao,getStudent/1[int],false,46,3,3,0,3,3,10,16,0,3,1,10,0,0,0,1,1,0,0,0,4,0,2,0,0,0,11,1,0,false
D:\Project\Hibernate-ORM-Tutorials-master\Hibernate-ORM-Tutorials-master\hibernate-c3p0-pooling-example\src\main\java\net\javaguides\hibernate\dao\StudentDao.java,net.javaguides.hibernate.dao.StudentDao,updateStudent/1[net.javaguides.hibernate.entity.Student],false,29,3,1,0,1,3,7,14,0,2,1,7,0,0,0,1,1,0,0,0,3,0,2,0,0,0,10,1,0,false
D:\Project\Hibernate-ORM-Tutorials-master\Hibernate-ORM-Tutorials-master\hibernate-lazy-vs-eager-example\src\main\java\net\javaguides\hibernate\dao\CourseDao.java,net.javaguides.hibernate.dao.CourseDao,getCourse/1[int],false,68,3,1,0,1,3,7,16,1,3,1,7,0,0,0,1,1,0,0,0,5,0,2,0,0,0,11,1,0,false
D:\Project\Hibernate-ORM-Tutorials-master\Hibernate-ORM-Tutorials-master\hibernate-lazy-vs-eager-example\src\main\java\net\javaguides\hibernate\dao\CourseDao.java,net.javaguides.hibernate.dao.CourseDao,deleteCourse/1[int],false,44,3,1,0,1,4,9,18,0,3,1,9,0,0,0,2,1,0,1,0,4,0,2,0,0,0,12,1,0,false
D:\Project\Hibernate-ORM-Tutorials-master\Hibernate-ORM-Tutorials-master\hibernate-lazy-vs-eager-example\src\main\java\net\javaguides\hibernate\dao\CourseDao.java,net.javaguides.hibernate.dao.CourseDao,updateCourse/1[net.javaguides.hibernate.entity.Course],false,27,3,1,0,1,3,7,14,0,2,1,7,0,0,0,1,1,0,0,0,3,0,2,0,0,0,10,1,0,false
D:\Project\Hibernate-ORM-Tutorials-master\Hibernate-ORM-Tutorials-master\hibernate-lazy-vs-eager-example\src\main\java\net\javaguides\hibernate\dao\CourseDao.java,net.javaguides.hibernate.dao.CourseDao,saveCourse/1[net.javaguides.hibernate.entity.Course],false,10,3,2,1,1,3,7,14,0,2,1,7,0,0,0,1,1,0,0,0,3,0,2,0,0,0,10,1,0,false
D:\Project\Hibernate-ORM-Tutorials-master\Hibernate-ORM-Tutorials-master\jsp-servlet-hibernate-crud-todo-app\src\net\javaguides\todoapp\web\TodoController.java,net.javaguides.todoapp.web.TodoController,"insertTodo/2[net.javaguides.todoapp.web.HttpServletRequest,net.javaguides.todoapp.web.HttpServletResponse]",false,93,4,3,1,2,1,5,9,0,5,2,5,0,0,0,0,0,0,5,0,5,0,0,0,0,0,15,2,0,false
D:\Project\Hibernate-ORM-Tutorials-master\Hibernate-ORM-Tutorials-master\jsp-servlet-hibernate-crud-todo-app\src\net\javaguides\todoapp\web\TodoController.java,net.javaguides.todoapp.web.TodoController,"deleteTodo/2[net.javaguides.todoapp.web.HttpServletRequest,net.javaguides.todoapp.web.HttpServletResponse]",false,119,3,2,1,1,1,4,5,0,1,2,4,0,0,0,0,0,0,2,0,1,0,0,0,0,0,10,2,0,false
D:\Project\Hibernate-ORM-Tutorials-master\Hibernate-ORM-Tutorials-master\jsp-servlet-hibernate-crud-todo-app\src\net\javaguides\todoapp\web\TodoController.java,net.javaguides.todoapp.web.TodoController,"showNewForm/2[net.javaguides.todoapp.web.HttpServletRequest,net.javaguides.todoapp.web.HttpServletResponse]",false,79,3,1,1,0,1,2,4,0,1,2,2,0,0,0,0,0,0,1,0,1,0,0,0,0,0,13,2,0,false
D:\Project\Hibernate-ORM-Tutorials-master\Hibernate-ORM-Tutorials-master\jsp-servlet-hibernate-crud-todo-app\src\net\javaguides\todoapp\web\TodoController.java,net.javaguides.todoapp.web.TodoController,"doGet/2[net.javaguides.todoapp.web.HttpServletRequest,net.javaguides.todoapp.web.HttpServletResponse]",false,41,4,7,1,6,7,7,28,0,1,2,7,6,1,0,0,1,0,5,0,1,0,2,0,0,0,23,4,0,false
D:\Project\Hibernate-ORM-Tutorials-master\Hibernate-ORM-Tutorials-master\jsp-servlet-hibernate-crud-todo-app\src\net\javaguides\todoapp\web\TodoController.java,net.javaguides.todoapp.web.TodoController,"listTodo/2[net.javaguides.todoapp.web.HttpServletRequest,net.javaguides.todoapp.web.HttpServletResponse]",false,71,5,2,1,1,1,4,6,0,2,2,4,0,0,0,0,0,0,2,0,2,0,0,0,0,0,10,2,0,false
D:\Project\Hibernate-ORM-Tutorials-master\Hibernate-ORM-Tutorials-master\jsp-servlet-hibernate-crud-todo-app\src\net\javaguides\todoapp\web\TodoController.java,net.javaguides.todoapp.web.TodoController,"showEditForm/2[net.javaguides.todoapp.web.HttpServletRequest,net.javaguides.todoapp.web.HttpServletResponse]",false,85,5,2,1,1,1,6,7,0,3,2,6,0,0,0,0,0,0,3,0,3,0,0,0,0,0,16,2,0,false
D:\Project\Hibernate-ORM-Tutorials-master\Hibernate-ORM-Tutorials-master\jsp-servlet-hibernate-crud-todo-app\src\net\javaguides\todoapp\web\TodoController.java,net.javaguides.todoapp.web.TodoController,"updateTodo/2[net.javaguides.todoapp.web.HttpServletRequest,net.javaguides.todoapp.web.HttpServletResponse]",false,103,4,3,1,2,1,6,11,0,7,2,6,0,0,0,0,0,0,7,0,7,0,0,0,0,0,18,2,0,false
D:\Project\Hibernate-ORM-Tutorials-master\Hibernate-ORM-Tutorials-master\jsp-servlet-hibernate-crud-todo-app\src\net\javaguides\todoapp\web\TodoController.java,net.javaguides.todoapp.web.TodoController,"doPost/2[net.javaguides.todoapp.web.HttpServletRequest,net.javaguides.todoapp.web.HttpServletResponse]",false,36,3,1,0,1,1,1,3,0,0,2,1,1,2,0,0,0,0,0,0,0,0,0,0,0,0,10,4,0,false
D:\Project\Hibernate-ORM-Tutorials-master\Hibernate-ORM-Tutorials-master\jsp-servlet-hibernate-crud-todo-app\src\net\javaguides\todoapp\web\TodoController.java,net.javaguides.todoapp.web.TodoController,init/0,false,31,1,1,0,1,1,0,3,0,0,0,0,0,0,0,0,0,0,0,0,1,0,0,0,0,0,8,1,0,false
D:\Project\Hibernate-ORM-Tutorials-master\Hibernate-ORM-Tutorials-master\hibernate-jpa-example\src\main\java\net\javaguides\hibernate\util\JPAUtil.java,net.javaguides.hibernate.util.JPAUtil,shutdown/0,false,17,0,0,0,0,2,1,5,0,0,0,1,0,0,0,1,0,0,0,0,0,0,1,0,0,0,3,9,0,false
D:\Project\Hibernate-ORM-Tutorials-master\Hibernate-ORM-Tutorials-master\hibernate-jpa-example\src\main\java\net\javaguides\hibernate\util\JPAUtil.java,net.javaguides.hibernate.util.JPAUtil,getEntityManagerFactory/0,false,10,1,0,0,0,2,1,6,1,0,0,1,0,0,0,1,0,0,0,0,1,0,1,0,0,0,18,9,0,false
D:\Project\Hibernate-ORM-Tutorials-master\Hibernate-ORM-Tutorials-master\jsp-servlet-hibernate-crud-todo-app\src\net\javaguides\todoapp\model\Todo.java,net.javaguides.todoapp.model.Todo,getId/0,false,66,0,0,0,0,1,0,3,1,0,0,0,0,0,0,0,0,0,0,0,0,0,0,0,0,0,4,1,0,false
D:\Project\Hibernate-ORM-Tutorials-master\Hibernate-ORM-Tutorials-master\jsp-servlet-hibernate-crud-todo-app\src\net\javaguides\todoapp\model\Todo.java,net.javaguides.todoapp.model.Todo,"Todo/6[long,java.lang.String,java.lang.String,java.lang.String,java.time.LocalDate,boolean]",true,47,0,1,1,0,1,0,9,0,0,6,0,0,0,0,0,0,0,0,0,6,0,0,0,0,0,9,1,0,false
D:\Project\Hibernate-ORM-Tutorials-master\Hibernate-ORM-Tutorials-master\jsp-servlet-hibernate-crud-todo-app\src\net\javaguides\todoapp\model\Todo.java,net.javaguides.todoapp.model.Todo,getStatus/0,false,106,0,0,0,0,1,0,3,1,0,0,0,0,0,0,0,0,0,0,0,0,0,0,0,0,0,3,1,0,false
D:\Project\Hibernate-ORM-Tutorials-master\Hibernate-ORM-Tutorials-master\jsp-servlet-hibernate-crud-todo-app\src\net\javaguides\todoapp\model\Todo.java,net.javaguides.todoapp.model.Todo,getUsername/0,false,82,0,0,0,0,1,0,3,1,0,0,0,0,0,0,0,0,0,0,0,0,0,0,0,0,0,3,1,0,false
D:\Project\Hibernate-ORM-Tutorials-master\Hibernate-ORM-Tutorials-master\jsp-servlet-hibernate-crud-todo-app\src\net\javaguides\todoapp\model\Todo.java,net.javaguides.todoapp.model.Todo,equals/1[java.lang.Object],false,123,1,0,0,0,5,1,8,5,1,1,1,0,0,0,4,0,0,0,0,1,0,1,0,0,0,11,1,0,false
D:\Project\Hibernate-ORM-Tutorials-master\Hibernate-ORM-Tutorials-master\jsp-servlet-hibernate-crud-todo-app\src\net\javaguides\todoapp\model\Todo.java,net.javaguides.todoapp.model.Todo,getTitle/0,false,74,0,0,0,0,1,0,3,1,0,0,0,0,0,0,0,0,0,0,0,0,0,0,0,0,0,3,1,0,false
D:\Project\Hibernate-ORM-Tutorials-master\Hibernate-ORM-Tutorials-master\jsp-servlet-hibernate-crud-todo-app\src\net\javaguides\todoapp\model\Todo.java,net.javaguides.todoapp.model.Todo,Todo/0,true,43,0,0,0,0,1,0,2,0,0,0,0,0,0,0,0,0,0,0,0,0,0,0,0,0,0,1,4,0,false
D:\Project\Hibernate-ORM-Tutorials-master\Hibernate-ORM-Tutorials-master\jsp-servlet-hibernate-crud-todo-app\src\net\javaguides\todoapp\model\Todo.java,net.javaguides.todoapp.model.Todo,"Todo/5[java.lang.String,java.lang.String,java.lang.String,java.time.LocalDate,boolean]",true,57,0,1,1,0,1,0,8,0,0,5,0,0,0,0,0,0,0,0,0,5,0,0,0,0,0,8,1,0,false
D:\Project\Hibernate-ORM-Tutorials-master\Hibernate-ORM-Tutorials-master\jsp-servlet-hibernate-crud-todo-app\src\net\javaguides\todoapp\model\Todo.java,net.javaguides.todoapp.model.Todo,setDescription/1[java.lang.String],false,94,0,0,0,0,1,0,3,0,0,1,0,0,0,0,0,0,0,0,0,1,0,0,0,0,0,3,1,0,false
D:\Project\Hibernate-ORM-Tutorials-master\Hibernate-ORM-Tutorials-master\jsp-servlet-hibernate-crud-todo-app\src\net\javaguides\todoapp\model\Todo.java,net.javaguides.todoapp.model.Todo,setUsername/1[java.lang.String],false,86,0,0,0,0,1,0,3,0,0,1,0,0,0,0,0,0,0,0,0,1,0,0,0,0,0,3,1,0,false
D:\Project\Hibernate-ORM-Tutorials-master\Hibernate-ORM-Tutorials-master\jsp-servlet-hibernate-crud-todo-app\src\net\javaguides\todoapp\model\Todo.java,net.javaguides.todoapp.model.Todo,getTargetDate/0,false,98,0,0,0,0,1,0,3,1,0,0,0,0,0,0,0,0,0,0,0,0,0,0,0,0,0,5,1,0,false
D:\Project\Hibernate-ORM-Tutorials-master\Hibernate-ORM-Tutorials-master\jsp-servlet-hibernate-crud-todo-app\src\net\javaguides\todoapp\model\Todo.java,net.javaguides.todoapp.model.Todo,setTargetDate/1[java.time.LocalDate],false,102,0,0,0,0,1,0,3,0,0,1,0,0,0,0,0,0,0,0,0,1,0,0,0,0,0,5,1,0,false
D:\Project\Hibernate-ORM-Tutorials-master\Hibernate-ORM-Tutorials-master\jsp-servlet-hibernate-crud-todo-app\src\net\javaguides\todoapp\model\Todo.java,net.javaguides.todoapp.model.Todo,getDescription/0,false,90,0,0,0,0,1,0,3,1,0,0,0,0,0,0,0,0,0,0,0,0,0,0,0,0,0,3,1,0,false
D:\Project\Hibernate-ORM-Tutorials-master\Hibernate-ORM-Tutorials-master\jsp-servlet-hibernate-crud-todo-app\src\net\javaguides\todoapp\model\Todo.java,net.javaguides.todoapp.model.Todo,setStatus/1[boolean],false,110,0,0,0,0,1,0,3,0,0,1,0,0,0,0,0,0,0,0,0,1,0,0,0,0,0,3,1,0,false
D:\Project\Hibernate-ORM-Tutorials-master\Hibernate-ORM-Tutorials-master\jsp-servlet-hibernate-crud-todo-app\src\net\javaguides\todoapp\model\Todo.java,net.javaguides.todoapp.model.Todo,hashCode/0,false,115,0,0,0,0,1,0,6,1,2,0,0,0,0,0,0,0,2,0,3,3,3,0,0,0,0,5,1,0,false
D:\Project\Hibernate-ORM-Tutorials-master\Hibernate-ORM-Tutorials-master\jsp-servlet-hibernate-crud-todo-app\src\net\javaguides\todoapp\model\Todo.java,net.javaguides.todoapp.model.Todo,setId/1[java.lang.Long],false,70,0,0,0,0,1,0,3,0,0,1,0,0,0,0,0,0,0,0,0,1,0,0,0,0,0,4,1,0,false
D:\Project\Hibernate-ORM-Tutorials-master\Hibernate-ORM-Tutorials-master\jsp-servlet-hibernate-crud-todo-app\src\net\javaguides\todoapp\model\Todo.java,net.javaguides.todoapp.model.Todo,setTitle/1[java.lang.String],false,78,0,0,0,0,1,0,3,0,0,1,0,0,0,0,0,0,0,0,0,1,0,0,0,0,0,3,1,0,false
D:\Project\Hibernate-ORM-Tutorials-master\Hibernate-ORM-Tutorials-master\registration-jsp-servlet-hibernate-example\src\net\javaguides\hibernate\model\User.java,User,getUsername/0,false,45,1,0,0,0,1,0,3,1,0,0,0,0,0,0,0,0,0,0,0,0,0,0,0,0,0,3,1,0,false
D:\Project\Hibernate-ORM-Tutorials-master\Hibernate-ORM-Tutorials-master\registration-jsp-servlet-hibernate-example\src\net\javaguides\hibernate\model\User.java,User,getFirstName/0,false,33,1,0,0,0,1,0,3,1,0,0,0,0,0,0,0,0,0,0,0,0,0,0,0,0,0,4,1,0,false
D:\Project\Hibernate-ORM-Tutorials-master\Hibernate-ORM-Tutorials-master\registration-jsp-servlet-hibernate-example\src\net\javaguides\hibernate\model\User.java,User,getPassword/0,false,51,1,0,0,0,1,0,3,1,0,0,0,0,0,0,0,0,0,0,0,0,0,0,0,0,0,3,1,0,false
D:\Project\Hibernate-ORM-Tutorials-master\Hibernate-ORM-Tutorials-master\registration-jsp-servlet-hibernate-example\src\net\javaguides\hibernate\model\User.java,User,getLastName/0,false,39,1,0,0,0,1,0,3,1,0,0,0,0,0,0,0,0,0,0,0,0,0,0,0,0,0,4,1,0,false
D:\Project\Hibernate-ORM-Tutorials-master\Hibernate-ORM-Tutorials-master\registration-jsp-servlet-hibernate-example\src\net\javaguides\hibernate\model\User.java,User,setLastName/1[String],false,42,0,0,0,0,1,0,3,0,0,1,0,0,0,0,0,0,0,0,0,1,0,0,0,0,0,4,1,0,false
D:\Project\Hibernate-ORM-Tutorials-master\Hibernate-ORM-Tutorials-master\registration-jsp-servlet-hibernate-example\src\net\javaguides\hibernate\model\User.java,User,setUsername/1[String],false,48,0,0,0,0,1,0,3,0,0,1,0,0,0,0,0,0,0,0,0,1,0,0,0,0,0,3,1,0,false
D:\Project\Hibernate-ORM-Tutorials-master\Hibernate-ORM-Tutorials-master\registration-jsp-servlet-hibernate-example\src\net\javaguides\hibernate\model\User.java,User,setFirstName/1[String],false,36,0,0,0,0,1,0,3,0,0,1,0,0,0,0,0,0,0,0,0,1,0,0,0,0,0,4,1,0,false
D:\Project\Hibernate-ORM-Tutorials-master\Hibernate-ORM-Tutorials-master\registration-jsp-servlet-hibernate-example\src\net\javaguides\hibernate\model\User.java,User,setPassword/1[String],false,54,0,0,0,0,1,0,3,0,0,1,0,0,0,0,0,0,0,0,0,1,0,0,0,0,0,3,1,0,false
D:\Project\Hibernate-ORM-Tutorials-master\Hibernate-ORM-Tutorials-master\hibernate-tutorial\hibernate-one-to-one-example\src\main\java\net\javaguides\hibernate\entity\Instructor.java,Instructor,getLastName/0,false,61,1,0,0,0,1,0,3,1,0,0,0,0,0,0,0,0,0,0,0,0,0,0,0,0,0,4,1,0,false
D:\Project\Hibernate-ORM-Tutorials-master\Hibernate-ORM-Tutorials-master\hibernate-tutorial\hibernate-one-to-one-example\src\main\java\net\javaguides\hibernate\entity\Instructor.java,Instructor,setEmail/1[String],false,73,0,0,0,0,1,0,3,0,0,1,0,0,0,0,0,0,0,0,0,1,0,0,0,0,0,3,1,0,false
D:\Project\Hibernate-ORM-Tutorials-master\Hibernate-ORM-Tutorials-master\hibernate-tutorial\hibernate-one-to-one-example\src\main\java\net\javaguides\hibernate\entity\Instructor.java,Instructor,Instructor/0,true,35,0,0,0,0,1,0,2,0,0,0,0,0,0,0,0,0,0,0,0,0,0,0,0,0,0,1,1,0,false
D:\Project\Hibernate-ORM-Tutorials-master\Hibernate-ORM-Tutorials-master\hibernate-tutorial\hibernate-one-to-one-example\src\main\java\net\javaguides\hibernate\entity\Instructor.java,Instructor,setId/1[int],false,49,0,0,0,0,1,0,3,0,0,1,0,0,0,0,0,0,0,0,0,1,0,0,0,0,0,3,1,0,false
D:\Project\Hibernate-ORM-Tutorials-master\Hibernate-ORM-Tutorials-master\hibernate-tutorial\hibernate-one-to-one-example\src\main\java\net\javaguides\hibernate\entity\Instructor.java,Instructor,getEmail/0,false,69,1,0,0,0,1,0,3,1,0,0,0,0,0,0,0,0,0,0,0,0,0,0,0,0,0,3,1,0,false
D:\Project\Hibernate-ORM-Tutorials-master\Hibernate-ORM-Tutorials-master\hibernate-tutorial\hibernate-one-to-one-example\src\main\java\net\javaguides\hibernate\entity\Instructor.java,Instructor,toString/0,false,86,2,0,0,0,1,0,3,1,0,0,0,0,0,0,0,0,0,6,0,0,1,0,0,0,0,9,1,0,false
D:\Project\Hibernate-ORM-Tutorials-master\Hibernate-ORM-Tutorials-master\hibernate-tutorial\hibernate-one-to-one-example\src\main\java\net\javaguides\hibernate\entity\Instructor.java,Instructor,getFirstName/0,false,53,1,0,0,0,1,0,3,1,0,0,0,0,0,0,0,0,0,0,0,0,0,0,0,0,0,4,1,0,false
D:\Project\Hibernate-ORM-Tutorials-master\Hibernate-ORM-Tutorials-master\hibernate-tutorial\hibernate-one-to-one-example\src\main\java\net\javaguides\hibernate\entity\Instructor.java,Instructor,getId/0,false,45,0,0,0,0,1,0,3,1,0,0,0,0,0,0,0,0,0,0,0,0,0,0,0,0,0,3,1,0,false
D:\Project\Hibernate-ORM-Tutorials-master\Hibernate-ORM-Tutorials-master\hibernate-tutorial\hibernate-one-to-one-example\src\main\java\net\javaguides\hibernate\entity\Instructor.java,Instructor,getInstructorDetail/0,false,77,1,0,0,0,1,0,3,1,0,0,0,0,0,0,0,0,0,0,0,0,0,0,0,0,0,4,1,0,false
D:\Project\Hibernate-ORM-Tutorials-master\Hibernate-ORM-Tutorials-master\hibernate-tutorial\hibernate-one-to-one-example\src\main\java\net\javaguides\hibernate\entity\Instructor.java,Instructor,"Instructor/3[String,String,String]",true,39,0,0,0,0,1,0,5,0,0,3,0,0,0,0,0,0,0,0,0,3,0,0,0,0,0,5,1,0,false
D:\Project\Hibernate-ORM-Tutorials-master\Hibernate-ORM-Tutorials-master\hibernate-tutorial\hibernate-one-to-one-example\src\main\java\net\javaguides\hibernate\entity\Instructor.java,Instructor,setLastName/1[String],false,65,0,0,0,0,1,0,3,0,0,1,0,0,0,0,0,0,0,0,0,1,0,0,0,0,0,4,1,0,false
D:\Project\Hibernate-ORM-Tutorials-master\Hibernate-ORM-Tutorials-master\hibernate-tutorial\hibernate-one-to-one-example\src\main\java\net\javaguides\hibernate\entity\Instructor.java,Instructor,setInstructorDetail/1[InstructorDetail],false,81,0,0,0,0,1,0,3,0,0,1,0,0,0,0,0,0,0,0,0,1,0,0,0,0,0,4,1,0,false
D:\Project\Hibernate-ORM-Tutorials-master\Hibernate-ORM-Tutorials-master\hibernate-tutorial\hibernate-one-to-one-example\src\main\java\net\javaguides\hibernate\entity\Instructor.java,Instructor,setFirstName/1[String],false,57,0,0,0,0,1,0,3,0,0,1,0,0,0,0,0,0,0,0,0,1,0,0,0,0,0,4,1,0,false
D:\Project\Hibernate-ORM-Tutorials-master\Hibernate-ORM-Tutorials-master\jsp-servlet-hibernate-crud-todo-app\src\net\javaguides\todoapp\dao\TodoDaoImpl.java,net.javaguides.todoapp.dao.TodoDaoImpl,insertTodo/1[net.javaguides.todoapp.model.Todo],false,26,3,1,0,1,3,7,14,0,2,1,7,0,0,0,1,1,0,0,0,3,0,2,0,0,0,13,1,0,false
D:\Project\Hibernate-ORM-Tutorials-master\Hibernate-ORM-Tutorials-master\jsp-servlet-hibernate-crud-todo-app\src\net\javaguides\todoapp\dao\TodoDaoImpl.java,net.javaguides.todoapp.dao.TodoDaoImpl,TodoDaoImpl/0,true,22,0,1,1,0,1,0,2,0,0,0,0,0,0,0,0,0,0,0,0,0,0,0,0,0,0,3,1,0,false
D:\Project\Hibernate-ORM-Tutorials-master\Hibernate-ORM-Tutorials-master\jsp-servlet-hibernate-crud-todo-app\src\net\javaguides\todoapp\dao\TodoDaoImpl.java,net.javaguides.todoapp.dao.TodoDaoImpl,selectTodo/1[long],false,44,3,1,0,1,3,7,16,1,3,1,7,0,0,0,1,1,0,0,0,5,0,2,0,0,0,11,1,0,false
D:\Project\Hibernate-ORM-Tutorials-master\Hibernate-ORM-Tutorials-master\jsp-servlet-hibernate-crud-todo-app\src\net\javaguides\todoapp\dao\TodoDaoImpl.java,net.javaguides.todoapp.dao.TodoDaoImpl,selectAllTodos/0,false,64,3,1,0,1,3,8,16,1,3,0,8,0,0,0,1,1,0,1,0,5,0,2,0,0,0,11,1,0,false
D:\Project\Hibernate-ORM-Tutorials-master\Hibernate-ORM-Tutorials-master\jsp-servlet-hibernate-crud-todo-app\src\net\javaguides\todoapp\dao\TodoDaoImpl.java,net.javaguides.todoapp.dao.TodoDaoImpl,updateTodo/1[net.javaguides.todoapp.model.Todo],false,113,3,1,0,1,3,7,14,0,2,1,7,0,0,0,1,1,0,0,0,3,0,2,0,0,0,13,1,0,false
D:\Project\Hibernate-ORM-Tutorials-master\Hibernate-ORM-Tutorials-master\jsp-servlet-hibernate-crud-todo-app\src\net\javaguides\todoapp\dao\TodoDaoImpl.java,net.javaguides.todoapp.dao.TodoDaoImpl,deleteTodo/1[int],false,87,3,1,0,1,4,9,20,2,3,1,9,0,0,0,2,1,0,1,0,4,0,2,0,0,0,17,1,0,false
D:\Project\Hibernate-ORM-Tutorials-master\Hibernate-ORM-Tutorials-master\registration-jsp-servlet-hibernate-example\src\net\javaguides\hibernate\web\UserController.java,net.javaguides.hibernate.web.UserController,"doPost/2[net.javaguides.hibernate.web.HttpServletRequest,net.javaguides.hibernate.web.HttpServletResponse]",false,29,3,1,0,1,1,1,3,0,0,2,1,1,1,0,0,0,0,0,0,0,0,0,0,0,0,10,4,0,false
D:\Project\Hibernate-ORM-Tutorials-master\Hibernate-ORM-Tutorials-master\registration-jsp-servlet-hibernate-example\src\net\javaguides\hibernate\web\UserController.java,net.javaguides.hibernate.web.UserController,"register/2[net.javaguides.hibernate.web.HttpServletRequest,net.javaguides.hibernate.web.HttpServletResponse]",false,38,5,7,1,6,1,8,14,0,6,2,8,0,0,0,0,0,0,5,0,6,0,0,0,0,0,15,2,0,false
D:\Project\Hibernate-ORM-Tutorials-master\Hibernate-ORM-Tutorials-master\registration-jsp-servlet-hibernate-example\src\net\javaguides\hibernate\web\UserController.java,net.javaguides.hibernate.web.UserController,init/0,false,24,1,1,0,1,1,0,3,0,0,0,0,0,0,0,0,0,0,0,0,1,0,0,0,0,0,4,1,0,false
D:\Project\Hibernate-ORM-Tutorials-master\Hibernate-ORM-Tutorials-master\registration-jsp-servlet-hibernate-example\src\net\javaguides\hibernate\web\UserController.java,net.javaguides.hibernate.web.UserController,"doGet/2[net.javaguides.hibernate.web.HttpServletRequest,net.javaguides.hibernate.web.HttpServletResponse]",false,34,2,0,0,0,1,1,3,0,0,2,1,0,0,0,0,0,0,1,0,0,0,0,0,0,0,9,4,0,false
D:\Project\Hibernate-ORM-Tutorials-master\Hibernate-ORM-Tutorials-master\hibernate-c3p0-pooling-example\src\main\java\net\javaguides\hibernate\App.java,net.javaguides.hibernate.App,main/1[java.lang.String[]],false,9,2,5,0,5,1,5,7,0,4,1,5,0,0,0,0,0,0,3,0,3,0,0,0,0,1,7,9,0,false
D:\Project\Hibernate-ORM-Tutorials-master\Hibernate-ORM-Tutorials-master\hibernate-named-native-query-example\src\main\java\net\javaguides\hibernate\NamedNativeQueryExample.java,net.javaguides.hibernate.NamedNativeQueryExample,main/1[java.lang.String[]],false,13,4,4,0,4,4,15,22,0,5,1,15,1,1,1,1,1,0,8,3,6,2,2,0,0,0,16,9,0,false
D:\Project\Hibernate-ORM-Tutorials-master\Hibernate-ORM-Tutorials-master\hibernate-named-native-query-example\src\main\java\net\javaguides\hibernate\NamedNativeQueryExample.java,net.javaguides.hibernate.NamedNativeQueryExample,saveStudent/0,false,45,3,3,1,2,3,7,15,0,3,0,7,0,0,0,1,1,0,3,0,4,0,2,0,0,0,10,10,0,false
D:\Project\Hibernate-ORM-Tutorials-master\Hibernate-ORM-Tutorials-master\hibernate-java8-date-support\src\main\java\net\javaguides\hibernate\entity\SimpleEntity.java,net.javaguides.hibernate.entity.SimpleEntity,setDate/1[java.time.LocalDate],false,42,0,0,0,0,1,0,3,0,0,1,0,0,0,0,0,0,0,0,0,1,0,0,0,0,0,4,1,0,false
D:\Project\Hibernate-ORM-Tutorials-master\Hibernate-ORM-Tutorials-master\hibernate-java8-date-support\src\main\java\net\javaguides\hibernate\entity\SimpleEntity.java,net.javaguides.hibernate.entity.SimpleEntity,getDate/0,false,38,0,0,0,0,1,0,3,1,0,0,0,0,0,0,0,0,0,0,0,0,0,0,0,0,0,4,1,0,false
D:\Project\Hibernate-ORM-Tutorials-master\Hibernate-ORM-Tutorials-master\hibernate-java8-date-support\src\main\java\net\javaguides\hibernate\entity\SimpleEntity.java,net.javaguides.hibernate.entity.SimpleEntity,getDateTime/0,false,46,0,0,0,0,1,0,3,1,0,0,0,0,0,0,0,0,0,0,0,0,0,0,0,0,0,5,1,0,false
D:\Project\Hibernate-ORM-Tutorials-master\Hibernate-ORM-Tutorials-master\hibernate-java8-date-support\src\main\java\net\javaguides\hibernate\entity\SimpleEntity.java,net.javaguides.hibernate.entity.SimpleEntity,setDateTime/1[java.time.LocalDateTime],false,50,0,0,0,0,1,0,3,0,0,1,0,0,0,0,0,0,0,0,0,1,0,0,0,0,0,5,1,0,false
D:\Project\Hibernate-ORM-Tutorials-master\Hibernate-ORM-Tutorials-master\hibernate-java8-date-support\src\main\java\net\javaguides\hibernate\entity\SimpleEntity.java,net.javaguides.hibernate.entity.SimpleEntity,setDuration/1[java.time.Duration],false,58,0,0,0,0,1,0,3,0,0,1,0,0,0,0,0,0,0,0,0,1,0,0,0,0,0,3,1,0,false
D:\Project\Hibernate-ORM-Tutorials-master\Hibernate-ORM-Tutorials-master\hibernate-java8-date-support\src\main\java\net\javaguides\hibernate\entity\SimpleEntity.java,net.javaguides.hibernate.entity.SimpleEntity,getDuration/0,false,54,0,0,0,0,1,0,3,1,0,0,0,0,0,0,0,0,0,0,0,0,0,0,0,0,0,3,1,0,false
D:\Project\Hibernate-ORM-Tutorials-master\Hibernate-ORM-Tutorials-master\hibernate-java8-date-support\src\main\java\net\javaguides\hibernate\entity\SimpleEntity.java,net.javaguides.hibernate.entity.SimpleEntity,getId/0,false,30,0,0,0,0,1,0,3,1,0,0,0,0,0,0,0,0,0,0,0,0,0,0,0,0,0,4,1,0,false
D:\Project\Hibernate-ORM-Tutorials-master\Hibernate-ORM-Tutorials-master\hibernate-java8-date-support\src\main\java\net\javaguides\hibernate\entity\SimpleEntity.java,net.javaguides.hibernate.entity.SimpleEntity,setId/1[java.lang.Long],false,34,0,0,0,0,1,0,3,0,0,1,0,0,0,0,0,0,0,0,0,1,0,0,0,0,0,4,1,0,false
D:\Project\Hibernate-ORM-Tutorials-master\Hibernate-ORM-Tutorials-master\hibernate-tutorial\src\main\java\net\javaguides\hibernate\hibernate_tutorial\App.java,net.javaguides.hibernate.hibernate_tutorial.App,main/1[java.lang.String[]],false,10,0,0,0,0,1,1,3,0,0,1,1,0,0,0,0,0,0,1,0,0,0,0,0,0,0,3,9,0,false
D:\Project\Hibernate-ORM-Tutorials-master\Hibernate-ORM-Tutorials-master\registration-jsp-servlet-hibernate-example\src\net\javaguides\hibernate\dao\UserDao.java,UserDao,saveUser/1[User],false,17,1,0,0,0,3,7,14,0,2,1,7,0,0,0,1,1,0,0,0,3,0,2,0,0,0,11,1,0,true
D:\Project\Hibernate-ORM-Tutorials-master\Hibernate-ORM-Tutorials-master\login-jsp-servlet-hibernate-mysql-example\src\net\javaguides\hibernate\dao\UserDao.java,net.javaguides.hibernate.dao.UserDao,saveUser/1[net.javaguides.hibernate.model.User],false,11,3,2,1,1,3,7,14,0,2,1,7,0,0,0,1,1,0,0,0,3,0,2,0,0,0,10,1,0,false
D:\Project\Hibernate-ORM-Tutorials-master\Hibernate-ORM-Tutorials-master\login-jsp-servlet-hibernate-mysql-example\src\net\javaguides\hibernate\dao\UserDao.java,net.javaguides.hibernate.dao.UserDao,"validate/2[java.lang.String,java.lang.String]",false,28,3,3,1,2,5,11,19,2,3,2,11,0,0,0,2,1,0,2,0,5,0,2,0,0,0,18,1,0,false
D:\Project\Hibernate-ORM-Tutorials-master\Hibernate-ORM-Tutorials-master\hibernate-tutorial\hibernate-one-to-one-bi-example\src\main\java\net\javaguides\hibernate\dao\InstructorDetailDao.java,InstructorDetailDao,updateInstructorDetail/1[InstructorDetail],false,29,1,0,0,0,3,7,14,0,2,1,7,0,0,0,1,1,0,0,0,3,0,2,0,0,0,11,1,0,false
D:\Project\Hibernate-ORM-Tutorials-master\Hibernate-ORM-Tutorials-master\hibernate-tutorial\hibernate-one-to-one-bi-example\src\main\java\net\javaguides\hibernate\dao\InstructorDetailDao.java,InstructorDetailDao,getInstructorDetail/1[int],false,46,2,0,0,0,3,7,16,1,3,1,7,0,0,0,1,1,0,0,0,5,0,2,0,0,0,12,1,0,false
D:\Project\Hibernate-ORM-Tutorials-master\Hibernate-ORM-Tutorials-master\hibernate-tutorial\hibernate-one-to-one-bi-example\src\main\java\net\javaguides\hibernate\dao\InstructorDetailDao.java,InstructorDetailDao,saveInstructorDetail/1[InstructorDetail],false,12,1,0,0,0,3,7,14,0,2,1,7,0,0,0,1,1,0,0,0,3,0,2,0,0,0,11,1,0,false
D:\Project\Hibernate-ORM-Tutorials-master\Hibernate-ORM-Tutorials-master\hibernate-remove-entity-exmaple\src\main\java\net\javaguides\hibernate\dao\SessionSaveExample.java,net.javaguides.hibernate.dao.SessionSaveExample,saveStudent/1[net.javaguides.hibernate.entity.Student],false,10,3,1,0,1,3,7,14,0,2,1,7,0,0,0,1,1,0,0,0,3,0,2,0,0,0,10,1,0,false
D:\Project\Hibernate-ORM-Tutorials-master\Hibernate-ORM-Tutorials-master\hibernate-enum-type-example\src\main\java\net\javaguides\hibernate\entity\Project.java,net.javaguides.hibernate.entity.Project,getProjectStatus/0,false,44,1,1,1,0,1,0,3,1,0,0,0,0,0,0,0,0,0,0,0,0,0,0,0,0,0,4,1,0,false
D:\Project\Hibernate-ORM-Tutorials-master\Hibernate-ORM-Tutorials-master\hibernate-enum-type-example\src\main\java\net\javaguides\hibernate\entity\Project.java,net.javaguides.hibernate.entity.Project,getProjectName/0,false,36,0,1,1,0,1,0,3,1,0,0,0,0,0,0,0,0,0,0,0,0,0,0,0,0,0,4,1,0,false
D:\Project\Hibernate-ORM-Tutorials-master\Hibernate-ORM-Tutorials-master\hibernate-enum-type-example\src\main\java\net\javaguides\hibernate\entity\Project.java,net.javaguides.hibernate.entity.Project,setProjectName/1[java.lang.String],false,40,0,1,1,0,1,0,3,0,0,1,0,0,0,0,0,0,0,0,0,1,0,0,0,0,0,4,1,0,false
D:\Project\Hibernate-ORM-Tutorials-master\Hibernate-ORM-Tutorials-master\hibernate-enum-type-example\src\main\java\net\javaguides\hibernate\entity\Project.java,net.javaguides.hibernate.entity.Project,setProjectStatus/1[net.javaguides.hibernate.entity.ProjectStatus],false,48,1,1,1,0,1,0,3,0,0,1,0,0,0,0,0,0,0,0,0,1,0,0,0,0,0,4,1,0,false
D:\Project\Hibernate-ORM-Tutorials-master\Hibernate-ORM-Tutorials-master\hibernate-enum-type-example\src\main\java\net\javaguides\hibernate\entity\Project.java,net.javaguides.hibernate.entity.Project,getId/0,false,28,0,0,0,0,1,0,3,1,0,0,0,0,0,0,0,0,0,0,0,0,0,0,0,0,0,3,1,0,false
D:\Project\Hibernate-ORM-Tutorials-master\Hibernate-ORM-Tutorials-master\hibernate-enum-type-example\src\main\java\net\javaguides\hibernate\entity\Project.java,net.javaguides.hibernate.entity.Project,setId/1[int],false,32,0,0,0,0,1,0,3,0,0,1,0,0,0,0,0,0,0,0,0,1,0,0,0,0,0,3,1,0,false
D:\Project\Hibernate-ORM-Tutorials-master\Hibernate-ORM-Tutorials-master\login-jsp-servlet-hibernate-mysql-example\src\net\javaguides\hibernate\model\User.java,net.javaguides.hibernate.model.User,getUsername/0,false,45,0,0,0,0,1,0,3,1,0,0,0,0,0,0,0,0,0,0,0,0,0,0,0,0,0,3,1,0,false
D:\Project\Hibernate-ORM-Tutorials-master\Hibernate-ORM-Tutorials-master\login-jsp-servlet-hibernate-mysql-example\src\net\javaguides\hibernate\model\User.java,net.javaguides.hibernate.model.User,getFirstName/0,false,33,0,0,0,0,1,0,3,1,0,0,0,0,0,0,0,0,0,0,0,0,0,0,0,0,0,4,1,0,false
D:\Project\Hibernate-ORM-Tutorials-master\Hibernate-ORM-Tutorials-master\login-jsp-servlet-hibernate-mysql-example\src\net\javaguides\hibernate\model\User.java,net.javaguides.hibernate.model.User,setFirstName/1[java.lang.String],false,36,0,1,1,0,1,0,3,0,0,1,0,0,0,0,0,0,0,0,0,1,0,0,0,0,0,4,1,0,false
D:\Project\Hibernate-ORM-Tutorials-master\Hibernate-ORM-Tutorials-master\login-jsp-servlet-hibernate-mysql-example\src\net\javaguides\hibernate\model\User.java,net.javaguides.hibernate.model.User,setLastName/1[java.lang.String],false,42,0,1,1,0,1,0,3,0,0,1,0,0,0,0,0,0,0,0,0,1,0,0,0,0,0,4,1,0,false
D:\Project\Hibernate-ORM-Tutorials-master\Hibernate-ORM-Tutorials-master\login-jsp-servlet-hibernate-mysql-example\src\net\javaguides\hibernate\model\User.java,net.javaguides.hibernate.model.User,getPassword/0,false,51,0,1,1,0,1,0,3,1,0,0,0,0,0,0,0,0,0,0,0,0,0,0,0,0,0,3,1,0,false
D:\Project\Hibernate-ORM-Tutorials-master\Hibernate-ORM-Tutorials-master\login-jsp-servlet-hibernate-mysql-example\src\net\javaguides\hibernate\model\User.java,net.javaguides.hibernate.model.User,getLastName/0,false,39,0,0,0,0,1,0,3,1,0,0,0,0,0,0,0,0,0,0,0,0,0,0,0,0,0,4,1,0,false
D:\Project\Hibernate-ORM-Tutorials-master\Hibernate-ORM-Tutorials-master\login-jsp-servlet-hibernate-mysql-example\src\net\javaguides\hibernate\model\User.java,net.javaguides.hibernate.model.User,setUsername/1[java.lang.String],false,48,0,1,1,0,1,0,3,0,0,1,0,0,0,0,0,0,0,0,0,1,0,0,0,0,0,3,1,0,false
D:\Project\Hibernate-ORM-Tutorials-master\Hibernate-ORM-Tutorials-master\login-jsp-servlet-hibernate-mysql-example\src\net\javaguides\hibernate\model\User.java,net.javaguides.hibernate.model.User,setPassword/1[java.lang.String],false,54,0,1,1,0,1,0,3,0,0,1,0,0,0,0,0,0,0,0,0,1,0,0,0,0,0,3,1,0,false
D:\Project\Hibernate-ORM-Tutorials-master\Hibernate-ORM-Tutorials-master\hibernate-inheritance-singletable\src\main\java\net\javaguides\hibernate\entity\DebitAccount.java,net.javaguides.hibernate.entity.DebitAccount,setOverdraftFee/1[double],false,14,0,0,0,0,1,0,3,0,0,1,0,0,0,0,0,0,0,0,0,1,0,0,0,0,0,4,1,0,false
D:\Project\Hibernate-ORM-Tutorials-master\Hibernate-ORM-Tutorials-master\hibernate-inheritance-singletable\src\main\java\net\javaguides\hibernate\entity\DebitAccount.java,net.javaguides.hibernate.entity.DebitAccount,getOverdraftFee/0,false,10,0,0,0,0,1,0,3,1,0,0,0,0,0,0,0,0,0,0,0,0,0,0,0,0,0,4,1,0,false
D:\Project\Hibernate-ORM-Tutorials-master\Hibernate-ORM-Tutorials-master\hibernate-tutorial\hibernate-one-to-one-example\src\main\java\net\javaguides\hibernate\ManApp.java,ManApp,main/1[String[]],false,8,3,0,0,0,1,2,7,0,3,1,2,0,0,0,0,0,0,5,0,3,0,0,0,0,0,6,9,0,false
D:\Project\Hibernate-ORM-Tutorials-master\Hibernate-ORM-Tutorials-master\hibernate-tutorial\hibernate-remove-entity-exmaple\src\main\java\net\javaguides\hibernate\dao\SessionSaveExample.java,SessionSaveExample,saveStudent/1[Student],false,10,1,0,0,0,3,7,14,0,2,1,7,0,0,0,1,1,0,0,0,3,0,2,0,0,0,10,1,0,false
D:\Project\Hibernate-ORM-Tutorials-master\Hibernate-ORM-Tutorials-master\hibernate-mappedsuperclass-example\src\main\java\net\javaguides\hibernate\entity\DebitAccount.java,DebitAccount,setOverdraftFee/1[double],false,14,0,0,0,0,1,0,3,0,0,1,0,0,0,0,0,0,0,0,0,1,0,0,0,0,0,4,1,0,false
D:\Project\Hibernate-ORM-Tutorials-master\Hibernate-ORM-Tutorials-master\hibernate-mappedsuperclass-example\src\main\java\net\javaguides\hibernate\entity\DebitAccount.java,DebitAccount,getOverdraftFee/0,false,10,0,0,0,0,1,0,3,1,0,0,0,0,0,0,0,0,0,0,0,0,0,0,0,0,0,4,1,0,false
D:\Project\Hibernate-ORM-Tutorials-master\Hibernate-ORM-Tutorials-master\hibernate-Embeddable-example\src\main\java\net\javaguides\hibernate\entity\User.java,net.javaguides.hibernate.entity.User,setEmail/1[java.lang.String],false,55,0,0,0,0,1,0,3,0,0,1,0,0,0,0,0,0,0,0,0,1,0,0,0,0,0,3,1,0,false
D:\Project\Hibernate-ORM-Tutorials-master\Hibernate-ORM-Tutorials-master\hibernate-Embeddable-example\src\main\java\net\javaguides\hibernate\entity\User.java,net.javaguides.hibernate.entity.User,getId/0,false,35,0,0,0,0,1,0,3,1,0,0,0,0,0,0,0,0,0,0,0,0,0,0,0,0,0,4,1,0,false
D:\Project\Hibernate-ORM-Tutorials-master\Hibernate-ORM-Tutorials-master\hibernate-Embeddable-example\src\main\java\net\javaguides\hibernate\entity\User.java,net.javaguides.hibernate.entity.User,setAddress/1[net.javaguides.hibernate.entity.Address],false,63,1,0,0,0,1,0,3,0,0,1,0,0,0,0,0,0,0,0,0,1,0,0,0,0,0,3,1,0,false
D:\Project\Hibernate-ORM-Tutorials-master\Hibernate-ORM-Tutorials-master\hibernate-Embeddable-example\src\main\java\net\javaguides\hibernate\entity\User.java,net.javaguides.hibernate.entity.User,getAddress/0,false,59,1,0,0,0,1,0,3,1,0,0,0,0,0,0,0,0,0,0,0,0,0,0,0,0,0,3,1,0,false
D:\Project\Hibernate-ORM-Tutorials-master\Hibernate-ORM-Tutorials-master\hibernate-Embeddable-example\src\main\java\net\javaguides\hibernate\entity\User.java,net.javaguides.hibernate.entity.User,getName/0,false,43,1,0,0,0,1,0,3,1,0,0,0,0,0,0,0,0,0,0,0,0,0,0,0,0,0,3,1,0,false
D:\Project\Hibernate-ORM-Tutorials-master\Hibernate-ORM-Tutorials-master\hibernate-Embeddable-example\src\main\java\net\javaguides\hibernate\entity\User.java,net.javaguides.hibernate.entity.User,setId/1[java.lang.Long],false,39,0,0,0,0,1,0,3,0,0,1,0,0,0,0,0,0,0,0,0,1,0,0,0,0,0,4,1,0,false
D:\Project\Hibernate-ORM-Tutorials-master\Hibernate-ORM-Tutorials-master\hibernate-Embeddable-example\src\main\java\net\javaguides\hibernate\entity\User.java,net.javaguides.hibernate.entity.User,getEmail/0,false,51,0,0,0,0,1,0,3,1,0,0,0,0,0,0,0,0,0,0,0,0,0,0,0,0,0,3,1,0,false
D:\Project\Hibernate-ORM-Tutorials-master\Hibernate-ORM-Tutorials-master\hibernate-Embeddable-example\src\main\java\net\javaguides\hibernate\entity\User.java,net.javaguides.hibernate.entity.User,User/0,true,25,0,0,0,0,1,0,2,0,0,0,0,0,0,0,0,0,0,0,0,0,0,0,0,0,0,1,1,0,false
D:\Project\Hibernate-ORM-Tutorials-master\Hibernate-ORM-Tutorials-master\hibernate-Embeddable-example\src\main\java\net\javaguides\hibernate\entity\User.java,net.javaguides.hibernate.entity.User,"User/3[net.javaguides.hibernate.entity.Name,java.lang.String,net.javaguides.hibernate.entity.Address]",true,29,2,0,0,0,1,0,5,0,0,3,0,0,0,0,0,0,0,0,0,3,0,0,0,0,0,5,1,0,false
D:\Project\Hibernate-ORM-Tutorials-master\Hibernate-ORM-Tutorials-master\hibernate-Embeddable-example\src\main\java\net\javaguides\hibernate\entity\User.java,net.javaguides.hibernate.entity.User,setName/1[net.javaguides.hibernate.entity.Name],false,47,1,0,0,0,1,0,3,0,0,1,0,0,0,0,0,0,0,0,0,1,0,0,0,0,0,3,1,0,false
D:\Project\Hibernate-ORM-Tutorials-master\Hibernate-ORM-Tutorials-master\hibernate-Embeddable-example\src\main\java\net\javaguides\hibernate\entity\Address.java,net.javaguides.hibernate.entity.Address,getZipCode/0,false,73,0,0,0,0,1,0,3,1,0,0,0,0,0,0,0,0,0,0,0,0,0,0,0,0,0,4,1,0,false
D:\Project\Hibernate-ORM-Tutorials-master\Hibernate-ORM-Tutorials-master\hibernate-Embeddable-example\src\main\java\net\javaguides\hibernate\entity\Address.java,net.javaguides.hibernate.entity.Address,getAddressLine2/0,false,41,0,0,0,0,1,0,3,1,0,0,0,0,0,0,0,0,0,0,0,0,0,0,0,0,0,4,1,0,false
D:\Project\Hibernate-ORM-Tutorials-master\Hibernate-ORM-Tutorials-master\hibernate-Embeddable-example\src\main\java\net\javaguides\hibernate\entity\Address.java,net.javaguides.hibernate.entity.Address,getAddressLine1/0,false,33,0,0,0,0,1,0,3,1,0,0,0,0,0,0,0,0,0,0,0,0,0,0,0,0,0,4,1,0,false
D:\Project\Hibernate-ORM-Tutorials-master\Hibernate-ORM-Tutorials-master\hibernate-Embeddable-example\src\main\java\net\javaguides\hibernate\entity\Address.java,net.javaguides.hibernate.entity.Address,getCity/0,false,49,0,0,0,0,1,0,3,1,0,0,0,0,0,0,0,0,0,0,0,0,0,0,0,0,0,3,1,0,false
D:\Project\Hibernate-ORM-Tutorials-master\Hibernate-ORM-Tutorials-master\hibernate-Embeddable-example\src\main\java\net\javaguides\hibernate\entity\Address.java,net.javaguides.hibernate.entity.Address,setCountry/1[java.lang.String],false,69,0,0,0,0,1,0,3,0,0,1,0,0,0,0,0,0,0,0,0,1,0,0,0,0,0,3,1,0,false
D:\Project\Hibernate-ORM-Tutorials-master\Hibernate-ORM-Tutorials-master\hibernate-Embeddable-example\src\main\java\net\javaguides\hibernate\entity\Address.java,net.javaguides.hibernate.entity.Address,setZipCode/1[java.lang.String],false,77,0,0,0,0,1,0,3,0,0,1,0,0,0,0,0,0,0,0,0,1,0,0,0,0,0,4,1,0,false
D:\Project\Hibernate-ORM-Tutorials-master\Hibernate-ORM-Tutorials-master\hibernate-Embeddable-example\src\main\java\net\javaguides\hibernate\entity\Address.java,net.javaguides.hibernate.entity.Address,setAddressLine2/1[java.lang.String],false,45,0,0,0,0,1,0,3,0,0,1,0,0,0,0,0,0,0,0,0,1,0,0,0,0,0,4,1,0,false
D:\Project\Hibernate-ORM-Tutorials-master\Hibernate-ORM-Tutorials-master\hibernate-Embeddable-example\src\main\java\net\javaguides\hibernate\entity\Address.java,net.javaguides.hibernate.entity.Address,getState/0,false,57,0,0,0,0,1,0,3,1,0,0,0,0,0,0,0,0,0,0,0,0,0,0,0,0,0,3,1,0,false
D:\Project\Hibernate-ORM-Tutorials-master\Hibernate-ORM-Tutorials-master\hibernate-Embeddable-example\src\main\java\net\javaguides\hibernate\entity\Address.java,net.javaguides.hibernate.entity.Address,setCity/1[java.lang.String],false,53,0,0,0,0,1,0,3,0,0,1,0,0,0,0,0,0,0,0,0,1,0,0,0,0,0,3,1,0,false
D:\Project\Hibernate-ORM-Tutorials-master\Hibernate-ORM-Tutorials-master\hibernate-Embeddable-example\src\main\java\net\javaguides\hibernate\entity\Address.java,net.javaguides.hibernate.entity.Address,"Address/6[java.lang.String,java.lang.String,java.lang.String,java.lang.String,java.lang.String,java.lang.String]",true,24,0,0,0,0,1,0,8,0,0,6,0,0,0,0,0,0,0,0,0,6,0,0,0,0,0,9,1,0,false
D:\Project\Hibernate-ORM-Tutorials-master\Hibernate-ORM-Tutorials-master\hibernate-Embeddable-example\src\main\java\net\javaguides\hibernate\entity\Address.java,net.javaguides.hibernate.entity.Address,setAddressLine1/1[java.lang.String],false,37,0,0,0,0,1,0,3,0,0,1,0,0,0,0,0,0,0,0,0,1,0,0,0,0,0,4,1,0,false
D:\Project\Hibernate-ORM-Tutorials-master\Hibernate-ORM-Tutorials-master\hibernate-Embeddable-example\src\main\java\net\javaguides\hibernate\entity\Address.java,net.javaguides.hibernate.entity.Address,getCountry/0,false,65,0,0,0,0,1,0,3,1,0,0,0,0,0,0,0,0,0,0,0,0,0,0,0,0,0,3,1,0,false
D:\Project\Hibernate-ORM-Tutorials-master\Hibernate-ORM-Tutorials-master\hibernate-Embeddable-example\src\main\java\net\javaguides\hibernate\entity\Address.java,net.javaguides.hibernate.entity.Address,setState/1[java.lang.String],false,61,0,0,0,0,1,0,3,0,0,1,0,0,0,0,0,0,0,0,0,1,0,0,0,0,0,3,1,0,false
D:\Project\Hibernate-ORM-Tutorials-master\Hibernate-ORM-Tutorials-master\hibernate-Embeddable-example\src\main\java\net\javaguides\hibernate\entity\Address.java,net.javaguides.hibernate.entity.Address,Address/0,true,19,0,0,0,0,1,0,2,0,0,0,0,0,0,0,0,0,0,0,0,0,0,0,0,0,0,1,1,0,false
D:\Project\Hibernate-ORM-Tutorials-master\Hibernate-ORM-Tutorials-master\hibernate-tutorial\hibernate-one-to-one-example\src\main\java\net\javaguides\hibernate\dao\InstructorDao.java,InstructorDao,getInstructor/1[int],false,68,2,0,0,0,3,7,16,1,3,1,7,0,0,0,1,1,0,0,0,5,0,2,0,0,0,11,1,0,false
D:\Project\Hibernate-ORM-Tutorials-master\Hibernate-ORM-Tutorials-master\hibernate-tutorial\hibernate-one-to-one-example\src\main\java\net\javaguides\hibernate\dao\InstructorDao.java,InstructorDao,updateInstructor/1[Instructor],false,27,1,0,0,0,3,7,14,0,2,1,7,0,0,0,1,1,0,0,0,3,0,2,0,0,0,10,1,0,false
D:\Project\Hibernate-ORM-Tutorials-master\Hibernate-ORM-Tutorials-master\hibernate-tutorial\hibernate-one-to-one-example\src\main\java\net\javaguides\hibernate\dao\InstructorDao.java,InstructorDao,deleteInstructor/1[int],false,44,2,0,0,0,4,9,18,0,3,1,9,0,0,0,2,1,0,1,0,4,0,2,0,0,0,12,1,0,false
D:\Project\Hibernate-ORM-Tutorials-master\Hibernate-ORM-Tutorials-master\hibernate-tutorial\hibernate-one-to-one-example\src\main\java\net\javaguides\hibernate\dao\InstructorDao.java,InstructorDao,saveInstructor/1[Instructor],false,10,1,0,0,0,3,7,14,0,2,1,7,0,0,0,1,1,0,0,0,3,0,2,0,0,0,10,1,0,false
D:\Project\Hibernate-ORM-Tutorials-master\Hibernate-ORM-Tutorials-master\hibernate-lazy-vs-eager-example\src\main\java\net\javaguides\hibernate\entity\Course.java,net.javaguides.hibernate.entity.Course,toString/0,false,62,0,0,0,0,1,0,3,1,0,0,0,0,0,0,0,0,0,3,0,0,1,0,0,0,0,4,1,0,false
D:\Project\Hibernate-ORM-Tutorials-master\Hibernate-ORM-Tutorials-master\hibernate-lazy-vs-eager-example\src\main\java\net\javaguides\hibernate\entity\Course.java,net.javaguides.hibernate.entity.Course,Course/0,true,29,0,0,0,0,1,0,2,0,0,0,0,0,0,0,0,0,0,0,0,0,0,0,0,0,0,1,1,0,false
D:\Project\Hibernate-ORM-Tutorials-master\Hibernate-ORM-Tutorials-master\hibernate-lazy-vs-eager-example\src\main\java\net\javaguides\hibernate\entity\Course.java,net.javaguides.hibernate.entity.Course,Course/1[java.lang.String],true,33,0,1,1,0,1,0,3,0,0,1,0,0,0,0,0,0,0,0,0,1,0,0,0,0,0,2,1,0,false
D:\Project\Hibernate-ORM-Tutorials-master\Hibernate-ORM-Tutorials-master\hibernate-lazy-vs-eager-example\src\main\java\net\javaguides\hibernate\entity\Course.java,net.javaguides.hibernate.entity.Course,getInstructor/0,false,53,1,0,0,0,1,0,3,1,0,0,0,0,0,0,0,0,0,0,0,0,0,0,0,0,0,3,1,0,false
D:\Project\Hibernate-ORM-Tutorials-master\Hibernate-ORM-Tutorials-master\hibernate-lazy-vs-eager-example\src\main\java\net\javaguides\hibernate\entity\Course.java,net.javaguides.hibernate.entity.Course,setInstructor/1[net.javaguides.hibernate.entity.Instructor],false,57,1,1,1,0,1,0,3,0,0,1,0,0,0,0,0,0,0,0,0,1,0,0,0,0,0,3,1,0,false
D:\Project\Hibernate-ORM-Tutorials-master\Hibernate-ORM-Tutorials-master\hibernate-lazy-vs-eager-example\src\main\java\net\javaguides\hibernate\entity\Course.java,net.javaguides.hibernate.entity.Course,getId/0,false,37,0,0,0,0,1,0,3,1,0,0,0,0,0,0,0,0,0,0,0,0,0,0,0,0,0,3,1,0,false
D:\Project\Hibernate-ORM-Tutorials-master\Hibernate-ORM-Tutorials-master\hibernate-lazy-vs-eager-example\src\main\java\net\javaguides\hibernate\entity\Course.java,net.javaguides.hibernate.entity.Course,getTitle/0,false,45,0,0,0,0,1,0,3,1,0,0,0,0,0,0,0,0,0,0,0,0,0,0,0,0,0,3,1,0,false
D:\Project\Hibernate-ORM-Tutorials-master\Hibernate-ORM-Tutorials-master\hibernate-lazy-vs-eager-example\src\main\java\net\javaguides\hibernate\entity\Course.java,net.javaguides.hibernate.entity.Course,setTitle/1[java.lang.String],false,49,0,0,0,0,1,0,3,0,0,1,0,0,0,0,0,0,0,0,0,1,0,0,0,0,0,3,1,0,false
D:\Project\Hibernate-ORM-Tutorials-master\Hibernate-ORM-Tutorials-master\hibernate-lazy-vs-eager-example\src\main\java\net\javaguides\hibernate\entity\Course.java,net.javaguides.hibernate.entity.Course,setId/1[int],false,41,0,0,0,0,1,0,3,0,0,1,0,0,0,0,0,0,0,0,0,1,0,0,0,0,0,3,1,0,false
D:\Project\Hibernate-ORM-Tutorials-master\Hibernate-ORM-Tutorials-master\jsp-servlet-hibernate-crud-todo-app\src\net\javaguides\todoapp\dao\TodoDao.java,net.javaguides.todoapp.dao.TodoDao,insertTodo/1[net.javaguides.todoapp.model.Todo],false,10,1,1,1,0,1,0,1,0,0,1,0,0,0,0,0,0,0,0,0,0,0,0,0,0,0,7,0,0,false
D:\Project\Hibernate-ORM-Tutorials-master\Hibernate-ORM-Tutorials-master\jsp-servlet-hibernate-crud-todo-app\src\net\javaguides\todoapp\dao\TodoDao.java,net.javaguides.todoapp.dao.TodoDao,deleteTodo/1[int],false,16,0,1,1,0,1,0,1,0,0,1,0,0,0,0,0,0,0,0,0,0,0,0,0,0,0,7,0,0,false
D:\Project\Hibernate-ORM-Tutorials-master\Hibernate-ORM-Tutorials-master\jsp-servlet-hibernate-crud-todo-app\src\net\javaguides\todoapp\dao\TodoDao.java,net.javaguides.todoapp.dao.TodoDao,updateTodo/1[net.javaguides.todoapp.model.Todo],false,18,1,1,1,0,1,0,1,0,0,1,0,0,0,0,0,0,0,0,0,0,0,0,0,0,0,7,0,0,false
D:\Project\Hibernate-ORM-Tutorials-master\Hibernate-ORM-Tutorials-master\jsp-servlet-hibernate-crud-todo-app\src\net\javaguides\todoapp\dao\TodoDao.java,net.javaguides.todoapp.dao.TodoDao,selectTodo/1[long],false,12,1,1,1,0,1,0,1,0,0,1,0,0,0,0,0,0,0,0,0,0,0,0,0,0,0,4,0,0,false
D:\Project\Hibernate-ORM-Tutorials-master\Hibernate-ORM-Tutorials-master\jsp-servlet-hibernate-crud-todo-app\src\net\javaguides\todoapp\dao\TodoDao.java,net.javaguides.todoapp.dao.TodoDao,selectAllTodos/0,false,14,1,1,1,0,1,0,1,0,0,0,0,0,0,0,0,0,0,0,0,0,0,0,0,0,0,3,0,0,false
D:\Project\Hibernate-ORM-Tutorials-master\Hibernate-ORM-Tutorials-master\hibernate-inheritance-singletable\src\main\java\net\javaguides\hibernate\entity\Account.java,net.javaguides.hibernate.entity.Account,getInterestRate/0,false,48,0,0,0,0,1,0,3,1,0,0,0,0,0,0,0,0,0,0,0,0,0,0,0,0,0,4,1,0,false
D:\Project\Hibernate-ORM-Tutorials-master\Hibernate-ORM-Tutorials-master\hibernate-inheritance-singletable\src\main\java\net\javaguides\hibernate\entity\Account.java,net.javaguides.hibernate.entity.Account,setId/1[java.lang.Long],false,28,0,0,0,0,1,0,3,0,0,1,0,0,0,0,0,0,0,0,0,1,0,0,0,0,0,4,1,0,false
D:\Project\Hibernate-ORM-Tutorials-master\Hibernate-ORM-Tutorials-master\hibernate-inheritance-singletable\src\main\java\net\javaguides\hibernate\entity\Account.java,net.javaguides.hibernate.entity.Account,getId/0,false,24,0,0,0,0,1,0,3,1,0,0,0,0,0,0,0,0,0,0,0,0,0,0,0,0,0,4,1,0,false
D:\Project\Hibernate-ORM-Tutorials-master\Hibernate-ORM-Tutorials-master\hibernate-inheritance-singletable\src\main\java\net\javaguides\hibernate\entity\Account.java,net.javaguides.hibernate.entity.Account,getOwner/0,false,32,0,0,0,0,1,0,3,1,0,0,0,0,0,0,0,0,0,0,0,0,0,0,0,0,0,3,1,0,false
D:\Project\Hibernate-ORM-Tutorials-master\Hibernate-ORM-Tutorials-master\hibernate-inheritance-singletable\src\main\java\net\javaguides\hibernate\entity\Account.java,net.javaguides.hibernate.entity.Account,setOwner/1[java.lang.String],false,36,0,0,0,0,1,0,3,0,0,1,0,0,0,0,0,0,0,0,0,1,0,0,0,0,0,3,1,0,false
D:\Project\Hibernate-ORM-Tutorials-master\Hibernate-ORM-Tutorials-master\hibernate-inheritance-singletable\src\main\java\net\javaguides\hibernate\entity\Account.java,net.javaguides.hibernate.entity.Account,getBalance/0,false,40,0,0,0,0,1,0,3,1,0,0,0,0,0,0,0,0,0,0,0,0,0,0,0,0,0,3,1,0,false
D:\Project\Hibernate-ORM-Tutorials-master\Hibernate-ORM-Tutorials-master\hibernate-inheritance-singletable\src\main\java\net\javaguides\hibernate\entity\Account.java,net.javaguides.hibernate.entity.Account,setBalance/1[double],false,44,0,0,0,0,1,0,3,0,0,1,0,0,0,0,0,0,0,0,0,1,0,0,0,0,0,3,1,0,false
D:\Project\Hibernate-ORM-Tutorials-master\Hibernate-ORM-Tutorials-master\hibernate-inheritance-singletable\src\main\java\net\javaguides\hibernate\entity\Account.java,net.javaguides.hibernate.entity.Account,setInterestRate/1[double],false,52,0,0,0,0,1,0,3,0,0,1,0,0,0,0,0,0,0,0,0,1,0,0,0,0,0,4,1,0,false
D:\Project\Hibernate-ORM-Tutorials-master\Hibernate-ORM-Tutorials-master\login-jsp-servlet-hibernate-mysql-example\src\net\javaguides\hibernate\web\LoginController.java,net.javaguides.hibernate.web.LoginController,"doPost/2[net.javaguides.hibernate.web.HttpServletRequest,net.javaguides.hibernate.web.HttpServletResponse]",false,33,3,1,0,1,2,2,8,0,0,2,2,1,1,0,0,1,0,0,0,0,0,1,0,0,0,11,4,0,false
D:\Project\Hibernate-ORM-Tutorials-master\Hibernate-ORM-Tutorials-master\login-jsp-servlet-hibernate-mysql-example\src\net\javaguides\hibernate\web\LoginController.java,net.javaguides.hibernate.web.LoginController,init/0,false,23,1,1,0,1,1,0,3,0,0,0,0,0,0,0,0,0,0,0,0,1,0,0,0,0,0,4,1,0,false
D:\Project\Hibernate-ORM-Tutorials-master\Hibernate-ORM-Tutorials-master\login-jsp-servlet-hibernate-mysql-example\src\net\javaguides\hibernate\web\LoginController.java,net.javaguides.hibernate.web.LoginController,"doGet/2[net.javaguides.hibernate.web.HttpServletRequest,net.javaguides.hibernate.web.HttpServletResponse]",false,28,2,0,0,0,1,1,3,0,0,2,1,0,0,0,0,0,0,1,0,0,0,0,0,0,0,9,4,0,false
D:\Project\Hibernate-ORM-Tutorials-master\Hibernate-ORM-Tutorials-master\login-jsp-servlet-hibernate-mysql-example\src\net\javaguides\hibernate\web\LoginController.java,net.javaguides.hibernate.web.LoginController,"authenticate/2[net.javaguides.hibernate.web.HttpServletRequest,net.javaguides.hibernate.web.HttpServletResponse]",false,43,4,2,1,1,2,4,11,0,3,2,4,0,0,0,0,0,0,4,0,3,0,1,0,0,0,11,2,0,false
