file,class,type,cbo,wmc,rfc,lcom
D:\Project\SmartPaperScan-master\SmartPaperScan-master\openCVLibrary320\build\generated\source\r\androidTest\debug\org\opencv\R.java,org.opencv.R,class,0,0,0,0
D:\Project\SmartPaperScan-master\SmartPaperScan-master\openCVLibrary320\src\main\java\org\opencv\core\Algorithm.java,org.opencv.core.Algorithm,class,1,9,4,0
D:\Project\SmartPaperScan-master\SmartPaperScan-master\openCVLibrary320\src\main\java\org\opencv\imgcodecs\Imgcodecs.java,org.opencv.imgcodecs.Imgcodecs,class,5,18,10,153
D:\Project\SmartPaperScan-master\SmartPaperScan-master\openCVLibrary320\src\main\java\org\opencv\core\Rect.java,org.opencv.core.Rect,class,4,34,2,0
D:\Project\SmartPaperScan-master\SmartPaperScan-master\openCVLibrary320\src\main\java\org\opencv\ml\RTrees.java,org.opencv.ml.RTrees,class,5,19,9,171
D:\Project\SmartPaperScan-master\SmartPaperScan-master\openCVLibrary320\src\main\java\org\opencv\photo\CalibrateCRF.java,org.opencv.photo.CalibrateCRF,class,4,5,3,10
D:\Project\SmartPaperScan-master\SmartPaperScan-master\openCVLibrary320\src\main\java\org\opencv\core\Point3.java,org.opencv.core.Point3,class,3,20,2,0
D:\Project\SmartPaperScan-master\SmartPaperScan-master\openCVLibrary320\src\main\java\org\opencv\android\CameraRenderer.java,org.opencv.android.CameraRenderer,class,6,41,24,0
D:\Project\SmartPaperScan-master\SmartPaperScan-master\openCVLibrary320\src\main\java\org\opencv\android\OpenCVLoader.java,org.opencv.android.OpenCVLoader,class,4,3,2,3
D:\Project\SmartPaperScan-master\SmartPaperScan-master\openCVLibrary320\build\generated\source\r\androidTest\debug\org\opencv\test\R.java,org.opencv.test.R$styleable,innerclass,1,0,0,0
D:\Project\SmartPaperScan-master\SmartPaperScan-master\openCVLibrary320\build\generated\source\buildConfig\release\org\opencv\BuildConfig.java,BuildConfig,class,1,0,0,0
D:\Project\SmartPaperScan-master\SmartPaperScan-master\openCVLibrary320\build\generated\source\r\release\org\opencv\R.java,id,innerclass,0,0,0,0
D:\Project\SmartPaperScan-master\SmartPaperScan-master\openCVLibrary320\build\generated\source\r\androidTest\debug\org\opencv\R.java,org.opencv.R$id,innerclass,0,0,0,0
D:\Project\SmartPaperScan-master\SmartPaperScan-master\openCVLibrary320\src\main\java\org\opencv\core\TermCriteria.java,org.opencv.core.TermCriteria,class,2,17,2,0
D:\Project\SmartPaperScan-master\SmartPaperScan-master\openCVLibrary320\src\main\java\org\opencv\android\JavaCameraView.java,org.opencv.android.JavaCameraView$JavaCameraFrame,innerclass,3,4,3,6
D:\Project\SmartPaperScan-master\SmartPaperScan-master\openCVLibrary320\src\main\java\org\opencv\core\CvException.java,org.opencv.core.CvException,class,0,2,1,1
D:\Project\SmartPaperScan-master\SmartPaperScan-master\openCVLibrary320\src\main\java\org\opencv\features2d\AKAZE.java,org.opencv.features2d.AKAZE,class,2,35,17,595
D:\Project\SmartPaperScan-master\SmartPaperScan-master\openCVLibrary320\src\main\java\org\opencv\ml\EM.java,org.opencv.ml.EM,class,6,37,20,666
D:\Project\SmartPaperScan-master\SmartPaperScan-master\openCVLibrary320\src\main\java\org\opencv\photo\MergeDebevec.java,org.opencv.photo.MergeDebevec,class,4,7,4,21
D:\Project\SmartPaperScan-master\SmartPaperScan-master\openCVLibrary320\build\generated\source\r\release\org\opencv\R.java,styleable,innerclass,0,0,0,0
D:\Project\SmartPaperScan-master\SmartPaperScan-master\openCVLibrary320\src\main\java\org\opencv\videoio\VideoWriter.java,org.opencv.videoio.VideoWriter,class,3,25,12,0
D:\Project\SmartPaperScan-master\SmartPaperScan-master\openCVLibrary320\src\main\java\org\opencv\core\Size.java,org.opencv.core.Size,class,3,17,2,0
D:\Project\SmartPaperScan-master\SmartPaperScan-master\openCVLibrary320\src\main\java\org\opencv\features2d\DescriptorMatcher.java,org.opencv.features2d.DescriptorMatcher,class,5,51,29,1275
D:\Project\SmartPaperScan-master\SmartPaperScan-master\openCVLibrary320\src\main\java\org\opencv\imgproc\LineSegmentDetector.java,org.opencv.imgproc.LineSegmentDetector,class,4,13,6,78
D:\Project\SmartPaperScan-master\SmartPaperScan-master\openCVLibrary320\build\generated\source\buildConfig\debug\org\opencv\BuildConfig.java,org.opencv.BuildConfig,class,0,0,1,0
D:\Project\SmartPaperScan-master\SmartPaperScan-master\openCVLibrary320\src\main\java\org\opencv\core\Core.java,org.opencv.core.Core,class,9,342,177,57970
D:\Project\SmartPaperScan-master\SmartPaperScan-master\openCVLibrary320\src\main\java\org\opencv\video\SparsePyrLKOpticalFlow.java,org.opencv.video.SparsePyrLKOpticalFlow,class,5,27,13,351
D:\Project\SmartPaperScan-master\SmartPaperScan-master\openCVLibrary320\src\main\java\org\opencv\android\CameraBridgeViewBase.java,org.opencv.android.CameraBridgeViewBase$CvCameraViewListener,interface,1,3,0,3
D:\Project\SmartPaperScan-master\SmartPaperScan-master\openCVLibrary320\src\main\java\org\opencv\android\Utils.java,org.opencv.android.Utils,class,7,17,26,45
D:\Project\SmartPaperScan-master\SmartPaperScan-master\openCVLibrary320\src\main\java\org\opencv\features2d\ORB.java,org.opencv.features2d.ORB,class,2,43,21,903
D:\Project\SmartPaperScan-master\SmartPaperScan-master\openCVLibrary320\src\main\java\org\opencv\photo\AlignExposures.java,org.opencv.photo.AlignExposures,class,4,5,3,10
D:\Project\SmartPaperScan-master\SmartPaperScan-master\openCVLibrary320\src\main\java\org\opencv\android\CameraGLSurfaceView.java,org.opencv.android.CameraGLSurfaceView,class,10,13,20,8
D:\Project\SmartPaperScan-master\SmartPaperScan-master\openCVLibrary320\src\main\java\org\opencv\core\Point.java,org.opencv.core.Point,class,3,17,3,3
D:\Project\SmartPaperScan-master\SmartPaperScan-master\openCVLibrary320\src\main\java\org\opencv\features2d\FlannBasedMatcher.java,org.opencv.features2d.FlannBasedMatcher,class,2,7,3,21
D:\Project\SmartPaperScan-master\SmartPaperScan-master\openCVLibrary320\src\main\java\org\opencv\core\MatOfFloat.java,org.opencv.core.MatOfFloat,class,5,23,14,25
D:\Project\SmartPaperScan-master\SmartPaperScan-master\openCVLibrary320\src\main\java\org\opencv\android\CameraBridgeViewBase.java,org.opencv.android.CameraBridgeViewBase$ListItemAccessor,interface,0,2,0,1
D:\Project\SmartPaperScan-master\SmartPaperScan-master\openCVLibrary320\src\main\java\org\opencv\android\CameraBridgeViewBase.java,org.opencv.android.CameraBridgeViewBase$CvCameraViewFrame,interface,1,2,0,1
D:\Project\SmartPaperScan-master\SmartPaperScan-master\openCVLibrary320\src\main\java\org\opencv\ml\ANN_MLP.java,org.opencv.ml.ANN_MLP,class,5,55,27,1485
D:\Project\SmartPaperScan-master\SmartPaperScan-master\openCVLibrary320\src\main\java\org\opencv\video\BackgroundSubtractor.java,org.opencv.video.BackgroundSubtractor,class,3,9,4,36
D:\Project\SmartPaperScan-master\SmartPaperScan-master\openCVLibrary320\src\main\java\org\opencv\ml\Ml.java,org.opencv.ml.Ml,class,0,0,0,0
D:\Project\SmartPaperScan-master\SmartPaperScan-master\openCVLibrary320\src\main\java\org\opencv\ml\StatModel.java,org.opencv.ml.StatModel,class,4,23,11,253
D:\Project\SmartPaperScan-master\SmartPaperScan-master\openCVLibrary320\build\generated\source\r\release\org\opencv\R.java,R,class,0,0,0,0
D:\Project\SmartPaperScan-master\SmartPaperScan-master\openCVLibrary320\src\main\java\org\opencv\core\MatOfInt4.java,org.opencv.core.MatOfInt4,class,5,23,14,25
D:\Project\SmartPaperScan-master\SmartPaperScan-master\openCVLibrary320\src\main\java\org\opencv\android\Camera2Renderer.java,org.opencv.android.Camera2Renderer,class,16,56,32,0
D:\Project\SmartPaperScan-master\SmartPaperScan-master\openCVLibrary320\build\generated\source\aidl\debug\org\opencv\engine\OpenCVEngineInterface.java,org.opencv.engine.OpenCVEngineInterface$Stub$Proxy,innerclass,3,8,8,0
D:\Project\SmartPaperScan-master\SmartPaperScan-master\openCVLibrary320\build\generated\source\r\androidTest\debug\org\opencv\R.java,org.opencv.R$styleable,innerclass,1,0,0,0
D:\Project\SmartPaperScan-master\SmartPaperScan-master\openCVLibrary320\src\main\java\org\opencv\core\Range.java,org.opencv.core.Range,class,2,22,5,0
D:\Project\SmartPaperScan-master\SmartPaperScan-master\openCVLibrary320\build\generated\source\r\androidTest\debug\org\opencv\test\R.java,org.opencv.test.R,class,0,0,0,0
D:\Project\SmartPaperScan-master\SmartPaperScan-master\openCVLibrary320\src\main\java\org\opencv\calib3d\StereoBM.java,org.opencv.calib3d.StereoBM,class,4,39,19,741
D:\Project\SmartPaperScan-master\SmartPaperScan-master\openCVLibrary320\src\main\java\org\opencv\core\MatOfPoint2f.java,org.opencv.core.MatOfPoint2f,class,6,20,13,25
D:\Project\SmartPaperScan-master\SmartPaperScan-master\openCVLibrary320\src\main\java\org\opencv\features2d\KAZE.java,org.opencv.features2d.KAZE,class,2,31,15,465
D:\Project\SmartPaperScan-master\SmartPaperScan-master\openCVLibrary320\src\main\java\org\opencv\photo\Tonemap.java,org.opencv.photo.Tonemap,class,3,9,4,36
D:\Project\SmartPaperScan-master\SmartPaperScan-master\openCVLibrary320\src\main\java\org\opencv\photo\TonemapReinhard.java,org.opencv.photo.TonemapReinhard,class,2,15,7,105
D:\Project\SmartPaperScan-master\SmartPaperScan-master\openCVLibrary320\src\main\java\org\opencv\android\BaseLoaderCallback.java,org.opencv.android.BaseLoaderCallback$Anonymous7,anonymous,2,1,1,0
D:\Project\SmartPaperScan-master\SmartPaperScan-master\openCVLibrary320\build\generated\source\r\androidTest\debug\org\opencv\test\R.java,org.opencv.test.R$id,innerclass,0,0,0,0
D:\Project\SmartPaperScan-master\SmartPaperScan-master\openCVLibrary320\src\main\java\org\opencv\android\BaseLoaderCallback.java,org.opencv.android.BaseLoaderCallback$Anonymous6,anonymous,2,1,1,0
D:\Project\SmartPaperScan-master\SmartPaperScan-master\openCVLibrary320\src\main\java\org\opencv\features2d\BOWTrainer.java,org.opencv.features2d.BOWTrainer,class,3,15,8,0
D:\Project\SmartPaperScan-master\SmartPaperScan-master\openCVLibrary320\src\main\java\org\opencv\android\BaseLoaderCallback.java,org.opencv.android.BaseLoaderCallback$Anonymous5,anonymous,2,1,1,0
D:\Project\SmartPaperScan-master\SmartPaperScan-master\openCVLibrary320\src\main\java\org\opencv\android\BaseLoaderCallback.java,org.opencv.android.BaseLoaderCallback$Anonymous4,anonymous,2,1,1,0
D:\Project\SmartPaperScan-master\SmartPaperScan-master\openCVLibrary320\src\main\java\org\opencv\features2d\BRISK.java,org.opencv.features2d.BRISK,class,5,11,5,55
D:\Project\SmartPaperScan-master\SmartPaperScan-master\openCVLibrary320\src\main\java\org\opencv\android\BaseLoaderCallback.java,org.opencv.android.BaseLoaderCallback$Anonymous3,anonymous,2,1,1,0
D:\Project\SmartPaperScan-master\SmartPaperScan-master\openCVLibrary320\src\main\java\org\opencv\video\FarnebackOpticalFlow.java,org.opencv.video.FarnebackOpticalFlow,class,2,39,19,741
D:\Project\SmartPaperScan-master\SmartPaperScan-master\openCVLibrary320\src\main\java\org\opencv\android\BaseLoaderCallback.java,org.opencv.android.BaseLoaderCallback$Anonymous2,anonymous,2,1,1,0
D:\Project\SmartPaperScan-master\SmartPaperScan-master\openCVLibrary320\src\main\java\org\opencv\core\RotatedRect.java,org.opencv.core.RotatedRect,class,5,19,13,0
D:\Project\SmartPaperScan-master\SmartPaperScan-master\openCVLibrary320\src\main\java\org\opencv\android\BaseLoaderCallback.java,org.opencv.android.BaseLoaderCallback$Anonymous1,anonymous,2,1,1,0
D:\Project\SmartPaperScan-master\SmartPaperScan-master\openCVLibrary320\src\main\java\org\opencv\photo\MergeRobertson.java,org.opencv.photo.MergeRobertson,class,4,7,4,21
D:\Project\SmartPaperScan-master\SmartPaperScan-master\openCVLibrary320\src\main\java\org\opencv\videoio\Videoio.java,org.opencv.videoio.Videoio,class,0,0,0,0
D:\Project\SmartPaperScan-master\SmartPaperScan-master\openCVLibrary320\src\main\java\org\opencv\ml\LogisticRegression.java,org.opencv.ml.LogisticRegression,class,5,35,17,595
D:\Project\SmartPaperScan-master\SmartPaperScan-master\openCVLibrary320\src\main\java\org\opencv\android\CameraGLRendererBase.java,org.opencv.android.CameraGLRendererBase,class,10,50,75,91
D:\Project\SmartPaperScan-master\SmartPaperScan-master\openCVLibrary320\src\main\java\org\opencv\features2d\MSER.java,org.opencv.features2d.MSER,class,6,25,14,300
D:\Project\SmartPaperScan-master\SmartPaperScan-master\openCVLibrary320\src\main\java\org\opencv\video\SparseOpticalFlow.java,org.opencv.video.SparseOpticalFlow,class,3,7,3,21
D:\Project\SmartPaperScan-master\SmartPaperScan-master\openCVLibrary320\src\main\java\org\opencv\android\StaticHelper.java,org.opencv.android.StaticHelper,class,2,12,14,6
D:\Project\SmartPaperScan-master\SmartPaperScan-master\openCVLibrary320\src\main\java\org\opencv\videoio\VideoCapture.java,org.opencv.videoio.VideoCapture,class,2,35,17,0
D:\Project\SmartPaperScan-master\SmartPaperScan-master\openCVLibrary320\src\main\java\org\opencv\core\MatOfByte.java,org.opencv.core.MatOfByte,class,5,23,14,25
D:\Project\SmartPaperScan-master\SmartPaperScan-master\openCVLibrary320\src\main\java\org\opencv\video\DenseOpticalFlow.java,org.opencv.video.DenseOpticalFlow,class,3,7,3,21
D:\Project\SmartPaperScan-master\SmartPaperScan-master\openCVLibrary320\src\main\java\org\opencv\ml\SVM.java,org.opencv.ml.SVM,class,5,53,26,1378
D:\Project\SmartPaperScan-master\SmartPaperScan-master\openCVLibrary320\src\main\java\org\opencv\core\MatOfInt.java,org.opencv.core.MatOfInt,class,5,23,14,25
D:\Project\SmartPaperScan-master\SmartPaperScan-master\openCVLibrary320\src\main\java\org\opencv\android\BaseLoaderCallback.java,org.opencv.android.BaseLoaderCallback,class,7,10,11,6
D:\Project\SmartPaperScan-master\SmartPaperScan-master\openCVLibrary320\src\main\java\org\opencv\core\MatOfPoint3f.java,org.opencv.core.MatOfPoint3f,class,6,20,13,25
D:\Project\SmartPaperScan-master\SmartPaperScan-master\openCVLibrary320\src\main\java\org\opencv\ml\TrainData.java,org.opencv.ml.TrainData,class,2,85,42,0
D:\Project\SmartPaperScan-master\SmartPaperScan-master\openCVLibrary320\src\main\java\org\opencv\objdetect\CascadeClassifier.java,org.opencv.objdetect.CascadeClassifier,class,7,31,15,0
D:\Project\SmartPaperScan-master\SmartPaperScan-master\openCVLibrary320\src\main\java\org\opencv\core\TickMeter.java,org.opencv.core.TickMeter,class,1,21,10,0
D:\Project\SmartPaperScan-master\SmartPaperScan-master\openCVLibrary320\src\main\java\org\opencv\ml\Boost.java,org.opencv.ml.Boost,class,2,17,8,136
D:\Project\SmartPaperScan-master\SmartPaperScan-master\openCVLibrary320\src\main\java\org\opencv\core\MatOfKeyPoint.java,org.opencv.core.MatOfKeyPoint,class,6,20,13,25
D:\Project\SmartPaperScan-master\SmartPaperScan-master\openCVLibrary320\src\main\java\org\opencv\calib3d\Calib3d.java,org.opencv.calib3d.Calib3d,class,11,208,104,18721
D:\Project\SmartPaperScan-master\SmartPaperScan-master\openCVLibrary320\src\main\java\org\opencv\features2d\FastFeatureDetector.java,org.opencv.features2d.FastFeatureDetector,class,2,19,9,171
D:\Project\SmartPaperScan-master\SmartPaperScan-master\openCVLibrary320\src\main\java\org\opencv\features2d\GFTTDetector.java,org.opencv.features2d.GFTTDetector,class,2,31,15,465
D:\Project\SmartPaperScan-master\SmartPaperScan-master\openCVLibrary320\src\main\java\org\opencv\android\JavaCameraView.java,org.opencv.android.JavaCameraView,class,17,43,43,1
D:\Project\SmartPaperScan-master\SmartPaperScan-master\openCVLibrary320\src\main\java\org\opencv\imgproc\CLAHE.java,org.opencv.imgproc.CLAHE,class,5,15,7,105
D:\Project\SmartPaperScan-master\SmartPaperScan-master\openCVLibrary320\build\generated\source\r\androidTest\debug\org\opencv\R.java,org.opencv.R$attr,innerclass,0,0,0,0
D:\Project\SmartPaperScan-master\SmartPaperScan-master\openCVLibrary320\src\main\java\org\opencv\android\CameraBridgeViewBase.java,org.opencv.android.CameraBridgeViewBase$CvCameraViewListenerAdapter,innerclass,4,7,6,10
D:\Project\SmartPaperScan-master\SmartPaperScan-master\openCVLibrary320\src\main\java\org\opencv\android\AsyncServiceHelper.java,org.opencv.android.AsyncServiceHelper,class,7,15,15,3
D:\Project\SmartPaperScan-master\SmartPaperScan-master\openCVLibrary320\src\main\java\org\opencv\android\AsyncServiceHelper.java,org.opencv.android.AsyncServiceHelper$Anonymous2,anonymous,2,4,4,6
D:\Project\SmartPaperScan-master\SmartPaperScan-master\openCVLibrary320\src\main\java\org\opencv\android\AsyncServiceHelper.java,org.opencv.android.AsyncServiceHelper$Anonymous3,anonymous,8,10,16,1
D:\Project\SmartPaperScan-master\SmartPaperScan-master\openCVLibrary320\src\main\java\org\opencv\imgproc\Imgproc.java,org.opencv.imgproc.Imgproc,class,20,454,224,95703
D:\Project\SmartPaperScan-master\SmartPaperScan-master\openCVLibrary320\src\main\java\org\opencv\photo\AlignMTB.java,org.opencv.photo.AlignMTB,class,6,25,13,300
D:\Project\SmartPaperScan-master\SmartPaperScan-master\openCVLibrary320\src\main\java\org\opencv\core\DMatch.java,org.opencv.core.DMatch,class,1,6,0,0
D:\Project\SmartPaperScan-master\SmartPaperScan-master\openCVLibrary320\src\main\java\org\opencv\android\AsyncServiceHelper.java,org.opencv.android.AsyncServiceHelper$Anonymous1,anonymous,2,5,4,4
D:\Project\SmartPaperScan-master\SmartPaperScan-master\openCVLibrary320\src\main\java\org\opencv\core\MatOfRect.java,org.opencv.core.MatOfRect,class,6,20,13,25
D:\Project\SmartPaperScan-master\SmartPaperScan-master\openCVLibrary320\src\main\java\org\opencv\features2d\BOWImgDescriptorExtractor.java,org.opencv.features2d.BOWImgDescriptorExtractor,class,3,13,6,0
D:\Project\SmartPaperScan-master\SmartPaperScan-master\openCVLibrary320\src\main\java\org\opencv\core\MatOfPoint.java,org.opencv.core.MatOfPoint,class,6,20,13,25
D:\Project\SmartPaperScan-master\SmartPaperScan-master\openCVLibrary320\src\main\java\org\opencv\photo\TonemapDrago.java,org.opencv.photo.TonemapDrago,class,2,11,5,55
D:\Project\SmartPaperScan-master\SmartPaperScan-master\openCVLibrary320\src\main\java\org\opencv\imgproc\Subdiv2D.java,org.opencv.imgproc.Subdiv2D,class,11,53,25,0
D:\Project\SmartPaperScan-master\SmartPaperScan-master\openCVLibrary320\src\main\java\org\opencv\calib3d\StereoMatcher.java,org.opencv.calib3d.StereoMatcher,class,3,29,14,406
D:\Project\SmartPaperScan-master\SmartPaperScan-master\openCVLibrary320\src\main\java\org\opencv\android\InstallCallbackInterface.java,org.opencv.android.InstallCallbackInterface,interface,0,4,0,6
D:\Project\SmartPaperScan-master\SmartPaperScan-master\openCVLibrary320\src\main\java\org\opencv\video\BackgroundSubtractorKNN.java,org.opencv.video.BackgroundSubtractorKNN,class,2,31,15,465
D:\Project\SmartPaperScan-master\SmartPaperScan-master\openCVLibrary320\build\generated\source\buildConfig\androidTest\debug\org\opencv\test\BuildConfig.java,org.opencv.test.BuildConfig,class,0,0,1,0
D:\Project\SmartPaperScan-master\SmartPaperScan-master\openCVLibrary320\src\main\java\org\opencv\objdetect\Objdetect.java,org.opencv.objdetect.Objdetect,class,4,4,2,6
D:\Project\SmartPaperScan-master\SmartPaperScan-master\openCVLibrary320\src\main\java\org\opencv\android\LoaderCallbackInterface.java,org.opencv.android.LoaderCallbackInterface,interface,1,2,0,1
D:\Project\SmartPaperScan-master\SmartPaperScan-master\openCVLibrary320\src\main\java\org\opencv\core\KeyPoint.java,org.opencv.core.KeyPoint,class,1,7,0,19
D:\Project\SmartPaperScan-master\SmartPaperScan-master\openCVLibrary320\src\main\java\org\opencv\ml\NormalBayesClassifier.java,org.opencv.ml.NormalBayesClassifier,class,3,9,4,36
D:\Project\SmartPaperScan-master\SmartPaperScan-master\openCVLibrary320\src\main\java\org\opencv\photo\MergeExposures.java,org.opencv.photo.MergeExposures,class,4,5,3,10
D:\Project\SmartPaperScan-master\SmartPaperScan-master\openCVLibrary320\build\generated\source\aidl\debug\org\opencv\engine\OpenCVEngineInterface.java,org.opencv.engine.OpenCVEngineInterface$Stub,innerclass,8,13,12,0
D:\Project\SmartPaperScan-master\SmartPaperScan-master\openCVLibrary320\src\main\java\org\opencv\core\MatOfFloat4.java,org.opencv.core.MatOfFloat4,class,5,23,14,25
D:\Project\SmartPaperScan-master\SmartPaperScan-master\openCVLibrary320\src\main\java\org\opencv\core\MatOfFloat6.java,org.opencv.core.MatOfFloat6,class,5,23,14,25
D:\Project\SmartPaperScan-master\SmartPaperScan-master\openCVLibrary320\src\main\java\org\opencv\core\MatOfPoint3.java,org.opencv.core.MatOfPoint3,class,6,20,13,25
D:\Project\SmartPaperScan-master\SmartPaperScan-master\openCVLibrary320\src\main\java\org\opencv\core\Mat.java,org.opencv.core.Mat,class,12,216,91,0
D:\Project\SmartPaperScan-master\SmartPaperScan-master\openCVLibrary320\src\main\java\org\opencv\photo\Photo.java,org.opencv.photo.Photo,class,16,102,52,5151
D:\Project\SmartPaperScan-master\SmartPaperScan-master\openCVLibrary320\src\main\java\org\opencv\features2d\Params.java,org.opencv.features2d.Params,class,1,77,38,0
D:\Project\SmartPaperScan-master\SmartPaperScan-master\openCVLibrary320\src\main\java\org\opencv\ml\DTrees.java,org.opencv.ml.DTrees,class,3,41,20,820
D:\Project\SmartPaperScan-master\SmartPaperScan-master\openCVLibrary320\src\main\java\org\opencv\video\KalmanFilter.java,org.opencv.video.KalmanFilter,class,2,55,27,0
D:\Project\SmartPaperScan-master\SmartPaperScan-master\openCVLibrary320\src\main\java\org\opencv\android\AsyncServiceHelper.java,org.opencv.android.AsyncServiceHelper$Anonymous3$Anonymous5,anonymous,2,6,6,6
D:\Project\SmartPaperScan-master\SmartPaperScan-master\openCVLibrary320\src\main\java\org\opencv\android\JavaCameraView.java,org.opencv.android.JavaCameraView$JavaCameraSizeAccessor,innerclass,2,2,0,1
D:\Project\SmartPaperScan-master\SmartPaperScan-master\openCVLibrary320\src\main\java\org\opencv\android\AsyncServiceHelper.java,org.opencv.android.AsyncServiceHelper$Anonymous3$Anonymous4,anonymous,2,6,6,6
D:\Project\SmartPaperScan-master\SmartPaperScan-master\openCVLibrary320\src\main\java\org\opencv\objdetect\BaseCascadeClassifier.java,org.opencv.objdetect.BaseCascadeClassifier,class,2,3,1,3
D:\Project\SmartPaperScan-master\SmartPaperScan-master\openCVLibrary320\src\main\java\org\opencv\video\BackgroundSubtractorMOG2.java,org.opencv.video.BackgroundSubtractorMOG2,class,2,51,25,1275
D:\Project\SmartPaperScan-master\SmartPaperScan-master\openCVLibrary320\src\main\java\org\opencv\ml\SVMSGD.java,org.opencv.ml.SVMSGD,class,5,37,18,666
D:\Project\SmartPaperScan-master\SmartPaperScan-master\openCVLibrary320\src\main\java\org\opencv\utils\Converters.java,org.opencv.utils.Converters,class,18,176,73,990
D:\Project\SmartPaperScan-master\SmartPaperScan-master\openCVLibrary320\src\main\java\org\opencv\features2d\DescriptorExtractor.java,org.opencv.features2d.DescriptorExtractor,class,4,20,15,0
D:\Project\SmartPaperScan-master\SmartPaperScan-master\openCVLibrary320\build\generated\source\aidl\release\org\opencv\engine\OpenCVEngineInterface.java,Proxy,innerclass,5,8,8,0
D:\Project\SmartPaperScan-master\SmartPaperScan-master\openCVLibrary320\src\main\java\org\opencv\android\CameraBridgeViewBase.java,org.opencv.android.CameraBridgeViewBase$Anonymous1,anonymous,2,1,3,0
D:\Project\SmartPaperScan-master\SmartPaperScan-master\openCVLibrary320\src\main\java\org\opencv\features2d\BFMatcher.java,org.opencv.features2d.BFMatcher,class,2,11,5,55
D:\Project\SmartPaperScan-master\SmartPaperScan-master\openCVLibrary320\src\main\java\org\opencv\objdetect\HOGDescriptor.java,org.opencv.objdetect.HOGDescriptor,class,8,73,37,0
D:\Project\SmartPaperScan-master\SmartPaperScan-master\openCVLibrary320\src\main\java\org\opencv\android\JavaCameraView.java,org.opencv.android.JavaCameraView$CameraWorker,innerclass,2,9,5,0
D:\Project\SmartPaperScan-master\SmartPaperScan-master\openCVLibrary320\build\generated\source\r\release\org\opencv\R.java,attr,innerclass,0,0,0,0
D:\Project\SmartPaperScan-master\SmartPaperScan-master\openCVLibrary320\src\main\java\org\opencv\photo\TonemapDurand.java,org.opencv.photo.TonemapDurand,class,2,19,9,171
D:\Project\SmartPaperScan-master\SmartPaperScan-master\openCVLibrary320\build\generated\source\r\androidTest\debug\org\opencv\test\R.java,org.opencv.test.R$attr,innerclass,0,0,0,0
D:\Project\SmartPaperScan-master\SmartPaperScan-master\openCVLibrary320\src\main\java\org\opencv\core\Scalar.java,org.opencv.core.Scalar,class,2,28,5,0
D:\Project\SmartPaperScan-master\SmartPaperScan-master\openCVLibrary320\src\main\java\org\opencv\ml\KNearest.java,org.opencv.ml.KNearest,class,3,25,12,300
D:\Project\SmartPaperScan-master\SmartPaperScan-master\openCVLibrary320\src\main\java\org\opencv\photo\TonemapMantiuk.java,org.opencv.photo.TonemapMantiuk,class,2,11,5,55
D:\Project\SmartPaperScan-master\SmartPaperScan-master\openCVLibrary320\src\main\java\org\opencv\features2d\Feature2D.java,org.opencv.features2d.Feature2D,class,5,32,21,465
D:\Project\SmartPaperScan-master\SmartPaperScan-master\openCVLibrary320\src\main\java\org\opencv\android\Camera2Renderer.java,org.opencv.android.Camera2Renderer$Anonymous2,anonymous,1,3,6,1
D:\Project\SmartPaperScan-master\SmartPaperScan-master\openCVLibrary320\src\main\java\org\opencv\android\FpsMeter.java,org.opencv.android.FpsMeter,class,4,8,10,0
D:\Project\SmartPaperScan-master\SmartPaperScan-master\openCVLibrary320\src\main\java\org\opencv\features2d\BOWKMeansTrainer.java,org.opencv.features2d.BOWKMeansTrainer,class,4,11,5,55
D:\Project\SmartPaperScan-master\SmartPaperScan-master\openCVLibrary320\src\main\java\org\opencv\photo\CalibrateRobertson.java,org.opencv.photo.CalibrateRobertson,class,3,13,6,78
D:\Project\SmartPaperScan-master\SmartPaperScan-master\openCVLibrary320\src\main\java\org\opencv\android\Camera2Renderer.java,org.opencv.android.Camera2Renderer$Anonymous1,anonymous,2,3,3,3
D:\Project\SmartPaperScan-master\SmartPaperScan-master\openCVLibrary320\src\main\java\org\opencv\features2d\FeatureDetector.java,org.opencv.features2d.FeatureDetector,class,4,19,12,0
D:\Project\SmartPaperScan-master\SmartPaperScan-master\openCVLibrary320\build\generated\source\aidl\release\org\opencv\engine\OpenCVEngineInterface.java,Stub,innerclass,7,13,12,0
D:\Project\SmartPaperScan-master\SmartPaperScan-master\openCVLibrary320\src\main\java\org\opencv\imgproc\Moments.java,org.opencv.imgproc.Moments,class,2,66,4,1043
D:\Project\SmartPaperScan-master\SmartPaperScan-master\openCVLibrary320\src\main\java\org\opencv\photo\MergeMertens.java,org.opencv.photo.MergeMertens,class,4,19,10,171
D:\Project\SmartPaperScan-master\SmartPaperScan-master\openCVLibrary320\src\main\java\org\opencv\video\Video.java,org.opencv.video.Video,class,14,36,19,561
D:\Project\SmartPaperScan-master\SmartPaperScan-master\openCVLibrary320\src\main\java\org\opencv\photo\CalibrateDebevec.java,org.opencv.photo.CalibrateDebevec,class,2,15,7,105
D:\Project\SmartPaperScan-master\SmartPaperScan-master\openCVLibrary320\src\main\java\org\opencv\features2d\Features2d.java,org.opencv.features2d.Features2d,class,7,22,12,120
D:\Project\SmartPaperScan-master\SmartPaperScan-master\openCVLibrary320\src\main\java\org\opencv\android\CameraBridgeViewBase.java,org.opencv.android.CameraBridgeViewBase$CvCameraViewListener2,interface,2,3,0,3
D:\Project\SmartPaperScan-master\SmartPaperScan-master\openCVLibrary320\build\generated\source\aidl\release\org\opencv\engine\OpenCVEngineInterface.java,OpenCVEngineInterface,interface,4,4,0,6
D:\Project\SmartPaperScan-master\SmartPaperScan-master\openCVLibrary320\src\main\java\org\opencv\android\CameraBridgeViewBase.java,org.opencv.android.CameraBridgeViewBase,class,21,60,46,213
D:\Project\SmartPaperScan-master\SmartPaperScan-master\openCVLibrary320\src\main\java\org\opencv\core\MatOfDouble.java,org.opencv.core.MatOfDouble,class,5,23,14,25
D:\Project\SmartPaperScan-master\SmartPaperScan-master\openCVLibrary320\build\generated\source\aidl\debug\org\opencv\engine\OpenCVEngineInterface.java,org.opencv.engine.OpenCVEngineInterface,interface,3,4,0,6
D:\Project\SmartPaperScan-master\SmartPaperScan-master\openCVLibrary320\src\main\java\org\opencv\calib3d\StereoSGBM.java,org.opencv.calib3d.StereoSGBM,class,2,27,13,351
D:\Project\SmartPaperScan-master\SmartPaperScan-master\openCVLibrary320\src\main\java\org\opencv\core\CvType.java,org.opencv.core.CvType,class,1,34,10,38
D:\Project\SmartPaperScan-master\SmartPaperScan-master\openCVLibrary320\src\main\java\org\opencv\android\CameraGLSurfaceView.java,org.opencv.android.CameraGLSurfaceView$CameraTextureListener,interface,0,3,0,3
D:\Project\SmartPaperScan-master\SmartPaperScan-master\openCVLibrary320\src\main\java\org\opencv\video\DualTVL1OpticalFlow.java,org.opencv.video.DualTVL1OpticalFlow,class,2,55,27,1485
D:\Project\SmartPaperScan-master\SmartPaperScan-master\openCVLibrary320\src\main\java\org\opencv\core\MatOfDMatch.java,org.opencv.core.MatOfDMatch,class,6,20,14,25
D:\Project\SmartPaperScan-master\SmartPaperScan-master\openCVLibrary320\src\main\java\org\opencv\features2d\AgastFeatureDetector.java,org.opencv.features2d.AgastFeatureDetector,class,2,19,9,171
D:\Project\SmartPaperScan-master\SmartPaperScan-master\openCVLibrary320\src\main\java\org\opencv\core\Core.java,org.opencv.core.Core$MinMaxLocResult,innerclass,1,1,0,0
,,,3.909090909,26.41818182,13.89090909,1212.169697
