file,class,method,constructor,line,cbo,cboModified,fanin,fanout,wmc,rfc,loc,returnsQty,variablesQty,parametersQty,methodsInvokedQty,methodsInvokedLocalQty,methodsInvokedIndirectLocalQty,loopQty,comparisonsQty,tryCatchQty,parenthesizedExpsQty,stringLiteralsQty,numbersQty,assignmentsQty,mathOperationsQty,maxNestedBlocksQty,anonymousClassesQty,innerClassesQty,lambdasQty,uniqueWordsQty,modifiers,logStatementsQty,hasJavaDoc
D:\Project\Library-Management-System-JAVA-master\Library-Management-System-JAVA-master\Project\src\LMS\HoldRequest.java,LMS.HoldRequest,"HoldRequest/3[LMS.Borrower,LMS.Book,java.util.Date]",true,12,2,2,2,0,1,0,5,0,0,3,0,0,0,0,0,0,0,0,0,3,0,0,0,0,0,10,1,0,false
D:\Project\Library-Management-System-JAVA-master\Library-Management-System-JAVA-master\Project\src\LMS\HoldRequest.java,LMS.HoldRequest,print/0,false,37,2,3,1,2,1,3,3,0,0,0,3,0,0,0,0,0,0,3,0,0,1,0,0,0,0,3,1,0,false
D:\Project\Library-Management-System-JAVA-master\Library-Management-System-JAVA-master\Project\src\LMS\HoldRequest.java,LMS.HoldRequest,getRequestDate/0,false,30,0,2,2,0,1,0,3,1,0,0,0,0,0,0,0,0,0,0,0,0,0,0,0,0,0,4,1,0,false
D:\Project\Library-Management-System-JAVA-master\Library-Management-System-JAVA-master\Project\src\LMS\HoldRequest.java,LMS.HoldRequest,getBook/0,false,25,1,2,2,0,1,0,3,1,0,0,0,0,0,0,0,0,0,0,0,0,0,0,0,0,0,3,1,0,false
D:\Project\Library-Management-System-JAVA-master\Library-Management-System-JAVA-master\Project\src\LMS\HoldRequest.java,LMS.HoldRequest,getBorrower/0,false,20,1,5,5,0,1,0,3,1,0,0,0,0,0,0,0,0,0,0,0,0,0,0,0,0,0,3,1,0,false
D:\Project\Library-Management-System-JAVA-master\Library-Management-System-JAVA-master\Project\src\LMS\Staff.java,LMS.Staff,getSalary/0,false,22,0,1,1,0,1,0,3,1,0,0,0,0,0,0,0,0,0,0,0,0,0,0,0,0,0,3,1,0,false
D:\Project\Library-Management-System-JAVA-master\Library-Management-System-JAVA-master\Project\src\LMS\Staff.java,LMS.Staff,"Staff/5[int,java.lang.String,java.lang.String,int,double]",true,9,0,0,0,0,1,0,4,0,0,5,0,0,0,0,0,0,0,0,0,1,0,0,0,0,0,3,1,0,false
D:\Project\Library-Management-System-JAVA-master\Library-Management-System-JAVA-master\Project\src\LMS\Staff.java,LMS.Staff,printInfo/0,false,16,0,0,0,0,1,2,4,0,0,0,2,0,0,0,0,0,0,2,0,0,1,0,0,0,0,3,1,0,false
D:\Project\Library-Management-System-JAVA-master\Library-Management-System-JAVA-master\Project\src\LMS\Book.java,LMS.Book,"issueBook/2[LMS.Borrower,LMS.Staff]",false,213,8,14,1,13,12,20,53,2,12,2,20,3,2,2,2,0,0,12,5,14,4,5,0,0,0,60,1,0,false
D:\Project\Library-Management-System-JAVA-master\Library-Management-System-JAVA-master\Project\src\LMS\Book.java,LMS.Book,getIssuedStatus/0,false,122,0,1,1,0,1,0,3,1,0,0,0,0,0,0,0,0,0,0,0,0,0,0,0,0,0,4,1,0,false
D:\Project\Library-Management-System-JAVA-master\Library-Management-System-JAVA-master\Project\src\LMS\Book.java,LMS.Book,"returnBook/3[LMS.Borrower,LMS.Loan,LMS.Staff]",false,307,5,9,1,8,1,9,9,0,0,3,9,2,1,0,0,0,0,4,0,0,2,0,0,0,0,12,1,0,false
D:\Project\Library-Management-System-JAVA-master\Library-Management-System-JAVA-master\Project\src\LMS\Book.java,LMS.Book,makeHoldRequest/1[LMS.Borrower],false,169,4,6,2,4,6,9,19,1,3,1,9,1,1,2,2,0,1,3,2,4,1,2,0,0,0,18,1,0,false
D:\Project\Library-Management-System-JAVA-master\Library-Management-System-JAVA-master\Project\src\LMS\Book.java,LMS.Book,placeBookOnHold/1[LMS.Borrower],false,155,4,5,1,4,1,4,6,0,1,1,4,0,0,0,0,0,0,3,0,1,1,0,0,0,0,19,1,0,false
D:\Project\Library-Management-System-JAVA-master\Library-Management-System-JAVA-master\Project\src\LMS\Book.java,LMS.Book,printInfo/0,false,61,0,4,4,0,1,1,3,0,0,0,1,0,0,0,0,0,0,2,0,0,1,0,0,0,0,5,1,0,false
D:\Project\Library-Management-System-JAVA-master\Library-Management-System-JAVA-master\Project\src\LMS\Book.java,LMS.Book,changeBookInfo/0,false,67,0,1,1,0,4,4,24,0,3,0,4,0,0,0,0,0,0,10,0,8,0,1,0,0,0,21,1,0,false
D:\Project\Library-Management-System-JAVA-master\Library-Management-System-JAVA-master\Project\src\LMS\Book.java,LMS.Book,setIDCount/1[int],false,144,0,1,1,0,1,0,3,0,0,1,0,0,0,0,0,0,0,0,0,1,0,0,0,0,0,8,9,0,false
D:\Project\Library-Management-System-JAVA-master\Library-Management-System-JAVA-master\Project\src\LMS\Book.java,LMS.Book,getTitle/0,false,107,0,8,8,0,1,0,3,1,0,0,0,0,0,0,0,0,0,0,0,0,0,0,0,0,0,3,1,0,false
D:\Project\Library-Management-System-JAVA-master\Library-Management-System-JAVA-master\Project\src\LMS\Book.java,LMS.Book,getHoldRequests/0,false,137,1,2,2,0,1,0,3,1,0,0,0,0,0,0,0,0,0,0,0,0,0,0,0,0,0,3,1,0,false
D:\Project\Library-Management-System-JAVA-master\Library-Management-System-JAVA-master\Project\src\LMS\Book.java,LMS.Book,printHoldRequests/0,false,40,1,2,1,1,3,6,13,0,1,0,6,0,0,1,0,0,0,7,1,1,1,2,0,0,0,4,1,0,false
D:\Project\Library-Management-System-JAVA-master\Library-Management-System-JAVA-master\Project\src\LMS\Book.java,LMS.Book,"Book/5[int,java.lang.String,java.lang.String,java.lang.String,boolean]",true,21,0,2,2,0,2,0,11,0,0,5,0,0,0,0,1,0,0,0,1,6,0,1,0,0,0,17,1,0,false
D:\Project\Library-Management-System-JAVA-master\Library-Management-System-JAVA-master\Project\src\LMS\Book.java,LMS.Book,getSubject/0,false,112,0,2,2,0,1,0,3,1,0,0,0,0,0,0,0,0,0,0,0,0,0,0,0,0,0,3,1,0,false
D:\Project\Library-Management-System-JAVA-master\Library-Management-System-JAVA-master\Project\src\LMS\Book.java,LMS.Book,getAuthor/0,false,117,0,2,2,0,1,0,3,1,0,0,0,0,0,0,0,0,0,0,0,0,0,0,0,0,0,3,1,0,false
D:\Project\Library-Management-System-JAVA-master\Library-Management-System-JAVA-master\Project\src\LMS\Book.java,LMS.Book,setIssuedStatus/1[boolean],false,127,0,2,2,0,1,0,3,0,0,1,0,0,0,0,0,0,0,0,0,1,0,0,0,0,0,5,1,0,false
D:\Project\Library-Management-System-JAVA-master\Library-Management-System-JAVA-master\Project\src\LMS\Book.java,LMS.Book,getID/0,false,132,0,2,2,0,1,0,3,1,0,0,0,0,0,0,0,0,0,0,0,0,0,0,0,0,0,4,1,0,false
D:\Project\Library-Management-System-JAVA-master\Library-Management-System-JAVA-master\Project\src\LMS\Book.java,LMS.Book,serviceHoldRequest/1[LMS.HoldRequest],false,204,3,4,1,3,1,3,4,0,0,1,3,0,0,0,0,0,0,0,0,0,0,0,0,0,0,4,1,0,false
D:\Project\Library-Management-System-JAVA-master\Library-Management-System-JAVA-master\Project\src\LMS\HoldRequestOperations.java,LMS.HoldRequestOperations,addHoldRequest/1[LMS.HoldRequest],false,15,1,2,2,0,1,1,3,0,0,1,1,0,0,0,0,0,0,0,0,0,0,0,0,0,0,4,1,0,false
D:\Project\Library-Management-System-JAVA-master\Library-Management-System-JAVA-master\Project\src\LMS\HoldRequestOperations.java,LMS.HoldRequestOperations,removeHoldRequest/0,false,20,0,3,3,0,2,2,5,0,0,0,2,0,0,0,0,0,0,0,1,0,0,1,0,0,0,3,1,0,false
D:\Project\Library-Management-System-JAVA-master\Library-Management-System-JAVA-master\Project\src\LMS\HoldRequestOperations.java,LMS.HoldRequestOperations,HoldRequestOperations/0,true,10,1,0,0,0,1,0,3,0,0,0,0,0,0,0,0,0,0,0,0,1,0,0,0,0,0,5,1,0,false
D:\Project\Library-Management-System-JAVA-master\Library-Management-System-JAVA-master\Project\src\LMS\Borrower.java,LMS.Borrower,updateBorrowerInfo/0,false,79,2,5,1,4,1,6,15,0,3,0,6,3,1,0,0,0,0,7,0,5,3,0,0,0,0,26,1,0,false
D:\Project\Library-Management-System-JAVA-master\Library-Management-System-JAVA-master\Project\src\LMS\Borrower.java,LMS.Borrower,printBorrowedBooks/0,false,35,2,4,2,2,3,7,14,0,1,0,7,0,0,1,0,0,0,8,1,1,1,2,0,0,0,5,1,0,false
D:\Project\Library-Management-System-JAVA-master\Library-Management-System-JAVA-master\Project\src\LMS\Borrower.java,LMS.Borrower,removeHoldRequest/1[LMS.HoldRequest],false,153,1,3,3,0,1,1,3,0,0,1,1,0,0,0,0,0,0,0,0,0,0,0,0,0,0,4,1,0,false
D:\Project\Library-Management-System-JAVA-master\Library-Management-System-JAVA-master\Project\src\LMS\Borrower.java,LMS.Borrower,"updateBorrowerPhoneNumber/2[java.lang.String,java.util.Scanner]",false,106,1,2,1,1,2,4,7,0,0,2,4,0,0,0,0,0,0,3,0,0,0,1,0,0,0,11,2,0,false
D:\Project\Library-Management-System-JAVA-master\Library-Management-System-JAVA-master\Project\src\LMS\Borrower.java,LMS.Borrower,addBorrowedBook/1[LMS.Loan],false,135,1,2,2,0,1,1,3,0,0,1,1,0,0,0,0,0,0,0,0,0,0,0,0,0,0,5,1,0,false
D:\Project\Library-Management-System-JAVA-master\Library-Management-System-JAVA-master\Project\src\LMS\Borrower.java,LMS.Borrower,printInfo/0,false,26,1,3,1,2,1,3,5,0,0,0,3,2,1,0,0,0,0,0,0,0,0,0,0,0,0,6,1,0,false
D:\Project\Library-Management-System-JAVA-master\Library-Management-System-JAVA-master\Project\src\LMS\Borrower.java,LMS.Borrower,"updateBorrowerName/2[java.lang.String,java.io.BufferedReader]",false,124,1,2,1,1,2,4,7,0,0,2,4,0,0,0,0,0,0,3,0,0,0,1,0,0,0,12,2,0,false
D:\Project\Library-Management-System-JAVA-master\Library-Management-System-JAVA-master\Project\src\LMS\Borrower.java,LMS.Borrower,printOnHoldBooks/0,false,57,2,3,1,2,3,7,14,0,1,0,7,0,0,1,0,0,0,8,1,1,1,2,0,0,0,5,1,0,false
D:\Project\Library-Management-System-JAVA-master\Library-Management-System-JAVA-master\Project\src\LMS\Borrower.java,LMS.Borrower,getOnHoldBooks/0,false,166,1,0,0,0,1,0,3,1,0,0,0,0,0,0,0,0,0,0,0,0,0,0,0,0,0,5,1,0,false
D:\Project\Library-Management-System-JAVA-master\Library-Management-System-JAVA-master\Project\src\LMS\Borrower.java,LMS.Borrower,"Borrower/4[int,java.lang.String,java.lang.String,int]",true,15,0,2,2,0,1,0,5,0,0,4,0,0,0,0,0,0,0,0,0,2,0,0,0,0,0,9,1,0,false
D:\Project\Library-Management-System-JAVA-master\Library-Management-System-JAVA-master\Project\src\LMS\Borrower.java,LMS.Borrower,getBorrowedBooks/0,false,161,1,3,3,0,1,0,3,1,0,0,0,0,0,0,0,0,0,0,0,0,0,0,0,0,0,4,1,0,false
D:\Project\Library-Management-System-JAVA-master\Library-Management-System-JAVA-master\Project\src\LMS\Borrower.java,LMS.Borrower,"updateBorrowerAddress/2[java.lang.String,java.io.BufferedReader]",false,115,1,2,1,1,2,4,7,0,0,2,4,0,0,0,0,0,0,3,0,0,0,1,0,0,0,12,2,0,false
D:\Project\Library-Management-System-JAVA-master\Library-Management-System-JAVA-master\Project\src\LMS\Borrower.java,LMS.Borrower,removeBorrowedBook/1[LMS.Loan],false,140,1,1,1,0,1,1,3,0,0,1,1,0,0,0,0,0,0,0,0,0,0,0,0,0,0,5,1,0,false
D:\Project\Library-Management-System-JAVA-master\Library-Management-System-JAVA-master\Project\src\LMS\Borrower.java,LMS.Borrower,addHoldRequest/1[LMS.HoldRequest],false,148,1,2,2,0,1,1,3,0,0,1,1,0,0,0,0,0,0,0,0,0,0,0,0,0,0,4,1,0,false
D:\Project\Library-Management-System-JAVA-master\Library-Management-System-JAVA-master\Project\src\LMS\Person.java,LMS.Person,"Person/4[int,java.lang.String,java.lang.String,int]",true,16,0,0,0,0,2,1,11,0,0,4,1,0,0,0,1,0,0,0,1,6,0,1,0,0,0,11,1,0,false
D:\Project\Library-Management-System-JAVA-master\Library-Management-System-JAVA-master\Project\src\LMS\Person.java,LMS.Person,setPhone/1[int],false,50,0,1,1,0,1,0,3,0,0,1,0,0,0,0,0,0,0,0,0,1,0,0,0,0,0,5,1,0,false
D:\Project\Library-Management-System-JAVA-master\Library-Management-System-JAVA-master\Project\src\LMS\Person.java,LMS.Person,getName/0,false,62,0,9,9,0,1,0,3,1,0,0,0,0,0,0,0,0,0,0,0,0,0,0,0,0,0,3,1,0,false
D:\Project\Library-Management-System-JAVA-master\Library-Management-System-JAVA-master\Project\src\LMS\Person.java,LMS.Person,getPassword/0,false,67,0,3,3,0,1,0,3,1,0,0,0,0,0,0,0,0,0,0,0,0,0,0,0,0,0,3,1,0,false
D:\Project\Library-Management-System-JAVA-master\Library-Management-System-JAVA-master\Project\src\LMS\Person.java,LMS.Person,getAddress/0,false,72,0,1,1,0,1,0,3,1,0,0,0,0,0,0,0,0,0,0,0,0,0,0,0,0,0,3,1,0,false
D:\Project\Library-Management-System-JAVA-master\Library-Management-System-JAVA-master\Project\src\LMS\Person.java,LMS.Person,getID/0,false,81,0,6,6,0,1,0,3,1,0,0,0,0,0,0,0,0,0,0,0,0,0,0,0,0,0,4,1,0,false
D:\Project\Library-Management-System-JAVA-master\Library-Management-System-JAVA-master\Project\src\LMS\Person.java,LMS.Person,getPhoneNumber/0,false,77,0,1,1,0,1,0,3,1,0,0,0,0,0,0,0,0,0,0,0,0,0,0,0,0,0,5,1,0,false
D:\Project\Library-Management-System-JAVA-master\Library-Management-System-JAVA-master\Project\src\LMS\Person.java,LMS.Person,setAddress/1[java.lang.String],false,45,0,1,1,0,1,0,3,0,0,1,0,0,0,0,0,0,0,0,0,1,0,0,0,0,0,4,1,0,false
D:\Project\Library-Management-System-JAVA-master\Library-Management-System-JAVA-master\Project\src\LMS\Person.java,LMS.Person,setIDCount/1[int],false,87,0,1,1,0,1,0,3,0,0,1,0,0,0,0,0,0,0,0,0,1,0,0,0,0,0,8,9,0,false
D:\Project\Library-Management-System-JAVA-master\Library-Management-System-JAVA-master\Project\src\LMS\Person.java,LMS.Person,setName/1[java.lang.String],false,55,0,1,1,0,1,0,3,0,0,1,0,0,0,0,0,0,0,0,0,1,0,0,0,0,0,4,1,0,false
D:\Project\Library-Management-System-JAVA-master\Library-Management-System-JAVA-master\Project\src\LMS\Person.java,LMS.Person,printInfo/0,false,34,0,1,1,0,1,1,8,0,0,0,1,0,0,0,0,0,0,7,0,0,4,0,0,0,0,8,1,0,false
D:\Project\Library-Management-System-JAVA-master\Library-Management-System-JAVA-master\Project\src\LMS\Clerk.java,LMS.Clerk,printInfo/0,false,28,0,1,1,0,1,2,4,0,0,0,2,0,0,0,0,0,0,1,0,0,1,0,0,0,0,4,1,0,false
D:\Project\Library-Management-System-JAVA-master\Library-Management-System-JAVA-master\Project\src\LMS\Clerk.java,LMS.Clerk,"Clerk/6[int,java.lang.String,java.lang.String,int,double,int]",true,10,0,2,2,0,2,0,10,0,0,6,0,0,0,0,1,0,0,0,1,2,0,1,0,0,0,6,1,0,false
D:\Project\Library-Management-System-JAVA-master\Library-Management-System-JAVA-master\Project\src\LMS\Loan.java,LMS.Loan,getBook/0,false,36,1,10,10,0,1,0,3,1,0,0,0,0,0,0,0,0,0,0,0,0,0,0,0,0,0,3,1,0,false
D:\Project\Library-Management-System-JAVA-master\Library-Management-System-JAVA-master\Project\src\LMS\Loan.java,LMS.Loan,getIssuer/0,false,41,1,3,3,0,1,0,3,1,0,0,0,0,0,0,0,0,0,0,0,0,0,0,0,0,0,4,1,0,false
D:\Project\Library-Management-System-JAVA-master\Library-Management-System-JAVA-master\Project\src\LMS\Loan.java,LMS.Loan,getBorrower/0,false,61,1,3,3,0,1,0,3,1,0,0,0,0,0,0,0,0,0,0,0,0,0,0,0,0,0,3,1,0,false
D:\Project\Library-Management-System-JAVA-master\Library-Management-System-JAVA-master\Project\src\LMS\Loan.java,LMS.Loan,getIssuedDate/0,false,51,0,4,4,0,1,0,3,1,0,0,0,0,0,0,0,0,0,0,0,0,0,0,0,0,0,4,1,0,false
D:\Project\Library-Management-System-JAVA-master\Library-Management-System-JAVA-master\Project\src\LMS\Loan.java,LMS.Loan,setFineStatus/1[boolean],false,79,0,0,0,0,1,0,3,0,0,1,0,0,0,0,0,0,0,0,0,1,0,0,0,0,0,6,1,0,false
D:\Project\Library-Management-System-JAVA-master\Library-Management-System-JAVA-master\Project\src\LMS\Loan.java,LMS.Loan,setReceiver/1[LMS.Staff],false,84,1,1,1,0,1,0,3,0,0,1,0,0,0,0,0,0,0,0,0,1,0,0,0,0,0,5,1,0,false
D:\Project\Library-Management-System-JAVA-master\Library-Management-System-JAVA-master\Project\src\LMS\Loan.java,LMS.Loan,renewIssuedBook/1[java.util.Date],false,150,2,3,1,2,1,3,5,0,0,1,3,1,1,0,0,0,0,3,0,1,1,0,0,0,0,16,1,0,false
D:\Project\Library-Management-System-JAVA-master\Library-Management-System-JAVA-master\Project\src\LMS\Loan.java,LMS.Loan,getReceiver/0,false,46,1,3,3,0,1,0,3,1,0,0,0,0,0,0,0,0,0,0,0,0,0,0,0,0,0,4,1,0,false
D:\Project\Library-Management-System-JAVA-master\Library-Management-System-JAVA-master\Project\src\LMS\Loan.java,LMS.Loan,payFine/0,false,119,1,2,1,1,6,4,15,0,3,0,4,1,1,0,0,0,0,7,1,6,1,2,0,0,0,19,1,0,false
D:\Project\Library-Management-System-JAVA-master\Library-Management-System-JAVA-master\Project\src\LMS\Loan.java,LMS.Loan,computeFine1/0,false,94,1,3,2,1,3,3,13,1,4,0,3,0,0,0,0,0,0,0,4,8,3,2,0,0,0,11,1,0,false
D:\Project\Library-Management-System-JAVA-master\Library-Management-System-JAVA-master\Project\src\LMS\Loan.java,LMS.Loan,setReturnedDate/1[java.util.Date],false,74,0,1,1,0,1,0,3,0,0,1,0,0,0,0,0,0,0,0,0,1,0,0,0,0,0,5,1,0,false
D:\Project\Library-Management-System-JAVA-master\Library-Management-System-JAVA-master\Project\src\LMS\Loan.java,LMS.Loan,"Loan/7[LMS.Borrower,LMS.Book,LMS.Staff,LMS.Staff,java.util.Date,java.util.Date,boolean]",true,22,3,2,2,0,1,0,9,0,0,7,0,0,0,0,0,0,0,0,0,7,0,0,0,0,0,17,1,0,false
D:\Project\Library-Management-System-JAVA-master\Library-Management-System-JAVA-master\Project\src\LMS\Loan.java,LMS.Loan,getFineStatus/0,false,66,0,3,3,0,1,0,3,1,0,0,0,0,0,0,0,0,0,0,0,0,0,0,0,0,0,5,1,0,false
D:\Project\Library-Management-System-JAVA-master\Library-Management-System-JAVA-master\Project\src\LMS\Loan.java,LMS.Loan,getReturnDate/0,false,56,0,3,3,0,1,0,3,1,0,0,0,0,0,0,0,0,0,0,0,0,0,0,0,0,0,5,1,0,false
D:\Project\Library-Management-System-JAVA-master\Library-Management-System-JAVA-master\Project\src\LMS\Librarian.java,LMS.Librarian,printInfo/0,false,26,0,0,0,0,1,2,4,0,0,0,2,0,0,0,0,0,0,1,0,0,1,0,0,0,0,4,1,0,false
D:\Project\Library-Management-System-JAVA-master\Library-Management-System-JAVA-master\Project\src\LMS\Librarian.java,LMS.Librarian,"Librarian/6[int,java.lang.String,java.lang.String,int,double,int]",true,13,0,2,2,0,2,0,6,0,0,6,0,0,0,0,1,0,0,0,1,2,0,1,0,0,0,7,1,0,false
D:\Project\Library-Management-System-JAVA-master\Library-Management-System-JAVA-master\Project\src\LMS\Librarian.java,LMS.Librarian,addLibrarian/1[LMS.Librarian],false,31,1,2,2,0,2,2,9,2,0,1,2,0,0,0,1,0,0,1,0,1,0,1,0,0,0,14,9,0,false
D:\Project\Library-Management-System-JAVA-master\Library-Management-System-JAVA-master\Project\src\LMS\Library.java,LMS.Library,addBookinLibrary/1[LMS.Book],false,192,1,2,2,0,1,1,3,0,0,1,1,0,0,0,0,0,0,0,0,0,0,0,0,0,0,5,1,0,false
D:\Project\Library-Management-System-JAVA-master\Library-Management-System-JAVA-master\Project\src\LMS\Library.java,LMS.Library,setRequestExpiry/1[int],false,75,0,1,1,0,1,0,3,0,0,1,0,0,0,0,0,0,0,0,0,1,0,0,0,0,0,7,1,0,false
D:\Project\Library-Management-System-JAVA-master\Library-Management-System-JAVA-master\Project\src\LMS\Library.java,LMS.Library,populateLibrary/1[java.sql.Connection],false,618,10,26,1,25,54,42,219,0,69,1,42,6,1,16,17,0,5,54,21,107,0,7,0,0,0,95,1,0,false
D:\Project\Library-Management-System-JAVA-master\Library-Management-System-JAVA-master\Project\src\LMS\Library.java,LMS.Library,findClerk/0,false,165,2,2,1,1,5,8,16,2,3,0,8,0,0,1,1,1,1,4,2,4,0,2,0,0,0,12,1,0,false
D:\Project\Library-Management-System-JAVA-master\Library-Management-System-JAVA-master\Project\src\LMS\Library.java,LMS.Library,addClerk/1[LMS.Clerk],false,120,1,2,2,0,1,1,3,0,0,1,1,0,0,0,0,0,0,0,0,0,0,0,0,0,0,3,1,0,false
D:\Project\Library-Management-System-JAVA-master\Library-Management-System-JAVA-master\Project\src\LMS\Library.java,LMS.Library,viewAllBooks/0,false,366,1,2,1,1,3,6,14,0,1,0,6,0,0,1,0,0,0,8,1,1,1,2,0,0,0,7,1,0,false
D:\Project\Library-Management-System-JAVA-master\Library-Management-System-JAVA-master\Project\src\LMS\Library.java,LMS.Library,getLibrarian/0,false,101,1,2,2,0,1,0,3,1,0,0,0,0,0,0,0,0,0,0,0,0,0,0,0,0,0,3,1,0,false
D:\Project\Library-Management-System-JAVA-master\Library-Management-System-JAVA-master\Project\src\LMS\Library.java,LMS.Library,getBooks/0,false,111,1,2,2,0,1,0,3,1,0,0,0,0,0,0,0,0,0,0,0,0,0,0,0,0,0,5,1,0,false
D:\Project\Library-Management-System-JAVA-master\Library-Management-System-JAVA-master\Project\src\LMS\Library.java,LMS.Library,"createBook/3[java.lang.String,java.lang.String,java.lang.String]",false,504,2,4,1,3,1,3,5,0,1,3,3,1,1,0,0,0,0,2,1,1,1,0,0,0,0,11,1,0,false
D:\Project\Library-Management-System-JAVA-master\Library-Management-System-JAVA-master\Project\src\LMS\Library.java,LMS.Library,viewHistory/0,false,560,3,10,1,9,5,14,16,0,1,0,14,0,0,1,2,0,0,21,1,1,3,3,0,0,0,6,1,0,false
D:\Project\Library-Management-System-JAVA-master\Library-Management-System-JAVA-master\Project\src\LMS\Library.java,LMS.Library,getPersons/0,false,96,1,2,2,0,1,0,3,1,0,0,0,0,0,0,0,0,0,0,0,0,0,0,0,0,0,3,1,0,false
D:\Project\Library-Management-System-JAVA-master\Library-Management-System-JAVA-master\Project\src\LMS\Library.java,LMS.Library,searchForBooks/0,false,277,1,5,1,4,15,13,53,2,10,0,13,0,0,3,0,0,0,23,2,13,1,3,0,0,0,41,1,0,false
D:\Project\Library-Management-System-JAVA-master\Library-Management-System-JAVA-master\Project\src\LMS\Library.java,LMS.Library,fillItBack/1[java.sql.Connection],false,962,7,26,1,25,18,46,136,0,23,1,46,3,1,9,5,0,4,23,48,52,1,5,0,0,0,39,1,0,false
D:\Project\Library-Management-System-JAVA-master\Library-Management-System-JAVA-master\Project\src\LMS\Library.java,LMS.Library,createPerson/1[char],false,415,5,10,2,8,9,12,66,0,10,1,12,2,1,0,2,5,0,22,8,15,9,2,0,0,0,33,1,0,false
D:\Project\Library-Management-System-JAVA-master\Library-Management-System-JAVA-master\Project\src\LMS\Library.java,LMS.Library,Library/0,true,52,0,1,1,0,1,0,7,0,0,0,0,0,0,0,0,0,0,0,0,5,0,0,0,0,0,10,2,0,false
D:\Project\Library-Management-System-JAVA-master\Library-Management-System-JAVA-master\Project\src\LMS\Library.java,LMS.Library,setReturnDeadline/1[int],false,65,0,1,1,0,1,0,3,0,0,1,0,0,0,0,0,0,0,0,0,1,0,0,0,0,0,6,1,0,false
D:\Project\Library-Management-System-JAVA-master\Library-Management-System-JAVA-master\Project\src\LMS\Library.java,LMS.Library,addBorrower/1[LMS.Borrower],false,125,1,2,2,0,1,1,3,0,0,1,1,0,0,0,0,0,0,0,0,0,0,0,0,0,0,3,1,0,false
D:\Project\Library-Management-System-JAVA-master\Library-Management-System-JAVA-master\Project\src\LMS\Library.java,LMS.Library,addLoan/1[LMS.Loan],false,131,1,1,1,0,1,1,3,0,0,1,1,0,0,0,0,0,0,0,0,0,0,0,0,0,0,3,1,0,false
D:\Project\Library-Management-System-JAVA-master\Library-Management-System-JAVA-master\Project\src\LMS\Library.java,LMS.Library,login/0,false,516,2,3,1,2,8,8,28,3,4,0,8,0,0,1,3,1,0,7,2,6,0,2,0,0,0,14,1,0,false
D:\Project\Library-Management-System-JAVA-master\Library-Management-System-JAVA-master\Project\src\LMS\Library.java,LMS.Library,getHoldRequestExpiry/0,false,91,0,1,1,0,1,0,3,1,0,0,0,0,0,0,0,0,0,0,0,0,0,0,0,0,0,7,1,0,false
D:\Project\Library-Management-System-JAVA-master\Library-Management-System-JAVA-master\Project\src\LMS\Library.java,LMS.Library,getLibraryName/0,false,106,0,0,0,0,1,0,3,1,0,0,0,0,0,0,0,0,0,0,0,0,0,0,0,0,0,4,1,0,false
D:\Project\Library-Management-System-JAVA-master\Library-Management-System-JAVA-master\Project\src\LMS\Library.java,LMS.Library,removeBookfromLibrary/1[LMS.Book],false,202,5,7,1,6,15,19,44,1,9,1,19,0,0,4,1,0,2,13,3,10,0,6,0,0,0,48,1,0,false
D:\Project\Library-Management-System-JAVA-master\Library-Management-System-JAVA-master\Project\src\LMS\Library.java,LMS.Library,getInstance/0,false,41,1,5,4,1,2,0,6,1,0,0,0,0,0,0,1,0,0,0,0,1,0,1,0,0,0,5,9,0,false
D:\Project\Library-Management-System-JAVA-master\Library-Management-System-JAVA-master\Project\src\LMS\Library.java,LMS.Library,findBorrower/0,false,139,2,2,1,1,5,8,16,2,3,0,8,0,0,1,1,1,1,4,2,4,0,2,0,0,0,12,1,0,false
D:\Project\Library-Management-System-JAVA-master\Library-Management-System-JAVA-master\Project\src\LMS\Library.java,LMS.Library,setName/1[java.lang.String],false,84,0,1,1,0,1,0,3,0,0,1,0,0,0,0,0,0,0,0,0,1,0,0,0,0,0,4,1,0,false
D:\Project\Library-Management-System-JAVA-master\Library-Management-System-JAVA-master\Project\src\LMS\Library.java,LMS.Library,makeConnection/0,false,599,0,1,1,0,2,3,13,2,4,0,3,0,0,0,0,1,0,3,0,4,0,1,0,0,0,13,1,0,false
D:\Project\Library-Management-System-JAVA-master\Library-Management-System-JAVA-master\Project\src\LMS\Library.java,LMS.Library,setFine/1[double],false,70,0,1,1,0,1,0,3,0,0,1,0,0,0,0,0,0,0,0,0,1,0,0,0,0,0,6,1,0,false
D:\Project\Library-Management-System-JAVA-master\Library-Management-System-JAVA-master\Project\src\LMS\Library.java,LMS.Library,computeFine2/1[LMS.Borrower],false,389,4,8,1,7,3,11,16,1,4,1,11,0,0,1,1,0,1,10,3,6,1,2,0,0,0,13,1,0,false
D:\Project\Library-Management-System-JAVA-master\Library-Management-System-JAVA-master\Project\src\LMS\Main.java,LMS.Main,clrscr/0,false,13,0,1,1,0,2,1,3,0,1,0,1,0,0,1,0,0,0,0,2,1,0,1,0,0,0,2,9,0,false
D:\Project\Library-Management-System-JAVA-master\Library-Management-System-JAVA-master\Project\src\LMS\Main.java,LMS.Main,"takeInput/2[int,int]",false,20,0,2,2,0,5,4,12,1,2,2,4,0,0,1,0,0,2,3,0,2,0,2,0,0,0,10,9,0,false
D:\Project\Library-Management-System-JAVA-master\Library-Management-System-JAVA-master\Project\src\LMS\Main.java,LMS.Main,main/1[java.lang.String[]],false,266,3,15,0,15,23,20,142,1,8,1,20,3,2,5,12,1,0,76,24,14,0,9,0,0,0,57,9,0,false
D:\Project\Library-Management-System-JAVA-master\Library-Management-System-JAVA-master\Project\src\LMS\Main.java,LMS.Main,"allFunctionalities/2[LMS.Person,int]",false,43,8,24,1,23,36,34,120,0,27,2,34,1,1,0,27,0,0,16,22,34,4,4,0,0,0,50,9,0,false
