file,class,type,cbo,cboModified,fanin,fanout,wmc,dit,noc,rfc,lcom,lcom*,tcc,lcc,totalMethodsQty,staticMethodsQty,publicMethodsQty,privateMethodsQty,protectedMethodsQty,defaultMethodsQty,visibleMethodsQty,abstractMethodsQty,finalMethodsQty,synchronizedMethodsQty,totalFieldsQty,staticFieldsQty,publicFieldsQty,privateFieldsQty,protectedFieldsQty,defaultFieldsQty,finalFieldsQty,synchronizedFieldsQty,nosi,loc,returnQty,loopQty,comparisonsQty,tryCatchQty,parenthesizedExpsQty,stringLiteralsQty,numbersQty,assignmentsQty,mathOperationsQty,variablesQty,maxNestedBlocksQty,anonymousClassesQty,innerClassesQty,lambdasQty,uniqueWordsQty,modifiers,logStatementsQty
D:\Project\Detection\javafx-login-registration-admin-panel-main\javafx-login-registration-admin-panel-main\src\controller\RegisterController.java,controller.RegisterController,class,12,13,1,12,32,1,0,29,1,0.5873016,0.0,0.0,7,0,2,5,0,0,2,0,0,0,9,0,0,8,0,1,1,0,18,144,4,0,0,2,0,45,19,15,0,20,3,0,0,0,93,1,0
D:\Project\Detection\javafx-login-registration-admin-panel-main\javafx-login-registration-admin-panel-main\src\controller\Page06Controller.java,controller.Page06Controller,class,1,1,0,1,1,1,0,0,0,0.0,NaN,NaN,1,0,1,0,0,0,1,0,0,0,0,0,0,0,0,0,0,0,0,4,0,0,0,0,0,0,0,0,0,0,0,0,0,0,12,1,0
D:\Project\Detection\javafx-login-registration-admin-panel-main\javafx-login-registration-admin-panel-main\src\controller\Page07Controller.java,controller.Page07Controller,class,1,1,0,1,1,1,0,0,0,0.0,NaN,NaN,1,0,1,0,0,0,1,0,0,0,0,0,0,0,0,0,0,0,0,4,0,0,0,0,0,0,0,0,0,0,0,0,0,0,12,1,0
D:\Project\Detection\javafx-login-registration-admin-panel-main\javafx-login-registration-admin-panel-main\src\controller\Page10Controller.java,controller.Page10Controller,class,1,1,0,1,1,1,0,0,0,0.0,NaN,NaN,1,0,1,0,0,0,1,0,0,0,0,0,0,0,0,0,0,0,0,4,0,0,0,0,0,0,0,0,0,0,0,0,0,0,12,1,0
D:\Project\Detection\javafx-login-registration-admin-panel-main\javafx-login-registration-admin-panel-main\src\database\DbConnection.java,database.DbConnection,class,2,5,3,2,6,1,0,7,4,0.625,0.0,0.0,4,2,3,1,0,0,3,0,0,0,2,1,0,2,0,0,0,0,3,28,2,0,1,1,0,4,0,4,0,4,1,0,0,0,17,1,0
D:\Project\Detection\javafx-login-registration-admin-panel-main\javafx-login-registration-admin-panel-main\src\controller\Page08Controller.java,controller.Page08Controller,class,1,1,0,1,1,1,0,0,0,0.0,NaN,NaN,1,0,1,0,0,0,1,0,0,0,0,0,0,0,0,0,0,0,0,4,0,0,0,0,0,0,0,0,0,0,0,0,0,0,12,1,0
D:\Project\Detection\javafx-login-registration-admin-panel-main\javafx-login-registration-admin-panel-main\src\controller\Page02Controller.java,controller.Page02Controller,class,1,1,0,1,1,1,0,0,0,0.0,NaN,NaN,1,0,1,0,0,0,1,0,0,0,0,0,0,0,0,0,0,0,0,4,0,0,0,0,0,0,0,0,0,0,0,0,0,0,12,1,0
D:\Project\Detection\javafx-login-registration-admin-panel-main\javafx-login-registration-admin-panel-main\src\helper\AlertHelper.java,helper.AlertHelper,class,2,4,2,2,3,1,0,10,0,1.0,NaN,NaN,1,1,1,0,0,0,1,0,0,0,1,1,1,0,0,0,0,0,0,11,0,0,4,0,0,0,2,1,0,1,1,0,0,0,9,1,0
D:\Project\Detection\javafx-login-registration-admin-panel-main\javafx-login-registration-admin-panel-main\src\controller\MainPanelController.java,controller.MainPanelController,class,12,13,1,12,20,1,0,22,114,0.95,NaN,NaN,16,0,1,15,0,0,1,0,0,0,5,0,0,5,0,0,0,0,1,91,0,1,2,1,0,18,0,7,1,12,3,0,0,0,74,1,0
D:\Project\Detection\javafx-login-registration-admin-panel-main\javafx-login-registration-admin-panel-main\src\controller\Page03Controller.java,controller.Page03Controller,class,1,1,0,1,1,1,0,0,0,0.0,NaN,NaN,1,0,1,0,0,0,1,0,0,0,0,0,0,0,0,0,0,0,0,4,0,0,0,0,0,0,0,0,0,0,0,0,0,0,12,1,0
D:\Project\Detection\javafx-login-registration-admin-panel-main\javafx-login-registration-admin-panel-main\src\controller\Page01Controller.java,controller.Page01Controller,class,1,1,0,1,1,1,0,0,0,0.0,NaN,NaN,1,0,1,0,0,0,1,0,0,0,0,0,0,0,0,0,0,0,0,4,0,0,0,0,0,0,0,0,0,0,0,0,0,0,12,1,0
D:\Project\Detection\javafx-login-registration-admin-panel-main\javafx-login-registration-admin-panel-main\src\controller\Page09Controller.java,controller.Page09Controller,class,1,1,0,1,1,1,0,0,0,0.0,NaN,NaN,1,0,1,0,0,0,1,0,0,0,0,0,0,0,0,0,0,0,0,4,0,0,0,0,0,0,0,0,0,0,0,0,0,0,12,1,0
D:\Project\Detection\javafx-login-registration-admin-panel-main\javafx-login-registration-admin-panel-main\src\controller\Page04Controller.java,controller.Page04Controller,class,1,1,0,1,1,1,0,0,0,0.0,NaN,NaN,1,0,1,0,0,0,1,0,0,0,0,0,0,0,0,0,0,0,0,4,0,0,0,0,0,0,0,0,0,0,0,0,0,0,12,1,0
D:\Project\Detection\javafx-login-registration-admin-panel-main\javafx-login-registration-admin-panel-main\src\controller\LoginController.java,controller.LoginController,class,12,13,1,12,14,1,0,24,2,0.56000006,0.0,0.0,5,0,2,3,0,0,2,0,0,0,5,0,0,4,0,1,1,0,6,76,2,0,0,1,0,19,6,12,0,15,3,0,0,0,69,1,0
D:\Project\Detection\javafx-login-registration-admin-panel-main\javafx-login-registration-admin-panel-main\src\controller\Page05Controller.java,controller.Page05Controller,class,1,1,0,1,1,1,0,0,0,0.0,NaN,NaN,1,0,1,0,0,0,1,0,0,0,0,0,0,0,0,0,0,0,0,4,0,0,0,0,0,0,0,0,0,0,0,0,0,0,12,1,0
D:\Project\Detection\javafx-login-registration-admin-panel-main\javafx-login-registration-admin-panel-main\src\main\MainPanel.java,main.MainPanel,class,5,5,0,5,2,2,0,9,1,0.0,0.0,0.0,2,1,2,0,0,0,2,0,0,0,0,0,0,0,0,0,0,0,0,13,0,0,0,0,0,3,0,2,0,2,0,0,0,0,25,1,0
