file,class,type,cbo,wmc,rfc,lcom
D:\Project\Detection\javafx-login-registration-admin-panel-main\javafx-login-registration-admin-panel-main\src\controller\RegisterController.java,controller.RegisterController,class,12,32,29,1
D:\Project\Detection\javafx-login-registration-admin-panel-main\javafx-login-registration-admin-panel-main\src\controller\Page06Controller.java,controller.Page06Controller,class,1,1,0,0
D:\Project\Detection\javafx-login-registration-admin-panel-main\javafx-login-registration-admin-panel-main\src\controller\Page07Controller.java,controller.Page07Controller,class,1,1,0,0
D:\Project\Detection\javafx-login-registration-admin-panel-main\javafx-login-registration-admin-panel-main\src\controller\Page10Controller.java,controller.Page10Controller,class,1,1,0,0
D:\Project\Detection\javafx-login-registration-admin-panel-main\javafx-login-registration-admin-panel-main\src\database\DbConnection.java,database.DbConnection,class,2,6,7,4
D:\Project\Detection\javafx-login-registration-admin-panel-main\javafx-login-registration-admin-panel-main\src\controller\Page08Controller.java,controller.Page08Controller,class,1,1,0,0
D:\Project\Detection\javafx-login-registration-admin-panel-main\javafx-login-registration-admin-panel-main\src\controller\Page02Controller.java,controller.Page02Controller,class,1,1,0,0
D:\Project\Detection\javafx-login-registration-admin-panel-main\javafx-login-registration-admin-panel-main\src\helper\AlertHelper.java,helper.AlertHelper,class,2,3,10,0
D:\Project\Detection\javafx-login-registration-admin-panel-main\javafx-login-registration-admin-panel-main\src\controller\MainPanelController.java,controller.MainPanelController,class,12,20,22,114
D:\Project\Detection\javafx-login-registration-admin-panel-main\javafx-login-registration-admin-panel-main\src\controller\Page03Controller.java,controller.Page03Controller,class,1,1,0,0
D:\Project\Detection\javafx-login-registration-admin-panel-main\javafx-login-registration-admin-panel-main\src\controller\Page01Controller.java,controller.Page01Controller,class,1,1,0,0
D:\Project\Detection\javafx-login-registration-admin-panel-main\javafx-login-registration-admin-panel-main\src\controller\Page09Controller.java,controller.Page09Controller,class,1,1,0,0
D:\Project\Detection\javafx-login-registration-admin-panel-main\javafx-login-registration-admin-panel-main\src\controller\Page04Controller.java,controller.Page04Controller,class,1,1,0,0
D:\Project\Detection\javafx-login-registration-admin-panel-main\javafx-login-registration-admin-panel-main\src\controller\LoginController.java,controller.LoginController,class,12,14,24,2
D:\Project\Detection\javafx-login-registration-admin-panel-main\javafx-login-registration-admin-panel-main\src\controller\Page05Controller.java,controller.Page05Controller,class,1,1,0,0
D:\Project\Detection\javafx-login-registration-admin-panel-main\javafx-login-registration-admin-panel-main\src\main\MainPanel.java,main.MainPanel,class,5,2,9,1
,,,3.4375,5.4375,6.3125,7.625
