file,class,method,variable,usage
D:\Project\Detection\javafx-login-registration-admin-panel-main\javafx-login-registration-admin-panel-main\src\controller\RegisterController.java,controller.RegisterController,register/0,firstName,1
D:\Project\Detection\javafx-login-registration-admin-panel-main\javafx-login-registration-admin-panel-main\src\controller\RegisterController.java,controller.RegisterController,register/0,lastName,1
D:\Project\Detection\javafx-login-registration-admin-panel-main\javafx-login-registration-admin-panel-main\src\controller\RegisterController.java,controller.RegisterController,register/0,password,1
D:\Project\Detection\javafx-login-registration-admin-panel-main\javafx-login-registration-admin-panel-main\src\controller\RegisterController.java,controller.RegisterController,register/0,con,2
D:\Project\Detection\javafx-login-registration-admin-panel-main\javafx-login-registration-admin-panel-main\src\controller\RegisterController.java,controller.RegisterController,register/0,registerButton,1
D:\Project\Detection\javafx-login-registration-admin-panel-main\javafx-login-registration-admin-panel-main\src\controller\RegisterController.java,controller.RegisterController,register/0,window,4
D:\Project\Detection\javafx-login-registration-admin-panel-main\javafx-login-registration-admin-panel-main\src\controller\RegisterController.java,controller.RegisterController,register/0,email,1
D:\Project\Detection\javafx-login-registration-admin-panel-main\javafx-login-registration-admin-panel-main\src\controller\RegisterController.java,controller.RegisterController,register/0,username,1
D:\Project\Detection\javafx-login-registration-admin-panel-main\javafx-login-registration-admin-panel-main\src\controller\RegisterController.java,controller.RegisterController,isValidated/0,firstName,5
D:\Project\Detection\javafx-login-registration-admin-panel-main\javafx-login-registration-admin-panel-main\src\controller\RegisterController.java,controller.RegisterController,isValidated/0,lastName,5
D:\Project\Detection\javafx-login-registration-admin-panel-main\javafx-login-registration-admin-panel-main\src\controller\RegisterController.java,controller.RegisterController,isValidated/0,password,8
D:\Project\Detection\javafx-login-registration-admin-panel-main\javafx-login-registration-admin-panel-main\src\controller\RegisterController.java,controller.RegisterController,isValidated/0,registerButton,1
D:\Project\Detection\javafx-login-registration-admin-panel-main\javafx-login-registration-admin-panel-main\src\controller\RegisterController.java,controller.RegisterController,isValidated/0,confirmPassword,5
D:\Project\Detection\javafx-login-registration-admin-panel-main\javafx-login-registration-admin-panel-main\src\controller\RegisterController.java,controller.RegisterController,isValidated/0,window,15
D:\Project\Detection\javafx-login-registration-admin-panel-main\javafx-login-registration-admin-panel-main\src\controller\RegisterController.java,controller.RegisterController,isValidated/0,email,5
D:\Project\Detection\javafx-login-registration-admin-panel-main\javafx-login-registration-admin-panel-main\src\controller\RegisterController.java,controller.RegisterController,isValidated/0,username,6
D:\Project\Detection\javafx-login-registration-admin-panel-main\javafx-login-registration-admin-panel-main\src\controller\RegisterController.java,controller.RegisterController,RegisterController/0,con,1
D:\Project\Detection\javafx-login-registration-admin-panel-main\javafx-login-registration-admin-panel-main\src\controller\RegisterController.java,controller.RegisterController,isAlreadyRegistered/0,con,1
D:\Project\Detection\javafx-login-registration-admin-panel-main\javafx-login-registration-admin-panel-main\src\controller\RegisterController.java,controller.RegisterController,isAlreadyRegistered/0,username,1
D:\Project\Detection\javafx-login-registration-admin-panel-main\javafx-login-registration-admin-panel-main\src\controller\RegisterController.java,controller.RegisterController,clearForm/0,firstName,1
D:\Project\Detection\javafx-login-registration-admin-panel-main\javafx-login-registration-admin-panel-main\src\controller\RegisterController.java,controller.RegisterController,clearForm/0,lastName,1
D:\Project\Detection\javafx-login-registration-admin-panel-main\javafx-login-registration-admin-panel-main\src\controller\RegisterController.java,controller.RegisterController,clearForm/0,password,1
D:\Project\Detection\javafx-login-registration-admin-panel-main\javafx-login-registration-admin-panel-main\src\controller\RegisterController.java,controller.RegisterController,clearForm/0,confirmPassword,1
D:\Project\Detection\javafx-login-registration-admin-panel-main\javafx-login-registration-admin-panel-main\src\controller\RegisterController.java,controller.RegisterController,clearForm/0,email,1
D:\Project\Detection\javafx-login-registration-admin-panel-main\javafx-login-registration-admin-panel-main\src\controller\RegisterController.java,controller.RegisterController,clearForm/0,username,1
D:\Project\Detection\javafx-login-registration-admin-panel-main\javafx-login-registration-admin-panel-main\src\controller\RegisterController.java,controller.RegisterController,showLoginStage/0,registerButton,1
D:\Project\Detection\javafx-login-registration-admin-panel-main\javafx-login-registration-admin-panel-main\src\database\DbConnection.java,database.DbConnection,getDatabaseConnection/0,dbc,3
D:\Project\Detection\javafx-login-registration-admin-panel-main\javafx-login-registration-admin-panel-main\src\database\DbConnection.java,database.DbConnection,DbConnection/0,con,1
D:\Project\Detection\javafx-login-registration-admin-panel-main\javafx-login-registration-admin-panel-main\src\database\DbConnection.java,database.DbConnection,getConnection/0,con,1
D:\Project\Detection\javafx-login-registration-admin-panel-main\javafx-login-registration-admin-panel-main\src\controller\MainPanelController.java,controller.MainPanelController,loadFXML/1[java.lang.String],borderPane,1
D:\Project\Detection\javafx-login-registration-admin-panel-main\javafx-login-registration-admin-panel-main\src\controller\MainPanelController.java,controller.MainPanelController,clear/0,borderPane,1
D:\Project\Detection\javafx-login-registration-admin-panel-main\javafx-login-registration-admin-panel-main\src\controller\MainPanelController.java,controller.MainPanelController,changeButtonBackground/1[controller.ActionEvent],menus,1
D:\Project\Detection\javafx-login-registration-admin-panel-main\javafx-login-registration-admin-panel-main\src\controller\MainPanelController.java,controller.MainPanelController,close/0,borderPane,1
D:\Project\Detection\javafx-login-registration-admin-panel-main\javafx-login-registration-admin-panel-main\src\controller\LoginController.java,controller.LoginController,login/0,password,1
D:\Project\Detection\javafx-login-registration-admin-panel-main\javafx-login-registration-admin-panel-main\src\controller\LoginController.java,controller.LoginController,login/0,con,1
D:\Project\Detection\javafx-login-registration-admin-panel-main\javafx-login-registration-admin-panel-main\src\controller\LoginController.java,controller.LoginController,login/0,loginButton,1
D:\Project\Detection\javafx-login-registration-admin-panel-main\javafx-login-registration-admin-panel-main\src\controller\LoginController.java,controller.LoginController,login/0,window,1
D:\Project\Detection\javafx-login-registration-admin-panel-main\javafx-login-registration-admin-panel-main\src\controller\LoginController.java,controller.LoginController,login/0,username,2
D:\Project\Detection\javafx-login-registration-admin-panel-main\javafx-login-registration-admin-panel-main\src\controller\LoginController.java,controller.LoginController,showRegisterStage/0,loginButton,1
D:\Project\Detection\javafx-login-registration-admin-panel-main\javafx-login-registration-admin-panel-main\src\controller\LoginController.java,controller.LoginController,isValidated/0,password,5
D:\Project\Detection\javafx-login-registration-admin-panel-main\javafx-login-registration-admin-panel-main\src\controller\LoginController.java,controller.LoginController,isValidated/0,loginButton,1
D:\Project\Detection\javafx-login-registration-admin-panel-main\javafx-login-registration-admin-panel-main\src\controller\LoginController.java,controller.LoginController,isValidated/0,window,5
D:\Project\Detection\javafx-login-registration-admin-panel-main\javafx-login-registration-admin-panel-main\src\controller\LoginController.java,controller.LoginController,isValidated/0,username,5
D:\Project\Detection\javafx-login-registration-admin-panel-main\javafx-login-registration-admin-panel-main\src\controller\LoginController.java,controller.LoginController,LoginController/0,con,1
