file,class,method,constructor,line,cbo,cboModified,fanin,fanout,wmc,rfc,loc,returnsQty,variablesQty,parametersQty,methodsInvokedQty,methodsInvokedLocalQty,methodsInvokedIndirectLocalQty,loopQty,comparisonsQty,tryCatchQty,parenthesizedExpsQty,stringLiteralsQty,numbersQty,assignmentsQty,mathOperationsQty,maxNestedBlocksQty,anonymousClassesQty,innerClassesQty,lambdasQty,uniqueWordsQty,modifiers,logStatementsQty,hasJavaDoc
D:\Project\Detection\javafx-login-registration-admin-panel-main\javafx-login-registration-admin-panel-main\src\controller\RegisterController.java,controller.RegisterController,register/0,false,72,3,3,0,3,4,10,27,0,3,0,10,2,2,0,0,1,0,7,6,4,0,3,0,0,0,18,2,0,false
D:\Project\Detection\javafx-login-registration-admin-panel-main\javafx-login-registration-admin-panel-main\src\controller\RegisterController.java,controller.RegisterController,isValidated/0,false,121,2,3,1,2,21,8,63,2,0,0,8,1,1,0,0,0,0,34,12,1,0,1,0,0,0,26,2,0,false
D:\Project\Detection\javafx-login-registration-admin-panel-main\javafx-login-registration-admin-panel-main\src\controller\RegisterController.java,controller.RegisterController,RegisterController/0,true,66,1,2,0,2,1,2,4,0,1,0,2,0,0,0,0,0,0,0,0,2,0,0,0,0,0,6,1,0,false
D:\Project\Detection\javafx-login-registration-admin-panel-main\javafx-login-registration-admin-panel-main\src\controller\RegisterController.java,controller.RegisterController,isAlreadyRegistered/0,false,102,0,1,1,0,3,6,18,1,4,0,6,0,0,0,0,1,0,1,1,5,0,2,0,0,0,27,2,0,false
D:\Project\Detection\javafx-login-registration-admin-panel-main\javafx-login-registration-admin-panel-main\src\controller\RegisterController.java,controller.RegisterController,"initialize/2[java.net.URL,java.util.ResourceBundle]",false,62,0,0,0,0,1,0,2,0,0,2,0,0,0,0,0,0,0,0,0,0,0,0,0,0,0,5,1,0,false
D:\Project\Detection\javafx-login-registration-admin-panel-main\javafx-login-registration-admin-panel-main\src\controller\RegisterController.java,controller.RegisterController,clearForm/0,false,186,0,1,1,0,1,1,9,1,0,0,1,0,0,0,0,0,0,0,0,0,0,0,0,0,0,3,2,0,false
D:\Project\Detection\javafx-login-registration-admin-panel-main\javafx-login-registration-admin-panel-main\src\controller\RegisterController.java,controller.RegisterController,showLoginStage/0,false,197,5,0,0,0,1,11,10,0,3,0,11,0,0,0,0,0,0,3,0,3,0,0,0,0,0,16,2,0,false
D:\Project\Detection\javafx-login-registration-admin-panel-main\javafx-login-registration-admin-panel-main\src\controller\Page06Controller.java,controller.Page06Controller,"initialize/2[java.net.URL,java.util.ResourceBundle]",false,21,0,0,0,0,1,0,2,0,0,2,0,0,0,0,0,0,0,0,0,0,0,0,0,0,0,5,1,0,false
D:\Project\Detection\javafx-login-registration-admin-panel-main\javafx-login-registration-admin-panel-main\src\controller\Page07Controller.java,controller.Page07Controller,"initialize/2[java.net.URL,java.util.ResourceBundle]",false,21,0,0,0,0,1,0,2,0,0,2,0,0,0,0,0,0,0,0,0,0,0,0,0,0,0,5,1,0,false
D:\Project\Detection\javafx-login-registration-admin-panel-main\javafx-login-registration-admin-panel-main\src\controller\Page10Controller.java,controller.Page10Controller,"initialize/2[java.net.URL,java.util.ResourceBundle]",false,21,0,0,0,0,1,0,2,0,0,2,0,0,0,0,0,0,0,0,0,0,0,0,0,0,0,5,1,0,false
D:\Project\Detection\javafx-login-registration-admin-panel-main\javafx-login-registration-admin-panel-main\src\database\DbConnection.java,database.DbConnection,getDatabaseConnection/0,false,28,1,3,2,1,2,0,6,1,0,0,0,0,0,0,1,0,0,0,0,1,0,1,0,0,0,6,9,0,false
D:\Project\Detection\javafx-login-registration-admin-panel-main\javafx-login-registration-admin-panel-main\src\database\DbConnection.java,database.DbConnection,DbConnection/0,true,16,2,2,2,0,2,7,12,0,2,0,7,0,0,0,0,1,0,4,0,3,0,1,0,0,0,11,2,0,false
D:\Project\Detection\javafx-login-registration-admin-panel-main\javafx-login-registration-admin-panel-main\src\database\DbConnection.java,database.DbConnection,getConnection/0,false,35,0,2,2,0,1,0,3,1,0,0,0,0,0,0,0,0,0,0,0,0,0,0,0,0,0,3,1,0,false
D:\Project\Detection\javafx-login-registration-admin-panel-main\javafx-login-registration-admin-panel-main\src\database\DbConnection.java,database.DbConnection,main/1[java.lang.String[]],false,39,1,1,0,1,1,0,3,0,0,1,0,0,0,0,0,0,0,0,0,0,0,0,0,0,0,4,9,0,false
D:\Project\Detection\javafx-login-registration-admin-panel-main\javafx-login-registration-admin-panel-main\src\controller\Page08Controller.java,controller.Page08Controller,"initialize/2[java.net.URL,java.util.ResourceBundle]",false,21,0,0,0,0,1,0,2,0,0,2,0,0,0,0,0,0,0,0,0,0,0,0,0,0,0,5,1,0,false
D:\Project\Detection\javafx-login-registration-admin-panel-main\javafx-login-registration-admin-panel-main\src\controller\Page02Controller.java,controller.Page02Controller,"initialize/2[java.net.URL,java.util.ResourceBundle]",false,21,0,0,0,0,1,0,2,0,0,2,0,0,0,0,0,0,0,0,0,0,0,0,0,0,0,5,1,0,false
D:\Project\Detection\javafx-login-registration-admin-panel-main\javafx-login-registration-admin-panel-main\src\helper\AlertHelper.java,helper.AlertHelper,"showAlert/4[Alert.AlertType,helper.Window,java.lang.String,java.lang.String]",false,21,2,4,4,0,3,10,8,0,0,4,10,0,0,0,4,0,0,0,2,0,0,1,0,0,0,5,9,0,false
D:\Project\Detection\javafx-login-registration-admin-panel-main\javafx-login-registration-admin-panel-main\src\controller\MainPanelController.java,controller.MainPanelController,loadFXML/1[java.lang.String],false,80,3,11,11,0,2,7,10,0,1,1,7,0,0,0,0,1,0,2,0,1,1,1,0,0,0,16,2,0,false
D:\Project\Detection\javafx-login-registration-admin-panel-main\javafx-login-registration-admin-panel-main\src\controller\MainPanelController.java,controller.MainPanelController,loadPage05View/1[controller.ActionEvent],false,132,3,2,0,2,1,2,4,0,0,1,2,2,1,0,0,0,0,1,0,0,0,0,0,0,0,13,2,0,false
D:\Project\Detection\javafx-login-registration-admin-panel-main\javafx-login-registration-admin-panel-main\src\controller\MainPanelController.java,controller.MainPanelController,loadPage02View/1[controller.ActionEvent],false,114,3,2,0,2,1,2,4,0,0,1,2,2,1,0,0,0,0,1,0,0,0,0,0,0,0,13,2,0,false
D:\Project\Detection\javafx-login-registration-admin-panel-main\javafx-login-registration-admin-panel-main\src\controller\MainPanelController.java,controller.MainPanelController,clear/0,false,75,1,0,0,0,1,1,3,0,0,0,1,0,0,0,0,0,0,0,0,0,0,0,0,0,0,2,2,0,false
D:\Project\Detection\javafx-login-registration-admin-panel-main\javafx-login-registration-admin-panel-main\src\controller\MainPanelController.java,controller.MainPanelController,loadPage08View/1[controller.ActionEvent],false,150,3,2,0,2,1,2,4,0,0,1,2,2,1,0,0,0,0,1,0,0,0,0,0,0,0,13,2,0,false
D:\Project\Detection\javafx-login-registration-admin-panel-main\javafx-login-registration-admin-panel-main\src\controller\MainPanelController.java,controller.MainPanelController,loadPage10View/1[controller.ActionEvent],false,162,3,2,0,2,1,2,4,0,0,1,2,2,1,0,0,0,0,1,0,0,0,0,0,0,0,13,2,0,false
D:\Project\Detection\javafx-login-registration-admin-panel-main\javafx-login-registration-admin-panel-main\src\controller\MainPanelController.java,controller.MainPanelController,changeButtonBackground/1[controller.ActionEvent],false,57,2,11,11,0,4,5,15,0,3,1,5,0,0,1,2,0,0,2,0,3,0,3,0,0,0,14,2,0,false
D:\Project\Detection\javafx-login-registration-admin-panel-main\javafx-login-registration-admin-panel-main\src\controller\MainPanelController.java,controller.MainPanelController,close/0,false,92,5,0,0,0,1,11,10,0,3,0,11,0,0,0,0,0,0,3,0,3,0,0,0,0,0,15,2,0,false
D:\Project\Detection\javafx-login-registration-admin-panel-main\javafx-login-registration-admin-panel-main\src\controller\MainPanelController.java,controller.MainPanelController,loadPage04View/1[controller.ActionEvent],false,126,3,2,0,2,1,2,4,0,0,1,2,2,1,0,0,0,0,1,0,0,0,0,0,0,0,13,2,0,false
D:\Project\Detection\javafx-login-registration-admin-panel-main\javafx-login-registration-admin-panel-main\src\controller\MainPanelController.java,controller.MainPanelController,loadPage07View/1[controller.ActionEvent],false,144,3,2,0,2,1,2,4,0,0,1,2,2,1,0,0,0,0,1,0,0,0,0,0,0,0,13,2,0,false
D:\Project\Detection\javafx-login-registration-admin-panel-main\javafx-login-registration-admin-panel-main\src\controller\MainPanelController.java,controller.MainPanelController,loadPage01View/1[controller.ActionEvent],false,108,3,2,0,2,1,2,4,0,0,1,2,2,1,0,0,0,0,1,0,0,0,0,0,0,0,13,2,0,false
D:\Project\Detection\javafx-login-registration-admin-panel-main\javafx-login-registration-admin-panel-main\src\controller\MainPanelController.java,controller.MainPanelController,loadHomeView/1[controller.ActionEvent],false,168,3,2,0,2,1,2,4,0,0,1,2,2,1,0,0,0,0,1,0,0,0,0,0,0,0,13,2,0,false
D:\Project\Detection\javafx-login-registration-admin-panel-main\javafx-login-registration-admin-panel-main\src\controller\MainPanelController.java,controller.MainPanelController,"initialize/2[java.net.URL,java.util.ResourceBundle]",false,53,0,0,0,0,1,0,2,0,0,2,0,0,0,0,0,0,0,0,0,0,0,0,0,0,0,8,1,0,true
D:\Project\Detection\javafx-login-registration-admin-panel-main\javafx-login-registration-admin-panel-main\src\controller\MainPanelController.java,controller.MainPanelController,loadPage03View/1[controller.ActionEvent],false,120,3,2,0,2,1,2,4,0,0,1,2,2,1,0,0,0,0,1,0,0,0,0,0,0,0,13,2,0,false
D:\Project\Detection\javafx-login-registration-admin-panel-main\javafx-login-registration-admin-panel-main\src\controller\MainPanelController.java,controller.MainPanelController,loadPage06View/1[controller.ActionEvent],false,138,3,2,0,2,1,2,4,0,0,1,2,2,1,0,0,0,0,1,0,0,0,0,0,0,0,13,2,0,false
D:\Project\Detection\javafx-login-registration-admin-panel-main\javafx-login-registration-admin-panel-main\src\controller\MainPanelController.java,controller.MainPanelController,loadPage09View/1[controller.ActionEvent],false,156,3,2,0,2,1,2,4,0,0,1,2,2,1,0,0,0,0,1,0,0,0,0,0,0,0,13,2,0,false
D:\Project\Detection\javafx-login-registration-admin-panel-main\javafx-login-registration-admin-panel-main\src\controller\Page03Controller.java,controller.Page03Controller,"initialize/2[java.net.URL,java.util.ResourceBundle]",false,21,0,0,0,0,1,0,2,0,0,2,0,0,0,0,0,0,0,0,0,0,0,0,0,0,0,5,1,0,false
D:\Project\Detection\javafx-login-registration-admin-panel-main\javafx-login-registration-admin-panel-main\src\controller\Page01Controller.java,controller.Page01Controller,"initialize/2[java.net.URL,java.util.ResourceBundle]",false,20,0,0,0,0,1,0,2,0,0,2,0,0,0,0,0,0,0,0,0,0,0,0,0,0,0,5,1,0,false
D:\Project\Detection\javafx-login-registration-admin-panel-main\javafx-login-registration-admin-panel-main\src\controller\Page09Controller.java,controller.Page09Controller,"initialize/2[java.net.URL,java.util.ResourceBundle]",false,21,0,0,0,0,1,0,2,0,0,2,0,0,0,0,0,0,0,0,0,0,0,0,0,0,0,5,1,0,false
D:\Project\Detection\javafx-login-registration-admin-panel-main\javafx-login-registration-admin-panel-main\src\controller\Page04Controller.java,controller.Page04Controller,"initialize/2[java.net.URL,java.util.ResourceBundle]",false,21,0,0,0,0,1,0,2,0,0,2,0,0,0,0,0,0,0,0,0,0,0,0,0,0,0,5,1,0,false
D:\Project\Detection\javafx-login-registration-admin-panel-main\javafx-login-registration-admin-panel-main\src\controller\LoginController.java,controller.LoginController,login/0,false,61,7,2,0,2,4,20,30,0,6,0,20,1,1,0,0,1,0,6,2,6,0,3,0,0,0,35,2,0,false
D:\Project\Detection\javafx-login-registration-admin-panel-main\javafx-login-registration-admin-panel-main\src\controller\LoginController.java,controller.LoginController,showRegisterStage/0,false,125,5,0,0,0,1,11,10,0,3,0,11,0,0,0,0,0,0,3,0,3,0,0,0,0,0,16,2,0,false
D:\Project\Detection\javafx-login-registration-admin-panel-main\javafx-login-registration-admin-panel-main\src\controller\LoginController.java,controller.LoginController,isValidated/0,false,99,1,2,1,1,7,7,23,2,0,0,7,0,0,0,0,0,0,10,4,1,0,1,0,0,0,13,2,0,false
D:\Project\Detection\javafx-login-registration-admin-panel-main\javafx-login-registration-admin-panel-main\src\controller\LoginController.java,controller.LoginController,"initialize/2[java.net.URL,java.util.ResourceBundle]",false,51,0,0,0,0,1,0,2,0,0,2,0,0,0,0,0,0,0,0,0,0,0,0,0,0,0,5,1,0,false
D:\Project\Detection\javafx-login-registration-admin-panel-main\javafx-login-registration-admin-panel-main\src\controller\LoginController.java,controller.LoginController,LoginController/0,true,55,1,2,0,2,1,2,4,0,1,0,2,0,0,0,0,0,0,0,0,2,0,0,0,0,0,6,1,0,false
D:\Project\Detection\javafx-login-registration-admin-panel-main\javafx-login-registration-admin-panel-main\src\controller\Page05Controller.java,controller.Page05Controller,"initialize/2[java.net.URL,java.util.ResourceBundle]",false,21,0,0,0,0,1,0,2,0,0,2,0,0,0,0,0,0,0,0,0,0,0,0,0,0,0,5,1,0,false
D:\Project\Detection\javafx-login-registration-admin-panel-main\javafx-login-registration-admin-panel-main\src\main\MainPanel.java,main.MainPanel,main/1[java.lang.String[]],false,36,0,0,0,0,1,1,3,0,0,1,1,0,0,0,0,0,0,0,0,0,0,0,0,0,0,7,9,0,true
D:\Project\Detection\javafx-login-registration-admin-panel-main\javafx-login-registration-admin-panel-main\src\main\MainPanel.java,main.MainPanel,start/1[main.Stage],false,21,4,0,0,0,1,8,8,0,2,1,8,0,0,0,0,0,0,3,0,2,0,0,0,0,0,13,1,0,false
