file,class,method,variable,usage
D:\Project\Detection\javafx-login-registration-admin-panel-main\javafx-login-registration-admin-panel-main\src\controller\RegisterController.java,controller.RegisterController,register/0,ps,7
D:\Project\Detection\javafx-login-registration-admin-panel-main\javafx-login-registration-admin-panel-main\src\controller\RegisterController.java,controller.RegisterController,register/0,ex,0
D:\Project\Detection\javafx-login-registration-admin-panel-main\javafx-login-registration-admin-panel-main\src\controller\RegisterController.java,controller.RegisterController,register/0,query,1
D:\Project\Detection\javafx-login-registration-admin-panel-main\javafx-login-registration-admin-panel-main\src\controller\RegisterController.java,controller.RegisterController,register/0,stmt,1
D:\Project\Detection\javafx-login-registration-admin-panel-main\javafx-login-registration-admin-panel-main\src\controller\RegisterController.java,controller.RegisterController,RegisterController/0,dbc,1
D:\Project\Detection\javafx-login-registration-admin-panel-main\javafx-login-registration-admin-panel-main\src\controller\RegisterController.java,controller.RegisterController,isAlreadyRegistered/0,rs,2
D:\Project\Detection\javafx-login-registration-admin-panel-main\javafx-login-registration-admin-panel-main\src\controller\RegisterController.java,controller.RegisterController,isAlreadyRegistered/0,ps,3
D:\Project\Detection\javafx-login-registration-admin-panel-main\javafx-login-registration-admin-panel-main\src\controller\RegisterController.java,controller.RegisterController,isAlreadyRegistered/0,ex,1
D:\Project\Detection\javafx-login-registration-admin-panel-main\javafx-login-registration-admin-panel-main\src\controller\RegisterController.java,controller.RegisterController,isAlreadyRegistered/0,query,1
D:\Project\Detection\javafx-login-registration-admin-panel-main\javafx-login-registration-admin-panel-main\src\controller\RegisterController.java,controller.RegisterController,isAlreadyRegistered/0,usernameExist,2
D:\Project\Detection\javafx-login-registration-admin-panel-main\javafx-login-registration-admin-panel-main\src\controller\RegisterController.java,controller.RegisterController,"initialize/2[java.net.URL,java.util.ResourceBundle]",rb,0
D:\Project\Detection\javafx-login-registration-admin-panel-main\javafx-login-registration-admin-panel-main\src\controller\RegisterController.java,controller.RegisterController,"initialize/2[java.net.URL,java.util.ResourceBundle]",url,0
D:\Project\Detection\javafx-login-registration-admin-panel-main\javafx-login-registration-admin-panel-main\src\controller\RegisterController.java,controller.RegisterController,showLoginStage/0,stage,5
D:\Project\Detection\javafx-login-registration-admin-panel-main\javafx-login-registration-admin-panel-main\src\controller\RegisterController.java,controller.RegisterController,showLoginStage/0,root,1
D:\Project\Detection\javafx-login-registration-admin-panel-main\javafx-login-registration-admin-panel-main\src\controller\RegisterController.java,controller.RegisterController,showLoginStage/0,scene,1
D:\Project\Detection\javafx-login-registration-admin-panel-main\javafx-login-registration-admin-panel-main\src\controller\Page06Controller.java,controller.Page06Controller,"initialize/2[java.net.URL,java.util.ResourceBundle]",rb,0
D:\Project\Detection\javafx-login-registration-admin-panel-main\javafx-login-registration-admin-panel-main\src\controller\Page06Controller.java,controller.Page06Controller,"initialize/2[java.net.URL,java.util.ResourceBundle]",url,0
D:\Project\Detection\javafx-login-registration-admin-panel-main\javafx-login-registration-admin-panel-main\src\controller\Page07Controller.java,controller.Page07Controller,"initialize/2[java.net.URL,java.util.ResourceBundle]",rb,0
D:\Project\Detection\javafx-login-registration-admin-panel-main\javafx-login-registration-admin-panel-main\src\controller\Page07Controller.java,controller.Page07Controller,"initialize/2[java.net.URL,java.util.ResourceBundle]",url,0
D:\Project\Detection\javafx-login-registration-admin-panel-main\javafx-login-registration-admin-panel-main\src\controller\Page10Controller.java,controller.Page10Controller,"initialize/2[java.net.URL,java.util.ResourceBundle]",rb,0
D:\Project\Detection\javafx-login-registration-admin-panel-main\javafx-login-registration-admin-panel-main\src\controller\Page10Controller.java,controller.Page10Controller,"initialize/2[java.net.URL,java.util.ResourceBundle]",url,0
D:\Project\Detection\javafx-login-registration-admin-panel-main\javafx-login-registration-admin-panel-main\src\database\DbConnection.java,database.DbConnection,DbConnection/0,p,4
D:\Project\Detection\javafx-login-registration-admin-panel-main\javafx-login-registration-admin-panel-main\src\database\DbConnection.java,database.DbConnection,DbConnection/0,fis,1
D:\Project\Detection\javafx-login-registration-admin-panel-main\javafx-login-registration-admin-panel-main\src\database\DbConnection.java,database.DbConnection,DbConnection/0,ex,1
D:\Project\Detection\javafx-login-registration-admin-panel-main\javafx-login-registration-admin-panel-main\src\database\DbConnection.java,database.DbConnection,main/1[java.lang.String[]],args,0
D:\Project\Detection\javafx-login-registration-admin-panel-main\javafx-login-registration-admin-panel-main\src\controller\Page08Controller.java,controller.Page08Controller,"initialize/2[java.net.URL,java.util.ResourceBundle]",rb,0
D:\Project\Detection\javafx-login-registration-admin-panel-main\javafx-login-registration-admin-panel-main\src\controller\Page08Controller.java,controller.Page08Controller,"initialize/2[java.net.URL,java.util.ResourceBundle]",url,0
D:\Project\Detection\javafx-login-registration-admin-panel-main\javafx-login-registration-admin-panel-main\src\controller\Page02Controller.java,controller.Page02Controller,"initialize/2[java.net.URL,java.util.ResourceBundle]",rb,0
D:\Project\Detection\javafx-login-registration-admin-panel-main\javafx-login-registration-admin-panel-main\src\controller\Page02Controller.java,controller.Page02Controller,"initialize/2[java.net.URL,java.util.ResourceBundle]",url,0
D:\Project\Detection\javafx-login-registration-admin-panel-main\javafx-login-registration-admin-panel-main\src\helper\AlertHelper.java,helper.AlertHelper,"showAlert/4[Alert.AlertType,helper.Window,java.lang.String,java.lang.String]",owner,0
D:\Project\Detection\javafx-login-registration-admin-panel-main\javafx-login-registration-admin-panel-main\src\helper\AlertHelper.java,helper.AlertHelper,"showAlert/4[Alert.AlertType,helper.Window,java.lang.String,java.lang.String]",alertType,6
D:\Project\Detection\javafx-login-registration-admin-panel-main\javafx-login-registration-admin-panel-main\src\helper\AlertHelper.java,helper.AlertHelper,"showAlert/4[Alert.AlertType,helper.Window,java.lang.String,java.lang.String]",title,4
D:\Project\Detection\javafx-login-registration-admin-panel-main\javafx-login-registration-admin-panel-main\src\helper\AlertHelper.java,helper.AlertHelper,"showAlert/4[Alert.AlertType,helper.Window,java.lang.String,java.lang.String]",message,2
D:\Project\Detection\javafx-login-registration-admin-panel-main\javafx-login-registration-admin-panel-main\src\controller\MainPanelController.java,controller.MainPanelController,loadFXML/1[java.lang.String],parent,2
D:\Project\Detection\javafx-login-registration-admin-panel-main\javafx-login-registration-admin-panel-main\src\controller\MainPanelController.java,controller.MainPanelController,loadFXML/1[java.lang.String],fileName,1
D:\Project\Detection\javafx-login-registration-admin-panel-main\javafx-login-registration-admin-panel-main\src\controller\MainPanelController.java,controller.MainPanelController,loadFXML/1[java.lang.String],ex,1
D:\Project\Detection\javafx-login-registration-admin-panel-main\javafx-login-registration-admin-panel-main\src\controller\MainPanelController.java,controller.MainPanelController,loadPage05View/1[controller.ActionEvent],e,1
D:\Project\Detection\javafx-login-registration-admin-panel-main\javafx-login-registration-admin-panel-main\src\controller\MainPanelController.java,controller.MainPanelController,loadPage02View/1[controller.ActionEvent],e,1
D:\Project\Detection\javafx-login-registration-admin-panel-main\javafx-login-registration-admin-panel-main\src\controller\MainPanelController.java,controller.MainPanelController,loadPage08View/1[controller.ActionEvent],e,1
D:\Project\Detection\javafx-login-registration-admin-panel-main\javafx-login-registration-admin-panel-main\src\controller\MainPanelController.java,controller.MainPanelController,loadPage10View/1[controller.ActionEvent],e,1
D:\Project\Detection\javafx-login-registration-admin-panel-main\javafx-login-registration-admin-panel-main\src\controller\MainPanelController.java,controller.MainPanelController,changeButtonBackground/1[controller.ActionEvent],clickedButton,2
D:\Project\Detection\javafx-login-registration-admin-panel-main\javafx-login-registration-admin-panel-main\src\controller\MainPanelController.java,controller.MainPanelController,changeButtonBackground/1[controller.ActionEvent],e,1
D:\Project\Detection\javafx-login-registration-admin-panel-main\javafx-login-registration-admin-panel-main\src\controller\MainPanelController.java,controller.MainPanelController,changeButtonBackground/1[controller.ActionEvent],OtherButton,3
D:\Project\Detection\javafx-login-registration-admin-panel-main\javafx-login-registration-admin-panel-main\src\controller\MainPanelController.java,controller.MainPanelController,changeButtonBackground/1[controller.ActionEvent],iteratorMenus,2
D:\Project\Detection\javafx-login-registration-admin-panel-main\javafx-login-registration-admin-panel-main\src\controller\MainPanelController.java,controller.MainPanelController,close/0,stage,5
D:\Project\Detection\javafx-login-registration-admin-panel-main\javafx-login-registration-admin-panel-main\src\controller\MainPanelController.java,controller.MainPanelController,close/0,root,1
D:\Project\Detection\javafx-login-registration-admin-panel-main\javafx-login-registration-admin-panel-main\src\controller\MainPanelController.java,controller.MainPanelController,close/0,scene,1
D:\Project\Detection\javafx-login-registration-admin-panel-main\javafx-login-registration-admin-panel-main\src\controller\MainPanelController.java,controller.MainPanelController,loadPage04View/1[controller.ActionEvent],e,1
D:\Project\Detection\javafx-login-registration-admin-panel-main\javafx-login-registration-admin-panel-main\src\controller\MainPanelController.java,controller.MainPanelController,loadPage07View/1[controller.ActionEvent],e,1
D:\Project\Detection\javafx-login-registration-admin-panel-main\javafx-login-registration-admin-panel-main\src\controller\MainPanelController.java,controller.MainPanelController,loadPage01View/1[controller.ActionEvent],e,1
D:\Project\Detection\javafx-login-registration-admin-panel-main\javafx-login-registration-admin-panel-main\src\controller\MainPanelController.java,controller.MainPanelController,loadHomeView/1[controller.ActionEvent],e,1
D:\Project\Detection\javafx-login-registration-admin-panel-main\javafx-login-registration-admin-panel-main\src\controller\MainPanelController.java,controller.MainPanelController,"initialize/2[java.net.URL,java.util.ResourceBundle]",rb,0
D:\Project\Detection\javafx-login-registration-admin-panel-main\javafx-login-registration-admin-panel-main\src\controller\MainPanelController.java,controller.MainPanelController,"initialize/2[java.net.URL,java.util.ResourceBundle]",url,0
D:\Project\Detection\javafx-login-registration-admin-panel-main\javafx-login-registration-admin-panel-main\src\controller\MainPanelController.java,controller.MainPanelController,loadPage03View/1[controller.ActionEvent],e,1
D:\Project\Detection\javafx-login-registration-admin-panel-main\javafx-login-registration-admin-panel-main\src\controller\MainPanelController.java,controller.MainPanelController,loadPage06View/1[controller.ActionEvent],e,1
D:\Project\Detection\javafx-login-registration-admin-panel-main\javafx-login-registration-admin-panel-main\src\controller\MainPanelController.java,controller.MainPanelController,loadPage09View/1[controller.ActionEvent],e,1
D:\Project\Detection\javafx-login-registration-admin-panel-main\javafx-login-registration-admin-panel-main\src\controller\Page03Controller.java,controller.Page03Controller,"initialize/2[java.net.URL,java.util.ResourceBundle]",rb,0
D:\Project\Detection\javafx-login-registration-admin-panel-main\javafx-login-registration-admin-panel-main\src\controller\Page03Controller.java,controller.Page03Controller,"initialize/2[java.net.URL,java.util.ResourceBundle]",url,0
D:\Project\Detection\javafx-login-registration-admin-panel-main\javafx-login-registration-admin-panel-main\src\controller\Page01Controller.java,controller.Page01Controller,"initialize/2[java.net.URL,java.util.ResourceBundle]",rb,0
D:\Project\Detection\javafx-login-registration-admin-panel-main\javafx-login-registration-admin-panel-main\src\controller\Page01Controller.java,controller.Page01Controller,"initialize/2[java.net.URL,java.util.ResourceBundle]",url,0
D:\Project\Detection\javafx-login-registration-admin-panel-main\javafx-login-registration-admin-panel-main\src\controller\Page09Controller.java,controller.Page09Controller,"initialize/2[java.net.URL,java.util.ResourceBundle]",rb,0
D:\Project\Detection\javafx-login-registration-admin-panel-main\javafx-login-registration-admin-panel-main\src\controller\Page09Controller.java,controller.Page09Controller,"initialize/2[java.net.URL,java.util.ResourceBundle]",url,0
D:\Project\Detection\javafx-login-registration-admin-panel-main\javafx-login-registration-admin-panel-main\src\controller\Page04Controller.java,controller.Page04Controller,"initialize/2[java.net.URL,java.util.ResourceBundle]",rb,0
D:\Project\Detection\javafx-login-registration-admin-panel-main\javafx-login-registration-admin-panel-main\src\controller\Page04Controller.java,controller.Page04Controller,"initialize/2[java.net.URL,java.util.ResourceBundle]",url,0
D:\Project\Detection\javafx-login-registration-admin-panel-main\javafx-login-registration-admin-panel-main\src\controller\LoginController.java,controller.LoginController,login/0,rs,2
D:\Project\Detection\javafx-login-registration-admin-panel-main\javafx-login-registration-admin-panel-main\src\controller\LoginController.java,controller.LoginController,login/0,ps,4
D:\Project\Detection\javafx-login-registration-admin-panel-main\javafx-login-registration-admin-panel-main\src\controller\LoginController.java,controller.LoginController,login/0,ex,1
D:\Project\Detection\javafx-login-registration-admin-panel-main\javafx-login-registration-admin-panel-main\src\controller\LoginController.java,controller.LoginController,login/0,stage,5
D:\Project\Detection\javafx-login-registration-admin-panel-main\javafx-login-registration-admin-panel-main\src\controller\LoginController.java,controller.LoginController,login/0,query,1
D:\Project\Detection\javafx-login-registration-admin-panel-main\javafx-login-registration-admin-panel-main\src\controller\LoginController.java,controller.LoginController,login/0,root,1
D:\Project\Detection\javafx-login-registration-admin-panel-main\javafx-login-registration-admin-panel-main\src\controller\LoginController.java,controller.LoginController,login/0,scene,1
D:\Project\Detection\javafx-login-registration-admin-panel-main\javafx-login-registration-admin-panel-main\src\controller\LoginController.java,controller.LoginController,showRegisterStage/0,stage,5
D:\Project\Detection\javafx-login-registration-admin-panel-main\javafx-login-registration-admin-panel-main\src\controller\LoginController.java,controller.LoginController,showRegisterStage/0,root,1
D:\Project\Detection\javafx-login-registration-admin-panel-main\javafx-login-registration-admin-panel-main\src\controller\LoginController.java,controller.LoginController,showRegisterStage/0,scene,1
D:\Project\Detection\javafx-login-registration-admin-panel-main\javafx-login-registration-admin-panel-main\src\controller\LoginController.java,controller.LoginController,"initialize/2[java.net.URL,java.util.ResourceBundle]",rb,0
D:\Project\Detection\javafx-login-registration-admin-panel-main\javafx-login-registration-admin-panel-main\src\controller\LoginController.java,controller.LoginController,"initialize/2[java.net.URL,java.util.ResourceBundle]",url,0
D:\Project\Detection\javafx-login-registration-admin-panel-main\javafx-login-registration-admin-panel-main\src\controller\LoginController.java,controller.LoginController,LoginController/0,dbc,1
D:\Project\Detection\javafx-login-registration-admin-panel-main\javafx-login-registration-admin-panel-main\src\controller\Page05Controller.java,controller.Page05Controller,"initialize/2[java.net.URL,java.util.ResourceBundle]",rb,0
D:\Project\Detection\javafx-login-registration-admin-panel-main\javafx-login-registration-admin-panel-main\src\controller\Page05Controller.java,controller.Page05Controller,"initialize/2[java.net.URL,java.util.ResourceBundle]",url,0
D:\Project\Detection\javafx-login-registration-admin-panel-main\javafx-login-registration-admin-panel-main\src\main\MainPanel.java,main.MainPanel,main/1[java.lang.String[]],args,1
D:\Project\Detection\javafx-login-registration-admin-panel-main\javafx-login-registration-admin-panel-main\src\main\MainPanel.java,main.MainPanel,start/1[main.Stage],stage,4
D:\Project\Detection\javafx-login-registration-admin-panel-main\javafx-login-registration-admin-panel-main\src\main\MainPanel.java,main.MainPanel,start/1[main.Stage],root,1
D:\Project\Detection\javafx-login-registration-admin-panel-main\javafx-login-registration-admin-panel-main\src\main\MainPanel.java,main.MainPanel,start/1[main.Stage],scene,1
