file,class,type,cbo,wmc,rfc,lcom
D:\Project\Craps-main\Craps-main\src\gui\PanelTitle.java,gui.PanelTitle,class,0,1,7,0
D:\Project\Craps-main\Craps-main\src\controll\ControllCraps.java,controll.ControllCraps,class,4,20,13,0
D:\Project\Craps-main\Craps-main\src\model\ManagementCraps.java,model.ManagementCraps,class,4,18,12,24
D:\Project\Craps-main\Craps-main\src\model\Player.java,model.Player$Anonymous1,anonymous,1,1,2,0
D:\Project\Craps-main\Craps-main\src\model\Player.java,model.Player$Anonymous2,anonymous,1,1,2,0
D:\Project\Craps-main\Craps-main\src\gui\ViewPlayer.java,gui.ViewPlayer,class,2,13,20,24
D:\Project\Craps-main\Craps-main\src\model\ListedCircled.java,model.ListedCircled,class,3,28,11,0
D:\Project\Craps-main\Craps-main\src\gui\MainWindow.java,gui.MainWindow,class,13,50,75,23
D:\Project\Craps-main\Craps-main\src\gui\PanelBegin.java,gui.PanelBegin,class,3,10,18,10
D:\Project\Craps-main\Craps-main\src\gui\ViewCraps.java,gui.ViewCraps,class,2,29,20,280
D:\Project\Craps-main\Craps-main\src\model\Node.java,model.Node,class,2,7,0,3
D:\Project\Craps-main\Craps-main\src\model\Player.java,model.Player,class,1,10,0,3
D:\Project\Craps-main\Craps-main\src\gui\Menu.java,gui.Menu,class,2,11,13,11
D:\Project\Craps-main\Craps-main\src\model\ActionsCraps.java,model.ActionsCraps,interface,1,5,0,10
D:\Project\Craps-main\Craps-main\src\gui\ViewHelp.java,gui.ViewHelp,class,2,3,17,1
D:\Project\Craps-main\Craps-main\src\model\Craps.java,model.Craps,class,0,7,0,3
D:\Project\Craps-main\Craps-main\src\run\Runner.java,run.Runner,class,3,1,2,0
,,,2.588235294,12.64705882,12.47058824,23.05882353
