file,class,type,cbo,cboModified,fanin,fanout,wmc,dit,noc,rfc,lcom,lcom*,tcc,lcc,totalMethodsQty,staticMethodsQty,publicMethodsQty,privateMethodsQty,protectedMethodsQty,defaultMethodsQty,visibleMethodsQty,abstractMethodsQty,finalMethodsQty,synchronizedMethodsQty,totalFieldsQty,staticFieldsQty,publicFieldsQty,privateFieldsQty,protectedFieldsQty,defaultFieldsQty,finalFieldsQty,synchronizedFieldsQty,nosi,loc,returnQty,loopQty,comparisonsQty,tryCatchQty,parenthesizedExpsQty,stringLiteralsQty,numbersQty,assignmentsQty,mathOperationsQty,variablesQty,maxNestedBlocksQty,anonymousClassesQty,innerClassesQty,lambdasQty,uniqueWordsQty,modifiers,logStatementsQty
D:\Project\Craps-main\Craps-main\src\gui\PanelTitle.java,gui.PanelTitle,class,0,1,1,0,1,5,0,7,0,0.0,NaN,NaN,1,0,1,0,0,0,1,0,0,0,1,0,0,1,0,0,0,0,1,13,0,0,0,0,0,1,7,2,0,2,0,0,0,0,14,1,0
D:\Project\Craps-main\Craps-main\src\controll\ControllCraps.java,controll.ControllCraps,class,4,8,4,4,20,1,0,13,0,0.2857143,0.7,1.0,7,0,5,2,0,0,5,0,0,0,2,0,0,2,0,0,0,0,0,77,3,1,2,0,0,3,3,10,1,8,2,0,0,0,30,1,0
D:\Project\Craps-main\Craps-main\src\model\ManagementCraps.java,model.ManagementCraps,class,4,7,3,4,18,1,0,12,24,0.6666667,0.34615386,0.47435898,13,0,13,0,0,0,13,0,0,0,3,0,0,3,0,0,0,0,3,71,14,0,2,0,2,0,4,9,4,6,2,0,0,0,28,1,0
D:\Project\Craps-main\Craps-main\src\model\Player.java,model.Player$Anonymous1,anonymous,1,1,0,1,1,1,0,2,0,0.0,NaN,NaN,1,0,1,0,0,0,1,0,0,0,0,0,0,0,0,0,0,0,0,5,1,0,0,0,0,0,0,0,0,0,0,0,0,0,3,-1,0
D:\Project\Craps-main\Craps-main\src\model\Player.java,model.Player$Anonymous2,anonymous,1,1,0,1,1,1,0,2,0,0.0,NaN,NaN,1,0,1,0,0,0,1,0,0,0,0,0,0,0,0,0,0,0,0,5,1,0,0,0,0,0,0,0,0,0,0,0,0,0,3,-1,0
D:\Project\Craps-main\Craps-main\src\gui\ViewPlayer.java,gui.ViewPlayer,class,2,4,2,2,13,5,0,20,24,0.7692307,0.09090909,0.09090909,13,0,11,2,0,0,11,0,0,0,9,0,0,9,0,0,0,0,0,120,5,0,0,0,0,12,37,41,0,13,0,0,0,0,67,1,0
D:\Project\Craps-main\Craps-main\src\model\ListedCircled.java,model.ListedCircled,class,3,6,3,3,28,1,0,11,0,0.3,1.0,1.0,10,0,10,0,0,0,10,0,0,0,2,0,0,2,0,0,0,0,0,119,11,6,11,0,0,0,6,24,0,14,3,0,0,0,26,1,0
D:\Project\Craps-main\Craps-main\src\gui\MainWindow.java,gui.MainWindow,class,13,20,7,13,50,6,0,75,23,0.7925927,0.30555555,0.41666666,15,0,9,6,0,0,9,0,0,0,18,0,0,12,0,6,3,0,24,278,9,2,9,0,2,45,26,39,3,30,4,0,0,0,120,1,0
D:\Project\Craps-main\Craps-main\src\gui\PanelBegin.java,gui.PanelBegin,class,3,5,2,3,10,5,0,18,10,0.72222227,0.14285715,0.14285715,9,0,6,2,1,0,7,0,0,0,6,0,0,6,0,0,0,0,0,85,2,0,1,0,0,9,31,30,0,12,1,0,0,0,51,1,0
D:\Project\Craps-main\Craps-main\src\gui\ViewCraps.java,gui.ViewCraps,class,2,4,2,2,29,5,0,20,280,0.88146555,0.037037037,0.037037037,29,0,27,2,0,0,27,0,0,0,16,0,0,16,0,0,0,0,0,227,13,0,0,0,0,21,56,79,0,21,0,0,0,0,78,1,0
D:\Project\Craps-main\Craps-main\src\model\Node.java,model.Node,class,2,6,4,2,7,1,0,0,3,0.5714286,0.42857143,1.0,7,0,7,0,0,0,7,0,0,0,3,0,0,3,0,0,0,0,0,28,3,0,0,0,0,0,0,6,0,3,0,0,0,0,11,1,0
D:\Project\Craps-main\Craps-main\src\model\Player.java,model.Player,class,1,7,6,1,10,1,0,0,3,0.73333335,0.46666667,1.0,10,0,10,0,0,0,10,0,0,0,6,2,2,4,0,0,0,0,0,51,5,0,0,0,0,5,2,10,1,6,0,2,0,0,16,1,0
D:\Project\Craps-main\Craps-main\src\gui\Menu.java,gui.Menu,class,2,4,2,2,11,5,0,13,11,0.7142857,0.11111111,0.11111111,11,0,9,2,0,0,9,0,0,0,7,0,0,7,0,0,0,0,1,75,4,0,0,0,0,10,5,12,0,8,0,0,0,0,30,1,0
D:\Project\Craps-main\Craps-main\src\model\ActionsCraps.java,model.ActionsCraps,interface,1,4,3,1,5,1,0,0,10,1.0,0.0,0.0,5,0,0,0,0,5,5,0,0,0,10,0,0,0,0,10,0,0,0,17,0,0,0,0,0,10,0,10,0,10,0,0,0,0,34,1,0
D:\Project\Craps-main\Craps-main\src\gui\ViewHelp.java,gui.ViewHelp,class,2,4,2,2,3,5,0,17,1,0.6666667,NaN,NaN,3,0,1,2,0,0,1,0,0,0,4,0,0,4,0,0,0,0,0,34,0,0,0,0,0,13,9,4,1,5,0,0,0,0,78,1,0
D:\Project\Craps-main\Craps-main\src\model\Craps.java,model.Craps,class,0,0,0,0,7,1,0,0,3,0.5714286,0.42857143,1.0,7,0,7,0,0,0,7,0,0,0,3,0,0,3,0,0,0,0,0,28,3,0,0,0,0,0,0,6,0,3,0,0,0,0,9,1,0
D:\Project\Craps-main\Craps-main\src\run\Runner.java,run.Runner,class,3,3,0,3,1,1,0,2,0,0.0,NaN,NaN,1,1,1,0,0,0,1,0,0,0,0,0,0,0,0,0,0,0,0,9,0,0,0,0,0,0,0,3,0,2,0,0,0,0,11,1,0
