file,class,method,variable,usage
D:\Project\Craps-main\Craps-main\src\gui\PanelTitle.java,gui.PanelTitle,PanelTitle/0,title,4
D:\Project\Craps-main\Craps-main\src\controll\ControllCraps.java,controll.ControllCraps,ControllCraps/1[model.ActionsCraps],view,3
D:\Project\Craps-main\Craps-main\src\controll\ControllCraps.java,controll.ControllCraps,ControllCraps/1[model.ActionsCraps],mng,1
D:\Project\Craps-main\Craps-main\src\controll\ControllCraps.java,controll.ControllCraps,sortPlayer/1[java.util.Comparator<model.Player>],view,1
D:\Project\Craps-main\Craps-main\src\controll\ControllCraps.java,controll.ControllCraps,sortPlayer/1[java.util.Comparator<model.Player>],mng,1
D:\Project\Craps-main\Craps-main\src\controll\ControllCraps.java,controll.ControllCraps,addPlayer/1[java.lang.String[]],view,2
D:\Project\Craps-main\Craps-main\src\controll\ControllCraps.java,controll.ControllCraps,addPlayer/1[java.lang.String[]],mng,1
D:\Project\Craps-main\Craps-main\src\controll\ControllCraps.java,controll.ControllCraps,getMng/0,mng,1
D:\Project\Craps-main\Craps-main\src\controll\ControllCraps.java,controll.ControllCraps,actionPerformed/1[java.awt.event.ActionEvent],view,8
D:\Project\Craps-main\Craps-main\src\controll\ControllCraps.java,controll.ControllCraps,setMng/1[model.ManagementCraps],mng,3
D:\Project\Craps-main\Craps-main\src\controll\ControllCraps.java,controll.ControllCraps,getPlayers/0,mng,2
D:\Project\Craps-main\Craps-main\src\model\ManagementCraps.java,model.ManagementCraps,getPlayers/0,list,2
D:\Project\Craps-main\Craps-main\src\model\ManagementCraps.java,model.ManagementCraps,setTurn/1[model.Player],turn,3
D:\Project\Craps-main\Craps-main\src\model\ManagementCraps.java,model.ManagementCraps,findPlayer/1[java.lang.String],list,1
D:\Project\Craps-main\Craps-main\src\model\ManagementCraps.java,model.ManagementCraps,"addPlayer/2[java.lang.String,java.lang.String]",list,3
D:\Project\Craps-main\Craps-main\src\model\ManagementCraps.java,model.ManagementCraps,getNumber/0,number,1
D:\Project\Craps-main\Craps-main\src\model\ManagementCraps.java,model.ManagementCraps,findNodePlayer/1[java.lang.String],list,1
D:\Project\Craps-main\Craps-main\src\model\ManagementCraps.java,model.ManagementCraps,generateTurn/0,turn,1
D:\Project\Craps-main\Craps-main\src\model\ManagementCraps.java,model.ManagementCraps,generateTurn/0,list,1
D:\Project\Craps-main\Craps-main\src\model\ManagementCraps.java,model.ManagementCraps,deleteNode/1[java.lang.String],list,3
D:\Project\Craps-main\Craps-main\src\model\ManagementCraps.java,model.ManagementCraps,ManagementCraps/0,turn,1
D:\Project\Craps-main\Craps-main\src\model\ManagementCraps.java,model.ManagementCraps,ManagementCraps/0,list,1
D:\Project\Craps-main\Craps-main\src\model\ManagementCraps.java,model.ManagementCraps,setNumber/1[int],number,3
D:\Project\Craps-main\Craps-main\src\model\ManagementCraps.java,model.ManagementCraps,getTurn/0,turn,1
D:\Project\Craps-main\Craps-main\src\gui\ViewPlayer.java,gui.ViewPlayer,setTxtNamePlayer/1[javax.swing.JTextField],txtNamePlayer,3
D:\Project\Craps-main\Craps-main\src\gui\ViewPlayer.java,gui.ViewPlayer,getBtnAddPlayer/0,btnAddPlayer,1
D:\Project\Craps-main\Craps-main\src\gui\ViewPlayer.java,gui.ViewPlayer,"ViewPlayer/2[gui.MainWindow,javax.swing.JDesktopPane]",desktop,4
D:\Project\Craps-main\Craps-main\src\gui\ViewPlayer.java,gui.ViewPlayer,"ViewPlayer/2[gui.MainWindow,javax.swing.JDesktopPane]",window,3
D:\Project\Craps-main\Craps-main\src\gui\ViewPlayer.java,gui.ViewPlayer,getImage/0,image,1
D:\Project\Craps-main\Craps-main\src\gui\ViewPlayer.java,gui.ViewPlayer,setLblShowNumberPlayers/1[javax.swing.JLabel],lblShowNumberPlayers,3
D:\Project\Craps-main\Craps-main\src\gui\ViewPlayer.java,gui.ViewPlayer,setTxtNickName/1[javax.swing.JTextField],txtNickName,3
D:\Project\Craps-main\Craps-main\src\gui\ViewPlayer.java,gui.ViewPlayer,beginElements/0,txtNamePlayer,3
D:\Project\Craps-main\Craps-main\src\gui\ViewPlayer.java,gui.ViewPlayer,beginElements/0,image,1
D:\Project\Craps-main\Craps-main\src\gui\ViewPlayer.java,gui.ViewPlayer,beginElements/0,lblNamePlayer,3
D:\Project\Craps-main\Craps-main\src\gui\ViewPlayer.java,gui.ViewPlayer,beginElements/0,window,1
D:\Project\Craps-main\Craps-main\src\gui\ViewPlayer.java,gui.ViewPlayer,beginElements/0,txtNickName,3
D:\Project\Craps-main\Craps-main\src\gui\ViewPlayer.java,gui.ViewPlayer,beginElements/0,lblNickName,3
D:\Project\Craps-main\Craps-main\src\gui\ViewPlayer.java,gui.ViewPlayer,beginElements/0,lblShowNumberPlayers,3
D:\Project\Craps-main\Craps-main\src\gui\ViewPlayer.java,gui.ViewPlayer,beginElements/0,btnAddPlayer,6
D:\Project\Craps-main\Craps-main\src\gui\ViewPlayer.java,gui.ViewPlayer,setBtnAddPlayer/1[javax.swing.JButton],btnAddPlayer,3
D:\Project\Craps-main\Craps-main\src\gui\ViewPlayer.java,gui.ViewPlayer,getTxtNickName/0,txtNickName,1
D:\Project\Craps-main\Craps-main\src\gui\ViewPlayer.java,gui.ViewPlayer,setImage/1[javax.swing.JLabel],image,3
D:\Project\Craps-main\Craps-main\src\gui\ViewPlayer.java,gui.ViewPlayer,getLblShowNumberPlayers/0,lblShowNumberPlayers,1
D:\Project\Craps-main\Craps-main\src\gui\ViewPlayer.java,gui.ViewPlayer,addElements/0,txtNamePlayer,1
D:\Project\Craps-main\Craps-main\src\gui\ViewPlayer.java,gui.ViewPlayer,addElements/0,image,1
D:\Project\Craps-main\Craps-main\src\gui\ViewPlayer.java,gui.ViewPlayer,addElements/0,lblNamePlayer,1
D:\Project\Craps-main\Craps-main\src\gui\ViewPlayer.java,gui.ViewPlayer,addElements/0,txtNickName,1
D:\Project\Craps-main\Craps-main\src\gui\ViewPlayer.java,gui.ViewPlayer,addElements/0,lblNickName,1
D:\Project\Craps-main\Craps-main\src\gui\ViewPlayer.java,gui.ViewPlayer,addElements/0,lblShowNumberPlayers,1
D:\Project\Craps-main\Craps-main\src\gui\ViewPlayer.java,gui.ViewPlayer,addElements/0,btnAddPlayer,1
D:\Project\Craps-main\Craps-main\src\gui\ViewPlayer.java,gui.ViewPlayer,getTxtNamePlayer/0,txtNamePlayer,1
D:\Project\Craps-main\Craps-main\src\model\ListedCircled.java,model.ListedCircled,getList/0,head,2
D:\Project\Craps-main\Craps-main\src\model\ListedCircled.java,model.ListedCircled,findObject/1[T],head,2
D:\Project\Craps-main\Craps-main\src\model\ListedCircled.java,model.ListedCircled,findObject/1[T],comparator,1
D:\Project\Craps-main\Craps-main\src\model\ListedCircled.java,model.ListedCircled,ListedCircled/1[java.util.Comparator<T>],head,1
D:\Project\Craps-main\Craps-main\src\model\ListedCircled.java,model.ListedCircled,ListedCircled/1[java.util.Comparator<T>],comparator,3
D:\Project\Craps-main\Craps-main\src\model\ListedCircled.java,model.ListedCircled,isEmpty/0,head,1
D:\Project\Craps-main\Craps-main\src\model\ListedCircled.java,model.ListedCircled,addSorted/1[T],head,6
D:\Project\Craps-main\Craps-main\src\model\ListedCircled.java,model.ListedCircled,addSorted/1[T],comparator,3
D:\Project\Craps-main\Craps-main\src\model\ListedCircled.java,model.ListedCircled,findNode/1[T],head,2
D:\Project\Craps-main\Craps-main\src\model\ListedCircled.java,model.ListedCircled,findNode/1[T],comparator,1
D:\Project\Craps-main\Craps-main\src\model\ListedCircled.java,model.ListedCircled,addFirst/1[T],head,4
D:\Project\Craps-main\Craps-main\src\model\ListedCircled.java,model.ListedCircled,addEnd/1[T],head,7
D:\Project\Craps-main\Craps-main\src\model\ListedCircled.java,model.ListedCircled,getObject/1[int],head,1
D:\Project\Craps-main\Craps-main\src\model\ListedCircled.java,model.ListedCircled,deleteNode/1[model.Node<T>],head,5
D:\Project\Craps-main\Craps-main\src\gui\MainWindow.java,gui.MainWindow,setControll/1[controll.ControllCraps],controll,3
D:\Project\Craps-main\Craps-main\src\gui\MainWindow.java,gui.MainWindow,dices/0,viewCraps,2
D:\Project\Craps-main\Craps-main\src\gui\MainWindow.java,gui.MainWindow,dices/0,controll,2
D:\Project\Craps-main\Craps-main\src\gui\MainWindow.java,gui.MainWindow,getControll/0,controll,1
D:\Project\Craps-main\Craps-main\src\gui\MainWindow.java,gui.MainWindow,addDesktop/0,desktop,1
D:\Project\Craps-main\Craps-main\src\gui\MainWindow.java,gui.MainWindow,refreshTable/1[java.lang.String[]],viewCraps,1
D:\Project\Craps-main\Craps-main\src\gui\MainWindow.java,gui.MainWindow,addPlayer/0,icono,1
D:\Project\Craps-main\Craps-main\src\gui\MainWindow.java,gui.MainWindow,addPlayer/0,controll,2
D:\Project\Craps-main\Craps-main\src\gui\MainWindow.java,gui.MainWindow,addPlayer/0,viewPlayer,13
D:\Project\Craps-main\Craps-main\src\gui\MainWindow.java,gui.MainWindow,"writeOuput/3[java.lang.String,java.lang.String[],boolean]",icono,1
D:\Project\Craps-main\Craps-main\src\gui\MainWindow.java,gui.MainWindow,"writeOuput/3[java.lang.String,java.lang.String[],boolean]",viewCraps,1
D:\Project\Craps-main\Craps-main\src\gui\MainWindow.java,gui.MainWindow,"writeOuput/3[java.lang.String,java.lang.String[],boolean]",controll,5
D:\Project\Craps-main\Craps-main\src\gui\MainWindow.java,gui.MainWindow,"writeOuput/3[java.lang.String,java.lang.String[],boolean]",menu,1
D:\Project\Craps-main\Craps-main\src\gui\MainWindow.java,gui.MainWindow,"writeOuput/3[java.lang.String,java.lang.String[],boolean]",viewPlayer,12
D:\Project\Craps-main\Craps-main\src\gui\MainWindow.java,gui.MainWindow,addComponents/0,desktop,1
D:\Project\Craps-main\Craps-main\src\gui\MainWindow.java,gui.MainWindow,addComponents/0,panelTitle,1
D:\Project\Craps-main\Craps-main\src\gui\MainWindow.java,gui.MainWindow,addComponents/0,panelBegin,1
D:\Project\Craps-main\Craps-main\src\gui\MainWindow.java,gui.MainWindow,addComponents/0,menu,2
D:\Project\Craps-main\Craps-main\src\gui\MainWindow.java,gui.MainWindow,beginComponets/0,viewCraps,1
D:\Project\Craps-main\Craps-main\src\gui\MainWindow.java,gui.MainWindow,beginComponets/0,desktop,4
D:\Project\Craps-main\Craps-main\src\gui\MainWindow.java,gui.MainWindow,beginComponets/0,panelTitle,1
D:\Project\Craps-main\Craps-main\src\gui\MainWindow.java,gui.MainWindow,beginComponets/0,panelBegin,1
D:\Project\Craps-main\Craps-main\src\gui\MainWindow.java,gui.MainWindow,beginComponets/0,viewHelp,1
D:\Project\Craps-main\Craps-main\src\gui\MainWindow.java,gui.MainWindow,beginComponets/0,menu,1
D:\Project\Craps-main\Craps-main\src\gui\MainWindow.java,gui.MainWindow,beginComponets/0,viewPlayer,1
D:\Project\Craps-main\Craps-main\src\gui\MainWindow.java,gui.MainWindow,game/0,icono,2
D:\Project\Craps-main\Craps-main\src\gui\MainWindow.java,gui.MainWindow,game/0,next,1
D:\Project\Craps-main\Craps-main\src\gui\MainWindow.java,gui.MainWindow,game/0,viewCraps,7
D:\Project\Craps-main\Craps-main\src\gui\MainWindow.java,gui.MainWindow,game/0,stateGame,5
D:\Project\Craps-main\Craps-main\src\gui\MainWindow.java,gui.MainWindow,game/0,lose,2
D:\Project\Craps-main\Craps-main\src\gui\MainWindow.java,gui.MainWindow,game/0,icono2,1
D:\Project\Craps-main\Craps-main\src\gui\MainWindow.java,gui.MainWindow,game/0,firstThrew,2
D:\Project\Craps-main\Craps-main\src\gui\MainWindow.java,gui.MainWindow,game/0,controll,21
D:\Project\Craps-main\Craps-main\src\gui\MainWindow.java,gui.MainWindow,game/0,win,2
D:\Project\Craps-main\Craps-main\src\gui\MainWindow.java,gui.MainWindow,game/0,sumDices,5
D:\Project\Craps-main\Craps-main\src\gui\MainWindow.java,gui.MainWindow,game/0,point,4
D:\Project\Craps-main\Craps-main\src\gui\MainWindow.java,gui.MainWindow,game/0,icono1,2
D:\Project\Craps-main\Craps-main\src\gui\MainWindow.java,gui.MainWindow,readInput/1[java.lang.String],viewCraps,8
D:\Project\Craps-main\Craps-main\src\gui\MainWindow.java,gui.MainWindow,readInput/1[java.lang.String],desktop,2
D:\Project\Craps-main\Craps-main\src\gui\MainWindow.java,gui.MainWindow,readInput/1[java.lang.String],panelTitle,1
D:\Project\Craps-main\Craps-main\src\gui\MainWindow.java,gui.MainWindow,readInput/1[java.lang.String],panelBegin,3
D:\Project\Craps-main\Craps-main\src\gui\MainWindow.java,gui.MainWindow,readInput/1[java.lang.String],viewHelp,1
D:\Project\Craps-main\Craps-main\src\gui\MainWindow.java,gui.MainWindow,readInput/1[java.lang.String],controll,6
D:\Project\Craps-main\Craps-main\src\gui\MainWindow.java,gui.MainWindow,readInput/1[java.lang.String],menu,2
D:\Project\Craps-main\Craps-main\src\gui\MainWindow.java,gui.MainWindow,readInput/1[java.lang.String],viewPlayer,2
D:\Project\Craps-main\Craps-main\src\gui\MainWindow.java,gui.MainWindow,readInput/1[java.lang.String],icono1,1
D:\Project\Craps-main\Craps-main\src\gui\MainWindow.java,gui.MainWindow,showMessague/0,next,1
D:\Project\Craps-main\Craps-main\src\gui\MainWindow.java,gui.MainWindow,showMessague/0,stateGame,2
D:\Project\Craps-main\Craps-main\src\gui\MainWindow.java,gui.MainWindow,showMessague/0,firstThrew,1
D:\Project\Craps-main\Craps-main\src\gui\MainWindow.java,gui.MainWindow,showMessague/0,win,1
D:\Project\Craps-main\Craps-main\src\gui\PanelBegin.java,gui.PanelBegin,getNumberOfPlayer/0,numberOfPlayer,1
D:\Project\Craps-main\Craps-main\src\gui\PanelBegin.java,gui.PanelBegin,setBackground/1[java.lang.String],background,1
D:\Project\Craps-main\Craps-main\src\gui\PanelBegin.java,gui.PanelBegin,setBtnPlay/1[javax.swing.JButton],btnPlay,3
D:\Project\Craps-main\Craps-main\src\gui\PanelBegin.java,gui.PanelBegin,begin/0,img,1
D:\Project\Craps-main\Craps-main\src\gui\PanelBegin.java,gui.PanelBegin,begin/0,btnPlay,8
D:\Project\Craps-main\Craps-main\src\gui\PanelBegin.java,gui.PanelBegin,begin/0,window,1
D:\Project\Craps-main\Craps-main\src\gui\PanelBegin.java,gui.PanelBegin,begin/0,numberOfPlayer,2
D:\Project\Craps-main\Craps-main\src\gui\PanelBegin.java,gui.PanelBegin,begin/0,lblNumber,4
D:\Project\Craps-main\Craps-main\src\gui\PanelBegin.java,gui.PanelBegin,setNumberOfPlayer/1[javax.swing.JSpinner],numberOfPlayer,3
D:\Project\Craps-main\Craps-main\src\gui\PanelBegin.java,gui.PanelBegin,paintComponent/1[java.awt.Graphics],background,2
D:\Project\Craps-main\Craps-main\src\gui\PanelBegin.java,gui.PanelBegin,getBtnPlay/0,btnPlay,1
D:\Project\Craps-main\Craps-main\src\gui\PanelBegin.java,gui.PanelBegin,add/0,btnPlay,1
D:\Project\Craps-main\Craps-main\src\gui\PanelBegin.java,gui.PanelBegin,add/0,numberOfPlayer,1
D:\Project\Craps-main\Craps-main\src\gui\PanelBegin.java,gui.PanelBegin,add/0,lblNumber,1
D:\Project\Craps-main\Craps-main\src\gui\PanelBegin.java,gui.PanelBegin,PanelBegin/1[gui.MainWindow],window,3
D:\Project\Craps-main\Craps-main\src\gui\ViewCraps.java,gui.ViewCraps,getTxtPoints/0,txtPoints,1
D:\Project\Craps-main\Craps-main\src\gui\ViewCraps.java,gui.ViewCraps,setLblDiceTwo/1[javax.swing.JLabel],lblDiceTwo,3
D:\Project\Craps-main\Craps-main\src\gui\ViewCraps.java,gui.ViewCraps,"ViewCraps/2[gui.MainWindow,javax.swing.JDesktopPane]",desktop,4
D:\Project\Craps-main\Craps-main\src\gui\ViewCraps.java,gui.ViewCraps,"ViewCraps/2[gui.MainWindow,javax.swing.JDesktopPane]",window,3
D:\Project\Craps-main\Craps-main\src\gui\ViewCraps.java,gui.ViewCraps,setTxtDiceTwo/1[javax.swing.JTextField],txtDiceTwo,3
D:\Project\Craps-main\Craps-main\src\gui\ViewCraps.java,gui.ViewCraps,setBtnAgain/1[javax.swing.JButton],btnAgain,3
D:\Project\Craps-main\Craps-main\src\gui\ViewCraps.java,gui.ViewCraps,getLblDiceTwo/0,lblDiceTwo,1
D:\Project\Craps-main\Craps-main\src\gui\ViewCraps.java,gui.ViewCraps,setTxtDiceOne/1[javax.swing.JTextField],txtDiceOne,3
D:\Project\Craps-main\Craps-main\src\gui\ViewCraps.java,gui.ViewCraps,getTxtTurn/0,txtTurn,1
D:\Project\Craps-main\Craps-main\src\gui\ViewCraps.java,gui.ViewCraps,setModel/1[javax.swing.table.DefaultTableModel],model,3
D:\Project\Craps-main\Craps-main\src\gui\ViewCraps.java,gui.ViewCraps,getTxtDiceOne/0,txtDiceOne,1
D:\Project\Craps-main\Craps-main\src\gui\ViewCraps.java,gui.ViewCraps,setTxtTurn/1[javax.swing.JTextField],txtTurn,3
D:\Project\Craps-main\Craps-main\src\gui\ViewCraps.java,gui.ViewCraps,setTable/1[javax.swing.JTable],table,3
D:\Project\Craps-main\Craps-main\src\gui\ViewCraps.java,gui.ViewCraps,setBtnPlayerStart/1[javax.swing.JButton],btnPlayerStart,3
D:\Project\Craps-main\Craps-main\src\gui\ViewCraps.java,gui.ViewCraps,getTable/0,table,1
D:\Project\Craps-main\Craps-main\src\gui\ViewCraps.java,gui.ViewCraps,setBtnPlay/1[javax.swing.JButton],btnPlay,3
D:\Project\Craps-main\Craps-main\src\gui\ViewCraps.java,gui.ViewCraps,getBtnPlayerStart/0,btnPlayerStart,1
D:\Project\Craps-main\Craps-main\src\gui\ViewCraps.java,gui.ViewCraps,getModel/0,model,1
D:\Project\Craps-main\Craps-main\src\gui\ViewCraps.java,gui.ViewCraps,beginElements/0,txtPoints,3
D:\Project\Craps-main\Craps-main\src\gui\ViewCraps.java,gui.ViewCraps,beginElements/0,image,2
D:\Project\Craps-main\Craps-main\src\gui\ViewCraps.java,gui.ViewCraps,beginElements/0,lblTurn,2
D:\Project\Craps-main\Craps-main\src\gui\ViewCraps.java,gui.ViewCraps,beginElements/0,lblDiceOne,2
D:\Project\Craps-main\Craps-main\src\gui\ViewCraps.java,gui.ViewCraps,beginElements/0,lblDiceTwo,2
D:\Project\Craps-main\Craps-main\src\gui\ViewCraps.java,gui.ViewCraps,beginElements/0,txtDiceTwo,3
D:\Project\Craps-main\Craps-main\src\gui\ViewCraps.java,gui.ViewCraps,beginElements/0,txtTurn,3
D:\Project\Craps-main\Craps-main\src\gui\ViewCraps.java,gui.ViewCraps,beginElements/0,txtDiceOne,3
D:\Project\Craps-main\Craps-main\src\gui\ViewCraps.java,gui.ViewCraps,beginElements/0,btnPlayerStart,6
D:\Project\Craps-main\Craps-main\src\gui\ViewCraps.java,gui.ViewCraps,beginElements/0,btnPlay,6
D:\Project\Craps-main\Craps-main\src\gui\ViewCraps.java,gui.ViewCraps,beginElements/0,model,2
D:\Project\Craps-main\Craps-main\src\gui\ViewCraps.java,gui.ViewCraps,beginElements/0,window,3
D:\Project\Craps-main\Craps-main\src\gui\ViewCraps.java,gui.ViewCraps,beginElements/0,btnAgain,6
D:\Project\Craps-main\Craps-main\src\gui\ViewCraps.java,gui.ViewCraps,beginElements/0,lblPoints,2
D:\Project\Craps-main\Craps-main\src\gui\ViewCraps.java,gui.ViewCraps,beginElements/0,table,1
D:\Project\Craps-main\Craps-main\src\gui\ViewCraps.java,gui.ViewCraps,setLblDiceOne/1[javax.swing.JLabel],lblDiceOne,3
D:\Project\Craps-main\Craps-main\src\gui\ViewCraps.java,gui.ViewCraps,getLblPoints/0,lblPoints,1
D:\Project\Craps-main\Craps-main\src\gui\ViewCraps.java,gui.ViewCraps,getLblTurn/0,lblTurn,1
D:\Project\Craps-main\Craps-main\src\gui\ViewCraps.java,gui.ViewCraps,getTxtDiceTwo/0,txtDiceTwo,1
D:\Project\Craps-main\Craps-main\src\gui\ViewCraps.java,gui.ViewCraps,setTxtPoints/1[javax.swing.JTextField],txtPoints,3
D:\Project\Craps-main\Craps-main\src\gui\ViewCraps.java,gui.ViewCraps,getBtnPlay/0,btnPlay,1
D:\Project\Craps-main\Craps-main\src\gui\ViewCraps.java,gui.ViewCraps,getLblDiceOne/0,lblDiceOne,1
D:\Project\Craps-main\Craps-main\src\gui\ViewCraps.java,gui.ViewCraps,setLblPoints/1[javax.swing.JLabel],lblPoints,3
D:\Project\Craps-main\Craps-main\src\gui\ViewCraps.java,gui.ViewCraps,setLblTurn/1[javax.swing.JLabel],lblTurn,3
D:\Project\Craps-main\Craps-main\src\gui\ViewCraps.java,gui.ViewCraps,addElements/0,txtPoints,1
D:\Project\Craps-main\Craps-main\src\gui\ViewCraps.java,gui.ViewCraps,addElements/0,image,1
D:\Project\Craps-main\Craps-main\src\gui\ViewCraps.java,gui.ViewCraps,addElements/0,btnPlayerStart,1
D:\Project\Craps-main\Craps-main\src\gui\ViewCraps.java,gui.ViewCraps,addElements/0,txtDiceOne,1
D:\Project\Craps-main\Craps-main\src\gui\ViewCraps.java,gui.ViewCraps,addElements/0,lblTurn,1
D:\Project\Craps-main\Craps-main\src\gui\ViewCraps.java,gui.ViewCraps,addElements/0,btnPlay,1
D:\Project\Craps-main\Craps-main\src\gui\ViewCraps.java,gui.ViewCraps,addElements/0,lblDiceOne,1
D:\Project\Craps-main\Craps-main\src\gui\ViewCraps.java,gui.ViewCraps,addElements/0,lblDiceTwo,1
D:\Project\Craps-main\Craps-main\src\gui\ViewCraps.java,gui.ViewCraps,addElements/0,lblPoints,1
D:\Project\Craps-main\Craps-main\src\gui\ViewCraps.java,gui.ViewCraps,addElements/0,table,1
D:\Project\Craps-main\Craps-main\src\gui\ViewCraps.java,gui.ViewCraps,addElements/0,txtTurn,1
D:\Project\Craps-main\Craps-main\src\gui\ViewCraps.java,gui.ViewCraps,addElements/0,txtDiceTwo,1
D:\Project\Craps-main\Craps-main\src\gui\ViewCraps.java,gui.ViewCraps,getBtnAgain/0,btnAgain,1
D:\Project\Craps-main\Craps-main\src\model\Node.java,model.Node,setNext/1[model.Node<T>],next,3
D:\Project\Craps-main\Craps-main\src\model\Node.java,model.Node,Node/1[T],next,1
D:\Project\Craps-main\Craps-main\src\model\Node.java,model.Node,Node/1[T],before,1
D:\Project\Craps-main\Craps-main\src\model\Node.java,model.Node,Node/1[T],info,3
D:\Project\Craps-main\Craps-main\src\model\Node.java,model.Node,getInfo/0,info,1
D:\Project\Craps-main\Craps-main\src\model\Node.java,model.Node,setInfo/1[T],info,3
D:\Project\Craps-main\Craps-main\src\model\Node.java,model.Node,getNext/0,next,1
D:\Project\Craps-main\Craps-main\src\model\Node.java,model.Node,getBefore/0,before,1
D:\Project\Craps-main\Craps-main\src\model\Node.java,model.Node,setBefore/1[model.Node<T>],before,3
D:\Project\Craps-main\Craps-main\src\model\Player.java,model.Player,toString/0,round,1
D:\Project\Craps-main\Craps-main\src\model\Player.java,model.Player,toString/0,nickName,1
D:\Project\Craps-main\Craps-main\src\model\Player.java,model.Player,toString/0,namePlayer,1
D:\Project\Craps-main\Craps-main\src\model\Player.java,model.Player,toString/0,point,1
D:\Project\Craps-main\Craps-main\src\model\Player.java,model.Player,setPoint/1[byte],point,3
D:\Project\Craps-main\Craps-main\src\model\Player.java,model.Player,getPoint/0,point,1
D:\Project\Craps-main\Craps-main\src\model\Player.java,model.Player,setNickName/1[java.lang.String],nickName,3
D:\Project\Craps-main\Craps-main\src\model\Player.java,model.Player,getNamePlayer/0,namePlayer,1
D:\Project\Craps-main\Craps-main\src\model\Player.java,model.Player,getNickName/0,nickName,1
D:\Project\Craps-main\Craps-main\src\model\Player.java,model.Player,getRound/0,round,1
D:\Project\Craps-main\Craps-main\src\model\Player.java,model.Player,setNamePlayer/1[java.lang.String],namePlayer,3
D:\Project\Craps-main\Craps-main\src\model\Player.java,model.Player,setRound/1[int],round,3
D:\Project\Craps-main\Craps-main\src\model\Player.java,model.Player,"Player/2[java.lang.String,java.lang.String]",round,1
D:\Project\Craps-main\Craps-main\src\model\Player.java,model.Player,"Player/2[java.lang.String,java.lang.String]",nickName,1
D:\Project\Craps-main\Craps-main\src\model\Player.java,model.Player,"Player/2[java.lang.String,java.lang.String]",namePlayer,3
D:\Project\Craps-main\Craps-main\src\model\Player.java,model.Player,"Player/2[java.lang.String,java.lang.String]",point,1
D:\Project\Craps-main\Craps-main\src\gui\Menu.java,gui.Menu,getCraps/0,craps,1
D:\Project\Craps-main\Craps-main\src\gui\Menu.java,gui.Menu,setHelp/1[javax.swing.JMenu],help,3
D:\Project\Craps-main\Craps-main\src\gui\Menu.java,gui.Menu,addElements/0,help,2
D:\Project\Craps-main\Craps-main\src\gui\Menu.java,gui.Menu,addElements/0,gameCraps,1
D:\Project\Craps-main\Craps-main\src\gui\Menu.java,gui.Menu,addElements/0,addPlayer,1
D:\Project\Craps-main\Craps-main\src\gui\Menu.java,gui.Menu,addElements/0,helping,1
D:\Project\Craps-main\Craps-main\src\gui\Menu.java,gui.Menu,addElements/0,craps,2
D:\Project\Craps-main\Craps-main\src\gui\Menu.java,gui.Menu,addElements/0,player,2
D:\Project\Craps-main\Craps-main\src\gui\Menu.java,gui.Menu,setAddPlayer/1[javax.swing.JMenuItem],addPlayer,3
D:\Project\Craps-main\Craps-main\src\gui\Menu.java,gui.Menu,getAddPlayer/0,addPlayer,1
D:\Project\Craps-main\Craps-main\src\gui\Menu.java,gui.Menu,beginElements/0,help,3
D:\Project\Craps-main\Craps-main\src\gui\Menu.java,gui.Menu,beginElements/0,gameCraps,5
D:\Project\Craps-main\Craps-main\src\gui\Menu.java,gui.Menu,beginElements/0,addPlayer,5
D:\Project\Craps-main\Craps-main\src\gui\Menu.java,gui.Menu,beginElements/0,helping,5
D:\Project\Craps-main\Craps-main\src\gui\Menu.java,gui.Menu,beginElements/0,window,3
D:\Project\Craps-main\Craps-main\src\gui\Menu.java,gui.Menu,beginElements/0,craps,3
D:\Project\Craps-main\Craps-main\src\gui\Menu.java,gui.Menu,beginElements/0,player,3
D:\Project\Craps-main\Craps-main\src\gui\Menu.java,gui.Menu,setPlayer/1[javax.swing.JMenu],player,3
D:\Project\Craps-main\Craps-main\src\gui\Menu.java,gui.Menu,getPlayer/0,player,1
D:\Project\Craps-main\Craps-main\src\gui\Menu.java,gui.Menu,getHelp/0,help,1
D:\Project\Craps-main\Craps-main\src\gui\Menu.java,gui.Menu,Menu/1[gui.MainWindow],window,3
D:\Project\Craps-main\Craps-main\src\gui\Menu.java,gui.Menu,setCraps/1[javax.swing.JMenu],craps,3
D:\Project\Craps-main\Craps-main\src\gui\ViewHelp.java,gui.ViewHelp,"ViewHelp/2[gui.MainWindow,javax.swing.JDesktopPane]",desktop,4
D:\Project\Craps-main\Craps-main\src\gui\ViewHelp.java,gui.ViewHelp,"ViewHelp/2[gui.MainWindow,javax.swing.JDesktopPane]",window,3
D:\Project\Craps-main\Craps-main\src\gui\ViewHelp.java,gui.ViewHelp,beginComponents/0,label,5
D:\Project\Craps-main\Craps-main\src\gui\ViewHelp.java,gui.ViewHelp,addComponents/0,label,1
D:\Project\Craps-main\Craps-main\src\model\Craps.java,model.Craps,getToken/0,token,1
D:\Project\Craps-main\Craps-main\src\model\Craps.java,model.Craps,"Craps/3[byte,byte,int]",diceOne,3
D:\Project\Craps-main\Craps-main\src\model\Craps.java,model.Craps,"Craps/3[byte,byte,int]",diceTwo,3
D:\Project\Craps-main\Craps-main\src\model\Craps.java,model.Craps,"Craps/3[byte,byte,int]",token,3
D:\Project\Craps-main\Craps-main\src\model\Craps.java,model.Craps,setToken/1[int],token,3
D:\Project\Craps-main\Craps-main\src\model\Craps.java,model.Craps,getDiceTwo/0,diceTwo,1
D:\Project\Craps-main\Craps-main\src\model\Craps.java,model.Craps,setDiceOne/1[byte],diceOne,3
D:\Project\Craps-main\Craps-main\src\model\Craps.java,model.Craps,setDiceTwo/1[byte],diceTwo,3
D:\Project\Craps-main\Craps-main\src\model\Craps.java,model.Craps,getDiceOne/0,diceOne,1
