file,class,method,constructor,line,cbo,cboModified,fanin,fanout,wmc,rfc,loc,returnsQty,variablesQty,parametersQty,methodsInvokedQty,methodsInvokedLocalQty,methodsInvokedIndirectLocalQty,loopQty,comparisonsQty,tryCatchQty,parenthesizedExpsQty,stringLiteralsQty,numbersQty,assignmentsQty,mathOperationsQty,maxNestedBlocksQty,anonymousClassesQty,innerClassesQty,lambdasQty,uniqueWordsQty,modifiers,logStatementsQty,hasJavaDoc
D:\Project\Craps-main\Craps-main\src\gui\PanelTitle.java,gui.PanelTitle,PanelTitle/0,true,15,0,1,1,0,1,7,10,0,1,0,7,0,0,0,0,0,0,1,7,2,0,0,0,0,0,14,1,0,false
D:\Project\Craps-main\Craps-main\src\controll\ControllCraps.java,controll.ControllCraps,ControllCraps/1[model.ActionsCraps],true,20,2,2,1,1,1,0,4,0,0,1,0,0,0,0,0,0,0,0,0,2,0,0,0,0,0,6,1,0,false
D:\Project\Craps-main\Craps-main\src\controll\ControllCraps.java,controll.ControllCraps,sortPlayer/1[java.util.Comparator<model.Player>],false,49,3,5,1,4,2,6,13,0,5,1,6,0,0,1,0,0,0,3,1,6,1,1,0,0,0,11,2,0,false
D:\Project\Craps-main\Craps-main\src\controll\ControllCraps.java,controll.ControllCraps,addPlayer/1[java.lang.String[]],false,63,2,3,1,2,3,2,10,0,0,1,2,0,0,0,1,0,0,0,2,0,0,2,0,0,0,4,2,0,false
D:\Project\Craps-main\Craps-main\src\controll\ControllCraps.java,controll.ControllCraps,getMng/0,false,84,1,5,5,0,1,0,3,1,0,0,0,0,0,0,0,0,0,0,0,0,0,0,0,0,0,5,1,0,false
D:\Project\Craps-main\Craps-main\src\controll\ControllCraps.java,controll.ControllCraps,actionPerformed/1[java.awt.event.ActionEvent],false,26,2,5,2,3,10,4,31,0,0,1,4,2,1,0,0,0,0,0,0,0,0,1,0,0,0,8,1,0,false
D:\Project\Craps-main\Craps-main\src\controll\ControllCraps.java,controll.ControllCraps,setMng/1[model.ManagementCraps],false,88,1,1,1,0,1,0,3,0,0,1,0,0,0,0,0,0,0,0,0,1,0,0,0,0,0,5,1,0,false
D:\Project\Craps-main\Craps-main\src\controll\ControllCraps.java,controll.ControllCraps,getPlayers/0,false,74,2,4,3,1,2,2,9,2,1,0,2,0,0,0,1,0,0,0,0,1,0,1,0,0,0,4,1,0,false
D:\Project\Craps-main\Craps-main\src\model\ManagementCraps.java,model.ManagementCraps,getPlayers/0,false,56,2,5,3,2,2,2,6,2,0,0,2,0,0,0,0,0,0,0,0,0,0,1,0,0,0,3,1,0,false
D:\Project\Craps-main\Craps-main\src\model\ManagementCraps.java,model.ManagementCraps,setTurn/1[model.Player],false,86,1,1,1,0,1,0,3,0,0,1,0,0,0,0,0,0,0,0,0,1,0,0,0,0,0,4,1,0,false
D:\Project\Craps-main\Craps-main\src\model\ManagementCraps.java,model.ManagementCraps,findPlayer/1[java.lang.String],false,32,2,4,2,2,1,1,3,1,0,1,1,0,0,0,0,0,0,0,0,0,0,0,0,0,0,4,1,0,false
D:\Project\Craps-main\Craps-main\src\model\ManagementCraps.java,model.ManagementCraps,"addPlayer/2[java.lang.String,java.lang.String]",false,18,3,5,1,4,3,3,15,3,0,2,3,1,1,0,1,0,0,0,0,0,0,2,0,0,0,9,1,0,false
D:\Project\Craps-main\Craps-main\src\model\ManagementCraps.java,model.ManagementCraps,getNumber/0,false,74,0,2,2,0,1,0,3,1,0,0,0,0,0,0,0,0,0,0,0,0,0,0,0,0,0,3,1,0,false
D:\Project\Craps-main\Craps-main\src\model\ManagementCraps.java,model.ManagementCraps,generateDices/0,false,69,0,1,1,0,1,1,4,1,1,0,1,0,0,0,0,0,1,0,2,1,2,0,0,0,0,3,1,0,false
D:\Project\Craps-main\Craps-main\src\model\ManagementCraps.java,model.ManagementCraps,findNodePlayer/1[java.lang.String],false,36,3,3,1,2,1,1,3,1,0,1,1,0,0,0,0,0,0,0,0,0,0,0,0,0,0,5,1,0,false
D:\Project\Craps-main\Craps-main\src\model\ManagementCraps.java,model.ManagementCraps,generateTurn/0,false,63,2,3,1,2,1,4,5,1,1,0,4,1,1,0,0,0,1,0,1,2,2,0,0,0,0,5,1,0,false
D:\Project\Craps-main\Craps-main\src\model\ManagementCraps.java,model.ManagementCraps,deleteNode/1[java.lang.String],false,40,3,6,1,5,3,4,9,2,0,1,4,1,1,0,1,0,0,0,0,0,0,2,0,0,0,9,1,0,false
D:\Project\Craps-main\Craps-main\src\model\ManagementCraps.java,model.ManagementCraps,sorted/1[java.util.Comparator<model.Player>],false,50,2,2,1,1,1,2,5,1,1,1,2,1,1,0,0,0,0,0,0,1,0,0,0,0,0,6,1,0,false
D:\Project\Craps-main\Craps-main\src\model\ManagementCraps.java,model.ManagementCraps,ManagementCraps/0,true,13,2,3,2,1,1,0,4,0,0,0,0,0,0,0,0,0,0,0,0,2,0,0,0,0,0,5,1,0,false
D:\Project\Craps-main\Craps-main\src\model\ManagementCraps.java,model.ManagementCraps,setNumber/1[int],false,78,0,1,1,0,1,0,3,0,0,1,0,0,0,0,0,0,0,0,0,1,0,0,0,0,0,3,1,0,false
D:\Project\Craps-main\Craps-main\src\model\ManagementCraps.java,model.ManagementCraps,getTurn/0,false,82,1,2,2,0,1,0,3,1,0,0,0,0,0,0,0,0,0,0,0,0,0,0,0,0,0,4,1,0,false
D:\Project\Craps-main\Craps-main\src\model\Player.java,model.Player$Anonymous1,"compare/2[model.Player,model.Player]",false,15,1,2,0,2,1,2,3,1,0,2,2,0,0,0,0,0,0,0,0,0,0,0,0,0,0,3,1,0,false
D:\Project\Craps-main\Craps-main\src\model\Player.java,model.Player$Anonymous2,"compare/2[model.Player,model.Player]",false,24,1,2,0,2,1,2,3,1,0,2,2,0,0,0,0,0,0,0,0,0,0,0,0,0,0,3,1,0,false
D:\Project\Craps-main\Craps-main\src\gui\ViewPlayer.java,gui.ViewPlayer,setTxtNamePlayer/1[javax.swing.JTextField],false,144,0,0,0,0,1,0,3,0,0,1,0,0,0,0,0,0,0,0,0,1,0,0,0,0,0,8,1,0,false
D:\Project\Craps-main\Craps-main\src\gui\ViewPlayer.java,gui.ViewPlayer,getBtnAddPlayer/0,false,164,0,2,2,0,1,0,3,1,0,0,0,0,0,0,0,0,0,0,0,0,0,0,0,0,0,7,1,0,false
D:\Project\Craps-main\Craps-main\src\gui\ViewPlayer.java,gui.ViewPlayer,"ViewPlayer/2[gui.MainWindow,javax.swing.JDesktopPane]",true,34,2,3,1,2,1,13,17,0,0,2,13,2,1,0,0,0,0,2,2,2,0,0,0,0,0,39,1,0,false
D:\Project\Craps-main\Craps-main\src\gui\ViewPlayer.java,gui.ViewPlayer,getImage/0,false,156,0,0,0,0,1,0,3,1,0,0,0,0,0,0,0,0,0,0,0,0,0,0,0,0,0,5,1,0,false
D:\Project\Craps-main\Craps-main\src\gui\ViewPlayer.java,gui.ViewPlayer,setLblShowNumberPlayers/1[javax.swing.JLabel],false,176,0,0,0,0,1,0,3,0,0,1,0,0,0,0,0,0,0,0,0,1,0,0,0,0,0,8,1,0,false
D:\Project\Craps-main\Craps-main\src\gui\ViewPlayer.java,gui.ViewPlayer,setTxtNickName/1[javax.swing.JTextField],false,152,0,0,0,0,1,0,3,0,0,1,0,0,0,0,0,0,0,0,0,1,0,0,0,0,0,8,1,0,false
D:\Project\Craps-main\Craps-main\src\gui\ViewPlayer.java,gui.ViewPlayer,beginElements/0,false,53,1,2,1,1,1,7,27,0,3,0,7,0,0,0,0,0,0,8,17,10,0,0,0,0,0,27,2,0,false
D:\Project\Craps-main\Craps-main\src\gui\ViewPlayer.java,gui.ViewPlayer,setBtnAddPlayer/1[javax.swing.JButton],false,168,0,0,0,0,1,0,3,0,0,1,0,0,0,0,0,0,0,0,0,1,0,0,0,0,0,7,1,0,false
D:\Project\Craps-main\Craps-main\src\gui\ViewPlayer.java,gui.ViewPlayer,getTxtNickName/0,false,148,0,2,2,0,1,0,3,1,0,0,0,0,0,0,0,0,0,0,0,0,0,0,0,0,0,8,1,0,false
D:\Project\Craps-main\Craps-main\src\gui\ViewPlayer.java,gui.ViewPlayer,setImage/1[javax.swing.JLabel],false,160,0,0,0,0,1,0,3,0,0,1,0,0,0,0,0,0,0,0,0,1,0,0,0,0,0,5,1,0,false
D:\Project\Craps-main\Craps-main\src\gui\ViewPlayer.java,gui.ViewPlayer,getLblShowNumberPlayers/0,false,172,0,1,1,0,1,0,3,1,0,0,0,0,0,0,0,0,0,0,0,0,0,0,0,0,0,8,1,0,false
D:\Project\Craps-main\Craps-main\src\gui\ViewPlayer.java,gui.ViewPlayer,addElements/0,false,92,0,1,1,0,1,1,35,0,1,0,1,0,0,0,0,0,0,2,18,24,0,0,0,0,0,8,2,0,false
D:\Project\Craps-main\Craps-main\src\gui\ViewPlayer.java,gui.ViewPlayer,getTxtNamePlayer/0,false,140,0,2,2,0,1,0,3,1,0,0,0,0,0,0,0,0,0,0,0,0,0,0,0,0,0,8,1,0,false
D:\Project\Craps-main\Craps-main\src\model\ListedCircled.java,model.ListedCircled,getList/0,false,105,2,2,0,2,2,3,10,1,2,0,3,0,0,1,1,0,0,0,0,3,0,1,0,0,0,5,1,0,false
D:\Project\Craps-main\Craps-main\src\model\ListedCircled.java,model.ListedCircled,findObject/1[T],false,94,2,2,0,2,3,3,11,2,1,1,3,0,0,1,2,0,0,0,1,2,0,2,0,0,0,7,1,0,false
D:\Project\Craps-main\Craps-main\src\model\ListedCircled.java,model.ListedCircled,ListedCircled/1[java.util.Comparator<T>],true,11,1,0,0,0,1,0,4,0,0,1,0,0,0,0,0,0,0,0,0,2,0,0,0,0,0,5,1,0,false
D:\Project\Craps-main\Craps-main\src\model\ListedCircled.java,model.ListedCircled,isEmpty/0,false,16,0,0,0,0,2,0,3,1,0,0,0,0,0,0,1,0,0,0,0,0,0,0,0,0,0,4,1,0,false
D:\Project\Craps-main\Craps-main\src\model\ListedCircled.java,model.ListedCircled,addSorted/1[T],false,74,3,7,0,7,5,7,22,0,3,1,7,0,0,1,0,0,0,0,3,5,0,3,0,0,0,12,1,0,false
D:\Project\Craps-main\Craps-main\src\model\ListedCircled.java,model.ListedCircled,findNode/1[T],false,31,2,2,0,2,3,3,11,2,1,1,3,0,0,1,2,0,0,0,1,2,0,2,0,0,0,7,1,0,false
D:\Project\Craps-main\Craps-main\src\model\ListedCircled.java,model.ListedCircled,addFirst/1[T],false,20,3,4,0,4,2,3,11,0,1,1,3,0,0,0,0,0,0,0,0,2,0,1,0,0,0,8,1,0,false
D:\Project\Craps-main\Craps-main\src\model\ListedCircled.java,model.ListedCircled,addEnd/1[T],false,42,3,5,0,5,2,4,14,0,1,1,4,0,0,0,0,0,0,0,0,2,0,1,0,0,0,8,1,0,false
D:\Project\Craps-main\Craps-main\src\model\ListedCircled.java,model.ListedCircled,getObject/1[int],false,115,3,3,0,3,3,4,10,2,2,1,4,0,0,1,1,0,0,0,1,3,0,2,0,0,0,9,1,0,false
D:\Project\Craps-main\Craps-main\src\model\ListedCircled.java,model.ListedCircled,deleteNode/1[model.Node<T>],false,56,2,2,0,2,5,2,19,3,1,1,2,0,0,1,4,0,0,0,0,3,0,3,0,0,0,6,1,0,false
D:\Project\Craps-main\Craps-main\src\gui\MainWindow.java,gui.MainWindow,setControll/1[controll.ControllCraps],false,329,1,0,0,0,1,0,3,0,0,1,0,0,0,0,0,0,0,0,0,1,0,0,0,0,0,4,1,0,false
D:\Project\Craps-main\Craps-main\src\gui\MainWindow.java,gui.MainWindow,begin/0,false,46,1,2,0,2,1,3,5,0,0,0,3,2,1,0,0,0,0,0,0,0,0,0,0,0,0,7,1,0,false
D:\Project\Craps-main\Craps-main\src\gui\MainWindow.java,gui.MainWindow,dices/0,false,137,3,5,1,4,1,6,8,1,3,0,6,0,0,0,0,0,1,0,0,3,1,0,0,0,0,5,2,0,false
D:\Project\Craps-main\Craps-main\src\gui\MainWindow.java,gui.MainWindow,getControll/0,false,333,1,4,4,0,1,0,3,1,0,0,0,0,0,0,0,0,0,0,0,0,0,0,0,0,0,4,1,0,false
D:\Project\Craps-main\Craps-main\src\gui\MainWindow.java,gui.MainWindow,MainWindow/0,true,35,0,2,2,0,1,8,9,0,0,0,8,0,0,0,0,0,0,2,2,0,0,0,0,0,0,29,1,0,false
D:\Project\Craps-main\Craps-main\src\gui\MainWindow.java,gui.MainWindow,exit/0,false,71,0,0,0,0,2,3,7,0,1,0,3,0,0,0,1,0,0,4,1,1,0,1,0,0,0,3,1,0,false
D:\Project\Craps-main\Craps-main\src\gui\MainWindow.java,gui.MainWindow,addDesktop/0,false,79,0,1,1,0,1,1,3,0,0,0,1,0,0,0,0,0,0,0,0,0,0,0,0,0,0,2,1,0,false
D:\Project\Craps-main\Craps-main\src\gui\MainWindow.java,gui.MainWindow,refreshTable/1[java.lang.String[]],false,314,1,2,1,1,3,5,13,0,5,1,5,0,0,2,0,0,0,1,2,5,0,1,0,0,0,14,2,0,false
D:\Project\Craps-main\Craps-main\src\gui\MainWindow.java,gui.MainWindow,addPlayer/0,false,232,3,7,1,6,8,16,33,5,2,0,16,0,0,0,1,0,0,12,0,2,0,3,0,0,0,23,2,0,false
D:\Project\Craps-main\Craps-main\src\gui\MainWindow.java,gui.MainWindow,"writeOuput/3[java.lang.String,java.lang.String[],boolean]",false,271,5,10,0,10,6,21,38,0,0,3,21,1,1,0,2,0,1,8,3,0,2,4,0,0,0,17,1,0,false
D:\Project\Craps-main\Craps-main\src\gui\MainWindow.java,gui.MainWindow,addComponents/0,false,62,0,1,1,0,1,3,7,0,0,0,3,0,0,0,0,0,0,0,0,0,0,0,0,0,0,4,2,0,false
D:\Project\Craps-main\Craps-main\src\gui\MainWindow.java,gui.MainWindow,beginComponets/0,false,52,6,7,1,6,1,0,9,0,0,0,0,0,0,0,0,0,0,0,0,7,0,0,0,0,0,17,2,0,false
D:\Project\Craps-main\Craps-main\src\gui\MainWindow.java,gui.MainWindow,game/0,false,161,6,15,1,14,9,18,51,0,0,0,18,2,1,0,2,0,0,10,8,8,0,2,0,0,0,18,1,0,false
D:\Project\Craps-main\Craps-main\src\gui\MainWindow.java,gui.MainWindow,readInput/1[java.lang.String],false,85,8,18,0,18,11,24,55,2,1,1,24,3,2,0,1,0,0,2,5,1,0,3,0,0,0,18,1,0,false
D:\Project\Craps-main\Craps-main\src\gui\MainWindow.java,gui.MainWindow,showMessague/0,false,213,0,1,1,0,3,1,14,0,0,0,1,0,0,0,2,0,0,3,0,1,0,2,0,0,0,9,2,0,false
D:\Project\Craps-main\Craps-main\src\gui\PanelBegin.java,gui.PanelBegin,getNumberOfPlayer/0,false,134,0,1,1,0,1,0,3,1,0,0,0,0,0,0,0,0,0,0,0,0,0,0,0,0,0,7,1,0,false
D:\Project\Craps-main\Craps-main\src\gui\PanelBegin.java,gui.PanelBegin,setBackground/1[java.lang.String],false,53,0,1,1,0,1,3,5,0,0,1,3,0,0,0,0,0,0,0,0,1,0,0,0,0,0,7,1,0,false
D:\Project\Craps-main\Craps-main\src\gui\PanelBegin.java,gui.PanelBegin,setBtnPlay/1[javax.swing.JButton],false,129,0,0,0,0,1,0,3,0,0,1,0,0,0,0,0,0,0,0,0,1,0,0,0,0,0,6,1,0,false
D:\Project\Craps-main\Craps-main\src\gui\PanelBegin.java,gui.PanelBegin,begin/0,false,59,2,2,1,1,1,7,20,0,3,0,7,0,0,0,0,0,0,5,15,7,0,0,0,0,0,25,2,0,false
D:\Project\Craps-main\Craps-main\src\gui\PanelBegin.java,gui.PanelBegin,setNumberOfPlayer/1[javax.swing.JSpinner],false,139,0,0,0,0,1,0,3,0,0,1,0,0,0,0,0,0,0,0,0,1,0,0,0,0,0,7,1,0,false
D:\Project\Craps-main\Craps-main\src\gui\PanelBegin.java,gui.PanelBegin,paintComponent/1[java.awt.Graphics],false,44,0,0,0,0,2,3,8,0,2,1,3,0,0,0,1,0,0,0,2,2,0,1,0,0,0,7,4,0,false
D:\Project\Craps-main\Craps-main\src\gui\PanelBegin.java,gui.PanelBegin,getBtnPlay/0,false,124,0,0,0,0,1,0,3,1,0,0,0,0,0,0,0,0,0,0,0,0,0,0,0,0,0,6,1,0,false
D:\Project\Craps-main\Craps-main\src\gui\PanelBegin.java,gui.PanelBegin,add/0,false,89,0,1,1,0,1,1,25,0,1,0,1,0,0,0,0,0,0,3,14,17,0,0,0,0,0,7,2,0,false
D:\Project\Craps-main\Craps-main\src\gui\PanelBegin.java,gui.PanelBegin,PanelBegin/1[gui.MainWindow],true,34,2,4,1,3,1,4,7,0,0,1,4,3,1,0,0,0,0,1,0,1,0,0,0,0,0,13,1,0,false
D:\Project\Craps-main\Craps-main\src\gui\ViewCraps.java,gui.ViewCraps,getTxtPoints/0,false,265,0,1,1,0,1,0,3,1,0,0,0,0,0,0,0,0,0,0,0,0,0,0,0,0,0,7,1,0,false
D:\Project\Craps-main\Craps-main\src\gui\ViewCraps.java,gui.ViewCraps,setLblDiceTwo/1[javax.swing.JLabel],false,229,0,0,0,0,1,0,3,0,0,1,0,0,0,0,0,0,0,0,0,1,0,0,0,0,0,7,1,0,false
D:\Project\Craps-main\Craps-main\src\gui\ViewCraps.java,gui.ViewCraps,"ViewCraps/2[gui.MainWindow,javax.swing.JDesktopPane]",true,46,2,3,1,2,1,12,16,0,0,2,12,2,1,0,0,0,0,1,5,2,0,0,0,0,0,36,1,0,false
D:\Project\Craps-main\Craps-main\src\gui\ViewCraps.java,gui.ViewCraps,setTxtDiceTwo/1[javax.swing.JTextField],false,261,0,0,0,0,1,0,3,0,0,1,0,0,0,0,0,0,0,0,0,1,0,0,0,0,0,8,1,0,false
D:\Project\Craps-main\Craps-main\src\gui\ViewCraps.java,gui.ViewCraps,setBtnAgain/1[javax.swing.JButton],false,317,0,0,0,0,1,0,3,0,0,1,0,0,0,0,0,0,0,0,0,1,0,0,0,0,0,6,1,0,false
D:\Project\Craps-main\Craps-main\src\gui\ViewCraps.java,gui.ViewCraps,getLblDiceTwo/0,false,225,0,0,0,0,1,0,3,1,0,0,0,0,0,0,0,0,0,0,0,0,0,0,0,0,0,7,1,0,false
D:\Project\Craps-main\Craps-main\src\gui\ViewCraps.java,gui.ViewCraps,setTxtDiceOne/1[javax.swing.JTextField],false,253,0,0,0,0,1,0,3,0,0,1,0,0,0,0,0,0,0,0,0,1,0,0,0,0,0,8,1,0,false
D:\Project\Craps-main\Craps-main\src\gui\ViewCraps.java,gui.ViewCraps,getTxtTurn/0,false,273,0,2,2,0,1,0,3,1,0,0,0,0,0,0,0,0,0,0,0,0,0,0,0,0,0,7,1,0,false
D:\Project\Craps-main\Craps-main\src\gui\ViewCraps.java,gui.ViewCraps,setModel/1[javax.swing.table.DefaultTableModel],false,301,0,0,0,0,1,0,3,0,0,1,0,0,0,0,0,0,0,0,0,1,0,0,0,0,0,5,1,0,false
D:\Project\Craps-main\Craps-main\src\gui\ViewCraps.java,gui.ViewCraps,getTxtDiceOne/0,false,249,0,1,1,0,1,0,3,1,0,0,0,0,0,0,0,0,0,0,0,0,0,0,0,0,0,8,1,0,false
D:\Project\Craps-main\Craps-main\src\gui\ViewCraps.java,gui.ViewCraps,setTxtTurn/1[javax.swing.JTextField],false,277,0,0,0,0,1,0,3,0,0,1,0,0,0,0,0,0,0,0,0,1,0,0,0,0,0,7,1,0,false
D:\Project\Craps-main\Craps-main\src\gui\ViewCraps.java,gui.ViewCraps,setTable/1[javax.swing.JTable],false,309,0,0,0,0,1,0,3,0,0,1,0,0,0,0,0,0,0,0,0,1,0,0,0,0,0,4,1,0,false
D:\Project\Craps-main\Craps-main\src\gui\ViewCraps.java,gui.ViewCraps,setBtnPlayerStart/1[javax.swing.JButton],false,293,0,0,0,0,1,0,3,0,0,1,0,0,0,0,0,0,0,0,0,1,0,0,0,0,0,7,1,0,false
D:\Project\Craps-main\Craps-main\src\gui\ViewCraps.java,gui.ViewCraps,getTable/0,false,305,0,0,0,0,1,0,3,1,0,0,0,0,0,0,0,0,0,0,0,0,0,0,0,0,0,4,1,0,false
D:\Project\Craps-main\Craps-main\src\gui\ViewCraps.java,gui.ViewCraps,setBtnPlay/1[javax.swing.JButton],false,285,0,0,0,0,1,0,3,0,0,1,0,0,0,0,0,0,0,0,0,1,0,0,0,0,0,6,1,0,false
D:\Project\Craps-main\Craps-main\src\gui\ViewCraps.java,gui.ViewCraps,getBtnPlayerStart/0,false,289,0,1,1,0,1,0,3,1,0,0,0,0,0,0,0,0,0,0,0,0,0,0,0,0,0,7,1,0,false
D:\Project\Craps-main\Craps-main\src\gui\ViewCraps.java,gui.ViewCraps,getModel/0,false,297,0,1,1,0,1,0,3,1,0,0,0,0,0,0,0,0,0,0,0,0,0,0,0,0,0,5,1,0,false
D:\Project\Craps-main\Craps-main\src\gui\ViewCraps.java,gui.ViewCraps,beginElements/0,false,63,1,2,1,1,1,9,48,0,4,0,9,0,0,0,0,0,0,13,17,18,0,0,0,0,0,38,2,0,false
D:\Project\Craps-main\Craps-main\src\gui\ViewCraps.java,gui.ViewCraps,setLblDiceOne/1[javax.swing.JLabel],false,221,0,0,0,0,1,0,3,0,0,1,0,0,0,0,0,0,0,0,0,1,0,0,0,0,0,7,1,0,false
D:\Project\Craps-main\Craps-main\src\gui\ViewCraps.java,gui.ViewCraps,getLblPoints/0,false,233,0,0,0,0,1,0,3,1,0,0,0,0,0,0,0,0,0,0,0,0,0,0,0,0,0,6,1,0,false
D:\Project\Craps-main\Craps-main\src\gui\ViewCraps.java,gui.ViewCraps,getLblTurn/0,false,241,0,0,0,0,1,0,3,1,0,0,0,0,0,0,0,0,0,0,0,0,0,0,0,0,0,6,1,0,false
D:\Project\Craps-main\Craps-main\src\gui\ViewCraps.java,gui.ViewCraps,getTxtDiceTwo/0,false,257,0,1,1,0,1,0,3,1,0,0,0,0,0,0,0,0,0,0,0,0,0,0,0,0,0,8,1,0,false
D:\Project\Craps-main\Craps-main\src\gui\ViewCraps.java,gui.ViewCraps,setTxtPoints/1[javax.swing.JTextField],false,269,0,0,0,0,1,0,3,0,0,1,0,0,0,0,0,0,0,0,0,1,0,0,0,0,0,7,1,0,false
D:\Project\Craps-main\Craps-main\src\gui\ViewCraps.java,gui.ViewCraps,getBtnPlay/0,false,281,0,1,1,0,1,0,3,1,0,0,0,0,0,0,0,0,0,0,0,0,0,0,0,0,0,6,1,0,false
D:\Project\Craps-main\Craps-main\src\gui\ViewCraps.java,gui.ViewCraps,getLblDiceOne/0,false,217,0,0,0,0,1,0,3,1,0,0,0,0,0,0,0,0,0,0,0,0,0,0,0,0,0,7,1,0,false
D:\Project\Craps-main\Craps-main\src\gui\ViewCraps.java,gui.ViewCraps,setLblPoints/1[javax.swing.JLabel],false,237,0,0,0,0,1,0,3,0,0,1,0,0,0,0,0,0,0,0,0,1,0,0,0,0,0,6,1,0,false
D:\Project\Craps-main\Craps-main\src\gui\ViewCraps.java,gui.ViewCraps,setLblTurn/1[javax.swing.JLabel],false,245,0,0,0,0,1,0,3,0,0,1,0,0,0,0,0,0,0,0,0,1,0,0,0,0,0,6,1,0,false
D:\Project\Craps-main\Craps-main\src\gui\ViewCraps.java,gui.ViewCraps,addElements/0,false,127,0,1,1,0,1,1,67,0,1,0,1,0,0,0,0,0,0,7,34,46,0,0,0,0,0,11,2,0,false
D:\Project\Craps-main\Craps-main\src\gui\ViewCraps.java,gui.ViewCraps,getBtnAgain/0,false,313,0,0,0,0,1,0,3,1,0,0,0,0,0,0,0,0,0,0,0,0,0,0,0,0,0,6,1,0,false
D:\Project\Craps-main\Craps-main\src\model\Node.java,model.Node,setNext/1[model.Node<T>],false,27,2,0,0,0,1,0,3,0,0,1,0,0,0,0,0,0,0,0,0,1,0,0,0,0,0,3,1,0,false
D:\Project\Craps-main\Craps-main\src\model\Node.java,model.Node,Node/1[T],true,9,1,0,0,0,1,0,5,0,0,1,0,0,0,0,0,0,0,0,0,3,0,0,0,0,0,6,1,0,false
D:\Project\Craps-main\Craps-main\src\model\Node.java,model.Node,getInfo/0,false,15,1,0,0,0,1,0,3,1,0,0,0,0,0,0,0,0,0,0,0,0,0,0,0,0,0,4,1,0,false
D:\Project\Craps-main\Craps-main\src\model\Node.java,model.Node,setInfo/1[T],false,19,1,0,0,0,1,0,3,0,0,1,0,0,0,0,0,0,0,0,0,1,0,0,0,0,0,4,1,0,false
D:\Project\Craps-main\Craps-main\src\model\Node.java,model.Node,getNext/0,false,23,2,0,0,0,1,0,3,1,0,0,0,0,0,0,0,0,0,0,0,0,0,0,0,0,0,3,1,0,false
D:\Project\Craps-main\Craps-main\src\model\Node.java,model.Node,getBefore/0,false,31,2,0,0,0,1,0,3,1,0,0,0,0,0,0,0,0,0,0,0,0,0,0,0,0,0,3,1,0,false
D:\Project\Craps-main\Craps-main\src\model\Node.java,model.Node,setBefore/1[model.Node<T>],false,35,2,0,0,0,1,0,3,0,0,1,0,0,0,0,0,0,0,0,0,1,0,0,0,0,0,3,1,0,false
D:\Project\Craps-main\Craps-main\src\model\Player.java,model.Player,toString/0,false,60,0,0,0,0,1,0,3,1,0,0,0,0,0,0,0,0,0,5,0,0,1,0,0,0,0,8,1,0,false
D:\Project\Craps-main\Craps-main\src\model\Player.java,model.Player,setPoint/1[byte],false,50,0,1,1,0,1,0,3,0,0,1,0,0,0,0,0,0,0,0,0,1,0,0,0,0,0,3,1,0,false
D:\Project\Craps-main\Craps-main\src\model\Player.java,model.Player,getPoint/0,false,47,0,0,0,0,1,0,3,1,0,0,0,0,0,0,0,0,0,0,0,0,0,0,0,0,0,3,1,0,false
D:\Project\Craps-main\Craps-main\src\model\Player.java,model.Player,setNickName/1[java.lang.String],false,38,0,0,0,0,1,0,3,0,0,1,0,0,0,0,0,0,0,0,0,1,0,0,0,0,0,4,1,0,false
D:\Project\Craps-main\Craps-main\src\model\Player.java,model.Player,getNamePlayer/0,false,41,0,2,2,0,1,0,3,1,0,0,0,0,0,0,0,0,0,0,0,0,0,0,0,0,0,4,1,0,false
D:\Project\Craps-main\Craps-main\src\model\Player.java,model.Player,getNickName/0,false,35,0,4,4,0,1,0,3,1,0,0,0,0,0,0,0,0,0,0,0,0,0,0,0,0,0,4,1,0,false
D:\Project\Craps-main\Craps-main\src\model\Player.java,model.Player,getRound/0,false,53,0,0,0,0,1,0,3,1,0,0,0,0,0,0,0,0,0,0,0,0,0,0,0,0,0,3,1,0,false
D:\Project\Craps-main\Craps-main\src\model\Player.java,model.Player,setNamePlayer/1[java.lang.String],false,44,0,0,0,0,1,0,3,0,0,1,0,0,0,0,0,0,0,0,0,1,0,0,0,0,0,4,1,0,false
D:\Project\Craps-main\Craps-main\src\model\Player.java,model.Player,setRound/1[int],false,56,0,0,0,0,1,0,3,0,0,1,0,0,0,0,0,0,0,0,0,1,0,0,0,0,0,3,1,0,false
D:\Project\Craps-main\Craps-main\src\model\Player.java,model.Player,"Player/2[java.lang.String,java.lang.String]",true,29,0,4,4,0,1,0,6,0,0,2,0,0,0,0,0,0,0,0,2,4,0,0,0,0,0,5,1,0,false
D:\Project\Craps-main\Craps-main\src\gui\Menu.java,gui.Menu,getCraps/0,false,89,0,2,2,0,1,0,3,1,0,0,0,0,0,0,0,0,0,0,0,0,0,0,0,0,0,5,1,0,false
D:\Project\Craps-main\Craps-main\src\gui\Menu.java,gui.Menu,setHelp/1[javax.swing.JMenu],false,101,0,0,0,0,1,0,3,0,0,1,0,0,0,0,0,0,0,0,0,1,0,0,0,0,0,5,1,0,false
D:\Project\Craps-main\Craps-main\src\gui\Menu.java,gui.Menu,addElements/0,false,69,0,1,1,0,1,2,8,0,0,0,2,0,0,0,0,0,0,0,0,0,0,0,0,0,0,9,2,0,false
D:\Project\Craps-main\Craps-main\src\gui\Menu.java,gui.Menu,setAddPlayer/1[javax.swing.JMenuItem],false,109,0,0,0,0,1,0,3,0,0,1,0,0,0,0,0,0,0,0,0,1,0,0,0,0,0,7,1,0,false
D:\Project\Craps-main\Craps-main\src\gui\Menu.java,gui.Menu,getAddPlayer/0,false,105,0,0,0,0,1,0,3,1,0,0,0,0,0,0,0,0,0,0,0,0,0,0,0,0,0,7,1,0,false
D:\Project\Craps-main\Craps-main\src\gui\Menu.java,gui.Menu,beginElements/0,false,34,1,2,1,1,1,6,27,0,1,0,6,0,0,0,0,0,0,10,2,7,0,0,0,0,0,19,2,0,false
D:\Project\Craps-main\Craps-main\src\gui\Menu.java,gui.Menu,setPlayer/1[javax.swing.JMenu],false,85,0,0,0,0,1,0,3,0,0,1,0,0,0,0,0,0,0,0,0,1,0,0,0,0,0,5,1,0,false
D:\Project\Craps-main\Craps-main\src\gui\Menu.java,gui.Menu,getPlayer/0,false,81,0,0,0,0,1,0,3,1,0,0,0,0,0,0,0,0,0,0,0,0,0,0,0,0,0,5,1,0,false
D:\Project\Craps-main\Craps-main\src\gui\Menu.java,gui.Menu,getHelp/0,false,97,0,0,0,0,1,0,3,1,0,0,0,0,0,0,0,0,0,0,0,0,0,0,0,0,0,5,1,0,false
D:\Project\Craps-main\Craps-main\src\gui\Menu.java,gui.Menu,Menu/1[gui.MainWindow],true,26,2,3,1,2,1,5,7,0,0,1,5,2,1,0,0,0,0,0,3,1,0,0,0,0,0,11,1,0,false
D:\Project\Craps-main\Craps-main\src\gui\Menu.java,gui.Menu,setCraps/1[javax.swing.JMenu],false,93,0,0,0,0,1,0,3,0,0,1,0,0,0,0,0,0,0,0,0,1,0,0,0,0,0,5,1,0,false
D:\Project\Craps-main\Craps-main\src\model\ActionsCraps.java,model.ActionsCraps,exit/0,false,23,0,0,0,0,1,0,1,0,0,0,0,0,0,0,0,0,0,0,0,0,0,0,0,0,0,1,0,0,false
D:\Project\Craps-main\Craps-main\src\model\ActionsCraps.java,model.ActionsCraps,setControll/1[controll.ControllCraps],false,27,1,1,1,0,1,0,1,0,0,1,0,0,0,0,0,0,0,0,0,0,0,0,0,0,0,4,0,0,false
D:\Project\Craps-main\Craps-main\src\model\ActionsCraps.java,model.ActionsCraps,begin/0,false,24,0,1,1,0,1,0,1,0,0,0,0,0,0,0,0,0,0,0,0,0,0,0,0,0,0,1,0,0,false
D:\Project\Craps-main\Craps-main\src\model\ActionsCraps.java,model.ActionsCraps,readInput/1[java.lang.String],false,25,0,1,1,0,1,0,1,0,0,1,0,0,0,0,0,0,0,0,0,0,0,0,0,0,0,3,0,0,false
D:\Project\Craps-main\Craps-main\src\model\ActionsCraps.java,model.ActionsCraps,"writeOuput/3[java.lang.String,java.lang.String[],boolean]",false,26,0,2,2,0,1,0,1,0,0,3,0,0,0,0,0,0,0,0,0,0,0,0,0,0,0,3,0,0,false
D:\Project\Craps-main\Craps-main\src\gui\ViewHelp.java,gui.ViewHelp,"ViewHelp/2[gui.MainWindow,javax.swing.JDesktopPane]",true,22,2,3,1,2,1,13,17,0,0,2,13,2,1,0,0,0,0,2,7,2,0,0,0,0,0,42,1,0,false
D:\Project\Craps-main\Craps-main\src\gui\ViewHelp.java,gui.ViewHelp,beginComponents/0,false,40,0,1,1,0,1,4,8,0,1,0,4,0,0,0,0,0,0,11,2,2,1,0,0,0,0,34,2,0,false
D:\Project\Craps-main\Craps-main\src\gui\ViewHelp.java,gui.ViewHelp,addComponents/0,false,60,0,1,1,0,1,1,3,0,0,0,1,0,0,0,0,0,0,0,0,0,0,0,0,0,0,6,2,0,false
D:\Project\Craps-main\Craps-main\src\model\Craps.java,model.Craps,getToken/0,false,33,0,0,0,0,1,0,3,1,0,0,0,0,0,0,0,0,0,0,0,0,0,0,0,0,0,3,1,0,false
D:\Project\Craps-main\Craps-main\src\model\Craps.java,model.Craps,"Craps/3[byte,byte,int]",true,11,0,0,0,0,1,0,5,0,0,3,0,0,0,0,0,0,0,0,0,3,0,0,0,0,0,5,1,0,false
D:\Project\Craps-main\Craps-main\src\model\Craps.java,model.Craps,setToken/1[int],false,37,0,0,0,0,1,0,3,0,0,1,0,0,0,0,0,0,0,0,0,1,0,0,0,0,0,3,1,0,false
D:\Project\Craps-main\Craps-main\src\model\Craps.java,model.Craps,getDiceTwo/0,false,25,0,0,0,0,1,0,3,1,0,0,0,0,0,0,0,0,0,0,0,0,0,0,0,0,0,4,1,0,false
D:\Project\Craps-main\Craps-main\src\model\Craps.java,model.Craps,setDiceOne/1[byte],false,21,0,0,0,0,1,0,3,0,0,1,0,0,0,0,0,0,0,0,0,1,0,0,0,0,0,4,1,0,false
D:\Project\Craps-main\Craps-main\src\model\Craps.java,model.Craps,setDiceTwo/1[byte],false,29,0,0,0,0,1,0,3,0,0,1,0,0,0,0,0,0,0,0,0,1,0,0,0,0,0,4,1,0,false
D:\Project\Craps-main\Craps-main\src\model\Craps.java,model.Craps,getDiceOne/0,false,17,0,0,0,0,1,0,3,1,0,0,0,0,0,0,0,0,0,0,0,0,0,0,0,0,0,4,1,0,false
D:\Project\Craps-main\Craps-main\src\run\Runner.java,run.Runner,main/1[java.lang.String[]],false,9,3,4,0,4,1,2,7,0,2,1,2,0,0,0,0,0,0,0,0,3,0,0,0,0,0,10,9,0,false
