file,class,method,variable,usage
D:\Project\Craps-main\Craps-main\src\gui\PanelTitle.java,gui.PanelTitle,PanelTitle/0,font,1
D:\Project\Craps-main\Craps-main\src\controll\ControllCraps.java,controll.ControllCraps,ControllCraps/1[model.ActionsCraps],view,2
D:\Project\Craps-main\Craps-main\src\controll\ControllCraps.java,controll.ControllCraps,sortPlayer/1[java.util.Comparator<model.Player>],compId,1
D:\Project\Craps-main\Craps-main\src\controll\ControllCraps.java,controll.ControllCraps,sortPlayer/1[java.util.Comparator<model.Player>],nickName,2
D:\Project\Craps-main\Craps-main\src\controll\ControllCraps.java,controll.ControllCraps,sortPlayer/1[java.util.Comparator<model.Player>],name,2
D:\Project\Craps-main\Craps-main\src\controll\ControllCraps.java,controll.ControllCraps,sortPlayer/1[java.util.Comparator<model.Player>],cant,1
D:\Project\Craps-main\Craps-main\src\controll\ControllCraps.java,controll.ControllCraps,sortPlayer/1[java.util.Comparator<model.Player>],sorte,2
D:\Project\Craps-main\Craps-main\src\controll\ControllCraps.java,controll.ControllCraps,sortPlayer/1[java.util.Comparator<model.Player>],out,4
D:\Project\Craps-main\Craps-main\src\controll\ControllCraps.java,controll.ControllCraps,sortPlayer/1[java.util.Comparator<model.Player>],player,2
D:\Project\Craps-main\Craps-main\src\controll\ControllCraps.java,controll.ControllCraps,addPlayer/1[java.lang.String[]],dates,5
D:\Project\Craps-main\Craps-main\src\controll\ControllCraps.java,controll.ControllCraps,actionPerformed/1[java.awt.event.ActionEvent],e,1
D:\Project\Craps-main\Craps-main\src\controll\ControllCraps.java,controll.ControllCraps,setMng/1[model.ManagementCraps],mng,2
D:\Project\Craps-main\Craps-main\src\controll\ControllCraps.java,controll.ControllCraps,getPlayers/0,out,1
D:\Project\Craps-main\Craps-main\src\model\ManagementCraps.java,model.ManagementCraps,setTurn/1[model.Player],turn,2
D:\Project\Craps-main\Craps-main\src\model\ManagementCraps.java,model.ManagementCraps,findPlayer/1[java.lang.String],nickName,1
D:\Project\Craps-main\Craps-main\src\model\ManagementCraps.java,model.ManagementCraps,"addPlayer/2[java.lang.String,java.lang.String]",nickName,3
D:\Project\Craps-main\Craps-main\src\model\ManagementCraps.java,model.ManagementCraps,"addPlayer/2[java.lang.String,java.lang.String]",name,2
D:\Project\Craps-main\Craps-main\src\model\ManagementCraps.java,model.ManagementCraps,generateDices/0,value,1
D:\Project\Craps-main\Craps-main\src\model\ManagementCraps.java,model.ManagementCraps,findNodePlayer/1[java.lang.String],nickName,1
D:\Project\Craps-main\Craps-main\src\model\ManagementCraps.java,model.ManagementCraps,generateTurn/0,value,2
D:\Project\Craps-main\Craps-main\src\model\ManagementCraps.java,model.ManagementCraps,deleteNode/1[java.lang.String],nickName,2
D:\Project\Craps-main\Craps-main\src\model\ManagementCraps.java,model.ManagementCraps,sorted/1[java.util.Comparator<model.Player>],compId,1
D:\Project\Craps-main\Craps-main\src\model\ManagementCraps.java,model.ManagementCraps,sorted/1[java.util.Comparator<model.Player>],clonPlayers,2
D:\Project\Craps-main\Craps-main\src\model\ManagementCraps.java,model.ManagementCraps,setNumber/1[int],number,2
D:\Project\Craps-main\Craps-main\src\model\Player.java,model.Player$Anonymous1,"compare/2[model.Player,model.Player]",o1,1
D:\Project\Craps-main\Craps-main\src\model\Player.java,model.Player$Anonymous1,"compare/2[model.Player,model.Player]",o2,1
D:\Project\Craps-main\Craps-main\src\model\Player.java,model.Player$Anonymous2,"compare/2[model.Player,model.Player]",o1,1
D:\Project\Craps-main\Craps-main\src\model\Player.java,model.Player$Anonymous2,"compare/2[model.Player,model.Player]",o2,1
D:\Project\Craps-main\Craps-main\src\gui\ViewPlayer.java,gui.ViewPlayer,setTxtNamePlayer/1[javax.swing.JTextField],txtNamePlayer,2
D:\Project\Craps-main\Craps-main\src\gui\ViewPlayer.java,gui.ViewPlayer,"ViewPlayer/2[gui.MainWindow,javax.swing.JDesktopPane]",desktop,3
D:\Project\Craps-main\Craps-main\src\gui\ViewPlayer.java,gui.ViewPlayer,"ViewPlayer/2[gui.MainWindow,javax.swing.JDesktopPane]",window,2
D:\Project\Craps-main\Craps-main\src\gui\ViewPlayer.java,gui.ViewPlayer,setLblShowNumberPlayers/1[javax.swing.JLabel],lblShowNumberPlayers,2
D:\Project\Craps-main\Craps-main\src\gui\ViewPlayer.java,gui.ViewPlayer,setTxtNickName/1[javax.swing.JTextField],txtNickName,2
D:\Project\Craps-main\Craps-main\src\gui\ViewPlayer.java,gui.ViewPlayer,beginElements/0,fontBtn,1
D:\Project\Craps-main\Craps-main\src\gui\ViewPlayer.java,gui.ViewPlayer,beginElements/0,fontLbl,3
D:\Project\Craps-main\Craps-main\src\gui\ViewPlayer.java,gui.ViewPlayer,beginElements/0,font,2
D:\Project\Craps-main\Craps-main\src\gui\ViewPlayer.java,gui.ViewPlayer,setBtnAddPlayer/1[javax.swing.JButton],btnAddPlayer,2
D:\Project\Craps-main\Craps-main\src\gui\ViewPlayer.java,gui.ViewPlayer,setImage/1[javax.swing.JLabel],image,2
D:\Project\Craps-main\Craps-main\src\gui\ViewPlayer.java,gui.ViewPlayer,addElements/0,gbc,32
D:\Project\Craps-main\Craps-main\src\model\ListedCircled.java,model.ListedCircled,getList/0,it,4
D:\Project\Craps-main\Craps-main\src\model\ListedCircled.java,model.ListedCircled,getList/0,out,2
D:\Project\Craps-main\Craps-main\src\model\ListedCircled.java,model.ListedCircled,findObject/1[T],node,5
D:\Project\Craps-main\Craps-main\src\model\ListedCircled.java,model.ListedCircled,findObject/1[T],info,1
D:\Project\Craps-main\Craps-main\src\model\ListedCircled.java,model.ListedCircled,ListedCircled/1[java.util.Comparator<T>],comparator,2
D:\Project\Craps-main\Craps-main\src\model\ListedCircled.java,model.ListedCircled,addSorted/1[T],node,2
D:\Project\Craps-main\Craps-main\src\model\ListedCircled.java,model.ListedCircled,addSorted/1[T],act,3
D:\Project\Craps-main\Craps-main\src\model\ListedCircled.java,model.ListedCircled,addSorted/1[T],aux,0
D:\Project\Craps-main\Craps-main\src\model\ListedCircled.java,model.ListedCircled,addSorted/1[T],info,6
D:\Project\Craps-main\Craps-main\src\model\ListedCircled.java,model.ListedCircled,findNode/1[T],it,5
D:\Project\Craps-main\Craps-main\src\model\ListedCircled.java,model.ListedCircled,findNode/1[T],info,1
D:\Project\Craps-main\Craps-main\src\model\ListedCircled.java,model.ListedCircled,addFirst/1[T],node,4
D:\Project\Craps-main\Craps-main\src\model\ListedCircled.java,model.ListedCircled,addFirst/1[T],info,1
D:\Project\Craps-main\Craps-main\src\model\ListedCircled.java,model.ListedCircled,addEnd/1[T],node,7
D:\Project\Craps-main\Craps-main\src\model\ListedCircled.java,model.ListedCircled,addEnd/1[T],info,1
D:\Project\Craps-main\Craps-main\src\model\ListedCircled.java,model.ListedCircled,getObject/1[int],node,3
D:\Project\Craps-main\Craps-main\src\model\ListedCircled.java,model.ListedCircled,getObject/1[int],pos,1
D:\Project\Craps-main\Craps-main\src\model\ListedCircled.java,model.ListedCircled,getObject/1[int],i,3
D:\Project\Craps-main\Craps-main\src\model\ListedCircled.java,model.ListedCircled,deleteNode/1[model.Node<T>],node,6
D:\Project\Craps-main\Craps-main\src\model\ListedCircled.java,model.ListedCircled,deleteNode/1[model.Node<T>],aux,8
D:\Project\Craps-main\Craps-main\src\gui\MainWindow.java,gui.MainWindow,setControll/1[controll.ControllCraps],controll,2
D:\Project\Craps-main\Craps-main\src\gui\MainWindow.java,gui.MainWindow,dices/0,diceOne,2
D:\Project\Craps-main\Craps-main\src\gui\MainWindow.java,gui.MainWindow,dices/0,sum,1
D:\Project\Craps-main\Craps-main\src\gui\MainWindow.java,gui.MainWindow,dices/0,diceTwo,2
D:\Project\Craps-main\Craps-main\src\gui\MainWindow.java,gui.MainWindow,exit/0,exit,2
D:\Project\Craps-main\Craps-main\src\gui\MainWindow.java,gui.MainWindow,refreshTable/1[java.lang.String[]],output,1
D:\Project\Craps-main\Craps-main\src\gui\MainWindow.java,gui.MainWindow,refreshTable/1[java.lang.String[]],line,1
D:\Project\Craps-main\Craps-main\src\gui\MainWindow.java,gui.MainWindow,refreshTable/1[java.lang.String[]],nickName,1
D:\Project\Craps-main\Craps-main\src\gui\MainWindow.java,gui.MainWindow,refreshTable/1[java.lang.String[]],name,1
D:\Project\Craps-main\Craps-main\src\gui\MainWindow.java,gui.MainWindow,refreshTable/1[java.lang.String[]],tokens,2
D:\Project\Craps-main\Craps-main\src\gui\MainWindow.java,gui.MainWindow,refreshTable/1[java.lang.String[]],row,1
D:\Project\Craps-main\Craps-main\src\gui\MainWindow.java,gui.MainWindow,refreshTable/1[java.lang.String[]],dtm,3
D:\Project\Craps-main\Craps-main\src\gui\MainWindow.java,gui.MainWindow,addPlayer/0,nickName,4
D:\Project\Craps-main\Craps-main\src\gui\MainWindow.java,gui.MainWindow,addPlayer/0,name,4
D:\Project\Craps-main\Craps-main\src\gui\MainWindow.java,gui.MainWindow,"writeOuput/3[java.lang.String,java.lang.String[],boolean]",output,2
D:\Project\Craps-main\Craps-main\src\gui\MainWindow.java,gui.MainWindow,"writeOuput/3[java.lang.String,java.lang.String[],boolean]",state,1
D:\Project\Craps-main\Craps-main\src\gui\MainWindow.java,gui.MainWindow,"writeOuput/3[java.lang.String,java.lang.String[],boolean]",option,1
D:\Project\Craps-main\Craps-main\src\gui\MainWindow.java,gui.MainWindow,readInput/1[java.lang.String],nickName,1
D:\Project\Craps-main\Craps-main\src\gui\MainWindow.java,gui.MainWindow,readInput/1[java.lang.String],option,1
D:\Project\Craps-main\Craps-main\src\gui\PanelBegin.java,gui.PanelBegin,setBackground/1[java.lang.String],image,1
D:\Project\Craps-main\Craps-main\src\gui\PanelBegin.java,gui.PanelBegin,setBtnPlay/1[javax.swing.JButton],btnPlay,2
D:\Project\Craps-main\Craps-main\src\gui\PanelBegin.java,gui.PanelBegin,begin/0,font1,1
D:\Project\Craps-main\Craps-main\src\gui\PanelBegin.java,gui.PanelBegin,begin/0,model,1
D:\Project\Craps-main\Craps-main\src\gui\PanelBegin.java,gui.PanelBegin,begin/0,font,2
D:\Project\Craps-main\Craps-main\src\gui\PanelBegin.java,gui.PanelBegin,setNumberOfPlayer/1[javax.swing.JSpinner],numberOfPlayer,2
D:\Project\Craps-main\Craps-main\src\gui\PanelBegin.java,gui.PanelBegin,paintComponent/1[java.awt.Graphics],g,2
D:\Project\Craps-main\Craps-main\src\gui\PanelBegin.java,gui.PanelBegin,paintComponent/1[java.awt.Graphics],width,2
D:\Project\Craps-main\Craps-main\src\gui\PanelBegin.java,gui.PanelBegin,paintComponent/1[java.awt.Graphics],height,2
D:\Project\Craps-main\Craps-main\src\gui\PanelBegin.java,gui.PanelBegin,add/0,gbc,22
D:\Project\Craps-main\Craps-main\src\gui\PanelBegin.java,gui.PanelBegin,PanelBegin/1[gui.MainWindow],window,2
D:\Project\Craps-main\Craps-main\src\gui\ViewCraps.java,gui.ViewCraps,setLblDiceTwo/1[javax.swing.JLabel],lblDiceTwo,2
D:\Project\Craps-main\Craps-main\src\gui\ViewCraps.java,gui.ViewCraps,"ViewCraps/2[gui.MainWindow,javax.swing.JDesktopPane]",desktop,3
D:\Project\Craps-main\Craps-main\src\gui\ViewCraps.java,gui.ViewCraps,"ViewCraps/2[gui.MainWindow,javax.swing.JDesktopPane]",window,2
D:\Project\Craps-main\Craps-main\src\gui\ViewCraps.java,gui.ViewCraps,setTxtDiceTwo/1[javax.swing.JTextField],txtDiceTwo,2
D:\Project\Craps-main\Craps-main\src\gui\ViewCraps.java,gui.ViewCraps,setBtnAgain/1[javax.swing.JButton],btnAgain,2
D:\Project\Craps-main\Craps-main\src\gui\ViewCraps.java,gui.ViewCraps,setTxtDiceOne/1[javax.swing.JTextField],txtDiceOne,2
D:\Project\Craps-main\Craps-main\src\gui\ViewCraps.java,gui.ViewCraps,setModel/1[javax.swing.table.DefaultTableModel],model,2
D:\Project\Craps-main\Craps-main\src\gui\ViewCraps.java,gui.ViewCraps,setTxtTurn/1[javax.swing.JTextField],txtTurn,2
D:\Project\Craps-main\Craps-main\src\gui\ViewCraps.java,gui.ViewCraps,setTable/1[javax.swing.JTable],table,2
D:\Project\Craps-main\Craps-main\src\gui\ViewCraps.java,gui.ViewCraps,setBtnPlayerStart/1[javax.swing.JButton],btnPlayerStart,2
D:\Project\Craps-main\Craps-main\src\gui\ViewCraps.java,gui.ViewCraps,setBtnPlay/1[javax.swing.JButton],btnPlay,2
D:\Project\Craps-main\Craps-main\src\gui\ViewCraps.java,gui.ViewCraps,beginElements/0,fontBtn,3
D:\Project\Craps-main\Craps-main\src\gui\ViewCraps.java,gui.ViewCraps,beginElements/0,headings,1
D:\Project\Craps-main\Craps-main\src\gui\ViewCraps.java,gui.ViewCraps,beginElements/0,fontLbl,4
D:\Project\Craps-main\Craps-main\src\gui\ViewCraps.java,gui.ViewCraps,beginElements/0,font,4
D:\Project\Craps-main\Craps-main\src\gui\ViewCraps.java,gui.ViewCraps,setLblDiceOne/1[javax.swing.JLabel],lblDiceOne,2
D:\Project\Craps-main\Craps-main\src\gui\ViewCraps.java,gui.ViewCraps,setTxtPoints/1[javax.swing.JTextField],txtPoints,2
D:\Project\Craps-main\Craps-main\src\gui\ViewCraps.java,gui.ViewCraps,setLblPoints/1[javax.swing.JLabel],lblPoints,2
D:\Project\Craps-main\Craps-main\src\gui\ViewCraps.java,gui.ViewCraps,setLblTurn/1[javax.swing.JLabel],lblTurn,2
D:\Project\Craps-main\Craps-main\src\gui\ViewCraps.java,gui.ViewCraps,addElements/0,gbc,64
D:\Project\Craps-main\Craps-main\src\model\Node.java,model.Node,setNext/1[model.Node<T>],next,2
D:\Project\Craps-main\Craps-main\src\model\Node.java,model.Node,Node/1[T],info,2
D:\Project\Craps-main\Craps-main\src\model\Node.java,model.Node,setInfo/1[T],info,2
D:\Project\Craps-main\Craps-main\src\model\Node.java,model.Node,setBefore/1[model.Node<T>],before,2
D:\Project\Craps-main\Craps-main\src\model\Player.java,model.Player,setPoint/1[byte],point,2
D:\Project\Craps-main\Craps-main\src\model\Player.java,model.Player,setNickName/1[java.lang.String],nickName,2
D:\Project\Craps-main\Craps-main\src\model\Player.java,model.Player,setNamePlayer/1[java.lang.String],namePlayer,2
D:\Project\Craps-main\Craps-main\src\model\Player.java,model.Player,setRound/1[int],round,2
D:\Project\Craps-main\Craps-main\src\model\Player.java,model.Player,"Player/2[java.lang.String,java.lang.String]",idPlayer,1
D:\Project\Craps-main\Craps-main\src\model\Player.java,model.Player,"Player/2[java.lang.String,java.lang.String]",namePlayer,2
D:\Project\Craps-main\Craps-main\src\gui\Menu.java,gui.Menu,setHelp/1[javax.swing.JMenu],help,2
D:\Project\Craps-main\Craps-main\src\gui\Menu.java,gui.Menu,setAddPlayer/1[javax.swing.JMenuItem],addPlayer,2
D:\Project\Craps-main\Craps-main\src\gui\Menu.java,gui.Menu,beginElements/0,font,3
D:\Project\Craps-main\Craps-main\src\gui\Menu.java,gui.Menu,setPlayer/1[javax.swing.JMenu],player,2
D:\Project\Craps-main\Craps-main\src\gui\Menu.java,gui.Menu,Menu/1[gui.MainWindow],window,2
D:\Project\Craps-main\Craps-main\src\gui\Menu.java,gui.Menu,setCraps/1[javax.swing.JMenu],craps,2
D:\Project\Craps-main\Craps-main\src\model\ActionsCraps.java,model.ActionsCraps,setControll/1[controll.ControllCraps],controll,0
D:\Project\Craps-main\Craps-main\src\model\ActionsCraps.java,model.ActionsCraps,readInput/1[java.lang.String],option,0
D:\Project\Craps-main\Craps-main\src\model\ActionsCraps.java,model.ActionsCraps,"writeOuput/3[java.lang.String,java.lang.String[],boolean]",output,0
D:\Project\Craps-main\Craps-main\src\model\ActionsCraps.java,model.ActionsCraps,"writeOuput/3[java.lang.String,java.lang.String[],boolean]",state,0
D:\Project\Craps-main\Craps-main\src\model\ActionsCraps.java,model.ActionsCraps,"writeOuput/3[java.lang.String,java.lang.String[],boolean]",option,0
D:\Project\Craps-main\Craps-main\src\gui\ViewHelp.java,gui.ViewHelp,"ViewHelp/2[gui.MainWindow,javax.swing.JDesktopPane]",desktop,3
D:\Project\Craps-main\Craps-main\src\gui\ViewHelp.java,gui.ViewHelp,"ViewHelp/2[gui.MainWindow,javax.swing.JDesktopPane]",window,2
D:\Project\Craps-main\Craps-main\src\gui\ViewHelp.java,gui.ViewHelp,beginComponents/0,font,1
D:\Project\Craps-main\Craps-main\src\model\Craps.java,model.Craps,"Craps/3[byte,byte,int]",diceOne,2
D:\Project\Craps-main\Craps-main\src\model\Craps.java,model.Craps,"Craps/3[byte,byte,int]",diceTwo,2
D:\Project\Craps-main\Craps-main\src\model\Craps.java,model.Craps,"Craps/3[byte,byte,int]",token,2
D:\Project\Craps-main\Craps-main\src\model\Craps.java,model.Craps,setToken/1[int],token,2
D:\Project\Craps-main\Craps-main\src\model\Craps.java,model.Craps,setDiceOne/1[byte],diceOne,2
D:\Project\Craps-main\Craps-main\src\model\Craps.java,model.Craps,setDiceTwo/1[byte],diceTwo,2
D:\Project\Craps-main\Craps-main\src\run\Runner.java,run.Runner,main/1[java.lang.String[]],args,0
D:\Project\Craps-main\Craps-main\src\run\Runner.java,run.Runner,main/1[java.lang.String[]],view,4
D:\Project\Craps-main\Craps-main\src\run\Runner.java,run.Runner,main/1[java.lang.String[]],controll,1
