file,class,type,cbo,cboModified,fanin,fanout,wmc,dit,noc,rfc,lcom,lcom*,tcc,lcc,totalMethodsQty,staticMethodsQty,publicMethodsQty,privateMethodsQty,protectedMethodsQty,defaultMethodsQty,visibleMethodsQty,abstractMethodsQty,finalMethodsQty,synchronizedMethodsQty,totalFieldsQty,staticFieldsQty,publicFieldsQty,privateFieldsQty,protectedFieldsQty,defaultFieldsQty,finalFieldsQty,synchronizedFieldsQty,nosi,loc,returnQty,loopQty,comparisonsQty,tryCatchQty,parenthesizedExpsQty,stringLiteralsQty,numbersQty,assignmentsQty,mathOperationsQty,variablesQty,maxNestedBlocksQty,anonymousClassesQty,innerClassesQty,lambdasQty,uniqueWordsQty,modifiers,logStatementsQty
D:\Project\Detection\SFC-The-Game-master\SFC-The-Game-master\src\game\level\Blood.java,game.level.Blood$Anonymous1,anonymous,2,2,0,2,2,1,0,3,0,0.0,NaN,NaN,1,0,1,0,0,0,1,0,0,0,0,0,0,0,0,0,0,0,1,11,0,0,0,1,0,0,1,0,0,0,1,0,0,0,11,-1,0
D:\Project\Detection\SFC-The-Game-master\SFC-The-Game-master\src\game\level\Blood.java,game.level.Blood$Anonymous2,anonymous,1,1,0,1,2,1,0,2,0,0.0,NaN,NaN,1,0,1,0,0,0,1,0,0,0,0,0,0,0,0,0,0,0,1,13,0,0,0,1,0,0,3,2,0,0,1,0,0,0,9,-1,0
D:\Project\Detection\SFC-The-Game-master\SFC-The-Game-master\src\game\level\Blood.java,game.level.Blood$Anonymous3,anonymous,1,1,0,1,2,1,0,2,0,0.0,NaN,NaN,1,0,1,0,0,0,1,0,0,0,0,0,0,0,0,0,0,0,1,13,0,0,0,1,0,0,3,2,0,0,1,0,0,0,9,-1,0
D:\Project\Detection\SFC-The-Game-master\SFC-The-Game-master\src\game\level\Blood.java,game.level.Blood$Anonymous4,anonymous,1,1,0,1,2,1,0,7,0,0.0,NaN,NaN,1,0,1,0,0,0,1,0,0,0,0,0,0,0,0,0,0,0,7,16,0,0,0,1,0,7,0,4,1,2,1,0,0,0,20,-1,0
D:\Project\Detection\SFC-The-Game-master\SFC-The-Game-master\src\game\level\Breast.java,game.level.Breast$Anonymous4,anonymous,1,1,0,1,2,1,0,9,0,0.0,NaN,NaN,1,0,1,0,0,0,1,0,0,0,0,0,0,0,0,0,0,0,7,19,0,0,0,1,0,7,0,5,1,3,1,0,0,0,21,-1,0
D:\Project\Detection\SFC-The-Game-master\SFC-The-Game-master\src\game\operator\GamePanel.java,game.operator.GamePanel,class,3,5,2,3,20,5,0,32,79,0.83333343,0.018181818,0.018181818,15,0,11,4,0,0,11,0,0,0,6,0,0,6,0,0,0,0,5,86,0,1,1,1,0,2,8,14,3,10,2,0,0,0,67,1,0
D:\Project\Detection\SFC-The-Game-master\SFC-The-Game-master\src\object\structure\Square.java,object.structure.Square,class,0,9,9,0,17,1,1,1,0,0.46153846,0.6923077,1.0,13,0,13,0,0,0,13,0,0,0,4,0,0,4,0,0,0,0,1,55,7,0,0,0,2,2,6,16,2,4,1,0,0,0,19,1,0
D:\Project\Detection\SFC-The-Game-master\SFC-The-Game-master\src\object\structure\MotionCell.java,object.structure.MotionCell,class,3,5,2,3,13,3,0,6,18,0.73214287,0.06666667,0.06666667,8,0,6,2,0,0,6,0,0,0,4,0,0,4,0,0,0,0,0,49,0,0,0,0,0,0,0,9,4,7,1,0,0,0,21,1,0
D:\Project\Detection\SFC-The-Game-master\SFC-The-Game-master\src\game\operator\GameManager.java,game.operator.GameManager,class,12,29,17,12,20,1,0,10,0,0.65000004,0.5277778,1.0,10,0,8,1,1,0,9,0,0,0,3,0,0,3,0,0,0,0,2,107,1,0,0,0,0,0,3,28,0,5,1,0,0,0,88,1,0
D:\Project\Detection\SFC-The-Game-master\SFC-The-Game-master\src\game\frame\HowToPlay.java,game.frame.HowToPlay,class,4,6,2,4,14,2,0,15,15,0.71428573,0.06666667,0.06666667,7,0,6,1,0,0,6,0,0,0,3,0,0,3,0,0,0,0,4,57,0,3,3,1,1,6,7,12,0,9,2,0,0,0,47,1,0
D:\Project\Detection\SFC-The-Game-master\SFC-The-Game-master\src\game\level\Breast.java,game.level.Breast$Anonymous3,anonymous,2,2,0,2,2,1,0,3,0,0.0,NaN,NaN,1,0,1,0,0,0,1,0,0,0,0,0,0,0,0,0,0,0,1,11,0,0,0,1,0,0,1,0,0,0,1,0,0,0,11,-1,0
D:\Project\Detection\SFC-The-Game-master\SFC-The-Game-master\src\game\frame\Opening.java,game.frame.Opening,class,6,8,2,6,7,2,0,12,17,0.7714286,0.06666667,0.06666667,7,0,6,1,0,0,6,0,0,0,4,1,0,4,0,0,1,0,4,47,0,0,0,0,0,6,9,6,0,5,0,1,0,0,62,1,0
D:\Project\Detection\SFC-The-Game-master\SFC-The-Game-master\src\game\level\Breast.java,game.level.Breast$Anonymous2,anonymous,1,1,0,1,2,1,0,2,0,0.0,NaN,NaN,1,0,1,0,0,0,1,0,0,0,0,0,0,0,0,0,0,0,1,13,0,0,0,1,0,0,3,2,0,0,1,0,0,0,9,-1,0
D:\Project\Detection\SFC-The-Game-master\SFC-The-Game-master\src\game\level\Breast.java,game.level.Breast$Anonymous1,anonymous,1,1,0,1,2,1,0,2,0,0.0,NaN,NaN,1,0,1,0,0,0,1,0,0,0,0,0,0,0,0,0,0,0,1,13,0,0,0,1,0,0,3,2,0,0,1,0,0,0,9,-1,0
D:\Project\Detection\SFC-The-Game-master\SFC-The-Game-master\src\game\frame\Dashboard.java,game.frame.Dashboard,class,9,14,5,9,57,2,0,52,110,0.8617514,0.14285715,0.14285715,21,0,6,14,1,0,7,0,0,0,14,2,0,14,0,0,2,0,39,314,0,6,4,4,1,54,176,70,5,50,4,0,0,0,136,1,0
D:\Project\Detection\SFC-The-Game-master\SFC-The-Game-master\src\object\structure\Cell.java,object.structure.Cell$Anonymous1,anonymous,0,0,0,0,3,1,0,1,0,0.0,NaN,NaN,1,0,1,0,0,0,1,0,0,0,0,0,0,0,0,0,0,0,1,11,0,1,1,0,1,0,1,2,2,0,2,0,0,0,8,-1,0
D:\Project\Detection\SFC-The-Game-master\SFC-The-Game-master\src\game\frame\NewUser.java,game.frame.NewUser,class,7,13,6,7,21,2,0,30,8,0.66071427,0.2857143,0.2857143,8,0,6,1,1,0,7,0,0,0,4,0,0,4,0,0,3,0,6,95,0,0,2,1,0,14,36,14,3,10,2,0,0,0,48,1,0
D:\Project\Detection\SFC-The-Game-master\SFC-The-Game-master\src\game\frame\Opening.java,game.frame.Opening$Anonymous1,anonymous,1,1,0,1,2,1,0,3,0,0.0,NaN,NaN,1,0,1,0,0,0,1,0,0,0,0,0,0,0,0,0,0,0,1,11,0,0,0,1,0,0,1,0,1,0,1,0,0,0,8,-1,0
D:\Project\Detection\SFC-The-Game-master\SFC-The-Game-master\src\object\structure\Sound.java,object.structure.Sound,class,1,21,20,1,12,1,0,12,0,0.0,1.0,1.0,7,0,7,0,0,0,7,0,0,1,1,0,0,1,0,0,0,0,5,41,2,0,0,1,0,0,2,1,0,1,1,0,0,0,42,1,0
D:\Project\Detection\SFC-The-Game-master\SFC-The-Game-master\src\game\level\Lung.java,game.level.Lung,class,9,11,2,9,78,2,0,57,142,0.87909055,0.52380955,0.71428573,25,0,6,18,1,0,7,0,0,0,19,2,0,19,0,0,3,0,42,409,4,5,13,1,4,32,245,107,7,54,3,4,0,0,131,1,0
D:\Project\Detection\SFC-The-Game-master\SFC-The-Game-master\src\game\operator\TheGame.java,game.operator.TheGame,class,3,4,1,3,2,1,0,7,1,0.5,NaN,NaN,2,1,1,1,0,0,1,0,0,0,1,1,0,0,0,1,0,0,1,15,0,0,0,0,0,1,0,1,0,1,0,0,0,0,29,1,0
D:\Project\Detection\SFC-The-Game-master\SFC-The-Game-master\src\game\level\Breast.java,game.level.Breast,class,10,12,2,10,78,2,0,60,142,0.8790473,0.47619048,0.47619048,25,0,6,18,1,0,7,0,0,0,17,2,0,17,0,0,3,0,40,397,4,6,14,1,4,29,239,95,6,53,4,4,0,0,131,1,0
D:\Project\Detection\SFC-The-Game-master\SFC-The-Game-master\src\game\level\Blood.java,game.level.Blood,class,9,11,2,9,81,2,0,58,128,0.8761903,0.71428573,0.71428573,25,0,6,18,1,0,7,0,0,0,18,2,0,18,0,0,2,0,41,393,6,6,13,1,4,31,211,96,7,52,3,4,0,0,252,1,0
D:\Project\Detection\SFC-The-Game-master\SFC-The-Game-master\src\game\operator\Game.java,game.operator.Game,class,2,15,13,2,2,1,0,3,1,1.0,0.0,0.0,2,2,2,0,0,0,2,0,0,0,4,4,4,0,0,0,4,0,0,35,2,0,0,0,0,2,3,4,1,4,0,0,2,0,68,1,0
D:\Project\Detection\SFC-The-Game-master\SFC-The-Game-master\src\game\frame\Training.java,game.frame.Training,class,6,8,2,6,46,2,0,34,40,0.8028847,0.2857143,0.2857143,13,0,6,6,1,0,7,0,0,0,7,0,0,7,0,0,2,0,11,211,0,4,7,1,1,27,138,53,1,25,2,0,0,0,77,1,0
D:\Project\Detection\SFC-The-Game-master\SFC-The-Game-master\src\game\frame\Pause.java,game.frame.Pause,class,6,7,1,6,25,2,0,16,15,0.68571436,0.14285715,0.14285715,7,0,6,0,1,0,7,0,0,0,5,1,0,5,0,0,0,0,3,97,0,1,5,0,0,7,37,21,0,8,2,0,0,0,34,1,0
D:\Project\Detection\SFC-The-Game-master\SFC-The-Game-master\src\game\level\Lung.java,game.level.Lung$Anonymous1,anonymous,1,1,0,1,2,1,0,2,0,0.0,NaN,NaN,1,0,1,0,0,0,1,0,0,0,0,0,0,0,0,0,0,0,1,13,0,0,0,1,0,0,3,2,0,0,1,0,0,0,9,-1,0
D:\Project\Detection\SFC-The-Game-master\SFC-The-Game-master\src\game\level\Lung.java,game.level.Lung$Anonymous2,anonymous,1,1,0,1,2,1,0,2,0,0.0,NaN,NaN,1,0,1,0,0,0,1,0,0,0,0,0,0,0,0,0,0,0,1,13,0,0,0,1,0,0,3,2,0,0,1,0,0,0,9,-1,0
D:\Project\Detection\SFC-The-Game-master\SFC-The-Game-master\src\game\level\Lung.java,game.level.Lung$Anonymous3,anonymous,2,2,0,2,2,1,0,3,0,0.0,NaN,NaN,1,0,1,0,0,0,1,0,0,0,0,0,0,0,0,0,0,0,1,11,0,0,0,1,0,0,1,0,0,0,1,0,0,0,11,-1,0
D:\Project\Detection\SFC-The-Game-master\SFC-The-Game-master\src\game\level\Lung.java,game.level.Lung$Anonymous4,anonymous,1,1,0,1,2,1,0,9,0,0.0,NaN,NaN,1,0,1,0,0,0,1,0,0,0,0,0,0,0,0,0,0,0,7,19,0,0,0,1,0,7,0,5,1,3,1,0,0,0,21,-1,0
D:\Project\Detection\SFC-The-Game-master\SFC-The-Game-master\src\game\operator\Game.java,game.operator.Game$Colors,innerclass,0,0,0,0,0,1,0,0,0,NaN,-1.0,-1.0,0,0,0,0,0,0,0,0,0,0,4,4,4,0,0,0,0,0,0,6,0,0,0,0,0,0,12,4,0,4,0,0,0,0,25,9,0
D:\Project\Detection\SFC-The-Game-master\SFC-The-Game-master\src\object\structure\Cell.java,object.structure.Cell,class,1,5,4,1,11,2,1,7,39,0.79545456,0.14545454,0.14545454,11,0,11,0,0,0,11,0,0,0,4,0,0,4,0,0,0,0,2,53,4,0,0,0,0,2,0,7,1,4,0,1,0,0,27,1,0
D:\Project\Detection\SFC-The-Game-master\SFC-The-Game-master\src\game\frame\Menu.java,game.frame.Menu,class,7,9,2,7,24,2,0,23,22,0.725,0.14285715,0.14285715,8,0,6,1,1,0,7,0,0,0,5,1,0,5,0,0,0,0,5,108,2,1,6,1,0,10,31,20,0,12,3,0,0,0,53,1,0
D:\Project\Detection\SFC-The-Game-master\SFC-The-Game-master\src\game\operator\Game.java,game.operator.Game$Fonts,innerclass,2,2,0,2,3,1,0,6,0,0.0,NaN,NaN,1,1,1,0,0,0,1,0,0,0,0,0,0,0,0,0,0,0,3,17,2,0,0,1,0,1,0,3,1,2,1,0,0,0,27,9,0
D:\Project\Detection\SFC-The-Game-master\SFC-The-Game-master\src\game\frame\Window.java,game.frame.Window,class,1,12,11,1,5,1,10,0,10,1.0,0.0,0.0,5,0,5,0,0,0,5,5,0,0,11,10,10,0,1,0,10,0,0,18,0,0,0,0,0,0,10,10,0,11,0,0,0,0,40,1025,0
