file,class,method,variable,usage
D:\Project\Detection\SFC-The-Game-master\SFC-The-Game-master\src\game\operator\GamePanel.java,game.operator.GamePanel,initial/0,manager,1
D:\Project\Detection\SFC-The-Game-master\SFC-The-Game-master\src\game\operator\GamePanel.java,game.operator.GamePanel,initial/0,gameRunning,1
D:\Project\Detection\SFC-The-Game-master\SFC-The-Game-master\src\game\operator\GamePanel.java,game.operator.GamePanel,initial/0,screen,2
D:\Project\Detection\SFC-The-Game-master\SFC-The-Game-master\src\game\operator\GamePanel.java,game.operator.GamePanel,initial/0,pane,1
D:\Project\Detection\SFC-The-Game-master\SFC-The-Game-master\src\game\operator\GamePanel.java,game.operator.GamePanel,initial/0,gameOver,1
D:\Project\Detection\SFC-The-Game-master\SFC-The-Game-master\src\game\operator\GamePanel.java,game.operator.GamePanel,addNotify/0,runnerThread,3
D:\Project\Detection\SFC-The-Game-master\SFC-The-Game-master\src\game\operator\GamePanel.java,game.operator.GamePanel,run/0,gameRunning,1
D:\Project\Detection\SFC-The-Game-master\SFC-The-Game-master\src\game\operator\GamePanel.java,game.operator.GamePanel,render/0,screen,1
D:\Project\Detection\SFC-The-Game-master\SFC-The-Game-master\src\game\operator\GamePanel.java,game.operator.GamePanel,mouseClicked/1[java.awt.event.MouseEvent],manager,1
D:\Project\Detection\SFC-The-Game-master\SFC-The-Game-master\src\game\operator\GamePanel.java,game.operator.GamePanel,keyPressed/1[java.awt.event.KeyEvent],manager,1
D:\Project\Detection\SFC-The-Game-master\SFC-The-Game-master\src\game\operator\GamePanel.java,game.operator.GamePanel,update/0,manager,2
D:\Project\Detection\SFC-The-Game-master\SFC-The-Game-master\src\game\operator\GamePanel.java,game.operator.GamePanel,update/0,gameRunning,1
D:\Project\Detection\SFC-The-Game-master\SFC-The-Game-master\src\game\operator\GamePanel.java,game.operator.GamePanel,update/0,gameOver,1
D:\Project\Detection\SFC-The-Game-master\SFC-The-Game-master\src\game\operator\GamePanel.java,game.operator.GamePanel,draw/0,manager,1
D:\Project\Detection\SFC-The-Game-master\SFC-The-Game-master\src\game\operator\GamePanel.java,game.operator.GamePanel,draw/0,pane,1
D:\Project\Detection\SFC-The-Game-master\SFC-The-Game-master\src\object\structure\Square.java,object.structure.Square,getY/0,y,1
D:\Project\Detection\SFC-The-Game-master\SFC-The-Game-master\src\object\structure\Square.java,object.structure.Square,setWidth/1[int],width,3
D:\Project\Detection\SFC-The-Game-master\SFC-The-Game-master\src\object\structure\Square.java,object.structure.Square,"Square/2[int,int]",x,3
D:\Project\Detection\SFC-The-Game-master\SFC-The-Game-master\src\object\structure\Square.java,object.structure.Square,"Square/2[int,int]",width,1
D:\Project\Detection\SFC-The-Game-master\SFC-The-Game-master\src\object\structure\Square.java,object.structure.Square,"Square/2[int,int]",y,3
D:\Project\Detection\SFC-The-Game-master\SFC-The-Game-master\src\object\structure\Square.java,object.structure.Square,"Square/2[int,int]",height,1
D:\Project\Detection\SFC-The-Game-master\SFC-The-Game-master\src\object\structure\Square.java,object.structure.Square,"isInside/2[int,int]",x,5
D:\Project\Detection\SFC-The-Game-master\SFC-The-Game-master\src\object\structure\Square.java,object.structure.Square,"isInside/2[int,int]",width,1
D:\Project\Detection\SFC-The-Game-master\SFC-The-Game-master\src\object\structure\Square.java,object.structure.Square,"isInside/2[int,int]",y,5
D:\Project\Detection\SFC-The-Game-master\SFC-The-Game-master\src\object\structure\Square.java,object.structure.Square,"isInside/2[int,int]",height,1
D:\Project\Detection\SFC-The-Game-master\SFC-The-Game-master\src\object\structure\Square.java,object.structure.Square,getWidth/0,width,1
D:\Project\Detection\SFC-The-Game-master\SFC-The-Game-master\src\object\structure\Square.java,object.structure.Square,getHeight/0,height,1
D:\Project\Detection\SFC-The-Game-master\SFC-The-Game-master\src\object\structure\Square.java,object.structure.Square,"Square/4[int,int,int,int]",x,3
D:\Project\Detection\SFC-The-Game-master\SFC-The-Game-master\src\object\structure\Square.java,object.structure.Square,"Square/4[int,int,int,int]",width,3
D:\Project\Detection\SFC-The-Game-master\SFC-The-Game-master\src\object\structure\Square.java,object.structure.Square,"Square/4[int,int,int,int]",y,3
D:\Project\Detection\SFC-The-Game-master\SFC-The-Game-master\src\object\structure\Square.java,object.structure.Square,"Square/4[int,int,int,int]",height,3
D:\Project\Detection\SFC-The-Game-master\SFC-The-Game-master\src\object\structure\Square.java,object.structure.Square,setX/1[int],x,3
D:\Project\Detection\SFC-The-Game-master\SFC-The-Game-master\src\object\structure\Square.java,object.structure.Square,toString/0,x,1
D:\Project\Detection\SFC-The-Game-master\SFC-The-Game-master\src\object\structure\Square.java,object.structure.Square,toString/0,width,1
D:\Project\Detection\SFC-The-Game-master\SFC-The-Game-master\src\object\structure\Square.java,object.structure.Square,toString/0,y,1
D:\Project\Detection\SFC-The-Game-master\SFC-The-Game-master\src\object\structure\Square.java,object.structure.Square,toString/0,height,1
D:\Project\Detection\SFC-The-Game-master\SFC-The-Game-master\src\object\structure\Square.java,object.structure.Square,setY/1[int],y,3
D:\Project\Detection\SFC-The-Game-master\SFC-The-Game-master\src\object\structure\Square.java,object.structure.Square,Square/0,x,1
D:\Project\Detection\SFC-The-Game-master\SFC-The-Game-master\src\object\structure\Square.java,object.structure.Square,Square/0,width,1
D:\Project\Detection\SFC-The-Game-master\SFC-The-Game-master\src\object\structure\Square.java,object.structure.Square,Square/0,y,1
D:\Project\Detection\SFC-The-Game-master\SFC-The-Game-master\src\object\structure\Square.java,object.structure.Square,Square/0,height,1
D:\Project\Detection\SFC-The-Game-master\SFC-The-Game-master\src\object\structure\Square.java,object.structure.Square,getX/0,x,1
D:\Project\Detection\SFC-The-Game-master\SFC-The-Game-master\src\object\structure\Square.java,object.structure.Square,setHeight/1[int],height,3
D:\Project\Detection\SFC-The-Game-master\SFC-The-Game-master\src\object\structure\MotionCell.java,object.structure.MotionCell,setup/0,centerY,1
D:\Project\Detection\SFC-The-Game-master\SFC-The-Game-master\src\object\structure\MotionCell.java,object.structure.MotionCell,setup/0,centerX,1
D:\Project\Detection\SFC-The-Game-master\SFC-The-Game-master\src\object\structure\MotionCell.java,object.structure.MotionCell,setup/0,up,1
D:\Project\Detection\SFC-The-Game-master\SFC-The-Game-master\src\object\structure\MotionCell.java,object.structure.MotionCell,positionCheck/0,endY,1
D:\Project\Detection\SFC-The-Game-master\SFC-The-Game-master\src\object\structure\MotionCell.java,object.structure.MotionCell,positionCheck/0,endX,1
D:\Project\Detection\SFC-The-Game-master\SFC-The-Game-master\src\object\structure\MotionCell.java,object.structure.MotionCell,positionCheck/0,centerY,1
D:\Project\Detection\SFC-The-Game-master\SFC-The-Game-master\src\object\structure\MotionCell.java,object.structure.MotionCell,positionCheck/0,centerX,1
D:\Project\Detection\SFC-The-Game-master\SFC-The-Game-master\src\object\structure\MotionCell.java,object.structure.MotionCell,positionCheck/0,up,2
D:\Project\Detection\SFC-The-Game-master\SFC-The-Game-master\src\object\structure\MotionCell.java,object.structure.MotionCell,"setMotion/4[int,int,int,int]",endY,3
D:\Project\Detection\SFC-The-Game-master\SFC-The-Game-master\src\object\structure\MotionCell.java,object.structure.MotionCell,"setMotion/4[int,int,int,int]",endX,3
D:\Project\Detection\SFC-The-Game-master\SFC-The-Game-master\src\object\structure\MotionCell.java,object.structure.MotionCell,"setMotion/4[int,int,int,int]",speedY,3
D:\Project\Detection\SFC-The-Game-master\SFC-The-Game-master\src\object\structure\MotionCell.java,object.structure.MotionCell,"setMotion/4[int,int,int,int]",speedX,3
D:\Project\Detection\SFC-The-Game-master\SFC-The-Game-master\src\object\structure\MotionCell.java,object.structure.MotionCell,move/0,speedY,2
D:\Project\Detection\SFC-The-Game-master\SFC-The-Game-master\src\object\structure\MotionCell.java,object.structure.MotionCell,move/0,speedX,2
D:\Project\Detection\SFC-The-Game-master\SFC-The-Game-master\src\object\structure\MotionCell.java,object.structure.MotionCell,move/0,up,1
D:\Project\Detection\SFC-The-Game-master\SFC-The-Game-master\src\game\operator\GameManager.java,game.operator.GameManager,update/0,currentWindow,1
D:\Project\Detection\SFC-The-Game-master\SFC-The-Game-master\src\game\operator\GameManager.java,game.operator.GameManager,keyPressed/1[int],currentWindow,1
D:\Project\Detection\SFC-The-Game-master\SFC-The-Game-master\src\game\operator\GameManager.java,game.operator.GameManager,loadWindow/1[int],currentWindow,10
D:\Project\Detection\SFC-The-Game-master\SFC-The-Game-master\src\game\operator\GameManager.java,game.operator.GameManager,loadWindow/1[int],currentIndex,10
D:\Project\Detection\SFC-The-Game-master\SFC-The-Game-master\src\game\operator\GameManager.java,game.operator.GameManager,"mouseClicked/2[int,int]",currentWindow,1
D:\Project\Detection\SFC-The-Game-master\SFC-The-Game-master\src\game\operator\GameManager.java,game.operator.GameManager,GameManager/0,exitClicked,1
D:\Project\Detection\SFC-The-Game-master\SFC-The-Game-master\src\game\operator\GameManager.java,game.operator.GameManager,GameManager/0,currentIndex,1
D:\Project\Detection\SFC-The-Game-master\SFC-The-Game-master\src\game\operator\GameManager.java,game.operator.GameManager,gameExit/0,exitClicked,1
D:\Project\Detection\SFC-The-Game-master\SFC-The-Game-master\src\game\operator\GameManager.java,game.operator.GameManager,loadReleased/0,releasedWindow,2
D:\Project\Detection\SFC-The-Game-master\SFC-The-Game-master\src\game\operator\GameManager.java,game.operator.GameManager,loadReleased/0,currentWindow,3
D:\Project\Detection\SFC-The-Game-master\SFC-The-Game-master\src\game\operator\GameManager.java,game.operator.GameManager,draw/1[java.awt.Graphics2D],currentWindow,1
D:\Project\Detection\SFC-The-Game-master\SFC-The-Game-master\src\game\operator\GameManager.java,game.operator.GameManager,releaseWindow/0,releasedWindow,1
D:\Project\Detection\SFC-The-Game-master\SFC-The-Game-master\src\game\operator\GameManager.java,game.operator.GameManager,releaseWindow/0,currentWindow,1
D:\Project\Detection\SFC-The-Game-master\SFC-The-Game-master\src\game\operator\GameManager.java,game.operator.GameManager,isExit/0,exitClicked,1
D:\Project\Detection\SFC-The-Game-master\SFC-The-Game-master\src\game\frame\HowToPlay.java,game.frame.HowToPlay,HowToPlay/1[game.operator.GameManager],headerFont,1
D:\Project\Detection\SFC-The-Game-master\SFC-The-Game-master\src\game\frame\HowToPlay.java,game.frame.HowToPlay,HowToPlay/1[game.operator.GameManager],store,1
D:\Project\Detection\SFC-The-Game-master\SFC-The-Game-master\src\game\frame\HowToPlay.java,game.frame.HowToPlay,HowToPlay/1[game.operator.GameManager],textFont,1
D:\Project\Detection\SFC-The-Game-master\SFC-The-Game-master\src\game\frame\HowToPlay.java,game.frame.HowToPlay,draw/1[java.awt.Graphics2D],yPos,3
D:\Project\Detection\SFC-The-Game-master\SFC-The-Game-master\src\game\frame\HowToPlay.java,game.frame.HowToPlay,draw/1[java.awt.Graphics2D],headerFont,1
D:\Project\Detection\SFC-The-Game-master\SFC-The-Game-master\src\game\frame\HowToPlay.java,game.frame.HowToPlay,draw/1[java.awt.Graphics2D],textFont,1
D:\Project\Detection\SFC-The-Game-master\SFC-The-Game-master\src\game\frame\HowToPlay.java,game.frame.HowToPlay,draw/1[java.awt.Graphics2D],store,1
D:\Project\Detection\SFC-The-Game-master\SFC-The-Game-master\src\game\frame\HowToPlay.java,game.frame.HowToPlay,loadFile/0,store,1
D:\Project\Detection\SFC-The-Game-master\SFC-The-Game-master\src\game\frame\Opening.java,game.frame.Opening,Opening/1[game.operator.GameManager],background,1
D:\Project\Detection\SFC-The-Game-master\SFC-The-Game-master\src\game\frame\Opening.java,game.frame.Opening,Opening/1[game.operator.GameManager],titleFont,1
D:\Project\Detection\SFC-The-Game-master\SFC-The-Game-master\src\game\frame\Opening.java,game.frame.Opening,Opening/1[game.operator.GameManager],textFont,1
D:\Project\Detection\SFC-The-Game-master\SFC-The-Game-master\src\game\frame\Opening.java,game.frame.Opening,Opening/1[game.operator.GameManager],anim,1
D:\Project\Detection\SFC-The-Game-master\SFC-The-Game-master\src\game\frame\Opening.java,game.frame.Opening,counter/0,background,1
D:\Project\Detection\SFC-The-Game-master\SFC-The-Game-master\src\game\frame\Opening.java,game.frame.Opening,draw/1[java.awt.Graphics2D],titleFont,1
D:\Project\Detection\SFC-The-Game-master\SFC-The-Game-master\src\game\frame\Opening.java,game.frame.Opening,draw/1[java.awt.Graphics2D],textFont,1
D:\Project\Detection\SFC-The-Game-master\SFC-The-Game-master\src\game\frame\Opening.java,game.frame.Opening,draw/1[java.awt.Graphics2D],anim,1
D:\Project\Detection\SFC-The-Game-master\SFC-The-Game-master\src\game\frame\Dashboard.java,game.frame.Dashboard,drawToolShop/1[java.awt.Graphics2D],userInfoFont,1
D:\Project\Detection\SFC-The-Game-master\SFC-The-Game-master\src\game\frame\Dashboard.java,game.frame.Dashboard,drawToolShop/1[java.awt.Graphics2D],toolBt,4
D:\Project\Detection\SFC-The-Game-master\SFC-The-Game-master\src\game\frame\Dashboard.java,game.frame.Dashboard,loadInformations/0,highScorer,1
D:\Project\Detection\SFC-The-Game-master\SFC-The-Game-master\src\game\frame\Dashboard.java,game.frame.Dashboard,loadInformations/0,chemo,1
D:\Project\Detection\SFC-The-Game-master\SFC-The-Game-master\src\game\frame\Dashboard.java,game.frame.Dashboard,loadInformations/0,userPoint,1
D:\Project\Detection\SFC-The-Game-master\SFC-The-Game-master\src\game\frame\Dashboard.java,game.frame.Dashboard,loadInformations/0,highScore,1
D:\Project\Detection\SFC-The-Game-master\SFC-The-Game-master\src\game\frame\Dashboard.java,game.frame.Dashboard,loadInformations/0,radiation,1
D:\Project\Detection\SFC-The-Game-master\SFC-The-Game-master\src\game\frame\Dashboard.java,game.frame.Dashboard,loadInformations/0,userCash,1
D:\Project\Detection\SFC-The-Game-master\SFC-The-Game-master\src\game\frame\Dashboard.java,game.frame.Dashboard,loadInformations/0,userName,1
D:\Project\Detection\SFC-The-Game-master\SFC-The-Game-master\src\game\frame\Dashboard.java,game.frame.Dashboard,loadInformations/0,cell,1
D:\Project\Detection\SFC-The-Game-master\SFC-The-Game-master\src\game\frame\Dashboard.java,game.frame.Dashboard,loadInformations/0,surgery,1
D:\Project\Detection\SFC-The-Game-master\SFC-The-Game-master\src\game\frame\Dashboard.java,game.frame.Dashboard,resume/0,backSound,1
D:\Project\Detection\SFC-The-Game-master\SFC-The-Game-master\src\game\frame\Dashboard.java,game.frame.Dashboard,keyPressed/1[int],backSound,1
D:\Project\Detection\SFC-The-Game-master\SFC-The-Game-master\src\game\frame\Dashboard.java,game.frame.Dashboard,loadImages/0,cellImg,1
D:\Project\Detection\SFC-The-Game-master\SFC-The-Game-master\src\game\frame\Dashboard.java,game.frame.Dashboard,loadImages/0,chemoImg,1
D:\Project\Detection\SFC-The-Game-master\SFC-The-Game-master\src\game\frame\Dashboard.java,game.frame.Dashboard,loadImages/0,radioImg,1
D:\Project\Detection\SFC-The-Game-master\SFC-The-Game-master\src\game\frame\Dashboard.java,game.frame.Dashboard,loadImages/0,surgeryImg,1
D:\Project\Detection\SFC-The-Game-master\SFC-The-Game-master\src\game\frame\Dashboard.java,game.frame.Dashboard,"checkAreaClick/2[int,int]",clickSound,1
D:\Project\Detection\SFC-The-Game-master\SFC-The-Game-master\src\game\frame\Dashboard.java,game.frame.Dashboard,"checkAreaClick/2[int,int]",areaSelected,1
D:\Project\Detection\SFC-The-Game-master\SFC-The-Game-master\src\game\frame\Dashboard.java,game.frame.Dashboard,"checkAreaClick/2[int,int]",areasBt,1
D:\Project\Detection\SFC-The-Game-master\SFC-The-Game-master\src\game\frame\Dashboard.java,game.frame.Dashboard,drawUserTools/1[java.awt.Graphics2D],chemo,1
D:\Project\Detection\SFC-The-Game-master\SFC-The-Game-master\src\game\frame\Dashboard.java,game.frame.Dashboard,drawUserTools/1[java.awt.Graphics2D],radiation,1
D:\Project\Detection\SFC-The-Game-master\SFC-The-Game-master\src\game\frame\Dashboard.java,game.frame.Dashboard,drawUserTools/1[java.awt.Graphics2D],cellImg,1
D:\Project\Detection\SFC-The-Game-master\SFC-The-Game-master\src\game\frame\Dashboard.java,game.frame.Dashboard,drawUserTools/1[java.awt.Graphics2D],chemoImg,1
D:\Project\Detection\SFC-The-Game-master\SFC-The-Game-master\src\game\frame\Dashboard.java,game.frame.Dashboard,drawUserTools/1[java.awt.Graphics2D],radioImg,1
D:\Project\Detection\SFC-The-Game-master\SFC-The-Game-master\src\game\frame\Dashboard.java,game.frame.Dashboard,drawUserTools/1[java.awt.Graphics2D],surgeryImg,1
D:\Project\Detection\SFC-The-Game-master\SFC-The-Game-master\src\game\frame\Dashboard.java,game.frame.Dashboard,drawUserTools/1[java.awt.Graphics2D],usernameFont,1
D:\Project\Detection\SFC-The-Game-master\SFC-The-Game-master\src\game\frame\Dashboard.java,game.frame.Dashboard,drawUserTools/1[java.awt.Graphics2D],cell,1
D:\Project\Detection\SFC-The-Game-master\SFC-The-Game-master\src\game\frame\Dashboard.java,game.frame.Dashboard,drawUserTools/1[java.awt.Graphics2D],surgery,1
D:\Project\Detection\SFC-The-Game-master\SFC-The-Game-master\src\game\frame\Dashboard.java,game.frame.Dashboard,Dashboard/1[game.operator.GameManager],random,1
D:\Project\Detection\SFC-The-Game-master\SFC-The-Game-master\src\game\frame\Dashboard.java,game.frame.Dashboard,Dashboard/1[game.operator.GameManager],backSound,2
D:\Project\Detection\SFC-The-Game-master\SFC-The-Game-master\src\game\frame\Dashboard.java,game.frame.Dashboard,Dashboard/1[game.operator.GameManager],clickSound,1
D:\Project\Detection\SFC-The-Game-master\SFC-The-Game-master\src\game\frame\Dashboard.java,game.frame.Dashboard,Dashboard/1[game.operator.GameManager],userInfoFont,1
D:\Project\Detection\SFC-The-Game-master\SFC-The-Game-master\src\game\frame\Dashboard.java,game.frame.Dashboard,Dashboard/1[game.operator.GameManager],usernameFont,1
D:\Project\Detection\SFC-The-Game-master\SFC-The-Game-master\src\game\frame\Dashboard.java,game.frame.Dashboard,Dashboard/1[game.operator.GameManager],errorSound,1
D:\Project\Detection\SFC-The-Game-master\SFC-The-Game-master\src\game\frame\Dashboard.java,game.frame.Dashboard,Dashboard/1[game.operator.GameManager],playBtFont,1
D:\Project\Detection\SFC-The-Game-master\SFC-The-Game-master\src\game\frame\Dashboard.java,game.frame.Dashboard,Dashboard/1[game.operator.GameManager],font,1
D:\Project\Detection\SFC-The-Game-master\SFC-The-Game-master\src\game\frame\Dashboard.java,game.frame.Dashboard,saveHighScore/0,highScorer,1
D:\Project\Detection\SFC-The-Game-master\SFC-The-Game-master\src\game\frame\Dashboard.java,game.frame.Dashboard,saveHighScore/0,highScore,1
D:\Project\Detection\SFC-The-Game-master\SFC-The-Game-master\src\game\frame\Dashboard.java,game.frame.Dashboard,save/0,chemo,1
D:\Project\Detection\SFC-The-Game-master\SFC-The-Game-master\src\game\frame\Dashboard.java,game.frame.Dashboard,save/0,userPoint,1
D:\Project\Detection\SFC-The-Game-master\SFC-The-Game-master\src\game\frame\Dashboard.java,game.frame.Dashboard,save/0,radiation,1
D:\Project\Detection\SFC-The-Game-master\SFC-The-Game-master\src\game\frame\Dashboard.java,game.frame.Dashboard,save/0,userCash,1
D:\Project\Detection\SFC-The-Game-master\SFC-The-Game-master\src\game\frame\Dashboard.java,game.frame.Dashboard,save/0,userName,1
D:\Project\Detection\SFC-The-Game-master\SFC-The-Game-master\src\game\frame\Dashboard.java,game.frame.Dashboard,save/0,cell,1
D:\Project\Detection\SFC-The-Game-master\SFC-The-Game-master\src\game\frame\Dashboard.java,game.frame.Dashboard,save/0,surgery,1
D:\Project\Detection\SFC-The-Game-master\SFC-The-Game-master\src\game\frame\Dashboard.java,game.frame.Dashboard,drawAreas/1[java.awt.Graphics2D],areaSelected,1
D:\Project\Detection\SFC-The-Game-master\SFC-The-Game-master\src\game\frame\Dashboard.java,game.frame.Dashboard,drawAreas/1[java.awt.Graphics2D],userInfoFont,1
D:\Project\Detection\SFC-The-Game-master\SFC-The-Game-master\src\game\frame\Dashboard.java,game.frame.Dashboard,drawAreas/1[java.awt.Graphics2D],areasBt,4
D:\Project\Detection\SFC-The-Game-master\SFC-The-Game-master\src\game\frame\Dashboard.java,game.frame.Dashboard,update/0,highScorer,1
D:\Project\Detection\SFC-The-Game-master\SFC-The-Game-master\src\game\frame\Dashboard.java,game.frame.Dashboard,update/0,userPoint,2
D:\Project\Detection\SFC-The-Game-master\SFC-The-Game-master\src\game\frame\Dashboard.java,game.frame.Dashboard,update/0,highScore,2
D:\Project\Detection\SFC-The-Game-master\SFC-The-Game-master\src\game\frame\Dashboard.java,game.frame.Dashboard,update/0,userName,1
D:\Project\Detection\SFC-The-Game-master\SFC-The-Game-master\src\game\frame\Dashboard.java,game.frame.Dashboard,drawQuestionsBox/1[java.awt.Graphics2D],QUESTIONS,2
D:\Project\Detection\SFC-The-Game-master\SFC-The-Game-master\src\game\frame\Dashboard.java,game.frame.Dashboard,drawQuestionsBox/1[java.awt.Graphics2D],OP_COL,1
D:\Project\Detection\SFC-The-Game-master\SFC-The-Game-master\src\game\frame\Dashboard.java,game.frame.Dashboard,drawQuestionsBox/1[java.awt.Graphics2D],NON_COL,1
D:\Project\Detection\SFC-The-Game-master\SFC-The-Game-master\src\game\frame\Dashboard.java,game.frame.Dashboard,drawQuestionsBox/1[java.awt.Graphics2D],ROW,1
D:\Project\Detection\SFC-The-Game-master\SFC-The-Game-master\src\game\frame\Dashboard.java,game.frame.Dashboard,drawQuestionsBox/1[java.awt.Graphics2D],OP_ROW,1
D:\Project\Detection\SFC-The-Game-master\SFC-The-Game-master\src\game\frame\Dashboard.java,game.frame.Dashboard,drawQuestionsBox/1[java.awt.Graphics2D],font,1
D:\Project\Detection\SFC-The-Game-master\SFC-The-Game-master\src\game\frame\Dashboard.java,game.frame.Dashboard,loadButtons/0,areaSelected,1
D:\Project\Detection\SFC-The-Game-master\SFC-The-Game-master\src\game\frame\Dashboard.java,game.frame.Dashboard,loadButtons/0,toolBt,5
D:\Project\Detection\SFC-The-Game-master\SFC-The-Game-master\src\game\frame\Dashboard.java,game.frame.Dashboard,loadButtons/0,areasBt,4
D:\Project\Detection\SFC-The-Game-master\SFC-The-Game-master\src\game\frame\Dashboard.java,game.frame.Dashboard,loadButtons/0,playButton,1
D:\Project\Detection\SFC-The-Game-master\SFC-The-Game-master\src\game\frame\Dashboard.java,game.frame.Dashboard,"checkPlayClick/2[int,int]",backSound,3
D:\Project\Detection\SFC-The-Game-master\SFC-The-Game-master\src\game\frame\Dashboard.java,game.frame.Dashboard,"checkPlayClick/2[int,int]",areaSelected,2
D:\Project\Detection\SFC-The-Game-master\SFC-The-Game-master\src\game\frame\Dashboard.java,game.frame.Dashboard,"checkPlayClick/2[int,int]",ROW,1
D:\Project\Detection\SFC-The-Game-master\SFC-The-Game-master\src\game\frame\Dashboard.java,game.frame.Dashboard,"checkPlayClick/2[int,int]",errorSound,1
D:\Project\Detection\SFC-The-Game-master\SFC-The-Game-master\src\game\frame\Dashboard.java,game.frame.Dashboard,"checkPlayClick/2[int,int]",playButton,1
D:\Project\Detection\SFC-The-Game-master\SFC-The-Game-master\src\game\frame\Dashboard.java,game.frame.Dashboard,loadQuestions/0,OP_COL,1
D:\Project\Detection\SFC-The-Game-master\SFC-The-Game-master\src\game\frame\Dashboard.java,game.frame.Dashboard,loadQuestions/0,random,3
D:\Project\Detection\SFC-The-Game-master\SFC-The-Game-master\src\game\frame\Dashboard.java,game.frame.Dashboard,loadQuestions/0,NON_COL,1
D:\Project\Detection\SFC-The-Game-master\SFC-The-Game-master\src\game\frame\Dashboard.java,game.frame.Dashboard,loadQuestions/0,ROW,1
D:\Project\Detection\SFC-The-Game-master\SFC-The-Game-master\src\game\frame\Dashboard.java,game.frame.Dashboard,loadQuestions/0,OP_ROW,1
D:\Project\Detection\SFC-The-Game-master\SFC-The-Game-master\src\game\frame\Dashboard.java,game.frame.Dashboard,drawComponets/1[java.awt.Graphics2D],highScorer,1
D:\Project\Detection\SFC-The-Game-master\SFC-The-Game-master\src\game\frame\Dashboard.java,game.frame.Dashboard,drawComponets/1[java.awt.Graphics2D],userPoint,1
D:\Project\Detection\SFC-The-Game-master\SFC-The-Game-master\src\game\frame\Dashboard.java,game.frame.Dashboard,drawComponets/1[java.awt.Graphics2D],highScore,1
D:\Project\Detection\SFC-The-Game-master\SFC-The-Game-master\src\game\frame\Dashboard.java,game.frame.Dashboard,drawComponets/1[java.awt.Graphics2D],userInfoFont,1
D:\Project\Detection\SFC-The-Game-master\SFC-The-Game-master\src\game\frame\Dashboard.java,game.frame.Dashboard,drawComponets/1[java.awt.Graphics2D],usernameFont,1
D:\Project\Detection\SFC-The-Game-master\SFC-The-Game-master\src\game\frame\Dashboard.java,game.frame.Dashboard,drawComponets/1[java.awt.Graphics2D],userCash,1
D:\Project\Detection\SFC-The-Game-master\SFC-The-Game-master\src\game\frame\Dashboard.java,game.frame.Dashboard,drawComponets/1[java.awt.Graphics2D],userName,1
D:\Project\Detection\SFC-The-Game-master\SFC-The-Game-master\src\game\frame\Dashboard.java,game.frame.Dashboard,drawComponets/1[java.awt.Graphics2D],playButton,4
D:\Project\Detection\SFC-The-Game-master\SFC-The-Game-master\src\game\frame\Dashboard.java,game.frame.Dashboard,drawComponets/1[java.awt.Graphics2D],playBtFont,1
D:\Project\Detection\SFC-The-Game-master\SFC-The-Game-master\src\game\frame\Dashboard.java,game.frame.Dashboard,"checkToolsClick/2[int,int]",chemo,2
D:\Project\Detection\SFC-The-Game-master\SFC-The-Game-master\src\game\frame\Dashboard.java,game.frame.Dashboard,"checkToolsClick/2[int,int]",clickSound,4
D:\Project\Detection\SFC-The-Game-master\SFC-The-Game-master\src\game\frame\Dashboard.java,game.frame.Dashboard,"checkToolsClick/2[int,int]",radiation,2
D:\Project\Detection\SFC-The-Game-master\SFC-The-Game-master\src\game\frame\Dashboard.java,game.frame.Dashboard,"checkToolsClick/2[int,int]",toolBt,1
D:\Project\Detection\SFC-The-Game-master\SFC-The-Game-master\src\game\frame\Dashboard.java,game.frame.Dashboard,"checkToolsClick/2[int,int]",userCash,8
D:\Project\Detection\SFC-The-Game-master\SFC-The-Game-master\src\game\frame\Dashboard.java,game.frame.Dashboard,"checkToolsClick/2[int,int]",errorSound,4
D:\Project\Detection\SFC-The-Game-master\SFC-The-Game-master\src\game\frame\Dashboard.java,game.frame.Dashboard,"checkToolsClick/2[int,int]",cell,2
D:\Project\Detection\SFC-The-Game-master\SFC-The-Game-master\src\game\frame\Dashboard.java,game.frame.Dashboard,"checkToolsClick/2[int,int]",surgery,2
D:\Project\Detection\SFC-The-Game-master\SFC-The-Game-master\src\game\frame\NewUser.java,game.frame.NewUser,saveUser/0,userName,1
D:\Project\Detection\SFC-The-Game-master\SFC-The-Game-master\src\game\frame\NewUser.java,game.frame.NewUser,NewUser/1[game.operator.GameManager],typingSound,1
D:\Project\Detection\SFC-The-Game-master\SFC-The-Game-master\src\game\frame\NewUser.java,game.frame.NewUser,NewUser/1[game.operator.GameManager],cancelBt,1
D:\Project\Detection\SFC-The-Game-master\SFC-The-Game-master\src\game\frame\NewUser.java,game.frame.NewUser,NewUser/1[game.operator.GameManager],textFont,1
D:\Project\Detection\SFC-The-Game-master\SFC-The-Game-master\src\game\frame\NewUser.java,game.frame.NewUser,NewUser/1[game.operator.GameManager],userName,1
D:\Project\Detection\SFC-The-Game-master\SFC-The-Game-master\src\game\frame\NewUser.java,game.frame.NewUser,NewUser/1[game.operator.GameManager],errorSound,1
D:\Project\Detection\SFC-The-Game-master\SFC-The-Game-master\src\game\frame\NewUser.java,game.frame.NewUser,NewUser/1[game.operator.GameManager],btFont,1
D:\Project\Detection\SFC-The-Game-master\SFC-The-Game-master\src\game\frame\NewUser.java,game.frame.NewUser,NewUser/1[game.operator.GameManager],createBt,1
D:\Project\Detection\SFC-The-Game-master\SFC-The-Game-master\src\game\frame\NewUser.java,game.frame.NewUser,"mouseClickd/2[int,int]",typingSound,2
D:\Project\Detection\SFC-The-Game-master\SFC-The-Game-master\src\game\frame\NewUser.java,game.frame.NewUser,"mouseClickd/2[int,int]",cancelBt,1
D:\Project\Detection\SFC-The-Game-master\SFC-The-Game-master\src\game\frame\NewUser.java,game.frame.NewUser,"mouseClickd/2[int,int]",userName,1
D:\Project\Detection\SFC-The-Game-master\SFC-The-Game-master\src\game\frame\NewUser.java,game.frame.NewUser,"mouseClickd/2[int,int]",createBt,1
D:\Project\Detection\SFC-The-Game-master\SFC-The-Game-master\src\game\frame\NewUser.java,game.frame.NewUser,keyPressed/1[int],typingSound,4
D:\Project\Detection\SFC-The-Game-master\SFC-The-Game-master\src\game\frame\NewUser.java,game.frame.NewUser,keyPressed/1[int],userName,8
D:\Project\Detection\SFC-The-Game-master\SFC-The-Game-master\src\game\frame\NewUser.java,game.frame.NewUser,keyPressed/1[int],errorSound,1
D:\Project\Detection\SFC-The-Game-master\SFC-The-Game-master\src\game\frame\NewUser.java,game.frame.NewUser,draw/1[java.awt.Graphics2D],cancelBt,4
D:\Project\Detection\SFC-The-Game-master\SFC-The-Game-master\src\game\frame\NewUser.java,game.frame.NewUser,draw/1[java.awt.Graphics2D],textFont,1
D:\Project\Detection\SFC-The-Game-master\SFC-The-Game-master\src\game\frame\NewUser.java,game.frame.NewUser,draw/1[java.awt.Graphics2D],userName,1
D:\Project\Detection\SFC-The-Game-master\SFC-The-Game-master\src\game\frame\NewUser.java,game.frame.NewUser,draw/1[java.awt.Graphics2D],createBt,4
D:\Project\Detection\SFC-The-Game-master\SFC-The-Game-master\src\object\structure\Sound.java,object.structure.Sound,resume/0,clip,1
D:\Project\Detection\SFC-The-Game-master\SFC-The-Game-master\src\object\structure\Sound.java,object.structure.Sound,Sound/1[java.io.InputStream],clip,2
D:\Project\Detection\SFC-The-Game-master\SFC-The-Game-master\src\object\structure\Sound.java,object.structure.Sound,isResumed/0,clip,1
D:\Project\Detection\SFC-The-Game-master\SFC-The-Game-master\src\object\structure\Sound.java,object.structure.Sound,play/0,clip,2
D:\Project\Detection\SFC-The-Game-master\SFC-The-Game-master\src\object\structure\Sound.java,object.structure.Sound,loop/0,clip,1
D:\Project\Detection\SFC-The-Game-master\SFC-The-Game-master\src\object\structure\Sound.java,object.structure.Sound,pause/0,clip,1
D:\Project\Detection\SFC-The-Game-master\SFC-The-Game-master\src\object\structure\Sound.java,object.structure.Sound,stop/0,clip,1
D:\Project\Detection\SFC-The-Game-master\SFC-The-Game-master\src\game\level\Lung.java,game.level.Lung,drawTools/1[java.awt.Graphics2D],chemo,1
D:\Project\Detection\SFC-The-Game-master\SFC-The-Game-master\src\game\level\Lung.java,game.level.Lung,drawTools/1[java.awt.Graphics2D],toolsFont,1
D:\Project\Detection\SFC-The-Game-master\SFC-The-Game-master\src\game\level\Lung.java,game.level.Lung,drawTools/1[java.awt.Graphics2D],radiationImg,1
D:\Project\Detection\SFC-The-Game-master\SFC-The-Game-master\src\game\level\Lung.java,game.level.Lung,drawTools/1[java.awt.Graphics2D],radiation,1
D:\Project\Detection\SFC-The-Game-master\SFC-The-Game-master\src\game\level\Lung.java,game.level.Lung,drawTools/1[java.awt.Graphics2D],cellImg,1
D:\Project\Detection\SFC-The-Game-master\SFC-The-Game-master\src\game\level\Lung.java,game.level.Lung,drawTools/1[java.awt.Graphics2D],chemoImg,1
D:\Project\Detection\SFC-The-Game-master\SFC-The-Game-master\src\game\level\Lung.java,game.level.Lung,drawTools/1[java.awt.Graphics2D],surgeryImg,1
D:\Project\Detection\SFC-The-Game-master\SFC-The-Game-master\src\game\level\Lung.java,game.level.Lung,drawTools/1[java.awt.Graphics2D],cell,1
D:\Project\Detection\SFC-The-Game-master\SFC-The-Game-master\src\game\level\Lung.java,game.level.Lung,drawTools/1[java.awt.Graphics2D],tools,4
D:\Project\Detection\SFC-The-Game-master\SFC-The-Game-master\src\game\level\Lung.java,game.level.Lung,drawTools/1[java.awt.Graphics2D],surgery,1
D:\Project\Detection\SFC-The-Game-master\SFC-The-Game-master\src\game\level\Lung.java,game.level.Lung,attackReaction/1[int],chemo,2
D:\Project\Detection\SFC-The-Game-master\SFC-The-Game-master\src\game\level\Lung.java,game.level.Lung,attackReaction/1[int],radiation,2
D:\Project\Detection\SFC-The-Game-master\SFC-The-Game-master\src\game\level\Lung.java,game.level.Lung,attackReaction/1[int],cell_status,1
D:\Project\Detection\SFC-The-Game-master\SFC-The-Game-master\src\game\level\Lung.java,game.level.Lung,attackReaction/1[int],cell,2
D:\Project\Detection\SFC-The-Game-master\SFC-The-Game-master\src\game\level\Lung.java,game.level.Lung,attackReaction/1[int],selectedTool,4
D:\Project\Detection\SFC-The-Game-master\SFC-The-Game-master\src\game\level\Lung.java,game.level.Lung,attackReaction/1[int],currentPoint,4
D:\Project\Detection\SFC-The-Game-master\SFC-The-Game-master\src\game\level\Lung.java,game.level.Lung,attackReaction/1[int],surgery,1
D:\Project\Detection\SFC-The-Game-master\SFC-The-Game-master\src\game\level\Lung.java,game.level.Lung,"mouseClickd/2[int,int]",toolsClicked,1
D:\Project\Detection\SFC-The-Game-master\SFC-The-Game-master\src\game\level\Lung.java,game.level.Lung,onAction/1[int],therapySound,2
D:\Project\Detection\SFC-The-Game-master\SFC-The-Game-master\src\game\level\Lung.java,game.level.Lung,onAction/1[int],chemo,2
D:\Project\Detection\SFC-The-Game-master\SFC-The-Game-master\src\game\level\Lung.java,game.level.Lung,onAction/1[int],cellCounter,1
D:\Project\Detection\SFC-The-Game-master\SFC-The-Game-master\src\game\level\Lung.java,game.level.Lung,onAction/1[int],currentCash,1
D:\Project\Detection\SFC-The-Game-master\SFC-The-Game-master\src\game\level\Lung.java,game.level.Lung,onAction/1[int],radiation,2
D:\Project\Detection\SFC-The-Game-master\SFC-The-Game-master\src\game\level\Lung.java,game.level.Lung,onAction/1[int],surgerySound,1
D:\Project\Detection\SFC-The-Game-master\SFC-The-Game-master\src\game\level\Lung.java,game.level.Lung,onAction/1[int],cell_status,4
D:\Project\Detection\SFC-The-Game-master\SFC-The-Game-master\src\game\level\Lung.java,game.level.Lung,onAction/1[int],cell,2
D:\Project\Detection\SFC-The-Game-master\SFC-The-Game-master\src\game\level\Lung.java,game.level.Lung,onAction/1[int],errorSound,1
D:\Project\Detection\SFC-The-Game-master\SFC-The-Game-master\src\game\level\Lung.java,game.level.Lung,onAction/1[int],selectedTool,5
D:\Project\Detection\SFC-The-Game-master\SFC-The-Game-master\src\game\level\Lung.java,game.level.Lung,onAction/1[int],surgery,2
D:\Project\Detection\SFC-The-Game-master\SFC-The-Game-master\src\game\level\Lung.java,game.level.Lung,onAction/1[int],currentPoint,1
D:\Project\Detection\SFC-The-Game-master\SFC-The-Game-master\src\game\level\Lung.java,game.level.Lung,loadSounds/0,therapySound,1
D:\Project\Detection\SFC-The-Game-master\SFC-The-Game-master\src\game\level\Lung.java,game.level.Lung,loadSounds/0,backSound,1
D:\Project\Detection\SFC-The-Game-master\SFC-The-Game-master\src\game\level\Lung.java,game.level.Lung,loadSounds/0,clickSound,1
D:\Project\Detection\SFC-The-Game-master\SFC-The-Game-master\src\game\level\Lung.java,game.level.Lung,loadSounds/0,timeOutSound,1
D:\Project\Detection\SFC-The-Game-master\SFC-The-Game-master\src\game\level\Lung.java,game.level.Lung,loadSounds/0,cellSound,1
D:\Project\Detection\SFC-The-Game-master\SFC-The-Game-master\src\game\level\Lung.java,game.level.Lung,loadSounds/0,gameOverSound,1
D:\Project\Detection\SFC-The-Game-master\SFC-The-Game-master\src\game\level\Lung.java,game.level.Lung,loadSounds/0,surgerySound,1
D:\Project\Detection\SFC-The-Game-master\SFC-The-Game-master\src\game\level\Lung.java,game.level.Lung,loadSounds/0,errorSound,1
D:\Project\Detection\SFC-The-Game-master\SFC-The-Game-master\src\game\level\Lung.java,game.level.Lung,drawOverPage/1[java.awt.Graphics2D],currentCash,1
D:\Project\Detection\SFC-The-Game-master\SFC-The-Game-master\src\game\level\Lung.java,game.level.Lung,drawOverPage/1[java.awt.Graphics2D],toolsFont,1
D:\Project\Detection\SFC-The-Game-master\SFC-The-Game-master\src\game\level\Lung.java,game.level.Lung,drawOverPage/1[java.awt.Graphics2D],currentPoint,1
D:\Project\Detection\SFC-The-Game-master\SFC-The-Game-master\src\game\level\Lung.java,game.level.Lung,update/0,running,1
D:\Project\Detection\SFC-The-Game-master\SFC-The-Game-master\src\game\level\Lung.java,game.level.Lung,update/0,paused,1
D:\Project\Detection\SFC-The-Game-master\SFC-The-Game-master\src\game\level\Lung.java,game.level.Lung,"checkCellClicked/2[int,int]",TOTAL,1
D:\Project\Detection\SFC-The-Game-master\SFC-The-Game-master\src\game\level\Lung.java,game.level.Lung,"checkCellClicked/2[int,int]",chemo,2
D:\Project\Detection\SFC-The-Game-master\SFC-The-Game-master\src\game\level\Lung.java,game.level.Lung,"checkCellClicked/2[int,int]",toolsClicked,1
D:\Project\Detection\SFC-The-Game-master\SFC-The-Game-master\src\game\level\Lung.java,game.level.Lung,"checkCellClicked/2[int,int]",radiation,2
D:\Project\Detection\SFC-The-Game-master\SFC-The-Game-master\src\game\level\Lung.java,game.level.Lung,"checkCellClicked/2[int,int]",cell_status,2
D:\Project\Detection\SFC-The-Game-master\SFC-The-Game-master\src\game\level\Lung.java,game.level.Lung,"checkCellClicked/2[int,int]",errorSound,2
D:\Project\Detection\SFC-The-Game-master\SFC-The-Game-master\src\game\level\Lung.java,game.level.Lung,"checkCellClicked/2[int,int]",cell,2
D:\Project\Detection\SFC-The-Game-master\SFC-The-Game-master\src\game\level\Lung.java,game.level.Lung,"checkCellClicked/2[int,int]",cellClicked,4
D:\Project\Detection\SFC-The-Game-master\SFC-The-Game-master\src\game\level\Lung.java,game.level.Lung,"checkCellClicked/2[int,int]",selectedTool,1
D:\Project\Detection\SFC-The-Game-master\SFC-The-Game-master\src\game\level\Lung.java,game.level.Lung,"checkCellClicked/2[int,int]",surgery,2
D:\Project\Detection\SFC-The-Game-master\SFC-The-Game-master\src\game\level\Lung.java,game.level.Lung,loadBackground/0,cage_pos,1
D:\Project\Detection\SFC-The-Game-master\SFC-The-Game-master\src\game\level\Lung.java,game.level.Lung,loadBackground/0,cage,1
D:\Project\Detection\SFC-The-Game-master\SFC-The-Game-master\src\game\level\Lung.java,game.level.Lung,loadBackground/0,background,1
D:\Project\Detection\SFC-The-Game-master\SFC-The-Game-master\src\game\level\Lung.java,game.level.Lung,loadBackground/0,background_pos,1
D:\Project\Detection\SFC-The-Game-master\SFC-The-Game-master\src\game\level\Lung.java,game.level.Lung,drawCells/1[java.awt.Graphics2D],TOTAL,2
D:\Project\Detection\SFC-The-Game-master\SFC-The-Game-master\src\game\level\Lung.java,game.level.Lung,drawCells/1[java.awt.Graphics2D],cancer_cell_right,1
D:\Project\Detection\SFC-The-Game-master\SFC-The-Game-master\src\game\level\Lung.java,game.level.Lung,drawCells/1[java.awt.Graphics2D],good_cell,1
D:\Project\Detection\SFC-The-Game-master\SFC-The-Game-master\src\game\level\Lung.java,game.level.Lung,drawCells/1[java.awt.Graphics2D],cell_status,7
D:\Project\Detection\SFC-The-Game-master\SFC-The-Game-master\src\game\level\Lung.java,game.level.Lung,drawCells/1[java.awt.Graphics2D],pendingCell,1
D:\Project\Detection\SFC-The-Game-master\SFC-The-Game-master\src\game\level\Lung.java,game.level.Lung,drawCells/1[java.awt.Graphics2D],cancer_cell_left,1
D:\Project\Detection\SFC-The-Game-master\SFC-The-Game-master\src\game\level\Lung.java,game.level.Lung,loadCells/0,TOTAL,1
D:\Project\Detection\SFC-The-Game-master\SFC-The-Game-master\src\game\level\Lung.java,game.level.Lung,loadCells/0,cancer_cell_right,1
D:\Project\Detection\SFC-The-Game-master\SFC-The-Game-master\src\game\level\Lung.java,game.level.Lung,loadCells/0,good_cell,1
D:\Project\Detection\SFC-The-Game-master\SFC-The-Game-master\src\game\level\Lung.java,game.level.Lung,loadCells/0,cell_status,19
D:\Project\Detection\SFC-The-Game-master\SFC-The-Game-master\src\game\level\Lung.java,game.level.Lung,loadCells/0,pendingCell,1
D:\Project\Detection\SFC-The-Game-master\SFC-The-Game-master\src\game\level\Lung.java,game.level.Lung,loadCells/0,cancer_cell_left,1
D:\Project\Detection\SFC-The-Game-master\SFC-The-Game-master\src\game\level\Lung.java,game.level.Lung,Lung/1[game.operator.GameManager],numFont,1
D:\Project\Detection\SFC-The-Game-master\SFC-The-Game-master\src\game\level\Lung.java,game.level.Lung,Lung/1[game.operator.GameManager],backSound,1
D:\Project\Detection\SFC-The-Game-master\SFC-The-Game-master\src\game\level\Lung.java,game.level.Lung,Lung/1[game.operator.GameManager],paused,1
D:\Project\Detection\SFC-The-Game-master\SFC-The-Game-master\src\game\level\Lung.java,game.level.Lung,Lung/1[game.operator.GameManager],cellCounter,1
D:\Project\Detection\SFC-The-Game-master\SFC-The-Game-master\src\game\level\Lung.java,game.level.Lung,Lung/1[game.operator.GameManager],currentCash,1
D:\Project\Detection\SFC-The-Game-master\SFC-The-Game-master\src\game\level\Lung.java,game.level.Lung,Lung/1[game.operator.GameManager],toolsClicked,1
D:\Project\Detection\SFC-The-Game-master\SFC-The-Game-master\src\game\level\Lung.java,game.level.Lung,Lung/1[game.operator.GameManager],counter,1
D:\Project\Detection\SFC-The-Game-master\SFC-The-Game-master\src\game\level\Lung.java,game.level.Lung,Lung/1[game.operator.GameManager],cellClicked,1
D:\Project\Detection\SFC-The-Game-master\SFC-The-Game-master\src\game\level\Lung.java,game.level.Lung,Lung/1[game.operator.GameManager],miliSec,1
D:\Project\Detection\SFC-The-Game-master\SFC-The-Game-master\src\game\level\Lung.java,game.level.Lung,Lung/1[game.operator.GameManager],currentPoint,1
D:\Project\Detection\SFC-The-Game-master\SFC-The-Game-master\src\game\level\Lung.java,game.level.Lung,Lung/1[game.operator.GameManager],running,1
D:\Project\Detection\SFC-The-Game-master\SFC-The-Game-master\src\game\level\Lung.java,game.level.Lung,Lung/1[game.operator.GameManager],toolsFont,1
D:\Project\Detection\SFC-The-Game-master\SFC-The-Game-master\src\game\level\Lung.java,game.level.Lung,Lung/1[game.operator.GameManager],selectedTool,1
D:\Project\Detection\SFC-The-Game-master\SFC-The-Game-master\src\game\level\Lung.java,game.level.Lung,drawStatus/1[java.awt.Graphics2D],numFont,1
D:\Project\Detection\SFC-The-Game-master\SFC-The-Game-master\src\game\level\Lung.java,game.level.Lung,drawStatus/1[java.awt.Graphics2D],TOTAL,1
D:\Project\Detection\SFC-The-Game-master\SFC-The-Game-master\src\game\level\Lung.java,game.level.Lung,drawStatus/1[java.awt.Graphics2D],cellCounter,1
D:\Project\Detection\SFC-The-Game-master\SFC-The-Game-master\src\game\level\Lung.java,game.level.Lung,drawStatus/1[java.awt.Graphics2D],toolsFont,1
D:\Project\Detection\SFC-The-Game-master\SFC-The-Game-master\src\game\level\Lung.java,game.level.Lung,drawStatus/1[java.awt.Graphics2D],radiationImg,1
D:\Project\Detection\SFC-The-Game-master\SFC-The-Game-master\src\game\level\Lung.java,game.level.Lung,drawStatus/1[java.awt.Graphics2D],cellImg,1
D:\Project\Detection\SFC-The-Game-master\SFC-The-Game-master\src\game\level\Lung.java,game.level.Lung,drawStatus/1[java.awt.Graphics2D],chemoImg,1
D:\Project\Detection\SFC-The-Game-master\SFC-The-Game-master\src\game\level\Lung.java,game.level.Lung,drawStatus/1[java.awt.Graphics2D],surgeryImg,1
D:\Project\Detection\SFC-The-Game-master\SFC-The-Game-master\src\game\level\Lung.java,game.level.Lung,drawStatus/1[java.awt.Graphics2D],counter,1
D:\Project\Detection\SFC-The-Game-master\SFC-The-Game-master\src\game\level\Lung.java,game.level.Lung,drawStatus/1[java.awt.Graphics2D],GAME_TIME,1
D:\Project\Detection\SFC-The-Game-master\SFC-The-Game-master\src\game\level\Lung.java,game.level.Lung,drawStatus/1[java.awt.Graphics2D],selectedTool,1
D:\Project\Detection\SFC-The-Game-master\SFC-The-Game-master\src\game\level\Lung.java,game.level.Lung,drawStatus/1[java.awt.Graphics2D],currentPoint,1
D:\Project\Detection\SFC-The-Game-master\SFC-The-Game-master\src\game\level\Lung.java,game.level.Lung,objectiveFinish/0,TOTAL,1
D:\Project\Detection\SFC-The-Game-master\SFC-The-Game-master\src\game\level\Lung.java,game.level.Lung,objectiveFinish/0,running,1
D:\Project\Detection\SFC-The-Game-master\SFC-The-Game-master\src\game\level\Lung.java,game.level.Lung,objectiveFinish/0,backSound,1
D:\Project\Detection\SFC-The-Game-master\SFC-The-Game-master\src\game\level\Lung.java,game.level.Lung,objectiveFinish/0,cellCounter,1
D:\Project\Detection\SFC-The-Game-master\SFC-The-Game-master\src\game\level\Lung.java,game.level.Lung,objectiveFinish/0,gameOverSound,1
D:\Project\Detection\SFC-The-Game-master\SFC-The-Game-master\src\game\level\Lung.java,game.level.Lung,objectiveFinish/0,counter,1
D:\Project\Detection\SFC-The-Game-master\SFC-The-Game-master\src\game\level\Lung.java,game.level.Lung,objectiveFinish/0,GAME_TIME,1
D:\Project\Detection\SFC-The-Game-master\SFC-The-Game-master\src\game\level\Lung.java,game.level.Lung,resume/0,backSound,1
D:\Project\Detection\SFC-The-Game-master\SFC-The-Game-master\src\game\level\Lung.java,game.level.Lung,resume/0,paused,1
D:\Project\Detection\SFC-The-Game-master\SFC-The-Game-master\src\game\level\Lung.java,game.level.Lung,resume/0,pausedTime,1
D:\Project\Detection\SFC-The-Game-master\SFC-The-Game-master\src\game\level\Lung.java,game.level.Lung,resume/0,miliSec,1
D:\Project\Detection\SFC-The-Game-master\SFC-The-Game-master\src\game\level\Lung.java,game.level.Lung,keyPressed/1[int],backSound,1
D:\Project\Detection\SFC-The-Game-master\SFC-The-Game-master\src\game\level\Lung.java,game.level.Lung,keyPressed/1[int],paused,1
D:\Project\Detection\SFC-The-Game-master\SFC-The-Game-master\src\game\level\Lung.java,game.level.Lung,keyPressed/1[int],pausedTime,1
D:\Project\Detection\SFC-The-Game-master\SFC-The-Game-master\src\game\level\Lung.java,game.level.Lung,timeCounter/0,counter,1
D:\Project\Detection\SFC-The-Game-master\SFC-The-Game-master\src\game\level\Lung.java,game.level.Lung,timeCounter/0,miliSec,1
D:\Project\Detection\SFC-The-Game-master\SFC-The-Game-master\src\game\level\Lung.java,game.level.Lung,"checkToolsClick/2[int,int]",clickSound,1
D:\Project\Detection\SFC-The-Game-master\SFC-The-Game-master\src\game\level\Lung.java,game.level.Lung,"checkToolsClick/2[int,int]",toolsClicked,1
D:\Project\Detection\SFC-The-Game-master\SFC-The-Game-master\src\game\level\Lung.java,game.level.Lung,"checkToolsClick/2[int,int]",tools,1
D:\Project\Detection\SFC-The-Game-master\SFC-The-Game-master\src\game\level\Lung.java,game.level.Lung,"checkToolsClick/2[int,int]",selectedTool,1
D:\Project\Detection\SFC-The-Game-master\SFC-The-Game-master\src\game\level\Lung.java,game.level.Lung,loadInfo/0,chemo,1
D:\Project\Detection\SFC-The-Game-master\SFC-The-Game-master\src\game\level\Lung.java,game.level.Lung,loadInfo/0,userPoint,1
D:\Project\Detection\SFC-The-Game-master\SFC-The-Game-master\src\game\level\Lung.java,game.level.Lung,loadInfo/0,radiation,1
D:\Project\Detection\SFC-The-Game-master\SFC-The-Game-master\src\game\level\Lung.java,game.level.Lung,loadInfo/0,userCash,1
D:\Project\Detection\SFC-The-Game-master\SFC-The-Game-master\src\game\level\Lung.java,game.level.Lung,loadInfo/0,userName,1
D:\Project\Detection\SFC-The-Game-master\SFC-The-Game-master\src\game\level\Lung.java,game.level.Lung,loadInfo/0,cell,1
D:\Project\Detection\SFC-The-Game-master\SFC-The-Game-master\src\game\level\Lung.java,game.level.Lung,loadInfo/0,surgery,1
D:\Project\Detection\SFC-The-Game-master\SFC-The-Game-master\src\game\level\Lung.java,game.level.Lung,loadTools/0,radiationImg,1
D:\Project\Detection\SFC-The-Game-master\SFC-The-Game-master\src\game\level\Lung.java,game.level.Lung,loadTools/0,cellImg,1
D:\Project\Detection\SFC-The-Game-master\SFC-The-Game-master\src\game\level\Lung.java,game.level.Lung,loadTools/0,good_cell,1
D:\Project\Detection\SFC-The-Game-master\SFC-The-Game-master\src\game\level\Lung.java,game.level.Lung,loadTools/0,chemoImg,1
D:\Project\Detection\SFC-The-Game-master\SFC-The-Game-master\src\game\level\Lung.java,game.level.Lung,loadTools/0,surgeryImg,1
D:\Project\Detection\SFC-The-Game-master\SFC-The-Game-master\src\game\level\Lung.java,game.level.Lung,loadTools/0,tools,5
D:\Project\Detection\SFC-The-Game-master\SFC-The-Game-master\src\game\level\Lung.java,game.level.Lung,drawBackground/1[java.awt.Graphics2D],cage_pos,1
D:\Project\Detection\SFC-The-Game-master\SFC-The-Game-master\src\game\level\Lung.java,game.level.Lung,drawBackground/1[java.awt.Graphics2D],cage,1
D:\Project\Detection\SFC-The-Game-master\SFC-The-Game-master\src\game\level\Lung.java,game.level.Lung,drawBackground/1[java.awt.Graphics2D],background,1
D:\Project\Detection\SFC-The-Game-master\SFC-The-Game-master\src\game\level\Lung.java,game.level.Lung,drawBackground/1[java.awt.Graphics2D],background_pos,1
D:\Project\Detection\SFC-The-Game-master\SFC-The-Game-master\src\game\level\Lung.java,game.level.Lung,draw/1[java.awt.Graphics2D],running,1
D:\Project\Detection\SFC-The-Game-master\SFC-The-Game-master\src\game\level\Lung.java,game.level.Lung,draw/1[java.awt.Graphics2D],paused,1
D:\Project\Detection\SFC-The-Game-master\SFC-The-Game-master\src\game\operator\TheGame.java,game.operator.TheGame,TheGame/0,gameFrame,7
D:\Project\Detection\SFC-The-Game-master\SFC-The-Game-master\src\game\level\Breast.java,game.level.Breast,Breast/1[game.operator.GameManager],numFont,1
D:\Project\Detection\SFC-The-Game-master\SFC-The-Game-master\src\game\level\Breast.java,game.level.Breast,Breast/1[game.operator.GameManager],backSound,1
D:\Project\Detection\SFC-The-Game-master\SFC-The-Game-master\src\game\level\Breast.java,game.level.Breast,Breast/1[game.operator.GameManager],paused,1
D:\Project\Detection\SFC-The-Game-master\SFC-The-Game-master\src\game\level\Breast.java,game.level.Breast,Breast/1[game.operator.GameManager],currentCash,1
D:\Project\Detection\SFC-The-Game-master\SFC-The-Game-master\src\game\level\Breast.java,game.level.Breast,Breast/1[game.operator.GameManager],cellCounter,1
D:\Project\Detection\SFC-The-Game-master\SFC-The-Game-master\src\game\level\Breast.java,game.level.Breast,Breast/1[game.operator.GameManager],toolsClicked,1
D:\Project\Detection\SFC-The-Game-master\SFC-The-Game-master\src\game\level\Breast.java,game.level.Breast,Breast/1[game.operator.GameManager],counter,1
D:\Project\Detection\SFC-The-Game-master\SFC-The-Game-master\src\game\level\Breast.java,game.level.Breast,Breast/1[game.operator.GameManager],cellClicked,1
D:\Project\Detection\SFC-The-Game-master\SFC-The-Game-master\src\game\level\Breast.java,game.level.Breast,Breast/1[game.operator.GameManager],miliSec,1
D:\Project\Detection\SFC-The-Game-master\SFC-The-Game-master\src\game\level\Breast.java,game.level.Breast,Breast/1[game.operator.GameManager],currentPoint,1
D:\Project\Detection\SFC-The-Game-master\SFC-The-Game-master\src\game\level\Breast.java,game.level.Breast,Breast/1[game.operator.GameManager],running,1
D:\Project\Detection\SFC-The-Game-master\SFC-The-Game-master\src\game\level\Breast.java,game.level.Breast,Breast/1[game.operator.GameManager],toolsFont,1
D:\Project\Detection\SFC-The-Game-master\SFC-The-Game-master\src\game\level\Breast.java,game.level.Breast,Breast/1[game.operator.GameManager],selectedTool,1
D:\Project\Detection\SFC-The-Game-master\SFC-The-Game-master\src\game\level\Breast.java,game.level.Breast,drawBackground/1[java.awt.Graphics2D],background,1
D:\Project\Detection\SFC-The-Game-master\SFC-The-Game-master\src\game\level\Breast.java,game.level.Breast,drawBackground/1[java.awt.Graphics2D],background_pos,1
D:\Project\Detection\SFC-The-Game-master\SFC-The-Game-master\src\game\level\Breast.java,game.level.Breast,drawCells/1[java.awt.Graphics2D],TOTAL,1
D:\Project\Detection\SFC-The-Game-master\SFC-The-Game-master\src\game\level\Breast.java,game.level.Breast,drawCells/1[java.awt.Graphics2D],cancer_cell_right,1
D:\Project\Detection\SFC-The-Game-master\SFC-The-Game-master\src\game\level\Breast.java,game.level.Breast,drawCells/1[java.awt.Graphics2D],good_cell,1
D:\Project\Detection\SFC-The-Game-master\SFC-The-Game-master\src\game\level\Breast.java,game.level.Breast,drawCells/1[java.awt.Graphics2D],cell_status,7
D:\Project\Detection\SFC-The-Game-master\SFC-The-Game-master\src\game\level\Breast.java,game.level.Breast,drawCells/1[java.awt.Graphics2D],pendingCell,1
D:\Project\Detection\SFC-The-Game-master\SFC-The-Game-master\src\game\level\Breast.java,game.level.Breast,drawCells/1[java.awt.Graphics2D],cancer_cell_left,1
D:\Project\Detection\SFC-The-Game-master\SFC-The-Game-master\src\game\level\Breast.java,game.level.Breast,loadCells/0,TOTAL,1
D:\Project\Detection\SFC-The-Game-master\SFC-The-Game-master\src\game\level\Breast.java,game.level.Breast,loadCells/0,cancer_cell_right,1
D:\Project\Detection\SFC-The-Game-master\SFC-The-Game-master\src\game\level\Breast.java,game.level.Breast,loadCells/0,good_cell,1
D:\Project\Detection\SFC-The-Game-master\SFC-The-Game-master\src\game\level\Breast.java,game.level.Breast,loadCells/0,cell_status,17
D:\Project\Detection\SFC-The-Game-master\SFC-The-Game-master\src\game\level\Breast.java,game.level.Breast,loadCells/0,pendingCell,1
D:\Project\Detection\SFC-The-Game-master\SFC-The-Game-master\src\game\level\Breast.java,game.level.Breast,loadCells/0,cancer_cell_left,1
D:\Project\Detection\SFC-The-Game-master\SFC-The-Game-master\src\game\level\Breast.java,game.level.Breast,drawTools/1[java.awt.Graphics2D],chemo,1
D:\Project\Detection\SFC-The-Game-master\SFC-The-Game-master\src\game\level\Breast.java,game.level.Breast,drawTools/1[java.awt.Graphics2D],toolsFont,1
D:\Project\Detection\SFC-The-Game-master\SFC-The-Game-master\src\game\level\Breast.java,game.level.Breast,drawTools/1[java.awt.Graphics2D],radiationImg,1
D:\Project\Detection\SFC-The-Game-master\SFC-The-Game-master\src\game\level\Breast.java,game.level.Breast,drawTools/1[java.awt.Graphics2D],radiation,1
D:\Project\Detection\SFC-The-Game-master\SFC-The-Game-master\src\game\level\Breast.java,game.level.Breast,drawTools/1[java.awt.Graphics2D],cellImg,1
D:\Project\Detection\SFC-The-Game-master\SFC-The-Game-master\src\game\level\Breast.java,game.level.Breast,drawTools/1[java.awt.Graphics2D],chemoImg,1
D:\Project\Detection\SFC-The-Game-master\SFC-The-Game-master\src\game\level\Breast.java,game.level.Breast,drawTools/1[java.awt.Graphics2D],surgeryImg,1
D:\Project\Detection\SFC-The-Game-master\SFC-The-Game-master\src\game\level\Breast.java,game.level.Breast,drawTools/1[java.awt.Graphics2D],cell,1
D:\Project\Detection\SFC-The-Game-master\SFC-The-Game-master\src\game\level\Breast.java,game.level.Breast,drawTools/1[java.awt.Graphics2D],tools,4
D:\Project\Detection\SFC-The-Game-master\SFC-The-Game-master\src\game\level\Breast.java,game.level.Breast,drawTools/1[java.awt.Graphics2D],surgery,1
D:\Project\Detection\SFC-The-Game-master\SFC-The-Game-master\src\game\level\Breast.java,game.level.Breast,resume/0,backSound,1
D:\Project\Detection\SFC-The-Game-master\SFC-The-Game-master\src\game\level\Breast.java,game.level.Breast,resume/0,paused,1
D:\Project\Detection\SFC-The-Game-master\SFC-The-Game-master\src\game\level\Breast.java,game.level.Breast,resume/0,pausedTime,1
D:\Project\Detection\SFC-The-Game-master\SFC-The-Game-master\src\game\level\Breast.java,game.level.Breast,resume/0,miliSec,1
D:\Project\Detection\SFC-The-Game-master\SFC-The-Game-master\src\game\level\Breast.java,game.level.Breast,onAction/1[int],therapySound,2
D:\Project\Detection\SFC-The-Game-master\SFC-The-Game-master\src\game\level\Breast.java,game.level.Breast,onAction/1[int],chemo,2
D:\Project\Detection\SFC-The-Game-master\SFC-The-Game-master\src\game\level\Breast.java,game.level.Breast,onAction/1[int],cellCounter,1
D:\Project\Detection\SFC-The-Game-master\SFC-The-Game-master\src\game\level\Breast.java,game.level.Breast,onAction/1[int],currentCash,1
D:\Project\Detection\SFC-The-Game-master\SFC-The-Game-master\src\game\level\Breast.java,game.level.Breast,onAction/1[int],radiation,2
D:\Project\Detection\SFC-The-Game-master\SFC-The-Game-master\src\game\level\Breast.java,game.level.Breast,onAction/1[int],surgerySound,1
D:\Project\Detection\SFC-The-Game-master\SFC-The-Game-master\src\game\level\Breast.java,game.level.Breast,onAction/1[int],cell_status,4
D:\Project\Detection\SFC-The-Game-master\SFC-The-Game-master\src\game\level\Breast.java,game.level.Breast,onAction/1[int],errorSound,1
D:\Project\Detection\SFC-The-Game-master\SFC-The-Game-master\src\game\level\Breast.java,game.level.Breast,onAction/1[int],cell,1
D:\Project\Detection\SFC-The-Game-master\SFC-The-Game-master\src\game\level\Breast.java,game.level.Breast,onAction/1[int],selectedTool,5
D:\Project\Detection\SFC-The-Game-master\SFC-The-Game-master\src\game\level\Breast.java,game.level.Breast,onAction/1[int],surgery,2
D:\Project\Detection\SFC-The-Game-master\SFC-The-Game-master\src\game\level\Breast.java,game.level.Breast,onAction/1[int],currentPoint,1
D:\Project\Detection\SFC-The-Game-master\SFC-The-Game-master\src\game\level\Breast.java,game.level.Breast,timeCounter/0,counter,1
D:\Project\Detection\SFC-The-Game-master\SFC-The-Game-master\src\game\level\Breast.java,game.level.Breast,timeCounter/0,miliSec,1
D:\Project\Detection\SFC-The-Game-master\SFC-The-Game-master\src\game\level\Breast.java,game.level.Breast,keyPressed/1[int],backSound,1
D:\Project\Detection\SFC-The-Game-master\SFC-The-Game-master\src\game\level\Breast.java,game.level.Breast,keyPressed/1[int],paused,1
D:\Project\Detection\SFC-The-Game-master\SFC-The-Game-master\src\game\level\Breast.java,game.level.Breast,keyPressed/1[int],pausedTime,1
D:\Project\Detection\SFC-The-Game-master\SFC-The-Game-master\src\game\level\Breast.java,game.level.Breast,loadSounds/0,therapySound,1
D:\Project\Detection\SFC-The-Game-master\SFC-The-Game-master\src\game\level\Breast.java,game.level.Breast,loadSounds/0,backSound,1
D:\Project\Detection\SFC-The-Game-master\SFC-The-Game-master\src\game\level\Breast.java,game.level.Breast,loadSounds/0,clickSound,1
D:\Project\Detection\SFC-The-Game-master\SFC-The-Game-master\src\game\level\Breast.java,game.level.Breast,loadSounds/0,timeOutSound,1
D:\Project\Detection\SFC-The-Game-master\SFC-The-Game-master\src\game\level\Breast.java,game.level.Breast,loadSounds/0,cellSound,1
D:\Project\Detection\SFC-The-Game-master\SFC-The-Game-master\src\game\level\Breast.java,game.level.Breast,loadSounds/0,gameOverSound,1
D:\Project\Detection\SFC-The-Game-master\SFC-The-Game-master\src\game\level\Breast.java,game.level.Breast,loadSounds/0,surgerySound,1
D:\Project\Detection\SFC-The-Game-master\SFC-The-Game-master\src\game\level\Breast.java,game.level.Breast,loadSounds/0,errorSound,1
D:\Project\Detection\SFC-The-Game-master\SFC-The-Game-master\src\game\level\Breast.java,game.level.Breast,loadInfo/0,chemo,1
D:\Project\Detection\SFC-The-Game-master\SFC-The-Game-master\src\game\level\Breast.java,game.level.Breast,loadInfo/0,userPoint,1
D:\Project\Detection\SFC-The-Game-master\SFC-The-Game-master\src\game\level\Breast.java,game.level.Breast,loadInfo/0,radiation,1
D:\Project\Detection\SFC-The-Game-master\SFC-The-Game-master\src\game\level\Breast.java,game.level.Breast,loadInfo/0,userCash,1
D:\Project\Detection\SFC-The-Game-master\SFC-The-Game-master\src\game\level\Breast.java,game.level.Breast,loadInfo/0,userName,1
D:\Project\Detection\SFC-The-Game-master\SFC-The-Game-master\src\game\level\Breast.java,game.level.Breast,loadInfo/0,cell,1
D:\Project\Detection\SFC-The-Game-master\SFC-The-Game-master\src\game\level\Breast.java,game.level.Breast,loadInfo/0,surgery,1
D:\Project\Detection\SFC-The-Game-master\SFC-The-Game-master\src\game\level\Breast.java,game.level.Breast,"checkCellClicked/2[int,int]",TOTAL,1
D:\Project\Detection\SFC-The-Game-master\SFC-The-Game-master\src\game\level\Breast.java,game.level.Breast,"checkCellClicked/2[int,int]",chemo,2
D:\Project\Detection\SFC-The-Game-master\SFC-The-Game-master\src\game\level\Breast.java,game.level.Breast,"checkCellClicked/2[int,int]",toolsClicked,1
D:\Project\Detection\SFC-The-Game-master\SFC-The-Game-master\src\game\level\Breast.java,game.level.Breast,"checkCellClicked/2[int,int]",radiation,2
D:\Project\Detection\SFC-The-Game-master\SFC-The-Game-master\src\game\level\Breast.java,game.level.Breast,"checkCellClicked/2[int,int]",cell_status,2
D:\Project\Detection\SFC-The-Game-master\SFC-The-Game-master\src\game\level\Breast.java,game.level.Breast,"checkCellClicked/2[int,int]",errorSound,2
D:\Project\Detection\SFC-The-Game-master\SFC-The-Game-master\src\game\level\Breast.java,game.level.Breast,"checkCellClicked/2[int,int]",cell,2
D:\Project\Detection\SFC-The-Game-master\SFC-The-Game-master\src\game\level\Breast.java,game.level.Breast,"checkCellClicked/2[int,int]",cellClicked,4
D:\Project\Detection\SFC-The-Game-master\SFC-The-Game-master\src\game\level\Breast.java,game.level.Breast,"checkCellClicked/2[int,int]",selectedTool,1
D:\Project\Detection\SFC-The-Game-master\SFC-The-Game-master\src\game\level\Breast.java,game.level.Breast,"checkCellClicked/2[int,int]",surgery,2
D:\Project\Detection\SFC-The-Game-master\SFC-The-Game-master\src\game\level\Breast.java,game.level.Breast,update/0,running,1
D:\Project\Detection\SFC-The-Game-master\SFC-The-Game-master\src\game\level\Breast.java,game.level.Breast,update/0,TOTAL,1
D:\Project\Detection\SFC-The-Game-master\SFC-The-Game-master\src\game\level\Breast.java,game.level.Breast,update/0,paused,1
D:\Project\Detection\SFC-The-Game-master\SFC-The-Game-master\src\game\level\Breast.java,game.level.Breast,update/0,cell_status,1
D:\Project\Detection\SFC-The-Game-master\SFC-The-Game-master\src\game\level\Breast.java,game.level.Breast,drawOverPage/1[java.awt.Graphics2D],currentCash,1
D:\Project\Detection\SFC-The-Game-master\SFC-The-Game-master\src\game\level\Breast.java,game.level.Breast,drawOverPage/1[java.awt.Graphics2D],toolsFont,1
D:\Project\Detection\SFC-The-Game-master\SFC-The-Game-master\src\game\level\Breast.java,game.level.Breast,drawOverPage/1[java.awt.Graphics2D],currentPoint,1
D:\Project\Detection\SFC-The-Game-master\SFC-The-Game-master\src\game\level\Breast.java,game.level.Breast,drawStatus/1[java.awt.Graphics2D],numFont,1
D:\Project\Detection\SFC-The-Game-master\SFC-The-Game-master\src\game\level\Breast.java,game.level.Breast,drawStatus/1[java.awt.Graphics2D],TOTAL,1
D:\Project\Detection\SFC-The-Game-master\SFC-The-Game-master\src\game\level\Breast.java,game.level.Breast,drawStatus/1[java.awt.Graphics2D],cellCounter,1
D:\Project\Detection\SFC-The-Game-master\SFC-The-Game-master\src\game\level\Breast.java,game.level.Breast,drawStatus/1[java.awt.Graphics2D],toolsFont,1
D:\Project\Detection\SFC-The-Game-master\SFC-The-Game-master\src\game\level\Breast.java,game.level.Breast,drawStatus/1[java.awt.Graphics2D],radiationImg,1
D:\Project\Detection\SFC-The-Game-master\SFC-The-Game-master\src\game\level\Breast.java,game.level.Breast,drawStatus/1[java.awt.Graphics2D],cellImg,1
D:\Project\Detection\SFC-The-Game-master\SFC-The-Game-master\src\game\level\Breast.java,game.level.Breast,drawStatus/1[java.awt.Graphics2D],chemoImg,1
D:\Project\Detection\SFC-The-Game-master\SFC-The-Game-master\src\game\level\Breast.java,game.level.Breast,drawStatus/1[java.awt.Graphics2D],surgeryImg,1
D:\Project\Detection\SFC-The-Game-master\SFC-The-Game-master\src\game\level\Breast.java,game.level.Breast,drawStatus/1[java.awt.Graphics2D],counter,1
D:\Project\Detection\SFC-The-Game-master\SFC-The-Game-master\src\game\level\Breast.java,game.level.Breast,drawStatus/1[java.awt.Graphics2D],selectedTool,1
D:\Project\Detection\SFC-The-Game-master\SFC-The-Game-master\src\game\level\Breast.java,game.level.Breast,loadTools/0,radiationImg,1
D:\Project\Detection\SFC-The-Game-master\SFC-The-Game-master\src\game\level\Breast.java,game.level.Breast,loadTools/0,cellImg,1
D:\Project\Detection\SFC-The-Game-master\SFC-The-Game-master\src\game\level\Breast.java,game.level.Breast,loadTools/0,good_cell,1
D:\Project\Detection\SFC-The-Game-master\SFC-The-Game-master\src\game\level\Breast.java,game.level.Breast,loadTools/0,chemoImg,1
D:\Project\Detection\SFC-The-Game-master\SFC-The-Game-master\src\game\level\Breast.java,game.level.Breast,loadTools/0,surgeryImg,1
D:\Project\Detection\SFC-The-Game-master\SFC-The-Game-master\src\game\level\Breast.java,game.level.Breast,loadTools/0,tools,5
D:\Project\Detection\SFC-The-Game-master\SFC-The-Game-master\src\game\level\Breast.java,game.level.Breast,draw/1[java.awt.Graphics2D],running,1
D:\Project\Detection\SFC-The-Game-master\SFC-The-Game-master\src\game\level\Breast.java,game.level.Breast,draw/1[java.awt.Graphics2D],paused,1
D:\Project\Detection\SFC-The-Game-master\SFC-The-Game-master\src\game\level\Breast.java,game.level.Breast,attackReaction/1[int],chemo,2
D:\Project\Detection\SFC-The-Game-master\SFC-The-Game-master\src\game\level\Breast.java,game.level.Breast,attackReaction/1[int],radiation,2
D:\Project\Detection\SFC-The-Game-master\SFC-The-Game-master\src\game\level\Breast.java,game.level.Breast,attackReaction/1[int],cell,2
D:\Project\Detection\SFC-The-Game-master\SFC-The-Game-master\src\game\level\Breast.java,game.level.Breast,attackReaction/1[int],selectedTool,4
D:\Project\Detection\SFC-The-Game-master\SFC-The-Game-master\src\game\level\Breast.java,game.level.Breast,attackReaction/1[int],currentPoint,4
D:\Project\Detection\SFC-The-Game-master\SFC-The-Game-master\src\game\level\Breast.java,game.level.Breast,attackReaction/1[int],surgery,1
D:\Project\Detection\SFC-The-Game-master\SFC-The-Game-master\src\game\level\Breast.java,game.level.Breast,"checkToolsClick/2[int,int]",clickSound,1
D:\Project\Detection\SFC-The-Game-master\SFC-The-Game-master\src\game\level\Breast.java,game.level.Breast,"checkToolsClick/2[int,int]",toolsClicked,1
D:\Project\Detection\SFC-The-Game-master\SFC-The-Game-master\src\game\level\Breast.java,game.level.Breast,"checkToolsClick/2[int,int]",tools,1
D:\Project\Detection\SFC-The-Game-master\SFC-The-Game-master\src\game\level\Breast.java,game.level.Breast,"checkToolsClick/2[int,int]",selectedTool,1
D:\Project\Detection\SFC-The-Game-master\SFC-The-Game-master\src\game\level\Breast.java,game.level.Breast,loadBackground/0,background,1
D:\Project\Detection\SFC-The-Game-master\SFC-The-Game-master\src\game\level\Breast.java,game.level.Breast,loadBackground/0,background_pos,1
D:\Project\Detection\SFC-The-Game-master\SFC-The-Game-master\src\game\level\Breast.java,game.level.Breast,objectiveFinish/0,TOTAL,1
D:\Project\Detection\SFC-The-Game-master\SFC-The-Game-master\src\game\level\Breast.java,game.level.Breast,objectiveFinish/0,running,1
D:\Project\Detection\SFC-The-Game-master\SFC-The-Game-master\src\game\level\Breast.java,game.level.Breast,objectiveFinish/0,backSound,1
D:\Project\Detection\SFC-The-Game-master\SFC-The-Game-master\src\game\level\Breast.java,game.level.Breast,objectiveFinish/0,cellCounter,1
D:\Project\Detection\SFC-The-Game-master\SFC-The-Game-master\src\game\level\Breast.java,game.level.Breast,objectiveFinish/0,gameOverSound,1
D:\Project\Detection\SFC-The-Game-master\SFC-The-Game-master\src\game\level\Breast.java,game.level.Breast,objectiveFinish/0,counter,1
D:\Project\Detection\SFC-The-Game-master\SFC-The-Game-master\src\game\level\Breast.java,game.level.Breast,objectiveFinish/0,GAME_TIME,1
D:\Project\Detection\SFC-The-Game-master\SFC-The-Game-master\src\game\level\Blood.java,game.level.Blood,Blood/1[game.operator.GameManager],numFont,1
D:\Project\Detection\SFC-The-Game-master\SFC-The-Game-master\src\game\level\Blood.java,game.level.Blood,Blood/1[game.operator.GameManager],backSound,1
D:\Project\Detection\SFC-The-Game-master\SFC-The-Game-master\src\game\level\Blood.java,game.level.Blood,Blood/1[game.operator.GameManager],paused,1
D:\Project\Detection\SFC-The-Game-master\SFC-The-Game-master\src\game\level\Blood.java,game.level.Blood,Blood/1[game.operator.GameManager],cellCounter,1
D:\Project\Detection\SFC-The-Game-master\SFC-The-Game-master\src\game\level\Blood.java,game.level.Blood,Blood/1[game.operator.GameManager],currentCash,1
D:\Project\Detection\SFC-The-Game-master\SFC-The-Game-master\src\game\level\Blood.java,game.level.Blood,Blood/1[game.operator.GameManager],toolsClicked,1
D:\Project\Detection\SFC-The-Game-master\SFC-The-Game-master\src\game\level\Blood.java,game.level.Blood,Blood/1[game.operator.GameManager],counter,1
D:\Project\Detection\SFC-The-Game-master\SFC-The-Game-master\src\game\level\Blood.java,game.level.Blood,Blood/1[game.operator.GameManager],cellClicked,1
D:\Project\Detection\SFC-The-Game-master\SFC-The-Game-master\src\game\level\Blood.java,game.level.Blood,Blood/1[game.operator.GameManager],currentPoint,1
D:\Project\Detection\SFC-The-Game-master\SFC-The-Game-master\src\game\level\Blood.java,game.level.Blood,Blood/1[game.operator.GameManager],running,1
D:\Project\Detection\SFC-The-Game-master\SFC-The-Game-master\src\game\level\Blood.java,game.level.Blood,Blood/1[game.operator.GameManager],toolsFont,1
D:\Project\Detection\SFC-The-Game-master\SFC-The-Game-master\src\game\level\Blood.java,game.level.Blood,Blood/1[game.operator.GameManager],milliSec,1
D:\Project\Detection\SFC-The-Game-master\SFC-The-Game-master\src\game\level\Blood.java,game.level.Blood,Blood/1[game.operator.GameManager],selectedTool,1
D:\Project\Detection\SFC-The-Game-master\SFC-The-Game-master\src\game\level\Blood.java,game.level.Blood,timeCounter/0,milliSec,1
D:\Project\Detection\SFC-The-Game-master\SFC-The-Game-master\src\game\level\Blood.java,game.level.Blood,timeCounter/0,counter,1
D:\Project\Detection\SFC-The-Game-master\SFC-The-Game-master\src\game\level\Blood.java,game.level.Blood,drawStatus/1[java.awt.Graphics2D],numFont,1
D:\Project\Detection\SFC-The-Game-master\SFC-The-Game-master\src\game\level\Blood.java,game.level.Blood,drawStatus/1[java.awt.Graphics2D],TOTAL,1
D:\Project\Detection\SFC-The-Game-master\SFC-The-Game-master\src\game\level\Blood.java,game.level.Blood,drawStatus/1[java.awt.Graphics2D],cellCounter,1
D:\Project\Detection\SFC-The-Game-master\SFC-The-Game-master\src\game\level\Blood.java,game.level.Blood,drawStatus/1[java.awt.Graphics2D],toolsFont,1
D:\Project\Detection\SFC-The-Game-master\SFC-The-Game-master\src\game\level\Blood.java,game.level.Blood,drawStatus/1[java.awt.Graphics2D],radiationImg,1
D:\Project\Detection\SFC-The-Game-master\SFC-The-Game-master\src\game\level\Blood.java,game.level.Blood,drawStatus/1[java.awt.Graphics2D],cellImg,1
D:\Project\Detection\SFC-The-Game-master\SFC-The-Game-master\src\game\level\Blood.java,game.level.Blood,drawStatus/1[java.awt.Graphics2D],chemoImg,1
D:\Project\Detection\SFC-The-Game-master\SFC-The-Game-master\src\game\level\Blood.java,game.level.Blood,drawStatus/1[java.awt.Graphics2D],surgeryImg,1
D:\Project\Detection\SFC-The-Game-master\SFC-The-Game-master\src\game\level\Blood.java,game.level.Blood,drawStatus/1[java.awt.Graphics2D],counter,1
D:\Project\Detection\SFC-The-Game-master\SFC-The-Game-master\src\game\level\Blood.java,game.level.Blood,drawStatus/1[java.awt.Graphics2D],GAME_TIME,1
D:\Project\Detection\SFC-The-Game-master\SFC-The-Game-master\src\game\level\Blood.java,game.level.Blood,drawStatus/1[java.awt.Graphics2D],selectedTool,1
D:\Project\Detection\SFC-The-Game-master\SFC-The-Game-master\src\game\level\Blood.java,game.level.Blood,drawStatus/1[java.awt.Graphics2D],currentPoint,1
D:\Project\Detection\SFC-The-Game-master\SFC-The-Game-master\src\game\level\Blood.java,game.level.Blood,resume/0,backSound,1
D:\Project\Detection\SFC-The-Game-master\SFC-The-Game-master\src\game\level\Blood.java,game.level.Blood,resume/0,paused,1
D:\Project\Detection\SFC-The-Game-master\SFC-The-Game-master\src\game\level\Blood.java,game.level.Blood,resume/0,pausedTime,1
D:\Project\Detection\SFC-The-Game-master\SFC-The-Game-master\src\game\level\Blood.java,game.level.Blood,resume/0,milliSec,1
D:\Project\Detection\SFC-The-Game-master\SFC-The-Game-master\src\game\level\Blood.java,game.level.Blood,update/0,running,1
D:\Project\Detection\SFC-The-Game-master\SFC-The-Game-master\src\game\level\Blood.java,game.level.Blood,update/0,TOTAL,1
D:\Project\Detection\SFC-The-Game-master\SFC-The-Game-master\src\game\level\Blood.java,game.level.Blood,update/0,paused,1
D:\Project\Detection\SFC-The-Game-master\SFC-The-Game-master\src\game\level\Blood.java,game.level.Blood,update/0,cell_status,4
D:\Project\Detection\SFC-The-Game-master\SFC-The-Game-master\src\game\level\Blood.java,game.level.Blood,"checkToolsClick/2[int,int]",clickSound,1
D:\Project\Detection\SFC-The-Game-master\SFC-The-Game-master\src\game\level\Blood.java,game.level.Blood,"checkToolsClick/2[int,int]",toolsClicked,1
D:\Project\Detection\SFC-The-Game-master\SFC-The-Game-master\src\game\level\Blood.java,game.level.Blood,"checkToolsClick/2[int,int]",tools,1
D:\Project\Detection\SFC-The-Game-master\SFC-The-Game-master\src\game\level\Blood.java,game.level.Blood,"checkToolsClick/2[int,int]",selectedTool,1
D:\Project\Detection\SFC-The-Game-master\SFC-The-Game-master\src\game\level\Blood.java,game.level.Blood,loadCells/0,TOTAL,1
D:\Project\Detection\SFC-The-Game-master\SFC-The-Game-master\src\game\level\Blood.java,game.level.Blood,loadCells/0,cancer_cell_right,1
D:\Project\Detection\SFC-The-Game-master\SFC-The-Game-master\src\game\level\Blood.java,game.level.Blood,loadCells/0,good_cell,1
D:\Project\Detection\SFC-The-Game-master\SFC-The-Game-master\src\game\level\Blood.java,game.level.Blood,loadCells/0,cell_status,10
D:\Project\Detection\SFC-The-Game-master\SFC-The-Game-master\src\game\level\Blood.java,game.level.Blood,loadCells/0,pendingCell,1
D:\Project\Detection\SFC-The-Game-master\SFC-The-Game-master\src\game\level\Blood.java,game.level.Blood,loadCells/0,cancer_cell_left,1
D:\Project\Detection\SFC-The-Game-master\SFC-The-Game-master\src\game\level\Blood.java,game.level.Blood,"mouseClickd/2[int,int]",paused,1
D:\Project\Detection\SFC-The-Game-master\SFC-The-Game-master\src\game\level\Blood.java,game.level.Blood,"mouseClickd/2[int,int]",toolsClicked,1
D:\Project\Detection\SFC-The-Game-master\SFC-The-Game-master\src\game\level\Blood.java,game.level.Blood,loadSounds/0,therapySound,1
D:\Project\Detection\SFC-The-Game-master\SFC-The-Game-master\src\game\level\Blood.java,game.level.Blood,loadSounds/0,backSound,1
D:\Project\Detection\SFC-The-Game-master\SFC-The-Game-master\src\game\level\Blood.java,game.level.Blood,loadSounds/0,clickSound,1
D:\Project\Detection\SFC-The-Game-master\SFC-The-Game-master\src\game\level\Blood.java,game.level.Blood,loadSounds/0,timeOutSound,1
D:\Project\Detection\SFC-The-Game-master\SFC-The-Game-master\src\game\level\Blood.java,game.level.Blood,loadSounds/0,cellSound,1
D:\Project\Detection\SFC-The-Game-master\SFC-The-Game-master\src\game\level\Blood.java,game.level.Blood,loadSounds/0,gameOverSound,1
D:\Project\Detection\SFC-The-Game-master\SFC-The-Game-master\src\game\level\Blood.java,game.level.Blood,loadSounds/0,surgerySound,1
D:\Project\Detection\SFC-The-Game-master\SFC-The-Game-master\src\game\level\Blood.java,game.level.Blood,loadSounds/0,errorSound,1
D:\Project\Detection\SFC-The-Game-master\SFC-The-Game-master\src\game\level\Blood.java,game.level.Blood,loadTools/0,radiationImg,1
D:\Project\Detection\SFC-The-Game-master\SFC-The-Game-master\src\game\level\Blood.java,game.level.Blood,loadTools/0,cellImg,1
D:\Project\Detection\SFC-The-Game-master\SFC-The-Game-master\src\game\level\Blood.java,game.level.Blood,loadTools/0,good_cell,1
D:\Project\Detection\SFC-The-Game-master\SFC-The-Game-master\src\game\level\Blood.java,game.level.Blood,loadTools/0,chemoImg,1
D:\Project\Detection\SFC-The-Game-master\SFC-The-Game-master\src\game\level\Blood.java,game.level.Blood,loadTools/0,surgeryImg,1
D:\Project\Detection\SFC-The-Game-master\SFC-The-Game-master\src\game\level\Blood.java,game.level.Blood,loadTools/0,tools,5
D:\Project\Detection\SFC-The-Game-master\SFC-The-Game-master\src\game\level\Blood.java,game.level.Blood,attackReaction/1[int],chemo,2
D:\Project\Detection\SFC-The-Game-master\SFC-The-Game-master\src\game\level\Blood.java,game.level.Blood,attackReaction/1[int],radiation,2
D:\Project\Detection\SFC-The-Game-master\SFC-The-Game-master\src\game\level\Blood.java,game.level.Blood,attackReaction/1[int],cell,2
D:\Project\Detection\SFC-The-Game-master\SFC-The-Game-master\src\game\level\Blood.java,game.level.Blood,attackReaction/1[int],selectedTool,4
D:\Project\Detection\SFC-The-Game-master\SFC-The-Game-master\src\game\level\Blood.java,game.level.Blood,attackReaction/1[int],currentPoint,4
D:\Project\Detection\SFC-The-Game-master\SFC-The-Game-master\src\game\level\Blood.java,game.level.Blood,attackReaction/1[int],surgery,1
D:\Project\Detection\SFC-The-Game-master\SFC-The-Game-master\src\game\level\Blood.java,game.level.Blood,drawOverPage/1[java.awt.Graphics2D],currentCash,1
D:\Project\Detection\SFC-The-Game-master\SFC-The-Game-master\src\game\level\Blood.java,game.level.Blood,drawOverPage/1[java.awt.Graphics2D],toolsFont,1
D:\Project\Detection\SFC-The-Game-master\SFC-The-Game-master\src\game\level\Blood.java,game.level.Blood,drawOverPage/1[java.awt.Graphics2D],currentPoint,1
D:\Project\Detection\SFC-The-Game-master\SFC-The-Game-master\src\game\level\Blood.java,game.level.Blood,onAction/1[int],therapySound,2
D:\Project\Detection\SFC-The-Game-master\SFC-The-Game-master\src\game\level\Blood.java,game.level.Blood,onAction/1[int],chemo,2
D:\Project\Detection\SFC-The-Game-master\SFC-The-Game-master\src\game\level\Blood.java,game.level.Blood,onAction/1[int],cellSound,1
D:\Project\Detection\SFC-The-Game-master\SFC-The-Game-master\src\game\level\Blood.java,game.level.Blood,onAction/1[int],currentCash,1
D:\Project\Detection\SFC-The-Game-master\SFC-The-Game-master\src\game\level\Blood.java,game.level.Blood,onAction/1[int],cellCounter,1
D:\Project\Detection\SFC-The-Game-master\SFC-The-Game-master\src\game\level\Blood.java,game.level.Blood,onAction/1[int],radiation,2
D:\Project\Detection\SFC-The-Game-master\SFC-The-Game-master\src\game\level\Blood.java,game.level.Blood,onAction/1[int],cell_status,3
D:\Project\Detection\SFC-The-Game-master\SFC-The-Game-master\src\game\level\Blood.java,game.level.Blood,onAction/1[int],cell,2
D:\Project\Detection\SFC-The-Game-master\SFC-The-Game-master\src\game\level\Blood.java,game.level.Blood,onAction/1[int],errorSound,1
D:\Project\Detection\SFC-The-Game-master\SFC-The-Game-master\src\game\level\Blood.java,game.level.Blood,onAction/1[int],selectedTool,5
D:\Project\Detection\SFC-The-Game-master\SFC-The-Game-master\src\game\level\Blood.java,game.level.Blood,onAction/1[int],currentPoint,1
D:\Project\Detection\SFC-The-Game-master\SFC-The-Game-master\src\game\level\Blood.java,game.level.Blood,onAction/1[int],surgery,2
D:\Project\Detection\SFC-The-Game-master\SFC-The-Game-master\src\game\level\Blood.java,game.level.Blood,loadInfo/0,chemo,1
D:\Project\Detection\SFC-The-Game-master\SFC-The-Game-master\src\game\level\Blood.java,game.level.Blood,loadInfo/0,userPoint,1
D:\Project\Detection\SFC-The-Game-master\SFC-The-Game-master\src\game\level\Blood.java,game.level.Blood,loadInfo/0,radiation,1
D:\Project\Detection\SFC-The-Game-master\SFC-The-Game-master\src\game\level\Blood.java,game.level.Blood,loadInfo/0,userCash,1
D:\Project\Detection\SFC-The-Game-master\SFC-The-Game-master\src\game\level\Blood.java,game.level.Blood,loadInfo/0,userName,1
D:\Project\Detection\SFC-The-Game-master\SFC-The-Game-master\src\game\level\Blood.java,game.level.Blood,loadInfo/0,cell,1
D:\Project\Detection\SFC-The-Game-master\SFC-The-Game-master\src\game\level\Blood.java,game.level.Blood,loadInfo/0,surgery,1
D:\Project\Detection\SFC-The-Game-master\SFC-The-Game-master\src\game\level\Blood.java,game.level.Blood,keyPressed/1[int],backSound,1
D:\Project\Detection\SFC-The-Game-master\SFC-The-Game-master\src\game\level\Blood.java,game.level.Blood,keyPressed/1[int],paused,2
D:\Project\Detection\SFC-The-Game-master\SFC-The-Game-master\src\game\level\Blood.java,game.level.Blood,keyPressed/1[int],pausedTime,1
D:\Project\Detection\SFC-The-Game-master\SFC-The-Game-master\src\game\level\Blood.java,game.level.Blood,objectiveFinish/0,TOTAL,1
D:\Project\Detection\SFC-The-Game-master\SFC-The-Game-master\src\game\level\Blood.java,game.level.Blood,objectiveFinish/0,running,1
D:\Project\Detection\SFC-The-Game-master\SFC-The-Game-master\src\game\level\Blood.java,game.level.Blood,objectiveFinish/0,backSound,1
D:\Project\Detection\SFC-The-Game-master\SFC-The-Game-master\src\game\level\Blood.java,game.level.Blood,objectiveFinish/0,cellCounter,1
D:\Project\Detection\SFC-The-Game-master\SFC-The-Game-master\src\game\level\Blood.java,game.level.Blood,objectiveFinish/0,gameOverSound,1
D:\Project\Detection\SFC-The-Game-master\SFC-The-Game-master\src\game\level\Blood.java,game.level.Blood,objectiveFinish/0,counter,1
D:\Project\Detection\SFC-The-Game-master\SFC-The-Game-master\src\game\level\Blood.java,game.level.Blood,objectiveFinish/0,GAME_TIME,1
D:\Project\Detection\SFC-The-Game-master\SFC-The-Game-master\src\game\level\Blood.java,game.level.Blood,loadBackground/0,background,1
D:\Project\Detection\SFC-The-Game-master\SFC-The-Game-master\src\game\level\Blood.java,game.level.Blood,loadBackground/0,background_pos,1
D:\Project\Detection\SFC-The-Game-master\SFC-The-Game-master\src\game\level\Blood.java,game.level.Blood,drawBackground/1[java.awt.Graphics2D],background,1
D:\Project\Detection\SFC-The-Game-master\SFC-The-Game-master\src\game\level\Blood.java,game.level.Blood,drawBackground/1[java.awt.Graphics2D],background_pos,1
D:\Project\Detection\SFC-The-Game-master\SFC-The-Game-master\src\game\level\Blood.java,game.level.Blood,"checkCellClicked/2[int,int]",TOTAL,1
D:\Project\Detection\SFC-The-Game-master\SFC-The-Game-master\src\game\level\Blood.java,game.level.Blood,"checkCellClicked/2[int,int]",chemo,2
D:\Project\Detection\SFC-The-Game-master\SFC-The-Game-master\src\game\level\Blood.java,game.level.Blood,"checkCellClicked/2[int,int]",toolsClicked,1
D:\Project\Detection\SFC-The-Game-master\SFC-The-Game-master\src\game\level\Blood.java,game.level.Blood,"checkCellClicked/2[int,int]",radiation,2
D:\Project\Detection\SFC-The-Game-master\SFC-The-Game-master\src\game\level\Blood.java,game.level.Blood,"checkCellClicked/2[int,int]",cell_status,2
D:\Project\Detection\SFC-The-Game-master\SFC-The-Game-master\src\game\level\Blood.java,game.level.Blood,"checkCellClicked/2[int,int]",errorSound,2
D:\Project\Detection\SFC-The-Game-master\SFC-The-Game-master\src\game\level\Blood.java,game.level.Blood,"checkCellClicked/2[int,int]",cell,2
D:\Project\Detection\SFC-The-Game-master\SFC-The-Game-master\src\game\level\Blood.java,game.level.Blood,"checkCellClicked/2[int,int]",cellClicked,4
D:\Project\Detection\SFC-The-Game-master\SFC-The-Game-master\src\game\level\Blood.java,game.level.Blood,"checkCellClicked/2[int,int]",selectedTool,1
D:\Project\Detection\SFC-The-Game-master\SFC-The-Game-master\src\game\level\Blood.java,game.level.Blood,"checkCellClicked/2[int,int]",surgery,2
D:\Project\Detection\SFC-The-Game-master\SFC-The-Game-master\src\game\level\Blood.java,game.level.Blood,drawTools/1[java.awt.Graphics2D],chemo,1
D:\Project\Detection\SFC-The-Game-master\SFC-The-Game-master\src\game\level\Blood.java,game.level.Blood,drawTools/1[java.awt.Graphics2D],toolsFont,1
D:\Project\Detection\SFC-The-Game-master\SFC-The-Game-master\src\game\level\Blood.java,game.level.Blood,drawTools/1[java.awt.Graphics2D],radiationImg,1
D:\Project\Detection\SFC-The-Game-master\SFC-The-Game-master\src\game\level\Blood.java,game.level.Blood,drawTools/1[java.awt.Graphics2D],radiation,1
D:\Project\Detection\SFC-The-Game-master\SFC-The-Game-master\src\game\level\Blood.java,game.level.Blood,drawTools/1[java.awt.Graphics2D],cellImg,1
D:\Project\Detection\SFC-The-Game-master\SFC-The-Game-master\src\game\level\Blood.java,game.level.Blood,drawTools/1[java.awt.Graphics2D],chemoImg,1
D:\Project\Detection\SFC-The-Game-master\SFC-The-Game-master\src\game\level\Blood.java,game.level.Blood,drawTools/1[java.awt.Graphics2D],surgeryImg,1
D:\Project\Detection\SFC-The-Game-master\SFC-The-Game-master\src\game\level\Blood.java,game.level.Blood,drawTools/1[java.awt.Graphics2D],cell,1
D:\Project\Detection\SFC-The-Game-master\SFC-The-Game-master\src\game\level\Blood.java,game.level.Blood,drawTools/1[java.awt.Graphics2D],tools,4
D:\Project\Detection\SFC-The-Game-master\SFC-The-Game-master\src\game\level\Blood.java,game.level.Blood,drawTools/1[java.awt.Graphics2D],surgery,1
D:\Project\Detection\SFC-The-Game-master\SFC-The-Game-master\src\game\level\Blood.java,game.level.Blood,draw/1[java.awt.Graphics2D],running,1
D:\Project\Detection\SFC-The-Game-master\SFC-The-Game-master\src\game\level\Blood.java,game.level.Blood,draw/1[java.awt.Graphics2D],paused,1
D:\Project\Detection\SFC-The-Game-master\SFC-The-Game-master\src\game\level\Blood.java,game.level.Blood,drawCells/1[java.awt.Graphics2D],TOTAL,1
D:\Project\Detection\SFC-The-Game-master\SFC-The-Game-master\src\game\level\Blood.java,game.level.Blood,drawCells/1[java.awt.Graphics2D],good_cell,1
D:\Project\Detection\SFC-The-Game-master\SFC-The-Game-master\src\game\level\Blood.java,game.level.Blood,drawCells/1[java.awt.Graphics2D],cell_status,6
D:\Project\Detection\SFC-The-Game-master\SFC-The-Game-master\src\game\level\Blood.java,game.level.Blood,drawCells/1[java.awt.Graphics2D],pendingCell,1
D:\Project\Detection\SFC-The-Game-master\SFC-The-Game-master\src\game\level\Blood.java,game.level.Blood,drawCells/1[java.awt.Graphics2D],cancer_cell_left,1
D:\Project\Detection\SFC-The-Game-master\SFC-The-Game-master\src\game\frame\Training.java,game.frame.Training,"loadFile/2[java.lang.String,java.util.ArrayList<java.lang.String>]",areaLoaded,1
D:\Project\Detection\SFC-The-Game-master\SFC-The-Game-master\src\game\frame\Training.java,game.frame.Training,"loadFile/2[java.lang.String,java.util.ArrayList<java.lang.String>]",basicLoaded,1
D:\Project\Detection\SFC-The-Game-master\SFC-The-Game-master\src\game\frame\Training.java,game.frame.Training,Training/1[game.operator.GameManager],area,2
D:\Project\Detection\SFC-The-Game-master\SFC-The-Game-master\src\game\frame\Training.java,game.frame.Training,Training/1[game.operator.GameManager],selectionSound,1
D:\Project\Detection\SFC-The-Game-master\SFC-The-Game-master\src\game\frame\Training.java,game.frame.Training,Training/1[game.operator.GameManager],labelFont,1
D:\Project\Detection\SFC-The-Game-master\SFC-The-Game-master\src\game\frame\Training.java,game.frame.Training,Training/1[game.operator.GameManager],now,1
D:\Project\Detection\SFC-The-Game-master\SFC-The-Game-master\src\game\frame\Training.java,game.frame.Training,Training/1[game.operator.GameManager],areaLoaded,1
D:\Project\Detection\SFC-The-Game-master\SFC-The-Game-master\src\game\frame\Training.java,game.frame.Training,Training/1[game.operator.GameManager],selectY,1
D:\Project\Detection\SFC-The-Game-master\SFC-The-Game-master\src\game\frame\Training.java,game.frame.Training,Training/1[game.operator.GameManager],textFont,1
D:\Project\Detection\SFC-The-Game-master\SFC-The-Game-master\src\game\frame\Training.java,game.frame.Training,Training/1[game.operator.GameManager],anim,1
D:\Project\Detection\SFC-The-Game-master\SFC-The-Game-master\src\game\frame\Training.java,game.frame.Training,Training/1[game.operator.GameManager],basic,2
D:\Project\Detection\SFC-The-Game-master\SFC-The-Game-master\src\game\frame\Training.java,game.frame.Training,Training/1[game.operator.GameManager],basicLoaded,1
D:\Project\Detection\SFC-The-Game-master\SFC-The-Game-master\src\game\frame\Training.java,game.frame.Training,draw/1[java.awt.Graphics2D],labelFont,1
D:\Project\Detection\SFC-The-Game-master\SFC-The-Game-master\src\game\frame\Training.java,game.frame.Training,draw/1[java.awt.Graphics2D],now,1
D:\Project\Detection\SFC-The-Game-master\SFC-The-Game-master\src\game\frame\Training.java,game.frame.Training,draw/1[java.awt.Graphics2D],areaLoaded,1
D:\Project\Detection\SFC-The-Game-master\SFC-The-Game-master\src\game\frame\Training.java,game.frame.Training,draw/1[java.awt.Graphics2D],basicLoaded,1
D:\Project\Detection\SFC-The-Game-master\SFC-The-Game-master\src\game\frame\Training.java,game.frame.Training,"mouseClickd/2[int,int]",now,3
D:\Project\Detection\SFC-The-Game-master\SFC-The-Game-master\src\game\frame\Training.java,game.frame.Training,"mouseClickd/2[int,int]",selectY,3
D:\Project\Detection\SFC-The-Game-master\SFC-The-Game-master\src\game\frame\Training.java,game.frame.Training,drawBasic/1[java.awt.Graphics2D],textFont,1
D:\Project\Detection\SFC-The-Game-master\SFC-The-Game-master\src\game\frame\Training.java,game.frame.Training,drawBasic/1[java.awt.Graphics2D],basic,1
D:\Project\Detection\SFC-The-Game-master\SFC-The-Game-master\src\game\frame\Training.java,game.frame.Training,loadImage/0,chemo,1
D:\Project\Detection\SFC-The-Game-master\SFC-The-Game-master\src\game\frame\Training.java,game.frame.Training,loadImage/0,radiation,1
D:\Project\Detection\SFC-The-Game-master\SFC-The-Game-master\src\game\frame\Training.java,game.frame.Training,loadImage/0,goodCell,1
D:\Project\Detection\SFC-The-Game-master\SFC-The-Game-master\src\game\frame\Training.java,game.frame.Training,loadImage/0,pendingCell,1
D:\Project\Detection\SFC-The-Game-master\SFC-The-Game-master\src\game\frame\Training.java,game.frame.Training,loadImage/0,cancerCell,1
D:\Project\Detection\SFC-The-Game-master\SFC-The-Game-master\src\game\frame\Training.java,game.frame.Training,loadImage/0,surgery,1
D:\Project\Detection\SFC-The-Game-master\SFC-The-Game-master\src\game\frame\Training.java,game.frame.Training,drawPanel/1[java.awt.Graphics2D],labelFont,1
D:\Project\Detection\SFC-The-Game-master\SFC-The-Game-master\src\game\frame\Training.java,game.frame.Training,drawPanel/1[java.awt.Graphics2D],selectY,1
D:\Project\Detection\SFC-The-Game-master\SFC-The-Game-master\src\game\frame\Training.java,game.frame.Training,drawPanel/1[java.awt.Graphics2D],anim,1
D:\Project\Detection\SFC-The-Game-master\SFC-The-Game-master\src\game\frame\Training.java,game.frame.Training,drawComponet/1[java.awt.Graphics2D],chemo,1
D:\Project\Detection\SFC-The-Game-master\SFC-The-Game-master\src\game\frame\Training.java,game.frame.Training,drawComponet/1[java.awt.Graphics2D],radiation,1
D:\Project\Detection\SFC-The-Game-master\SFC-The-Game-master\src\game\frame\Training.java,game.frame.Training,drawComponet/1[java.awt.Graphics2D],goodCell,1
D:\Project\Detection\SFC-The-Game-master\SFC-The-Game-master\src\game\frame\Training.java,game.frame.Training,drawComponet/1[java.awt.Graphics2D],pendingCell,1
D:\Project\Detection\SFC-The-Game-master\SFC-The-Game-master\src\game\frame\Training.java,game.frame.Training,drawComponet/1[java.awt.Graphics2D],textFont,1
D:\Project\Detection\SFC-The-Game-master\SFC-The-Game-master\src\game\frame\Training.java,game.frame.Training,drawComponet/1[java.awt.Graphics2D],cancerCell,1
D:\Project\Detection\SFC-The-Game-master\SFC-The-Game-master\src\game\frame\Training.java,game.frame.Training,drawComponet/1[java.awt.Graphics2D],surgery,1
D:\Project\Detection\SFC-The-Game-master\SFC-The-Game-master\src\game\frame\Training.java,game.frame.Training,keyPressed/1[int],selectionSound,2
D:\Project\Detection\SFC-The-Game-master\SFC-The-Game-master\src\game\frame\Training.java,game.frame.Training,keyPressed/1[int],now,8
D:\Project\Detection\SFC-The-Game-master\SFC-The-Game-master\src\game\frame\Training.java,game.frame.Training,keyPressed/1[int],selectY,6
D:\Project\Detection\SFC-The-Game-master\SFC-The-Game-master\src\game\frame\Training.java,game.frame.Training,drawArea/1[java.awt.Graphics2D],area,5
D:\Project\Detection\SFC-The-Game-master\SFC-The-Game-master\src\game\frame\Training.java,game.frame.Training,drawArea/1[java.awt.Graphics2D],textFont,1
D:\Project\Detection\SFC-The-Game-master\SFC-The-Game-master\src\game\frame\Pause.java,game.frame.Pause,Pause/1[game.operator.GameManager],selectionSound,1
D:\Project\Detection\SFC-The-Game-master\SFC-The-Game-master\src\game\frame\Pause.java,game.frame.Pause,Pause/1[game.operator.GameManager],options_pos,5
D:\Project\Detection\SFC-The-Game-master\SFC-The-Game-master\src\game\frame\Pause.java,game.frame.Pause,Pause/1[game.operator.GameManager],now,1
D:\Project\Detection\SFC-The-Game-master\SFC-The-Game-master\src\game\frame\Pause.java,game.frame.Pause,Pause/1[game.operator.GameManager],font,1
D:\Project\Detection\SFC-The-Game-master\SFC-The-Game-master\src\game\frame\Pause.java,game.frame.Pause,draw/1[java.awt.Graphics2D],options_pos,2
D:\Project\Detection\SFC-The-Game-master\SFC-The-Game-master\src\game\frame\Pause.java,game.frame.Pause,draw/1[java.awt.Graphics2D],now,1
D:\Project\Detection\SFC-The-Game-master\SFC-The-Game-master\src\game\frame\Pause.java,game.frame.Pause,draw/1[java.awt.Graphics2D],options,1
D:\Project\Detection\SFC-The-Game-master\SFC-The-Game-master\src\game\frame\Pause.java,game.frame.Pause,draw/1[java.awt.Graphics2D],font,1
D:\Project\Detection\SFC-The-Game-master\SFC-The-Game-master\src\game\frame\Pause.java,game.frame.Pause,keyPressed/1[int],selectionSound,2
D:\Project\Detection\SFC-The-Game-master\SFC-The-Game-master\src\game\frame\Pause.java,game.frame.Pause,keyPressed/1[int],now,11
D:\Project\Detection\SFC-The-Game-master\SFC-The-Game-master\src\object\structure\Cell.java,object.structure.Cell,setCancer/1[boolean],cancer,3
D:\Project\Detection\SFC-The-Game-master\SFC-The-Game-master\src\object\structure\Cell.java,object.structure.Cell,isCancer/0,cancer,1
D:\Project\Detection\SFC-The-Game-master\SFC-The-Game-master\src\object\structure\Cell.java,object.structure.Cell,setAlive/1[boolean],alive,1
D:\Project\Detection\SFC-The-Game-master\SFC-The-Game-master\src\object\structure\Cell.java,object.structure.Cell,isAlive/0,alive,1
D:\Project\Detection\SFC-The-Game-master\SFC-The-Game-master\src\object\structure\Cell.java,object.structure.Cell,toString/0,cancer,2
D:\Project\Detection\SFC-The-Game-master\SFC-The-Game-master\src\object\structure\Cell.java,object.structure.Cell,"Cell/5[int,int,int,int,boolean]",cancer,3
D:\Project\Detection\SFC-The-Game-master\SFC-The-Game-master\src\object\structure\Cell.java,object.structure.Cell,setCountDown/1[int],countDown,1
D:\Project\Detection\SFC-The-Game-master\SFC-The-Game-master\src\object\structure\Cell.java,object.structure.Cell,setCountDown/1[int],counter,1
D:\Project\Detection\SFC-The-Game-master\SFC-The-Game-master\src\object\structure\Cell.java,object.structure.Cell,isInCounting/0,countDown,1
D:\Project\Detection\SFC-The-Game-master\SFC-The-Game-master\src\game\frame\Menu.java,game.frame.Menu,draw/1[java.awt.Graphics2D],options_pos,2
D:\Project\Detection\SFC-The-Game-master\SFC-The-Game-master\src\game\frame\Menu.java,game.frame.Menu,draw/1[java.awt.Graphics2D],now,1
D:\Project\Detection\SFC-The-Game-master\SFC-The-Game-master\src\game\frame\Menu.java,game.frame.Menu,draw/1[java.awt.Graphics2D],options,1
D:\Project\Detection\SFC-The-Game-master\SFC-The-Game-master\src\game\frame\Menu.java,game.frame.Menu,draw/1[java.awt.Graphics2D],font,1
D:\Project\Detection\SFC-The-Game-master\SFC-The-Game-master\src\game\frame\Menu.java,game.frame.Menu,keyPressed/1[int],selectionSound,2
D:\Project\Detection\SFC-The-Game-master\SFC-The-Game-master\src\game\frame\Menu.java,game.frame.Menu,keyPressed/1[int],now,7
D:\Project\Detection\SFC-The-Game-master\SFC-The-Game-master\src\game\frame\Menu.java,game.frame.Menu,Menu/1[game.operator.GameManager],selectionSound,1
D:\Project\Detection\SFC-The-Game-master\SFC-The-Game-master\src\game\frame\Menu.java,game.frame.Menu,Menu/1[game.operator.GameManager],options_pos,6
D:\Project\Detection\SFC-The-Game-master\SFC-The-Game-master\src\game\frame\Menu.java,game.frame.Menu,Menu/1[game.operator.GameManager],now,1
D:\Project\Detection\SFC-The-Game-master\SFC-The-Game-master\src\game\frame\Menu.java,game.frame.Menu,Menu/1[game.operator.GameManager],font,1
