file,class,method,variable,usage
D:\Project\Detection\SFC-The-Game-master\SFC-The-Game-master\src\game\level\Blood.java,game.level.Blood$Anonymous1,run/0,e,0
D:\Project\Detection\SFC-The-Game-master\SFC-The-Game-master\src\game\level\Blood.java,game.level.Blood$Anonymous2,run/0,e,0
D:\Project\Detection\SFC-The-Game-master\SFC-The-Game-master\src\game\level\Blood.java,game.level.Blood$Anonymous3,run/0,e,0
D:\Project\Detection\SFC-The-Game-master\SFC-The-Game-master\src\game\level\Blood.java,game.level.Blood$Anonymous4,run/0,file,1
D:\Project\Detection\SFC-The-Game-master\SFC-The-Game-master\src\game\level\Blood.java,game.level.Blood$Anonymous4,run/0,ex,1
D:\Project\Detection\SFC-The-Game-master\SFC-The-Game-master\src\game\level\Blood.java,game.level.Blood$Anonymous4,run/0,bw,3
D:\Project\Detection\SFC-The-Game-master\SFC-The-Game-master\src\game\level\Breast.java,game.level.Breast$Anonymous4,run/0,fw,3
D:\Project\Detection\SFC-The-Game-master\SFC-The-Game-master\src\game\level\Breast.java,game.level.Breast$Anonymous4,run/0,file,1
D:\Project\Detection\SFC-The-Game-master\SFC-The-Game-master\src\game\level\Breast.java,game.level.Breast$Anonymous4,run/0,ex,1
D:\Project\Detection\SFC-The-Game-master\SFC-The-Game-master\src\game\level\Breast.java,game.level.Breast$Anonymous4,run/0,bw,3
D:\Project\Detection\SFC-The-Game-master\SFC-The-Game-master\src\game\operator\GamePanel.java,game.operator.GamePanel,keyTyped/1[java.awt.event.KeyEvent],e,0
D:\Project\Detection\SFC-The-Game-master\SFC-The-Game-master\src\game\operator\GamePanel.java,game.operator.GamePanel,run/0,dif,3
D:\Project\Detection\SFC-The-Game-master\SFC-The-Game-master\src\game\operator\GamePanel.java,game.operator.GamePanel,run/0,wait,4
D:\Project\Detection\SFC-The-Game-master\SFC-The-Game-master\src\game\operator\GamePanel.java,game.operator.GamePanel,run/0,before,2
D:\Project\Detection\SFC-The-Game-master\SFC-The-Game-master\src\game\operator\GamePanel.java,game.operator.GamePanel,run/0,e,1
D:\Project\Detection\SFC-The-Game-master\SFC-The-Game-master\src\game\operator\GamePanel.java,game.operator.GamePanel,mousePressed/1[java.awt.event.MouseEvent],e,0
D:\Project\Detection\SFC-The-Game-master\SFC-The-Game-master\src\game\operator\GamePanel.java,game.operator.GamePanel,keyReleased/1[java.awt.event.KeyEvent],e,0
D:\Project\Detection\SFC-The-Game-master\SFC-The-Game-master\src\game\operator\GamePanel.java,game.operator.GamePanel,render/0,graph,2
D:\Project\Detection\SFC-The-Game-master\SFC-The-Game-master\src\game\operator\GamePanel.java,game.operator.GamePanel,mouseExited/1[java.awt.event.MouseEvent],e,0
D:\Project\Detection\SFC-The-Game-master\SFC-The-Game-master\src\game\operator\GamePanel.java,game.operator.GamePanel,mouseClicked/1[java.awt.event.MouseEvent],e,2
D:\Project\Detection\SFC-The-Game-master\SFC-The-Game-master\src\game\operator\GamePanel.java,game.operator.GamePanel,mouseEntered/1[java.awt.event.MouseEvent],e,0
D:\Project\Detection\SFC-The-Game-master\SFC-The-Game-master\src\game\operator\GamePanel.java,game.operator.GamePanel,mouseReleased/1[java.awt.event.MouseEvent],e,0
D:\Project\Detection\SFC-The-Game-master\SFC-The-Game-master\src\game\operator\GamePanel.java,game.operator.GamePanel,keyPressed/1[java.awt.event.KeyEvent],e,1
D:\Project\Detection\SFC-The-Game-master\SFC-The-Game-master\src\object\structure\Square.java,object.structure.Square,setWidth/1[int],width,2
D:\Project\Detection\SFC-The-Game-master\SFC-The-Game-master\src\object\structure\Square.java,object.structure.Square,"Square/2[int,int]",x,2
D:\Project\Detection\SFC-The-Game-master\SFC-The-Game-master\src\object\structure\Square.java,object.structure.Square,"Square/2[int,int]",y,2
D:\Project\Detection\SFC-The-Game-master\SFC-The-Game-master\src\object\structure\Square.java,object.structure.Square,"isInside/2[int,int]",x,4
D:\Project\Detection\SFC-The-Game-master\SFC-The-Game-master\src\object\structure\Square.java,object.structure.Square,"isInside/2[int,int]",y,4
D:\Project\Detection\SFC-The-Game-master\SFC-The-Game-master\src\object\structure\Square.java,object.structure.Square,"Square/4[int,int,int,int]",x,2
D:\Project\Detection\SFC-The-Game-master\SFC-The-Game-master\src\object\structure\Square.java,object.structure.Square,"Square/4[int,int,int,int]",width,2
D:\Project\Detection\SFC-The-Game-master\SFC-The-Game-master\src\object\structure\Square.java,object.structure.Square,"Square/4[int,int,int,int]",y,2
D:\Project\Detection\SFC-The-Game-master\SFC-The-Game-master\src\object\structure\Square.java,object.structure.Square,"Square/4[int,int,int,int]",height,2
D:\Project\Detection\SFC-The-Game-master\SFC-The-Game-master\src\object\structure\Square.java,object.structure.Square,setX/1[int],x,2
D:\Project\Detection\SFC-The-Game-master\SFC-The-Game-master\src\object\structure\Square.java,object.structure.Square,setY/1[int],y,2
D:\Project\Detection\SFC-The-Game-master\SFC-The-Game-master\src\object\structure\Square.java,object.structure.Square,setHeight/1[int],height,2
D:\Project\Detection\SFC-The-Game-master\SFC-The-Game-master\src\object\structure\MotionCell.java,object.structure.MotionCell,"MotionCell/5[int,int,int,int,boolean]",x,1
D:\Project\Detection\SFC-The-Game-master\SFC-The-Game-master\src\object\structure\MotionCell.java,object.structure.MotionCell,"MotionCell/5[int,int,int,int,boolean]",width,1
D:\Project\Detection\SFC-The-Game-master\SFC-The-Game-master\src\object\structure\MotionCell.java,object.structure.MotionCell,"MotionCell/5[int,int,int,int,boolean]",y,1
D:\Project\Detection\SFC-The-Game-master\SFC-The-Game-master\src\object\structure\MotionCell.java,object.structure.MotionCell,"MotionCell/5[int,int,int,int,boolean]",cancer,1
D:\Project\Detection\SFC-The-Game-master\SFC-The-Game-master\src\object\structure\MotionCell.java,object.structure.MotionCell,"MotionCell/5[int,int,int,int,boolean]",height,1
D:\Project\Detection\SFC-The-Game-master\SFC-The-Game-master\src\object\structure\MotionCell.java,object.structure.MotionCell,"MotionCell/2[int,int]",x,1
D:\Project\Detection\SFC-The-Game-master\SFC-The-Game-master\src\object\structure\MotionCell.java,object.structure.MotionCell,"MotionCell/2[int,int]",y,1
D:\Project\Detection\SFC-The-Game-master\SFC-The-Game-master\src\object\structure\MotionCell.java,object.structure.MotionCell,"setMotion/4[int,int,int,int]",endY,2
D:\Project\Detection\SFC-The-Game-master\SFC-The-Game-master\src\object\structure\MotionCell.java,object.structure.MotionCell,"setMotion/4[int,int,int,int]",endX,2
D:\Project\Detection\SFC-The-Game-master\SFC-The-Game-master\src\object\structure\MotionCell.java,object.structure.MotionCell,"setMotion/4[int,int,int,int]",speedY,2
D:\Project\Detection\SFC-The-Game-master\SFC-The-Game-master\src\object\structure\MotionCell.java,object.structure.MotionCell,"setMotion/4[int,int,int,int]",speedX,2
D:\Project\Detection\SFC-The-Game-master\SFC-The-Game-master\src\object\structure\MotionCell.java,object.structure.MotionCell,"MotionCell/4[int,int,int,int]",x,1
D:\Project\Detection\SFC-The-Game-master\SFC-The-Game-master\src\object\structure\MotionCell.java,object.structure.MotionCell,"MotionCell/4[int,int,int,int]",width,1
D:\Project\Detection\SFC-The-Game-master\SFC-The-Game-master\src\object\structure\MotionCell.java,object.structure.MotionCell,"MotionCell/4[int,int,int,int]",y,1
D:\Project\Detection\SFC-The-Game-master\SFC-The-Game-master\src\object\structure\MotionCell.java,object.structure.MotionCell,"MotionCell/4[int,int,int,int]",height,1
D:\Project\Detection\SFC-The-Game-master\SFC-The-Game-master\src\game\operator\GameManager.java,game.operator.GameManager,keyPressed/1[int],key,1
D:\Project\Detection\SFC-The-Game-master\SFC-The-Game-master\src\game\operator\GameManager.java,game.operator.GameManager,loadWindow/1[int],name,1
D:\Project\Detection\SFC-The-Game-master\SFC-The-Game-master\src\game\operator\GameManager.java,game.operator.GameManager,"mouseClicked/2[int,int]",x,1
D:\Project\Detection\SFC-The-Game-master\SFC-The-Game-master\src\game\operator\GameManager.java,game.operator.GameManager,"mouseClicked/2[int,int]",y,1
D:\Project\Detection\SFC-The-Game-master\SFC-The-Game-master\src\game\operator\GameManager.java,game.operator.GameManager,loadReleased/0,temp,2
D:\Project\Detection\SFC-The-Game-master\SFC-The-Game-master\src\game\operator\GameManager.java,game.operator.GameManager,draw/1[java.awt.Graphics2D],graph,3
D:\Project\Detection\SFC-The-Game-master\SFC-The-Game-master\src\game\frame\HowToPlay.java,game.frame.HowToPlay,"mouseClickd/2[int,int]",x,0
D:\Project\Detection\SFC-The-Game-master\SFC-The-Game-master\src\game\frame\HowToPlay.java,game.frame.HowToPlay,"mouseClickd/2[int,int]",y,0
D:\Project\Detection\SFC-The-Game-master\SFC-The-Game-master\src\game\frame\HowToPlay.java,game.frame.HowToPlay,HowToPlay/1[game.operator.GameManager],manager,2
D:\Project\Detection\SFC-The-Game-master\SFC-The-Game-master\src\game\frame\HowToPlay.java,game.frame.HowToPlay,draw/1[java.awt.Graphics2D],s,1
D:\Project\Detection\SFC-The-Game-master\SFC-The-Game-master\src\game\frame\HowToPlay.java,game.frame.HowToPlay,draw/1[java.awt.Graphics2D],graph,7
D:\Project\Detection\SFC-The-Game-master\SFC-The-Game-master\src\game\frame\HowToPlay.java,game.frame.HowToPlay,keyPressed/1[int],key,2
D:\Project\Detection\SFC-The-Game-master\SFC-The-Game-master\src\game\frame\HowToPlay.java,game.frame.HowToPlay,loadFile/0,br,1
D:\Project\Detection\SFC-The-Game-master\SFC-The-Game-master\src\game\frame\HowToPlay.java,game.frame.HowToPlay,loadFile/0,st,2
D:\Project\Detection\SFC-The-Game-master\SFC-The-Game-master\src\game\frame\HowToPlay.java,game.frame.HowToPlay,loadFile/0,temp,2
D:\Project\Detection\SFC-The-Game-master\SFC-The-Game-master\src\game\frame\HowToPlay.java,game.frame.HowToPlay,loadFile/0,file,1
D:\Project\Detection\SFC-The-Game-master\SFC-The-Game-master\src\game\frame\HowToPlay.java,game.frame.HowToPlay,loadFile/0,ex,3
D:\Project\Detection\SFC-The-Game-master\SFC-The-Game-master\src\game\frame\HowToPlay.java,game.frame.HowToPlay,loadFile/0,data,2
D:\Project\Detection\SFC-The-Game-master\SFC-The-Game-master\src\game\level\Breast.java,game.level.Breast$Anonymous3,run/0,e,0
D:\Project\Detection\SFC-The-Game-master\SFC-The-Game-master\src\game\frame\Opening.java,game.frame.Opening,"mouseClickd/2[int,int]",x,0
D:\Project\Detection\SFC-The-Game-master\SFC-The-Game-master\src\game\frame\Opening.java,game.frame.Opening,"mouseClickd/2[int,int]",y,0
D:\Project\Detection\SFC-The-Game-master\SFC-The-Game-master\src\game\frame\Opening.java,game.frame.Opening,Opening/1[game.operator.GameManager],manager,2
D:\Project\Detection\SFC-The-Game-master\SFC-The-Game-master\src\game\frame\Opening.java,game.frame.Opening,draw/1[java.awt.Graphics2D],graph,7
D:\Project\Detection\SFC-The-Game-master\SFC-The-Game-master\src\game\frame\Opening.java,game.frame.Opening,keyPressed/1[int],key,0
D:\Project\Detection\SFC-The-Game-master\SFC-The-Game-master\src\game\level\Breast.java,game.level.Breast$Anonymous2,run/0,e,0
D:\Project\Detection\SFC-The-Game-master\SFC-The-Game-master\src\game\level\Breast.java,game.level.Breast$Anonymous1,run/0,e,0
D:\Project\Detection\SFC-The-Game-master\SFC-The-Game-master\src\game\frame\Dashboard.java,game.frame.Dashboard,drawToolShop/1[java.awt.Graphics2D],i,6
D:\Project\Detection\SFC-The-Game-master\SFC-The-Game-master\src\game\frame\Dashboard.java,game.frame.Dashboard,drawToolShop/1[java.awt.Graphics2D],graph,8
D:\Project\Detection\SFC-The-Game-master\SFC-The-Game-master\src\game\frame\Dashboard.java,game.frame.Dashboard,loadInformations/0,br,5
D:\Project\Detection\SFC-The-Game-master\SFC-The-Game-master\src\game\frame\Dashboard.java,game.frame.Dashboard,loadInformations/0,st,10
D:\Project\Detection\SFC-The-Game-master\SFC-The-Game-master\src\game\frame\Dashboard.java,game.frame.Dashboard,loadInformations/0,temp,2
D:\Project\Detection\SFC-The-Game-master\SFC-The-Game-master\src\game\frame\Dashboard.java,game.frame.Dashboard,loadInformations/0,file,3
D:\Project\Detection\SFC-The-Game-master\SFC-The-Game-master\src\game\frame\Dashboard.java,game.frame.Dashboard,loadInformations/0,ex,7
D:\Project\Detection\SFC-The-Game-master\SFC-The-Game-master\src\game\frame\Dashboard.java,game.frame.Dashboard,loadInformations/0,store,5
D:\Project\Detection\SFC-The-Game-master\SFC-The-Game-master\src\game\frame\Dashboard.java,game.frame.Dashboard,"mouseClickd/2[int,int]",x,3
D:\Project\Detection\SFC-The-Game-master\SFC-The-Game-master\src\game\frame\Dashboard.java,game.frame.Dashboard,"mouseClickd/2[int,int]",y,3
D:\Project\Detection\SFC-The-Game-master\SFC-The-Game-master\src\game\frame\Dashboard.java,game.frame.Dashboard,keyPressed/1[int],key,1
D:\Project\Detection\SFC-The-Game-master\SFC-The-Game-master\src\game\frame\Dashboard.java,game.frame.Dashboard,"checkAreaClick/2[int,int]",x,1
D:\Project\Detection\SFC-The-Game-master\SFC-The-Game-master\src\game\frame\Dashboard.java,game.frame.Dashboard,"checkAreaClick/2[int,int]",y,1
D:\Project\Detection\SFC-The-Game-master\SFC-The-Game-master\src\game\frame\Dashboard.java,game.frame.Dashboard,"checkAreaClick/2[int,int]",i,4
D:\Project\Detection\SFC-The-Game-master\SFC-The-Game-master\src\game\frame\Dashboard.java,game.frame.Dashboard,drawUserTools/1[java.awt.Graphics2D],graph,15
D:\Project\Detection\SFC-The-Game-master\SFC-The-Game-master\src\game\frame\Dashboard.java,game.frame.Dashboard,Dashboard/1[game.operator.GameManager],manager,2
D:\Project\Detection\SFC-The-Game-master\SFC-The-Game-master\src\game\frame\Dashboard.java,game.frame.Dashboard,saveHighScore/0,file,1
D:\Project\Detection\SFC-The-Game-master\SFC-The-Game-master\src\game\frame\Dashboard.java,game.frame.Dashboard,saveHighScore/0,ex,3
D:\Project\Detection\SFC-The-Game-master\SFC-The-Game-master\src\game\frame\Dashboard.java,game.frame.Dashboard,saveHighScore/0,bw,3
D:\Project\Detection\SFC-The-Game-master\SFC-The-Game-master\src\game\frame\Dashboard.java,game.frame.Dashboard,save/0,file,1
D:\Project\Detection\SFC-The-Game-master\SFC-The-Game-master\src\game\frame\Dashboard.java,game.frame.Dashboard,save/0,ex,1
D:\Project\Detection\SFC-The-Game-master\SFC-The-Game-master\src\game\frame\Dashboard.java,game.frame.Dashboard,save/0,bw,3
D:\Project\Detection\SFC-The-Game-master\SFC-The-Game-master\src\game\frame\Dashboard.java,game.frame.Dashboard,drawAreas/1[java.awt.Graphics2D],i,7
D:\Project\Detection\SFC-The-Game-master\SFC-The-Game-master\src\game\frame\Dashboard.java,game.frame.Dashboard,drawAreas/1[java.awt.Graphics2D],graph,8
D:\Project\Detection\SFC-The-Game-master\SFC-The-Game-master\src\game\frame\Dashboard.java,game.frame.Dashboard,draw/1[java.awt.Graphics2D],graph,6
D:\Project\Detection\SFC-The-Game-master\SFC-The-Game-master\src\game\frame\Dashboard.java,game.frame.Dashboard,drawQuestionsBox/1[java.awt.Graphics2D],posY,3
D:\Project\Detection\SFC-The-Game-master\SFC-The-Game-master\src\game\frame\Dashboard.java,game.frame.Dashboard,drawQuestionsBox/1[java.awt.Graphics2D],i,4
D:\Project\Detection\SFC-The-Game-master\SFC-The-Game-master\src\game\frame\Dashboard.java,game.frame.Dashboard,drawQuestionsBox/1[java.awt.Graphics2D],graph,11
D:\Project\Detection\SFC-The-Game-master\SFC-The-Game-master\src\game\frame\Dashboard.java,game.frame.Dashboard,"checkPlayClick/2[int,int]",x,1
D:\Project\Detection\SFC-The-Game-master\SFC-The-Game-master\src\game\frame\Dashboard.java,game.frame.Dashboard,"checkPlayClick/2[int,int]",y,1
D:\Project\Detection\SFC-The-Game-master\SFC-The-Game-master\src\game\frame\Dashboard.java,game.frame.Dashboard,loadQuestions/0,rand,2
D:\Project\Detection\SFC-The-Game-master\SFC-The-Game-master\src\game\frame\Dashboard.java,game.frame.Dashboard,loadQuestions/0,indices,3
D:\Project\Detection\SFC-The-Game-master\SFC-The-Game-master\src\game\frame\Dashboard.java,game.frame.Dashboard,drawComponets/1[java.awt.Graphics2D],graph,14
D:\Project\Detection\SFC-The-Game-master\SFC-The-Game-master\src\game\frame\Dashboard.java,game.frame.Dashboard,"checkToolsClick/2[int,int]",x,1
D:\Project\Detection\SFC-The-Game-master\SFC-The-Game-master\src\game\frame\Dashboard.java,game.frame.Dashboard,"checkToolsClick/2[int,int]",y,1
D:\Project\Detection\SFC-The-Game-master\SFC-The-Game-master\src\game\frame\Dashboard.java,game.frame.Dashboard,"checkToolsClick/2[int,int]",i,4
D:\Project\Detection\SFC-The-Game-master\SFC-The-Game-master\src\game\frame\NewUser.java,game.frame.NewUser,saveUser/0,fw,3
D:\Project\Detection\SFC-The-Game-master\SFC-The-Game-master\src\game\frame\NewUser.java,game.frame.NewUser,saveUser/0,file,1
D:\Project\Detection\SFC-The-Game-master\SFC-The-Game-master\src\game\frame\NewUser.java,game.frame.NewUser,saveUser/0,ex,1
D:\Project\Detection\SFC-The-Game-master\SFC-The-Game-master\src\game\frame\NewUser.java,game.frame.NewUser,saveUser/0,bw,3
D:\Project\Detection\SFC-The-Game-master\SFC-The-Game-master\src\game\frame\NewUser.java,game.frame.NewUser,NewUser/1[game.operator.GameManager],manager,2
D:\Project\Detection\SFC-The-Game-master\SFC-The-Game-master\src\game\frame\NewUser.java,game.frame.NewUser,"mouseClickd/2[int,int]",x,2
D:\Project\Detection\SFC-The-Game-master\SFC-The-Game-master\src\game\frame\NewUser.java,game.frame.NewUser,"mouseClickd/2[int,int]",y,2
D:\Project\Detection\SFC-The-Game-master\SFC-The-Game-master\src\game\frame\NewUser.java,game.frame.NewUser,keyPressed/1[int],key,8
D:\Project\Detection\SFC-The-Game-master\SFC-The-Game-master\src\game\frame\NewUser.java,game.frame.NewUser,draw/1[java.awt.Graphics2D],graph,14
D:\Project\Detection\SFC-The-Game-master\SFC-The-Game-master\src\game\frame\Opening.java,game.frame.Opening$Anonymous1,run/0,e,1
D:\Project\Detection\SFC-The-Game-master\SFC-The-Game-master\src\object\structure\Sound.java,object.structure.Sound,Sound/1[java.io.InputStream],ex,5
D:\Project\Detection\SFC-The-Game-master\SFC-The-Game-master\src\object\structure\Sound.java,object.structure.Sound,Sound/1[java.io.InputStream],e,1
D:\Project\Detection\SFC-The-Game-master\SFC-The-Game-master\src\object\structure\Sound.java,object.structure.Sound,Sound/1[java.io.InputStream],is,1
D:\Project\Detection\SFC-The-Game-master\SFC-The-Game-master\src\game\level\Lung.java,game.level.Lung,drawTools/1[java.awt.Graphics2D],i,6
D:\Project\Detection\SFC-The-Game-master\SFC-The-Game-master\src\game\level\Lung.java,game.level.Lung,drawTools/1[java.awt.Graphics2D],graph,12
D:\Project\Detection\SFC-The-Game-master\SFC-The-Game-master\src\game\level\Lung.java,game.level.Lung,attackReaction/1[int],index,1
D:\Project\Detection\SFC-The-Game-master\SFC-The-Game-master\src\game\level\Lung.java,game.level.Lung,"mouseClickd/2[int,int]",x,2
D:\Project\Detection\SFC-The-Game-master\SFC-The-Game-master\src\game\level\Lung.java,game.level.Lung,"mouseClickd/2[int,int]",y,2
D:\Project\Detection\SFC-The-Game-master\SFC-The-Game-master\src\game\level\Lung.java,game.level.Lung,onAction/1[int],index,4
D:\Project\Detection\SFC-The-Game-master\SFC-The-Game-master\src\game\level\Lung.java,game.level.Lung,drawOverPage/1[java.awt.Graphics2D],graph,8
D:\Project\Detection\SFC-The-Game-master\SFC-The-Game-master\src\game\level\Lung.java,game.level.Lung,"checkCellClicked/2[int,int]",x,1
D:\Project\Detection\SFC-The-Game-master\SFC-The-Game-master\src\game\level\Lung.java,game.level.Lung,"checkCellClicked/2[int,int]",y,1
D:\Project\Detection\SFC-The-Game-master\SFC-The-Game-master\src\game\level\Lung.java,game.level.Lung,"checkCellClicked/2[int,int]",i,6
D:\Project\Detection\SFC-The-Game-master\SFC-The-Game-master\src\game\level\Lung.java,game.level.Lung,drawCells/1[java.awt.Graphics2D],i,10
D:\Project\Detection\SFC-The-Game-master\SFC-The-Game-master\src\game\level\Lung.java,game.level.Lung,drawCells/1[java.awt.Graphics2D],graph,4
D:\Project\Detection\SFC-The-Game-master\SFC-The-Game-master\src\game\level\Lung.java,game.level.Lung,Lung/1[game.operator.GameManager],manager,2
D:\Project\Detection\SFC-The-Game-master\SFC-The-Game-master\src\game\level\Lung.java,game.level.Lung,drawStatus/1[java.awt.Graphics2D],graph,15
D:\Project\Detection\SFC-The-Game-master\SFC-The-Game-master\src\game\level\Lung.java,game.level.Lung,"drawImage/3[java.awt.Image,object.structure.Square,java.awt.Graphics2D]",img,1
D:\Project\Detection\SFC-The-Game-master\SFC-The-Game-master\src\game\level\Lung.java,game.level.Lung,"drawImage/3[java.awt.Image,object.structure.Square,java.awt.Graphics2D]",pos,4
D:\Project\Detection\SFC-The-Game-master\SFC-The-Game-master\src\game\level\Lung.java,game.level.Lung,"drawImage/3[java.awt.Image,object.structure.Square,java.awt.Graphics2D]",graph,1
D:\Project\Detection\SFC-The-Game-master\SFC-The-Game-master\src\game\level\Lung.java,game.level.Lung,keyPressed/1[int],key,1
D:\Project\Detection\SFC-The-Game-master\SFC-The-Game-master\src\game\level\Lung.java,game.level.Lung,"checkToolsClick/2[int,int]",x,1
D:\Project\Detection\SFC-The-Game-master\SFC-The-Game-master\src\game\level\Lung.java,game.level.Lung,"checkToolsClick/2[int,int]",y,1
D:\Project\Detection\SFC-The-Game-master\SFC-The-Game-master\src\game\level\Lung.java,game.level.Lung,"checkToolsClick/2[int,int]",i,4
D:\Project\Detection\SFC-The-Game-master\SFC-The-Game-master\src\game\level\Lung.java,game.level.Lung,loadInfo/0,br,2
D:\Project\Detection\SFC-The-Game-master\SFC-The-Game-master\src\game\level\Lung.java,game.level.Lung,loadInfo/0,st,7
D:\Project\Detection\SFC-The-Game-master\SFC-The-Game-master\src\game\level\Lung.java,game.level.Lung,loadInfo/0,temp,2
D:\Project\Detection\SFC-The-Game-master\SFC-The-Game-master\src\game\level\Lung.java,game.level.Lung,loadInfo/0,file,1
D:\Project\Detection\SFC-The-Game-master\SFC-The-Game-master\src\game\level\Lung.java,game.level.Lung,loadInfo/0,ex,3
D:\Project\Detection\SFC-The-Game-master\SFC-The-Game-master\src\game\level\Lung.java,game.level.Lung,loadInfo/0,store,2
D:\Project\Detection\SFC-The-Game-master\SFC-The-Game-master\src\game\level\Lung.java,game.level.Lung,loadInfo/0,fr,2
D:\Project\Detection\SFC-The-Game-master\SFC-The-Game-master\src\game\level\Lung.java,game.level.Lung,drawBackground/1[java.awt.Graphics2D],graph,2
D:\Project\Detection\SFC-The-Game-master\SFC-The-Game-master\src\game\level\Lung.java,game.level.Lung,draw/1[java.awt.Graphics2D],graph,5
D:\Project\Detection\SFC-The-Game-master\SFC-The-Game-master\src\game\operator\TheGame.java,game.operator.TheGame,main/1[java.lang.String[]],args,0
D:\Project\Detection\SFC-The-Game-master\SFC-The-Game-master\src\game\level\Breast.java,game.level.Breast,Breast/1[game.operator.GameManager],manager,2
D:\Project\Detection\SFC-The-Game-master\SFC-The-Game-master\src\game\level\Breast.java,game.level.Breast,drawBackground/1[java.awt.Graphics2D],graph,1
D:\Project\Detection\SFC-The-Game-master\SFC-The-Game-master\src\game\level\Breast.java,game.level.Breast,drawCells/1[java.awt.Graphics2D],i,10
D:\Project\Detection\SFC-The-Game-master\SFC-The-Game-master\src\game\level\Breast.java,game.level.Breast,drawCells/1[java.awt.Graphics2D],graph,4
D:\Project\Detection\SFC-The-Game-master\SFC-The-Game-master\src\game\level\Breast.java,game.level.Breast,"drawImage/3[java.awt.Image,object.structure.Square,java.awt.Graphics2D]",img,1
D:\Project\Detection\SFC-The-Game-master\SFC-The-Game-master\src\game\level\Breast.java,game.level.Breast,"drawImage/3[java.awt.Image,object.structure.Square,java.awt.Graphics2D]",pos,4
D:\Project\Detection\SFC-The-Game-master\SFC-The-Game-master\src\game\level\Breast.java,game.level.Breast,"drawImage/3[java.awt.Image,object.structure.Square,java.awt.Graphics2D]",graph,1
D:\Project\Detection\SFC-The-Game-master\SFC-The-Game-master\src\game\level\Breast.java,game.level.Breast,drawTools/1[java.awt.Graphics2D],i,6
D:\Project\Detection\SFC-The-Game-master\SFC-The-Game-master\src\game\level\Breast.java,game.level.Breast,drawTools/1[java.awt.Graphics2D],graph,12
D:\Project\Detection\SFC-The-Game-master\SFC-The-Game-master\src\game\level\Breast.java,game.level.Breast,onAction/1[int],index,4
D:\Project\Detection\SFC-The-Game-master\SFC-The-Game-master\src\game\level\Breast.java,game.level.Breast,keyPressed/1[int],key,1
D:\Project\Detection\SFC-The-Game-master\SFC-The-Game-master\src\game\level\Breast.java,game.level.Breast,loadInfo/0,br,2
D:\Project\Detection\SFC-The-Game-master\SFC-The-Game-master\src\game\level\Breast.java,game.level.Breast,loadInfo/0,st,7
D:\Project\Detection\SFC-The-Game-master\SFC-The-Game-master\src\game\level\Breast.java,game.level.Breast,loadInfo/0,temp,2
D:\Project\Detection\SFC-The-Game-master\SFC-The-Game-master\src\game\level\Breast.java,game.level.Breast,loadInfo/0,file,1
D:\Project\Detection\SFC-The-Game-master\SFC-The-Game-master\src\game\level\Breast.java,game.level.Breast,loadInfo/0,ex,3
D:\Project\Detection\SFC-The-Game-master\SFC-The-Game-master\src\game\level\Breast.java,game.level.Breast,loadInfo/0,store,2
D:\Project\Detection\SFC-The-Game-master\SFC-The-Game-master\src\game\level\Breast.java,game.level.Breast,loadInfo/0,fr,2
D:\Project\Detection\SFC-The-Game-master\SFC-The-Game-master\src\game\level\Breast.java,game.level.Breast,"checkCellClicked/2[int,int]",x,1
D:\Project\Detection\SFC-The-Game-master\SFC-The-Game-master\src\game\level\Breast.java,game.level.Breast,"checkCellClicked/2[int,int]",y,1
D:\Project\Detection\SFC-The-Game-master\SFC-The-Game-master\src\game\level\Breast.java,game.level.Breast,"checkCellClicked/2[int,int]",i,6
D:\Project\Detection\SFC-The-Game-master\SFC-The-Game-master\src\game\level\Breast.java,game.level.Breast,update/0,i,3
D:\Project\Detection\SFC-The-Game-master\SFC-The-Game-master\src\game\level\Breast.java,game.level.Breast,drawOverPage/1[java.awt.Graphics2D],graph,8
D:\Project\Detection\SFC-The-Game-master\SFC-The-Game-master\src\game\level\Breast.java,game.level.Breast,drawStatus/1[java.awt.Graphics2D],graph,15
D:\Project\Detection\SFC-The-Game-master\SFC-The-Game-master\src\game\level\Breast.java,game.level.Breast,draw/1[java.awt.Graphics2D],graph,5
D:\Project\Detection\SFC-The-Game-master\SFC-The-Game-master\src\game\level\Breast.java,game.level.Breast,attackReaction/1[int],index,0
D:\Project\Detection\SFC-The-Game-master\SFC-The-Game-master\src\game\level\Breast.java,game.level.Breast,"mouseClickd/2[int,int]",x,2
D:\Project\Detection\SFC-The-Game-master\SFC-The-Game-master\src\game\level\Breast.java,game.level.Breast,"mouseClickd/2[int,int]",y,2
D:\Project\Detection\SFC-The-Game-master\SFC-The-Game-master\src\game\level\Breast.java,game.level.Breast,"checkToolsClick/2[int,int]",x,1
D:\Project\Detection\SFC-The-Game-master\SFC-The-Game-master\src\game\level\Breast.java,game.level.Breast,"checkToolsClick/2[int,int]",y,1
D:\Project\Detection\SFC-The-Game-master\SFC-The-Game-master\src\game\level\Breast.java,game.level.Breast,"checkToolsClick/2[int,int]",i,4
D:\Project\Detection\SFC-The-Game-master\SFC-The-Game-master\src\game\level\Blood.java,game.level.Blood,Blood/1[game.operator.GameManager],manager,2
D:\Project\Detection\SFC-The-Game-master\SFC-The-Game-master\src\game\level\Blood.java,game.level.Blood,drawStatus/1[java.awt.Graphics2D],graph,19
D:\Project\Detection\SFC-The-Game-master\SFC-The-Game-master\src\game\level\Blood.java,game.level.Blood,update/0,i,6
D:\Project\Detection\SFC-The-Game-master\SFC-The-Game-master\src\game\level\Blood.java,game.level.Blood,"checkToolsClick/2[int,int]",x,1
D:\Project\Detection\SFC-The-Game-master\SFC-The-Game-master\src\game\level\Blood.java,game.level.Blood,"checkToolsClick/2[int,int]",y,1
D:\Project\Detection\SFC-The-Game-master\SFC-The-Game-master\src\game\level\Blood.java,game.level.Blood,"checkToolsClick/2[int,int]",i,4
D:\Project\Detection\SFC-The-Game-master\SFC-The-Game-master\src\game\level\Blood.java,game.level.Blood,"mouseClickd/2[int,int]",x,2
D:\Project\Detection\SFC-The-Game-master\SFC-The-Game-master\src\game\level\Blood.java,game.level.Blood,"mouseClickd/2[int,int]",y,2
D:\Project\Detection\SFC-The-Game-master\SFC-The-Game-master\src\game\level\Blood.java,game.level.Blood,attackReaction/1[int],index,0
D:\Project\Detection\SFC-The-Game-master\SFC-The-Game-master\src\game\level\Blood.java,game.level.Blood,drawOverPage/1[java.awt.Graphics2D],graph,8
D:\Project\Detection\SFC-The-Game-master\SFC-The-Game-master\src\game\level\Blood.java,game.level.Blood,onAction/1[int],index,3
D:\Project\Detection\SFC-The-Game-master\SFC-The-Game-master\src\game\level\Blood.java,game.level.Blood,loadInfo/0,br,2
D:\Project\Detection\SFC-The-Game-master\SFC-The-Game-master\src\game\level\Blood.java,game.level.Blood,loadInfo/0,st,7
D:\Project\Detection\SFC-The-Game-master\SFC-The-Game-master\src\game\level\Blood.java,game.level.Blood,loadInfo/0,temp,2
D:\Project\Detection\SFC-The-Game-master\SFC-The-Game-master\src\game\level\Blood.java,game.level.Blood,loadInfo/0,file,1
D:\Project\Detection\SFC-The-Game-master\SFC-The-Game-master\src\game\level\Blood.java,game.level.Blood,loadInfo/0,ex,3
D:\Project\Detection\SFC-The-Game-master\SFC-The-Game-master\src\game\level\Blood.java,game.level.Blood,loadInfo/0,store,2
D:\Project\Detection\SFC-The-Game-master\SFC-The-Game-master\src\game\level\Blood.java,game.level.Blood,keyPressed/1[int],key,1
D:\Project\Detection\SFC-The-Game-master\SFC-The-Game-master\src\game\level\Blood.java,game.level.Blood,drawBackground/1[java.awt.Graphics2D],graph,1
D:\Project\Detection\SFC-The-Game-master\SFC-The-Game-master\src\game\level\Blood.java,game.level.Blood,"checkCellClicked/2[int,int]",x,1
D:\Project\Detection\SFC-The-Game-master\SFC-The-Game-master\src\game\level\Blood.java,game.level.Blood,"checkCellClicked/2[int,int]",y,1
D:\Project\Detection\SFC-The-Game-master\SFC-The-Game-master\src\game\level\Blood.java,game.level.Blood,"checkCellClicked/2[int,int]",i,6
D:\Project\Detection\SFC-The-Game-master\SFC-The-Game-master\src\game\level\Blood.java,game.level.Blood,drawTools/1[java.awt.Graphics2D],i,6
D:\Project\Detection\SFC-The-Game-master\SFC-The-Game-master\src\game\level\Blood.java,game.level.Blood,drawTools/1[java.awt.Graphics2D],graph,12
D:\Project\Detection\SFC-The-Game-master\SFC-The-Game-master\src\game\level\Blood.java,game.level.Blood,draw/1[java.awt.Graphics2D],graph,5
D:\Project\Detection\SFC-The-Game-master\SFC-The-Game-master\src\game\level\Blood.java,game.level.Blood,drawCells/1[java.awt.Graphics2D],i,8
D:\Project\Detection\SFC-The-Game-master\SFC-The-Game-master\src\game\level\Blood.java,game.level.Blood,drawCells/1[java.awt.Graphics2D],graph,3
D:\Project\Detection\SFC-The-Game-master\SFC-The-Game-master\src\game\level\Blood.java,game.level.Blood,"drawImage/3[java.awt.Image,object.structure.Cell,java.awt.Graphics2D]",img,1
D:\Project\Detection\SFC-The-Game-master\SFC-The-Game-master\src\game\level\Blood.java,game.level.Blood,"drawImage/3[java.awt.Image,object.structure.Cell,java.awt.Graphics2D]",pos,4
D:\Project\Detection\SFC-The-Game-master\SFC-The-Game-master\src\game\level\Blood.java,game.level.Blood,"drawImage/3[java.awt.Image,object.structure.Cell,java.awt.Graphics2D]",graph,1
D:\Project\Detection\SFC-The-Game-master\SFC-The-Game-master\src\game\operator\Game.java,game.operator.Game,getSound/1[java.lang.String],name,1
D:\Project\Detection\SFC-The-Game-master\SFC-The-Game-master\src\game\operator\Game.java,game.operator.Game,getImage/1[java.lang.String],path,1
D:\Project\Detection\SFC-The-Game-master\SFC-The-Game-master\src\game\frame\Training.java,game.frame.Training,"loadFile/2[java.lang.String,java.util.ArrayList<java.lang.String>]",br,2
D:\Project\Detection\SFC-The-Game-master\SFC-The-Game-master\src\game\frame\Training.java,game.frame.Training,"loadFile/2[java.lang.String,java.util.ArrayList<java.lang.String>]",st,2
D:\Project\Detection\SFC-The-Game-master\SFC-The-Game-master\src\game\frame\Training.java,game.frame.Training,"loadFile/2[java.lang.String,java.util.ArrayList<java.lang.String>]",fileName,3
D:\Project\Detection\SFC-The-Game-master\SFC-The-Game-master\src\game\frame\Training.java,game.frame.Training,"loadFile/2[java.lang.String,java.util.ArrayList<java.lang.String>]",temp,2
D:\Project\Detection\SFC-The-Game-master\SFC-The-Game-master\src\game\frame\Training.java,game.frame.Training,"loadFile/2[java.lang.String,java.util.ArrayList<java.lang.String>]",file,1
D:\Project\Detection\SFC-The-Game-master\SFC-The-Game-master\src\game\frame\Training.java,game.frame.Training,"loadFile/2[java.lang.String,java.util.ArrayList<java.lang.String>]",ex,3
D:\Project\Detection\SFC-The-Game-master\SFC-The-Game-master\src\game\frame\Training.java,game.frame.Training,"loadFile/2[java.lang.String,java.util.ArrayList<java.lang.String>]",loaderString,2
D:\Project\Detection\SFC-The-Game-master\SFC-The-Game-master\src\game\frame\Training.java,game.frame.Training,"loadFile/2[java.lang.String,java.util.ArrayList<java.lang.String>]",list,1
D:\Project\Detection\SFC-The-Game-master\SFC-The-Game-master\src\game\frame\Training.java,game.frame.Training,"loadFile/2[java.lang.String,java.util.ArrayList<java.lang.String>]",fr,2
D:\Project\Detection\SFC-The-Game-master\SFC-The-Game-master\src\game\frame\Training.java,game.frame.Training,Training/1[game.operator.GameManager],manager,2
D:\Project\Detection\SFC-The-Game-master\SFC-The-Game-master\src\game\frame\Training.java,game.frame.Training,draw/1[java.awt.Graphics2D],graph,6
D:\Project\Detection\SFC-The-Game-master\SFC-The-Game-master\src\game\frame\Training.java,game.frame.Training,"mouseClickd/2[int,int]",x,2
D:\Project\Detection\SFC-The-Game-master\SFC-The-Game-master\src\game\frame\Training.java,game.frame.Training,"mouseClickd/2[int,int]",y,6
D:\Project\Detection\SFC-The-Game-master\SFC-The-Game-master\src\game\frame\Training.java,game.frame.Training,drawBasic/1[java.awt.Graphics2D],y,6
D:\Project\Detection\SFC-The-Game-master\SFC-The-Game-master\src\game\frame\Training.java,game.frame.Training,drawBasic/1[java.awt.Graphics2D],i,4
D:\Project\Detection\SFC-The-Game-master\SFC-The-Game-master\src\game\frame\Training.java,game.frame.Training,drawBasic/1[java.awt.Graphics2D],graph,5
D:\Project\Detection\SFC-The-Game-master\SFC-The-Game-master\src\game\frame\Training.java,game.frame.Training,drawPanel/1[java.awt.Graphics2D],graph,10
D:\Project\Detection\SFC-The-Game-master\SFC-The-Game-master\src\game\frame\Training.java,game.frame.Training,drawComponet/1[java.awt.Graphics2D],graph,21
D:\Project\Detection\SFC-The-Game-master\SFC-The-Game-master\src\game\frame\Training.java,game.frame.Training,keyPressed/1[int],key,4
D:\Project\Detection\SFC-The-Game-master\SFC-The-Game-master\src\game\frame\Training.java,game.frame.Training,drawArea/1[java.awt.Graphics2D],y,6
D:\Project\Detection\SFC-The-Game-master\SFC-The-Game-master\src\game\frame\Training.java,game.frame.Training,drawArea/1[java.awt.Graphics2D],i,6
D:\Project\Detection\SFC-The-Game-master\SFC-The-Game-master\src\game\frame\Training.java,game.frame.Training,drawArea/1[java.awt.Graphics2D],graph,5
D:\Project\Detection\SFC-The-Game-master\SFC-The-Game-master\src\game\frame\Pause.java,game.frame.Pause,Pause/1[game.operator.GameManager],manager,2
D:\Project\Detection\SFC-The-Game-master\SFC-The-Game-master\src\game\frame\Pause.java,game.frame.Pause,draw/1[java.awt.Graphics2D],posX,0
D:\Project\Detection\SFC-The-Game-master\SFC-The-Game-master\src\game\frame\Pause.java,game.frame.Pause,draw/1[java.awt.Graphics2D],posY,0
D:\Project\Detection\SFC-The-Game-master\SFC-The-Game-master\src\game\frame\Pause.java,game.frame.Pause,draw/1[java.awt.Graphics2D],i,6
D:\Project\Detection\SFC-The-Game-master\SFC-The-Game-master\src\game\frame\Pause.java,game.frame.Pause,draw/1[java.awt.Graphics2D],graph,5
D:\Project\Detection\SFC-The-Game-master\SFC-The-Game-master\src\game\frame\Pause.java,game.frame.Pause,keyPressed/1[int],key,4
D:\Project\Detection\SFC-The-Game-master\SFC-The-Game-master\src\game\frame\Pause.java,game.frame.Pause,"mouseClickd/2[int,int]",x,0
D:\Project\Detection\SFC-The-Game-master\SFC-The-Game-master\src\game\frame\Pause.java,game.frame.Pause,"mouseClickd/2[int,int]",y,0
D:\Project\Detection\SFC-The-Game-master\SFC-The-Game-master\src\game\level\Lung.java,game.level.Lung$Anonymous1,run/0,e,0
D:\Project\Detection\SFC-The-Game-master\SFC-The-Game-master\src\game\level\Lung.java,game.level.Lung$Anonymous2,run/0,e,0
D:\Project\Detection\SFC-The-Game-master\SFC-The-Game-master\src\game\level\Lung.java,game.level.Lung$Anonymous3,run/0,e,0
D:\Project\Detection\SFC-The-Game-master\SFC-The-Game-master\src\game\level\Lung.java,game.level.Lung$Anonymous4,run/0,fw,3
D:\Project\Detection\SFC-The-Game-master\SFC-The-Game-master\src\game\level\Lung.java,game.level.Lung$Anonymous4,run/0,file,1
D:\Project\Detection\SFC-The-Game-master\SFC-The-Game-master\src\game\level\Lung.java,game.level.Lung$Anonymous4,run/0,ex,1
D:\Project\Detection\SFC-The-Game-master\SFC-The-Game-master\src\game\level\Lung.java,game.level.Lung$Anonymous4,run/0,bw,3
D:\Project\Detection\SFC-The-Game-master\SFC-The-Game-master\src\object\structure\Cell.java,object.structure.Cell,setCancer/1[boolean],cancer,2
D:\Project\Detection\SFC-The-Game-master\SFC-The-Game-master\src\object\structure\Cell.java,object.structure.Cell,setAlive/1[boolean],visible,1
D:\Project\Detection\SFC-The-Game-master\SFC-The-Game-master\src\object\structure\Cell.java,object.structure.Cell,"Cell/4[int,int,int,int]",x,1
D:\Project\Detection\SFC-The-Game-master\SFC-The-Game-master\src\object\structure\Cell.java,object.structure.Cell,"Cell/4[int,int,int,int]",width,1
D:\Project\Detection\SFC-The-Game-master\SFC-The-Game-master\src\object\structure\Cell.java,object.structure.Cell,"Cell/4[int,int,int,int]",y,1
D:\Project\Detection\SFC-The-Game-master\SFC-The-Game-master\src\object\structure\Cell.java,object.structure.Cell,"Cell/4[int,int,int,int]",height,1
D:\Project\Detection\SFC-The-Game-master\SFC-The-Game-master\src\object\structure\Cell.java,object.structure.Cell,"Cell/2[int,int]",x,1
D:\Project\Detection\SFC-The-Game-master\SFC-The-Game-master\src\object\structure\Cell.java,object.structure.Cell,"Cell/2[int,int]",y,1
D:\Project\Detection\SFC-The-Game-master\SFC-The-Game-master\src\object\structure\Cell.java,object.structure.Cell,"Cell/5[int,int,int,int,boolean]",x,1
D:\Project\Detection\SFC-The-Game-master\SFC-The-Game-master\src\object\structure\Cell.java,object.structure.Cell,"Cell/5[int,int,int,int,boolean]",width,1
D:\Project\Detection\SFC-The-Game-master\SFC-The-Game-master\src\object\structure\Cell.java,object.structure.Cell,"Cell/5[int,int,int,int,boolean]",y,1
D:\Project\Detection\SFC-The-Game-master\SFC-The-Game-master\src\object\structure\Cell.java,object.structure.Cell,"Cell/5[int,int,int,int,boolean]",cancer,2
D:\Project\Detection\SFC-The-Game-master\SFC-The-Game-master\src\object\structure\Cell.java,object.structure.Cell,"Cell/5[int,int,int,int,boolean]",height,1
D:\Project\Detection\SFC-The-Game-master\SFC-The-Game-master\src\object\structure\Cell.java,object.structure.Cell,setCountDown/1[int],sec,0
D:\Project\Detection\SFC-The-Game-master\SFC-The-Game-master\src\game\frame\Menu.java,game.frame.Menu,"mouseClickd/2[int,int]",x,0
D:\Project\Detection\SFC-The-Game-master\SFC-The-Game-master\src\game\frame\Menu.java,game.frame.Menu,"mouseClickd/2[int,int]",y,0
D:\Project\Detection\SFC-The-Game-master\SFC-The-Game-master\src\game\frame\Menu.java,game.frame.Menu,draw/1[java.awt.Graphics2D],posX,0
D:\Project\Detection\SFC-The-Game-master\SFC-The-Game-master\src\game\frame\Menu.java,game.frame.Menu,draw/1[java.awt.Graphics2D],posY,0
D:\Project\Detection\SFC-The-Game-master\SFC-The-Game-master\src\game\frame\Menu.java,game.frame.Menu,draw/1[java.awt.Graphics2D],i,6
D:\Project\Detection\SFC-The-Game-master\SFC-The-Game-master\src\game\frame\Menu.java,game.frame.Menu,draw/1[java.awt.Graphics2D],graph,5
D:\Project\Detection\SFC-The-Game-master\SFC-The-Game-master\src\game\frame\Menu.java,game.frame.Menu,keyPressed/1[int],key,3
D:\Project\Detection\SFC-The-Game-master\SFC-The-Game-master\src\game\frame\Menu.java,game.frame.Menu,Menu/1[game.operator.GameManager],manager,2
D:\Project\Detection\SFC-The-Game-master\SFC-The-Game-master\src\game\frame\Menu.java,game.frame.Menu,isSaved/0,br,2
D:\Project\Detection\SFC-The-Game-master\SFC-The-Game-master\src\game\frame\Menu.java,game.frame.Menu,isSaved/0,temp,1
D:\Project\Detection\SFC-The-Game-master\SFC-The-Game-master\src\game\frame\Menu.java,game.frame.Menu,isSaved/0,file,1
D:\Project\Detection\SFC-The-Game-master\SFC-The-Game-master\src\game\frame\Menu.java,game.frame.Menu,isSaved/0,ex,3
D:\Project\Detection\SFC-The-Game-master\SFC-The-Game-master\src\game\frame\Menu.java,game.frame.Menu,isSaved/0,fr,2
D:\Project\Detection\SFC-The-Game-master\SFC-The-Game-master\src\game\operator\Game.java,game.operator.Game$Fonts,"getFont/3[java.lang.String,int,int]",ex,3
D:\Project\Detection\SFC-The-Game-master\SFC-The-Game-master\src\game\operator\Game.java,game.operator.Game$Fonts,"getFont/3[java.lang.String,int,int]",size,1
D:\Project\Detection\SFC-The-Game-master\SFC-The-Game-master\src\game\operator\Game.java,game.operator.Game$Fonts,"getFont/3[java.lang.String,int,int]",name,1
D:\Project\Detection\SFC-The-Game-master\SFC-The-Game-master\src\game\operator\Game.java,game.operator.Game$Fonts,"getFont/3[java.lang.String,int,int]",style,1
D:\Project\Detection\SFC-The-Game-master\SFC-The-Game-master\src\game\operator\Game.java,game.operator.Game$Fonts,"getFont/3[java.lang.String,int,int]",is,1
D:\Project\Detection\SFC-The-Game-master\SFC-The-Game-master\src\game\operator\Game.java,game.operator.Game$Fonts,"getFont/3[java.lang.String,int,int]",font,3
D:\Project\Detection\SFC-The-Game-master\SFC-The-Game-master\src\game\frame\Window.java,game.frame.Window,draw/1[java.awt.Graphics2D],graph,0
D:\Project\Detection\SFC-The-Game-master\SFC-The-Game-master\src\game\frame\Window.java,game.frame.Window,keyPressed/1[int],key,0
D:\Project\Detection\SFC-The-Game-master\SFC-The-Game-master\src\game\frame\Window.java,game.frame.Window,"mouseClickd/2[int,int]",x,0
D:\Project\Detection\SFC-The-Game-master\SFC-The-Game-master\src\game\frame\Window.java,game.frame.Window,"mouseClickd/2[int,int]",y,0
